Academic_Year,State_Code,State_Name,District_Code,District_Name,Block_Code,Udise_Block_Name,Location,School_Category_Id,School_Category_Name,School_Management_Id,School_Management_Name,Total_Number_of_Schools,Building,Boundary_Wall,Single_Class_Room,Separate_Room_for_Headmaster,Land_Available,Electricity,Functional_Electricity,Solar_Panel,Furniture,Playground,Library_or_Reading_Corner_or_Book_Bank,Librarian,Newspaper,Kitchen_Garden,Boy_Toilet,Functional_Boy_Toilet,Girl_Toilet,Functional_Girl_Toilet,Toilet_Facility,Functional_Toilet_Facility,Functional_Urinal_Boy,Functional_Urinal_Girl,Functional_Urinal,Functional_Toilet_and_Urinal,Drinking_Water,Functional_Drinking_Water,Water_Purifier,Rain_Water_Harvesting,Water_Tested,Handwash,Incinerator,WASH_Facility_Drinking_Water_Toilet_and_Handwash,Ramps,Medical_Checkup,Complete_Medical_Checkup,Internet,Computer_Available
2019-20,32,Kerala,3201,KASARAGOD,320101,MANJESHWAR,Rural,1,PS (I-V),1,Department of Education,23,23,7,0,13,17,23,23,0,0,16,23,0,9,8,23,23,23,23,23,23,19,18,19,19,23,23,15,10,16,23,0,23,21,11,1,21,23
2019-20,32,Kerala,3201,KASARAGOD,320101,MANJESHWAR,Rural,1,PS (I-V),4,Government Aided,21,21,8,0,17,13,21,21,0,0,18,21,0,9,4,21,21,21,21,21,21,20,20,20,20,21,21,7,4,11,20,0,20,15,14,0,16,21
2019-20,32,Kerala,3201,KASARAGOD,320101,MANJESHWAR,Rural,1,PS (I-V),5,Private Unaided (Recognized),10,10,3,4,0,9,10,10,0,0,5,10,0,2,0,10,10,10,9,10,10,5,6,6,6,10,10,0,1,0,9,0,9,1,2,0,5,2
2019-20,32,Kerala,3201,KASARAGOD,320101,MANJESHWAR,Rural,1,PS (I-V),8,Unrecognized,2,2,2,0,1,1,2,2,0,0,2,2,0,1,1,2,2,2,2,2,2,2,2,2,2,2,2,1,1,1,2,0,2,1,1,1,1,1
2019-20,32,Kerala,3201,KASARAGOD,320101,MANJESHWAR,Rural,2,UPS (I-VIII),1,Department of Education,2,2,1,0,1,2,2,2,1,0,2,2,0,0,0,2,2,2,2,2,2,1,0,1,1,2,2,1,1,1,2,0,2,2,2,0,2,2
2019-20,32,Kerala,3201,KASARAGOD,320101,MANJESHWAR,Rural,2,UPS (I-VIII),4,Government Aided,17,17,9,0,16,17,17,17,0,0,17,16,0,3,7,17,17,17,17,17,17,16,16,16,16,17,17,8,11,10,17,2,17,12,6,0,15,17
2019-20,32,Kerala,3201,KASARAGOD,320101,MANJESHWAR,Rural,2,UPS (I-VIII),5,Private Unaided (Recognized),5,5,3,0,5,4,5,5,0,0,5,5,0,1,0,5,5,5,5,5,5,3,3,3,3,5,5,4,3,3,5,0,5,0,0,0,3,4
2019-20,32,Kerala,3201,KASARAGOD,320101,MANJESHWAR,Rural,2,UPS (I-VIII),8,Unrecognized,2,2,0,0,2,2,2,2,1,0,2,2,1,2,0,2,2,2,2,2,2,2,1,2,2,2,2,2,1,0,2,0,2,0,1,0,2,2
2019-20,32,Kerala,3201,KASARAGOD,320101,MANJESHWAR,Rural,3,HSS (I-XII),1,Department of Education,6,6,3,0,4,6,6,6,0,0,5,6,0,3,2,6,6,6,6,6,6,4,4,4,4,6,6,2,1,4,6,0,6,5,4,0,6,6
2019-20,32,Kerala,3201,KASARAGOD,320101,MANJESHWAR,Rural,3,HSS (I-XII),5,Private Unaided (Recognized),3,3,3,0,3,3,3,3,0,0,3,3,1,3,0,3,3,3,3,3,3,2,2,2,2,3,3,0,2,3,3,0,3,0,2,0,3,3
2019-20,32,Kerala,3201,KASARAGOD,320101,MANJESHWAR,Rural,4,UPS (VI-VIII),4,Government Aided,1,1,1,0,1,1,1,1,0,0,1,1,0,0,0,1,1,1,1,1,1,1,1,1,1,1,1,0,1,0,1,0,1,0,1,0,1,1
2019-20,32,Kerala,3201,KASARAGOD,320101,MANJESHWAR,Rural,5,HSS (VI-XII),1,Department of Education,3,3,1,0,2,3,3,3,0,0,3,3,0,2,1,3,3,3,3,3,3,2,2,2,2,3,3,2,2,3,3,1,3,3,2,0,3,3
2019-20,32,Kerala,3201,KASARAGOD,320101,MANJESHWAR,Rural,5,HSS (VI-XII),4,Government Aided,2,2,2,0,2,2,2,2,0,0,2,2,0,1,1,2,2,2,2,2,2,2,2,2,2,2,2,1,2,1,2,0,2,2,1,0,2,2
2019-20,32,Kerala,3201,KASARAGOD,320101,MANJESHWAR,Rural,6,SS (I-X),1,Department of Education,2,2,0,0,2,2,2,2,0,0,2,2,0,1,0,2,2,2,2,2,2,1,1,1,1,2,2,0,1,2,2,0,2,2,1,0,2,2
2019-20,32,Kerala,3201,KASARAGOD,320101,MANJESHWAR,Rural,6,SS (I-X),5,Private Unaided (Recognized),18,18,11,0,18,16,18,18,1,0,18,18,2,12,0,18,18,18,18,18,18,4,3,4,4,18,18,9,9,12,18,0,18,1,5,0,18,17
2019-20,32,Kerala,3201,KASARAGOD,320101,MANJESHWAR,Rural,6,SS (I-X),8,Unrecognized,2,2,1,0,2,2,2,2,0,0,2,2,1,1,0,2,2,2,2,2,2,2,2,2,2,2,2,2,1,2,2,0,2,0,1,0,2,2
2019-20,32,Kerala,3201,KASARAGOD,320101,MANJESHWAR,Rural,7,SS (VI-X),1,Department of Education,1,1,0,0,1,1,1,1,0,0,1,1,0,1,0,1,1,1,1,1,1,1,1,1,1,1,1,0,0,1,1,0,1,1,1,0,1,1
2019-20,32,Kerala,3201,KASARAGOD,320101,MANJESHWAR,Rural,7,SS (VI-X),5,Private Unaided (Recognized),1,1,1,0,1,1,1,1,0,0,1,1,1,1,0,1,1,1,1,1,1,1,1,1,1,1,1,1,1,0,1,0,1,0,1,0,1,1
2019-20,32,Kerala,3201,KASARAGOD,320101,MANJESHWAR,Rural,8,SS (IX-X),4,Government Aided,1,1,0,0,1,1,1,1,0,0,1,1,0,0,1,1,1,1,1,1,1,1,1,1,1,1,1,0,0,1,1,0,1,1,0,0,1,1
2019-20,32,Kerala,3201,KASARAGOD,320101,MANJESHWAR,Rural,10,HSS (IX-XII),4,Government Aided,2,2,1,0,2,2,2,2,0,0,2,2,0,1,1,2,2,2,2,2,2,2,2,2,2,2,2,2,2,2,2,1,2,1,2,0,2,2
2019-20,32,Kerala,3201,KASARAGOD,320101,MANJESHWAR,Urban,2,UPS (I-VIII),4,Government Aided,1,1,0,0,1,1,1,1,0,0,0,1,0,0,0,1,1,1,1,1,1,1,1,1,1,1,1,0,0,0,1,0,1,0,0,0,1,1
2019-20,32,Kerala,3201,KASARAGOD,320102,KUMBALA,Rural,1,PS (I-V),1,Department of Education,17,17,6,0,11,17,17,17,2,0,16,17,0,10,8,17,17,17,16,17,17,14,11,14,14,17,17,6,5,16,17,0,17,15,8,3,11,17
2019-20,32,Kerala,3201,KASARAGOD,320102,KUMBALA,Rural,1,PS (I-V),4,Government Aided,24,24,7,0,13,21,24,24,0,0,20,24,0,17,6,24,24,24,24,24,24,23,23,23,23,24,24,4,2,20,24,0,24,22,19,6,16,24
2019-20,32,Kerala,3201,KASARAGOD,320102,KUMBALA,Rural,1,PS (I-V),5,Private Unaided (Recognized),22,22,15,12,4,5,19,19,0,0,6,21,0,9,0,21,20,22,22,22,22,15,13,16,16,22,22,7,0,16,17,0,17,0,12,2,4,6
2019-20,32,Kerala,3201,KASARAGOD,320102,KUMBALA,Rural,1,PS (I-V),8,Unrecognized,1,1,1,0,0,0,1,1,0,0,1,0,0,0,0,1,1,1,1,1,1,0,0,0,0,1,1,0,0,0,0,0,0,0,1,0,0,1
2019-20,32,Kerala,3201,KASARAGOD,320102,KUMBALA,Rural,2,UPS (I-VIII),1,Department of Education,3,3,2,0,3,3,3,3,0,0,3,3,0,2,1,3,3,3,3,3,3,3,2,3,3,3,3,1,1,3,3,0,3,3,2,1,3,3
2019-20,32,Kerala,3201,KASARAGOD,320102,KUMBALA,Rural,2,UPS (I-VIII),4,Government Aided,19,19,8,0,16,19,19,19,0,0,19,19,0,16,10,19,19,19,19,19,19,18,15,18,18,19,19,9,7,18,19,4,19,14,11,2,19,19
2019-20,32,Kerala,3201,KASARAGOD,320102,KUMBALA,Rural,2,UPS (I-VIII),5,Private Unaided (Recognized),2,2,2,0,2,2,2,2,0,0,2,2,1,2,0,2,2,2,2,2,2,2,2,2,2,2,2,0,0,1,2,0,2,1,1,1,2,2
2019-20,32,Kerala,3201,KASARAGOD,320102,KUMBALA,Rural,2,UPS (I-VIII),8,Unrecognized,3,3,2,0,3,3,3,3,0,0,3,2,0,0,0,3,3,3,3,3,3,2,2,2,2,3,3,1,0,0,2,0,2,0,1,0,3,2
2019-20,32,Kerala,3201,KASARAGOD,320102,KUMBALA,Rural,3,HSS (I-XII),1,Department of Education,9,9,4,0,1,9,9,9,0,0,8,9,0,4,2,9,9,9,9,9,9,8,4,8,8,9,9,8,2,7,8,3,8,8,6,5,9,9
2019-20,32,Kerala,3201,KASARAGOD,320102,KUMBALA,Rural,3,HSS (I-XII),5,Private Unaided (Recognized),5,5,3,0,5,5,5,5,0,0,5,5,1,4,0,5,5,5,5,5,5,5,3,5,5,5,5,3,4,2,3,0,3,2,4,3,5,3
2019-20,32,Kerala,3201,KASARAGOD,320102,KUMBALA,Rural,4,UPS (VI-VIII),1,Department of Education,1,1,0,0,1,1,1,1,0,0,1,1,0,1,0,1,1,1,1,1,1,0,0,0,0,1,1,0,0,1,1,0,1,1,1,0,1,1
2019-20,32,Kerala,3201,KASARAGOD,320102,KUMBALA,Rural,4,UPS (VI-VIII),4,Government Aided,1,1,1,0,1,1,1,1,0,0,1,1,0,0,0,1,1,1,1,1,1,1,1,1,1,1,1,0,0,1,1,0,1,1,1,1,0,1
2019-20,32,Kerala,3201,KASARAGOD,320102,KUMBALA,Rural,5,HSS (VI-XII),4,Government Aided,3,3,1,0,3,3,3,3,0,0,3,3,0,2,2,3,3,3,3,3,3,3,2,3,3,3,3,2,1,3,3,3,3,3,3,3,3,3
2019-20,32,Kerala,3201,KASARAGOD,320102,KUMBALA,Rural,6,SS (I-X),1,Department of Education,3,3,2,0,3,2,3,3,0,0,2,3,0,1,1,3,3,3,3,3,3,3,1,3,3,3,3,2,2,3,3,0,3,2,3,0,3,3
2019-20,32,Kerala,3201,KASARAGOD,320102,KUMBALA,Rural,6,SS (I-X),5,Private Unaided (Recognized),10,10,8,0,10,10,10,10,0,0,10,10,6,8,1,10,10,10,10,10,10,10,10,10,10,10,10,8,4,4,9,0,9,2,7,2,10,7
2019-20,32,Kerala,3201,KASARAGOD,320102,KUMBALA,Rural,6,SS (I-X),8,Unrecognized,1,1,0,0,1,1,1,1,0,0,1,1,1,1,0,1,1,1,1,1,1,1,1,1,1,1,1,1,1,0,1,0,1,0,1,0,1,0
2019-20,32,Kerala,3201,KASARAGOD,320102,KUMBALA,Rural,7,SS (VI-X),4,Government Aided,1,1,0,0,1,1,1,1,0,0,1,1,0,0,1,1,1,1,1,1,1,1,1,1,1,1,1,0,1,1,1,0,1,1,1,1,1,1
2019-20,32,Kerala,3201,KASARAGOD,320102,KUMBALA,Rural,7,SS (VI-X),5,Private Unaided (Recognized),1,1,1,0,1,1,1,1,0,0,1,1,0,1,1,1,1,1,1,1,1,1,1,1,1,1,1,0,0,1,1,0,1,0,1,1,1,1
2019-20,32,Kerala,3201,KASARAGOD,320102,KUMBALA,Rural,10,HSS (IX-XII),1,Department of Education,1,1,0,0,0,1,1,1,0,0,1,1,0,0,0,1,1,1,1,1,1,1,0,1,1,1,1,1,1,1,0,0,0,1,1,1,1,1
2019-20,32,Kerala,3201,KASARAGOD,320102,KUMBALA,Rural,10,HSS (IX-XII),4,Government Aided,2,2,1,0,2,2,2,2,0,0,2,2,0,2,1,2,2,2,2,2,2,2,2,2,2,2,2,1,0,1,2,1,2,2,2,2,2,2
2019-20,32,Kerala,3201,KASARAGOD,320102,KUMBALA,Urban,10,HSS (IX-XII),1,Department of Education,1,1,1,0,0,1,1,1,1,0,1,1,0,0,0,1,1,1,1,1,1,0,0,0,0,1,1,0,0,1,1,0,1,1,1,1,1,1
2019-20,32,Kerala,3201,KASARAGOD,320103,KASARAGOD,Rural,1,PS (I-V),1,Department of Education,25,25,9,0,11,20,25,25,0,0,16,25,0,16,15,25,25,25,25,25,25,19,16,19,19,25,25,6,10,22,25,0,25,23,18,3,19,23
2019-20,32,Kerala,3201,KASARAGOD,320103,KASARAGOD,Rural,1,PS (I-V),4,Government Aided,7,7,3,0,5,6,7,7,0,0,6,7,0,6,5,7,7,7,7,7,7,5,5,5,5,7,7,1,2,7,7,0,7,7,6,2,7,7
2019-20,32,Kerala,3201,KASARAGOD,320103,KASARAGOD,Rural,1,PS (I-V),5,Private Unaided (Recognized),10,9,6,2,1,4,10,10,0,0,7,10,0,7,1,9,9,9,8,10,10,3,2,3,3,10,10,2,0,7,8,0,8,1,5,0,6,7
2019-20,32,Kerala,3201,KASARAGOD,320103,KASARAGOD,Rural,1,PS (I-V),8,Unrecognized,3,3,2,0,3,3,3,3,0,0,3,3,0,2,0,3,3,3,3,3,3,2,2,2,2,3,3,0,0,0,2,0,2,0,2,0,2,3
2019-20,32,Kerala,3201,KASARAGOD,320103,KASARAGOD,Rural,2,UPS (I-VIII),1,Department of Education,16,16,7,0,13,14,16,16,0,0,13,16,0,12,9,16,16,16,16,16,16,14,10,14,14,16,16,7,6,15,15,6,15,16,11,4,15,16
2019-20,32,Kerala,3201,KASARAGOD,320103,KASARAGOD,Rural,2,UPS (I-VIII),4,Government Aided,9,9,4,0,5,9,9,9,0,0,9,9,0,6,5,9,9,9,9,9,9,9,8,9,9,9,9,1,6,9,9,1,9,9,9,5,9,9
2019-20,32,Kerala,3201,KASARAGOD,320103,KASARAGOD,Rural,2,UPS (I-VIII),5,Private Unaided (Recognized),15,15,13,0,12,10,15,15,0,0,12,15,0,11,1,15,15,15,15,15,15,15,15,15,15,15,15,11,3,12,15,0,15,2,13,3,11,9
2019-20,32,Kerala,3201,KASARAGOD,320103,KASARAGOD,Rural,2,UPS (I-VIII),8,Unrecognized,7,7,6,0,7,5,7,7,0,0,7,7,0,7,0,7,7,7,7,7,7,7,7,7,7,7,7,3,2,4,7,1,7,1,5,2,4,4
2019-20,32,Kerala,3201,KASARAGOD,320103,KASARAGOD,Rural,3,HSS (I-XII),1,Department of Education,6,5,2,0,3,6,6,6,0,0,6,6,2,3,4,6,6,6,6,6,6,6,4,6,6,6,6,5,2,6,5,5,5,5,6,3,6,6
2019-20,32,Kerala,3201,KASARAGOD,320103,KASARAGOD,Rural,3,HSS (I-XII),4,Government Aided,2,2,2,0,2,2,2,2,0,0,2,2,0,1,1,2,2,2,2,2,2,0,0,0,0,2,2,1,0,2,2,0,2,1,2,0,2,2
2019-20,32,Kerala,3201,KASARAGOD,320103,KASARAGOD,Rural,3,HSS (I-XII),5,Private Unaided (Recognized),9,9,8,0,9,7,9,9,1,0,9,9,7,9,1,9,9,9,9,9,9,6,5,6,6,9,9,8,3,7,9,3,9,1,6,2,9,6
2019-20,32,Kerala,3201,KASARAGOD,320103,KASARAGOD,Rural,3,HSS (I-XII),92,Kendriya Vidyalaya / Central School,2,2,2,0,2,1,2,2,0,0,2,2,2,2,1,2,2,2,2,2,2,2,1,2,2,2,2,2,2,2,2,0,2,2,2,1,2,2
2019-20,32,Kerala,3201,KASARAGOD,320103,KASARAGOD,Rural,4,UPS (VI-VIII),4,Government Aided,1,1,0,0,1,1,1,1,0,0,1,1,0,1,1,1,1,1,1,1,1,0,0,0,0,1,1,0,0,1,1,0,1,1,1,1,1,1
2019-20,32,Kerala,3201,KASARAGOD,320103,KASARAGOD,Rural,4,UPS (VI-VIII),8,Unrecognized,1,1,0,0,0,0,1,1,0,0,1,1,0,1,0,1,1,1,1,1,1,1,1,1,1,1,1,1,0,0,1,0,1,0,1,0,1,1
2019-20,32,Kerala,3201,KASARAGOD,320103,KASARAGOD,Rural,5,HSS (VI-XII),1,Department of Education,3,3,1,0,2,3,3,3,0,0,3,3,0,0,2,3,3,3,3,3,3,3,2,3,3,3,3,2,0,3,3,2,3,3,2,2,3,3
2019-20,32,Kerala,3201,KASARAGOD,320103,KASARAGOD,Rural,5,HSS (VI-XII),2,Tribal Welfare Department,1,1,1,0,1,1,1,1,1,0,1,1,0,1,1,0,0,1,1,1,1,0,1,1,1,1,1,0,0,1,1,0,1,0,1,1,1,1
2019-20,32,Kerala,3201,KASARAGOD,320103,KASARAGOD,Rural,5,HSS (VI-XII),4,Government Aided,1,1,1,0,1,1,1,1,0,0,1,1,1,1,1,1,1,1,1,1,1,1,1,1,1,1,1,0,0,1,1,1,1,1,1,0,1,1
2019-20,32,Kerala,3201,KASARAGOD,320103,KASARAGOD,Rural,6,SS (I-X),1,Department of Education,1,1,0,0,1,1,1,1,0,0,1,1,0,1,0,1,1,1,1,1,1,1,1,1,1,1,1,1,1,1,1,1,1,1,1,1,1,1
2019-20,32,Kerala,3201,KASARAGOD,320103,KASARAGOD,Rural,6,SS (I-X),4,Government Aided,1,1,1,0,1,0,1,1,0,0,1,1,0,1,1,1,1,1,1,1,1,1,1,1,1,1,1,1,0,1,1,0,1,1,1,1,1,1
2019-20,32,Kerala,3201,KASARAGOD,320103,KASARAGOD,Rural,6,SS (I-X),5,Private Unaided (Recognized),6,6,4,0,4,5,6,6,0,0,4,6,3,3,0,6,6,6,6,6,6,6,6,6,6,6,6,5,1,5,6,0,6,2,4,2,4,4
2019-20,32,Kerala,3201,KASARAGOD,320103,KASARAGOD,Rural,6,SS (I-X),8,Unrecognized,2,2,1,0,2,2,2,2,0,0,2,2,2,1,0,2,2,2,2,2,2,2,2,2,2,2,2,1,0,0,2,0,2,1,1,1,2,2
2019-20,32,Kerala,3201,KASARAGOD,320103,KASARAGOD,Rural,8,SS (IX-X),1,Department of Education,3,3,1,0,1,3,3,3,0,0,2,3,0,3,1,3,3,3,3,3,3,3,3,3,3,3,3,3,1,3,3,3,3,1,3,3,3,3
2019-20,32,Kerala,3201,KASARAGOD,320103,KASARAGOD,Rural,8,SS (IX-X),5,Private Unaided (Recognized),1,1,1,0,1,1,1,1,0,0,1,1,0,1,0,1,1,1,1,1,1,1,1,1,1,1,1,1,0,1,1,0,1,1,1,1,1,1
2019-20,32,Kerala,3201,KASARAGOD,320103,KASARAGOD,Rural,10,HSS (IX-XII),1,Department of Education,1,1,1,0,0,0,1,1,0,0,0,1,0,0,0,0,0,1,1,1,1,0,0,0,0,1,1,0,0,1,1,1,1,0,1,0,1,1
2019-20,32,Kerala,3201,KASARAGOD,320103,KASARAGOD,Rural,10,HSS (IX-XII),4,Government Aided,3,3,2,0,2,2,3,3,0,0,2,3,1,3,0,3,3,3,3,3,3,3,3,3,3,3,3,2,0,3,3,2,3,3,3,1,3,3
2019-20,32,Kerala,3201,KASARAGOD,320103,KASARAGOD,Rural,10,HSS (IX-XII),5,Private Unaided (Recognized),1,1,0,0,1,1,1,1,0,0,1,1,0,1,0,0,0,1,1,1,1,0,0,0,0,1,1,1,0,1,1,1,1,0,1,1,1,1
2019-20,32,Kerala,3201,KASARAGOD,320103,KASARAGOD,Urban,1,PS (I-V),1,Department of Education,5,3,3,0,3,2,5,5,0,0,2,5,0,3,3,4,4,5,5,5,5,2,2,3,3,5,5,1,1,5,4,0,4,4,2,1,5,4
2019-20,32,Kerala,3201,KASARAGOD,320103,KASARAGOD,Urban,1,PS (I-V),4,Government Aided,2,2,1,0,2,1,2,2,0,0,1,2,0,2,0,2,2,2,2,2,2,2,2,2,2,2,2,0,0,2,2,0,2,1,2,1,2,2
2019-20,32,Kerala,3201,KASARAGOD,320103,KASARAGOD,Urban,2,UPS (I-VIII),1,Department of Education,6,6,5,0,5,4,6,6,0,0,3,6,1,5,2,6,6,6,6,6,6,4,2,5,5,6,6,3,3,6,6,2,6,5,5,3,5,6
2019-20,32,Kerala,3201,KASARAGOD,320103,KASARAGOD,Urban,2,UPS (I-VIII),4,Government Aided,4,4,4,0,4,3,4,4,0,0,4,4,0,4,3,4,4,4,4,4,4,3,3,3,3,4,4,2,1,4,3,1,3,2,2,0,4,4
2019-20,32,Kerala,3201,KASARAGOD,320103,KASARAGOD,Urban,2,UPS (I-VIII),5,Private Unaided (Recognized),3,3,3,0,3,2,3,3,0,0,3,3,0,2,1,3,3,3,3,3,3,3,3,3,3,3,3,2,1,2,2,0,2,1,1,1,3,2
2019-20,32,Kerala,3201,KASARAGOD,320103,KASARAGOD,Urban,3,HSS (I-XII),1,Department of Education,1,1,1,0,1,1,1,1,0,0,1,1,0,1,0,1,1,1,1,1,1,0,0,0,0,1,1,1,0,1,1,0,1,1,0,0,1,1
2019-20,32,Kerala,3201,KASARAGOD,320103,KASARAGOD,Urban,3,HSS (I-XII),5,Private Unaided (Recognized),2,2,2,0,2,2,2,2,0,0,2,2,1,2,0,2,2,2,2,2,2,2,2,2,2,2,2,2,0,1,2,1,2,0,1,0,2,2
2019-20,32,Kerala,3201,KASARAGOD,320103,KASARAGOD,Urban,5,HSS (VI-XII),1,Department of Education,3,3,2,0,2,3,3,3,0,0,3,3,0,1,2,3,3,3,3,3,3,2,0,2,2,3,3,1,2,2,3,2,3,3,3,2,3,3
2019-20,32,Kerala,3201,KASARAGOD,320103,KASARAGOD,Urban,5,HSS (VI-XII),4,Government Aided,1,1,1,0,1,1,1,1,0,0,1,1,0,0,0,1,1,1,1,1,1,1,1,1,1,1,1,1,0,1,1,0,1,1,1,1,1,1
2019-20,32,Kerala,3201,KASARAGOD,320103,KASARAGOD,Urban,6,SS (I-X),5,Private Unaided (Recognized),2,1,1,0,2,1,2,2,0,0,2,2,0,2,0,2,2,2,2,2,2,2,2,2,2,2,2,1,0,2,2,0,2,0,2,1,2,1
2019-20,32,Kerala,3201,KASARAGOD,320104,BEKAL,Rural,1,PS (I-V),1,Department of Education,18,18,9,0,5,13,18,18,0,0,10,18,0,14,9,18,18,18,18,18,18,16,13,16,16,18,18,3,8,18,18,0,18,16,16,1,17,18
2019-20,32,Kerala,3201,KASARAGOD,320104,BEKAL,Rural,1,PS (I-V),4,Government Aided,6,6,2,0,2,3,6,6,0,0,5,6,0,6,3,6,6,6,6,6,6,6,6,6,6,6,6,2,0,6,6,0,6,6,5,0,6,6
2019-20,32,Kerala,3201,KASARAGOD,320104,BEKAL,Rural,1,PS (I-V),5,Private Unaided (Recognized),5,5,2,0,2,4,5,5,0,0,4,5,0,2,0,5,5,5,5,5,5,2,1,2,2,5,5,1,0,2,4,0,4,0,4,0,2,5
2019-20,32,Kerala,3201,KASARAGOD,320104,BEKAL,Rural,1,PS (I-V),8,Unrecognized,2,2,2,0,2,2,2,2,0,0,2,2,0,1,0,2,2,2,2,2,2,1,1,1,1,2,2,0,0,0,1,0,1,1,2,0,2,2
2019-20,32,Kerala,3201,KASARAGOD,320104,BEKAL,Rural,2,UPS (I-VIII),1,Department of Education,13,13,9,0,10,11,13,13,0,0,8,13,0,11,6,13,13,13,13,13,13,9,7,9,9,13,13,9,6,13,12,4,12,13,10,7,13,13
2019-20,32,Kerala,3201,KASARAGOD,320104,BEKAL,Rural,2,UPS (I-VIII),4,Government Aided,3,3,2,0,2,3,3,3,0,0,2,3,0,2,1,3,3,3,3,3,3,3,3,3,3,3,3,1,1,2,2,1,2,3,3,3,3,3
2019-20,32,Kerala,3201,KASARAGOD,320104,BEKAL,Rural,2,UPS (I-VIII),5,Private Unaided (Recognized),5,5,3,0,5,5,5,5,0,0,5,5,1,4,1,5,5,5,5,5,5,5,2,5,5,5,5,5,1,5,5,2,5,1,5,2,5,5
2019-20,32,Kerala,3201,KASARAGOD,320104,BEKAL,Rural,2,UPS (I-VIII),8,Unrecognized,1,1,1,0,1,1,1,1,0,0,1,1,0,1,0,1,1,1,1,1,1,1,1,1,1,1,1,0,0,0,1,0,1,0,0,0,1,1
2019-20,32,Kerala,3201,KASARAGOD,320104,BEKAL,Rural,3,HSS (I-XII),1,Department of Education,5,5,3,0,3,5,5,5,0,0,5,5,0,4,3,5,5,5,5,5,5,5,5,5,5,5,5,5,4,5,5,4,5,5,3,3,5,5
2019-20,32,Kerala,3201,KASARAGOD,320104,BEKAL,Rural,3,HSS (I-XII),5,Private Unaided (Recognized),4,4,3,0,4,3,4,4,0,0,4,4,3,4,0,4,4,4,4,4,4,4,2,4,4,4,4,4,0,4,4,1,4,1,3,1,4,4
2019-20,32,Kerala,3201,KASARAGOD,320104,BEKAL,Rural,5,HSS (VI-XII),1,Department of Education,3,3,2,0,2,2,3,3,0,0,3,3,0,2,2,3,3,3,3,3,3,3,2,3,3,3,3,3,1,3,3,1,3,3,2,0,3,3
2019-20,32,Kerala,3201,KASARAGOD,320104,BEKAL,Rural,5,HSS (VI-XII),4,Government Aided,1,1,0,0,1,0,1,1,0,0,1,1,0,1,0,1,1,1,1,1,1,1,1,1,1,1,1,1,0,1,1,1,1,1,1,0,1,1
2019-20,32,Kerala,3201,KASARAGOD,320104,BEKAL,Rural,5,HSS (VI-XII),93,Jawahar Navodaya Vidyalaya ,1,1,1,0,1,1,1,1,0,0,1,1,1,1,0,1,1,1,1,1,1,1,1,1,1,1,1,1,1,1,1,1,1,1,1,0,1,1
2019-20,32,Kerala,3201,KASARAGOD,320104,BEKAL,Rural,6,SS (I-X),1,Department of Education,2,2,1,0,1,2,2,2,0,0,2,2,0,2,2,2,2,2,2,2,2,2,1,2,2,2,2,1,2,2,2,1,2,2,2,0,2,2
2019-20,32,Kerala,3201,KASARAGOD,320104,BEKAL,Rural,6,SS (I-X),5,Private Unaided (Recognized),8,8,6,0,8,7,8,8,0,0,8,8,5,8,1,8,8,8,8,8,8,5,5,5,5,8,8,6,3,8,8,2,8,1,6,0,8,8
2019-20,32,Kerala,3201,KASARAGOD,320104,BEKAL,Rural,8,SS (IX-X),4,Government Aided,1,1,0,0,1,1,1,1,0,0,1,1,0,1,0,1,1,1,1,1,1,1,1,1,1,1,1,0,1,1,1,1,1,1,1,1,1,1
2019-20,32,Kerala,3201,KASARAGOD,320104,BEKAL,Rural,10,HSS (IX-XII),1,Department of Education,1,1,1,0,1,1,1,1,0,0,1,1,0,1,0,1,1,1,1,1,1,1,1,1,1,1,1,0,0,1,1,0,1,1,1,1,1,1
2019-20,32,Kerala,3201,KASARAGOD,320104,BEKAL,Rural,10,HSS (IX-XII),5,Private Unaided (Recognized),1,1,1,0,1,1,1,1,0,0,1,1,0,1,0,1,1,1,1,1,1,1,1,1,1,1,1,1,0,1,1,0,1,0,0,0,1,1
2019-20,32,Kerala,3201,KASARAGOD,320105,HOSDURG,Rural,1,PS (I-V),1,Department of Education,12,12,5,0,4,11,12,12,0,0,9,12,0,11,10,12,12,12,12,12,12,10,9,10,10,12,12,4,12,10,12,0,12,12,9,0,7,12
2019-20,32,Kerala,3201,KASARAGOD,320105,HOSDURG,Rural,1,PS (I-V),4,Government Aided,4,4,1,0,2,4,4,4,0,0,2,4,0,3,2,4,4,4,4,4,4,4,4,4,4,4,4,2,3,3,4,0,4,4,4,1,4,4
2019-20,32,Kerala,3201,KASARAGOD,320105,HOSDURG,Rural,1,PS (I-V),5,Private Unaided (Recognized),10,10,6,0,4,6,10,10,0,0,8,7,0,6,1,10,10,10,10,10,10,3,3,3,3,10,10,3,3,3,7,0,7,3,7,0,4,7
2019-20,32,Kerala,3201,KASARAGOD,320105,HOSDURG,Rural,1,PS (I-V),8,Unrecognized,3,3,1,0,2,2,3,3,0,0,3,3,1,2,0,3,3,3,3,3,3,1,1,1,1,3,3,1,1,1,3,0,3,1,3,0,2,2
2019-20,32,Kerala,3201,KASARAGOD,320105,HOSDURG,Rural,2,UPS (I-VIII),1,Department of Education,5,5,1,0,2,5,5,5,0,0,4,5,0,5,1,5,5,5,5,5,5,4,4,4,4,5,5,1,5,5,5,1,5,5,4,0,5,5
2019-20,32,Kerala,3201,KASARAGOD,320105,HOSDURG,Rural,2,UPS (I-VIII),4,Government Aided,1,1,0,0,1,1,1,1,0,0,1,1,0,1,1,1,1,1,1,1,1,1,1,1,1,1,1,0,1,1,1,1,1,1,1,0,1,1
2019-20,32,Kerala,3201,KASARAGOD,320105,HOSDURG,Rural,2,UPS (I-VIII),5,Private Unaided (Recognized),6,6,5,0,3,3,6,6,0,0,4,3,1,3,1,6,6,6,6,6,6,5,3,5,5,6,6,3,3,4,6,3,6,0,1,0,4,4
2019-20,32,Kerala,3201,KASARAGOD,320105,HOSDURG,Rural,2,UPS (I-VIII),8,Unrecognized,5,5,4,0,2,2,5,5,0,0,1,1,0,2,0,5,5,5,5,5,5,5,4,5,5,5,5,5,4,4,5,1,5,0,2,0,4,2
2019-20,32,Kerala,3201,KASARAGOD,320105,HOSDURG,Rural,2,UPS (I-VIII),92,Kendriya Vidyalaya / Central School,1,0,0,0,0,0,1,1,0,0,1,1,1,1,1,0,0,1,1,1,1,1,0,1,1,1,1,1,0,1,1,0,1,1,1,1,1,1
2019-20,32,Kerala,3201,KASARAGOD,320105,HOSDURG,Rural,3,HSS (I-XII),1,Department of Education,9,9,3,0,5,9,9,9,0,0,9,9,0,8,3,9,9,9,9,9,9,9,3,9,9,9,9,9,9,8,9,5,9,9,9,0,9,9
2019-20,32,Kerala,3201,KASARAGOD,320105,HOSDURG,Rural,4,UPS (VI-VIII),1,Department of Education,1,1,0,0,1,1,1,1,0,0,1,1,0,1,0,1,1,1,1,1,1,1,1,1,1,1,1,1,1,1,1,0,1,1,1,0,1,1
2019-20,32,Kerala,3201,KASARAGOD,320105,HOSDURG,Rural,5,HSS (VI-XII),4,Government Aided,1,1,0,0,1,1,1,1,0,0,1,1,0,1,1,1,1,1,1,1,1,1,1,1,1,1,1,1,1,1,1,0,1,0,1,0,1,1
2019-20,32,Kerala,3201,KASARAGOD,320105,HOSDURG,Rural,6,SS (I-X),1,Department of Education,6,6,2,0,1,6,6,6,0,0,6,6,0,6,2,6,6,6,6,6,6,5,2,5,5,6,6,6,5,5,6,3,6,6,5,0,6,6
2019-20,32,Kerala,3201,KASARAGOD,320105,HOSDURG,Rural,6,SS (I-X),5,Private Unaided (Recognized),4,4,4,0,3,3,4,4,0,0,2,2,2,3,0,4,4,4,4,4,4,4,4,4,4,4,4,4,1,4,4,0,4,0,1,0,3,3
2019-20,32,Kerala,3201,KASARAGOD,320105,HOSDURG,Rural,6,SS (I-X),8,Unrecognized,2,2,1,0,0,0,2,2,0,0,0,0,0,0,0,2,2,2,2,2,2,0,0,0,0,2,2,0,1,0,2,0,2,1,0,0,2,1
2019-20,32,Kerala,3201,KASARAGOD,320105,HOSDURG,Rural,10,HSS (IX-XII),1,Department of Education,1,1,1,0,1,1,1,1,0,0,1,1,0,1,1,1,1,1,1,1,1,0,0,0,0,1,1,1,1,1,1,1,1,1,0,0,1,1
2019-20,32,Kerala,3201,KASARAGOD,320105,HOSDURG,Urban,1,PS (I-V),1,Department of Education,9,9,4,0,3,5,9,9,3,0,3,9,0,7,6,9,9,9,9,9,9,8,8,9,9,9,9,3,8,6,9,0,9,9,7,0,8,9
2019-20,32,Kerala,3201,KASARAGOD,320105,HOSDURG,Urban,1,PS (I-V),4,Government Aided,8,8,5,0,5,7,8,8,0,0,6,8,0,8,6,8,8,8,8,8,8,7,7,7,7,8,8,2,4,8,8,0,8,7,7,0,8,8
2019-20,32,Kerala,3201,KASARAGOD,320105,HOSDURG,Urban,1,PS (I-V),5,Private Unaided (Recognized),1,1,1,1,0,1,1,1,0,0,0,1,0,0,0,1,1,1,1,1,1,0,0,0,0,1,1,0,0,0,0,0,0,1,0,0,0,0
2019-20,32,Kerala,3201,KASARAGOD,320105,HOSDURG,Urban,1,PS (I-V),8,Unrecognized,2,2,2,0,2,2,2,2,0,0,2,1,0,0,1,2,2,2,2,2,2,2,2,2,2,2,2,1,1,1,2,0,2,0,1,0,2,2
2019-20,32,Kerala,3201,KASARAGOD,320105,HOSDURG,Urban,2,UPS (I-VIII),1,Department of Education,4,4,3,0,2,3,4,4,0,0,3,4,0,4,3,4,4,4,4,4,4,4,3,4,4,4,4,2,3,4,4,2,4,4,4,0,4,4
2019-20,32,Kerala,3201,KASARAGOD,320105,HOSDURG,Urban,2,UPS (I-VIII),4,Government Aided,3,3,2,0,1,2,3,3,0,0,2,3,0,3,2,3,3,3,3,3,3,3,3,3,3,3,3,1,2,3,3,1,3,1,3,0,3,3
2019-20,32,Kerala,3201,KASARAGOD,320105,HOSDURG,Urban,2,UPS (I-VIII),5,Private Unaided (Recognized),1,1,1,0,1,1,1,1,0,0,0,0,0,1,1,1,1,1,1,1,1,1,1,1,1,1,1,1,1,1,1,0,1,0,1,0,1,1
2019-20,32,Kerala,3201,KASARAGOD,320105,HOSDURG,Urban,3,HSS (I-XII),1,Department of Education,4,4,3,0,1,4,4,4,0,0,4,4,0,4,3,4,4,4,4,4,4,4,1,4,4,4,4,2,4,4,4,2,4,4,4,0,4,4
2019-20,32,Kerala,3201,KASARAGOD,320105,HOSDURG,Urban,3,HSS (I-XII),5,Private Unaided (Recognized),2,2,2,0,2,1,2,2,0,0,2,1,1,1,1,2,2,2,2,2,2,0,0,0,0,2,2,2,2,2,2,1,2,0,1,0,2,2
2019-20,32,Kerala,3201,KASARAGOD,320105,HOSDURG,Urban,3,HSS (I-XII),92,Kendriya Vidyalaya / Central School,1,0,1,0,1,0,1,1,0,0,0,0,0,1,0,1,1,1,1,1,1,1,0,1,1,1,1,1,0,1,1,1,1,1,1,0,1,0
2019-20,32,Kerala,3201,KASARAGOD,320105,HOSDURG,Urban,4,UPS (VI-VIII),4,Government Aided,2,2,1,0,1,1,2,2,0,0,1,2,0,2,1,2,2,2,2,2,2,2,2,2,2,2,2,1,0,1,2,0,2,2,2,0,2,2
2019-20,32,Kerala,3201,KASARAGOD,320105,HOSDURG,Urban,5,HSS (VI-XII),1,Department of Education,1,1,1,0,1,1,1,1,0,0,1,1,0,0,0,1,1,1,1,1,1,1,0,1,1,1,1,0,1,0,1,0,1,1,1,0,1,1
2019-20,32,Kerala,3201,KASARAGOD,320105,HOSDURG,Urban,5,HSS (VI-XII),4,Government Aided,2,2,1,0,2,2,2,2,1,0,2,2,0,2,2,2,2,2,2,2,2,2,2,2,2,2,2,2,2,2,2,2,2,1,2,0,2,2
2019-20,32,Kerala,3201,KASARAGOD,320105,HOSDURG,Urban,6,SS (I-X),1,Department of Education,1,1,1,0,0,0,1,1,0,0,0,1,0,0,0,1,1,1,1,1,1,0,0,0,0,1,1,1,1,1,1,1,1,1,1,0,1,1
2019-20,32,Kerala,3201,KASARAGOD,320105,HOSDURG,Urban,6,SS (I-X),5,Private Unaided (Recognized),6,6,5,0,6,4,6,6,0,0,6,4,5,6,1,6,6,6,6,6,6,6,4,6,6,6,6,5,4,5,6,1,6,0,4,0,6,4
2019-20,32,Kerala,3201,KASARAGOD,320105,HOSDURG,Urban,8,SS (IX-X),1,Department of Education,1,1,1,0,1,0,1,1,1,0,0,1,0,1,0,0,0,1,1,1,1,0,0,0,0,1,1,1,1,1,1,0,1,0,1,0,1,1
2019-20,32,Kerala,3201,KASARAGOD,320106,CHITTARIKKAL,Rural,1,PS (I-V),1,Department of Education,13,13,5,0,2,12,13,13,0,0,12,13,0,13,2,13,13,13,13,13,13,13,10,13,13,13,13,1,3,1,13,0,13,13,10,4,11,13
2019-20,32,Kerala,3201,KASARAGOD,320106,CHITTARIKKAL,Rural,1,PS (I-V),4,Government Aided,11,11,3,0,6,11,11,11,0,0,11,11,0,11,4,11,11,11,11,11,11,11,11,11,11,11,11,1,3,0,8,0,8,7,9,2,10,10
2019-20,32,Kerala,3201,KASARAGOD,320106,CHITTARIKKAL,Rural,1,PS (I-V),5,Private Unaided (Recognized),6,5,3,6,0,3,6,6,0,0,2,6,0,3,0,5,5,6,6,6,6,5,3,5,5,6,6,0,1,1,4,0,4,0,5,0,0,0
2019-20,32,Kerala,3201,KASARAGOD,320106,CHITTARIKKAL,Rural,2,UPS (I-VIII),1,Department of Education,3,3,2,0,2,3,3,3,0,0,2,3,0,3,0,3,3,3,3,3,3,2,1,2,2,3,3,1,0,0,3,1,3,3,3,1,3,3
2019-20,32,Kerala,3201,KASARAGOD,320106,CHITTARIKKAL,Rural,2,UPS (I-VIII),4,Government Aided,6,6,1,0,5,5,6,6,0,0,6,6,0,6,1,6,6,6,6,6,6,5,5,5,5,6,6,1,0,1,6,0,6,3,6,1,6,6
2019-20,32,Kerala,3201,KASARAGOD,320106,CHITTARIKKAL,Rural,2,UPS (I-VIII),5,Private Unaided (Recognized),6,6,6,0,5,6,6,6,0,0,5,5,0,6,0,6,6,6,6,6,6,4,4,4,4,6,6,1,3,2,6,1,6,1,6,2,6,6
2019-20,32,Kerala,3201,KASARAGOD,320106,CHITTARIKKAL,Rural,3,HSS (I-XII),1,Department of Education,5,5,3,0,4,4,5,5,0,0,4,5,1,5,2,5,5,5,5,5,5,4,4,4,4,5,5,3,4,1,5,2,5,4,5,4,5,5
2019-20,32,Kerala,3201,KASARAGOD,320106,CHITTARIKKAL,Rural,4,UPS (VI-VIII),4,Government Aided,3,3,0,0,3,2,3,3,0,0,3,3,0,3,0,3,3,3,3,3,3,3,3,3,3,3,3,0,1,0,3,1,3,3,3,2,3,3
2019-20,32,Kerala,3201,KASARAGOD,320106,CHITTARIKKAL,Rural,5,HSS (VI-XII),1,Department of Education,1,1,0,0,1,1,1,1,0,0,1,1,0,1,0,1,1,1,1,1,1,0,0,0,0,1,1,0,0,0,1,1,1,0,0,0,1,1
2019-20,32,Kerala,3201,KASARAGOD,320106,CHITTARIKKAL,Rural,5,HSS (VI-XII),4,Government Aided,2,2,1,0,2,2,2,2,0,0,2,2,1,2,0,2,2,2,2,2,2,2,1,2,2,2,2,1,1,1,2,0,2,1,2,0,2,2
2019-20,32,Kerala,3201,KASARAGOD,320106,CHITTARIKKAL,Rural,6,SS (I-X),1,Department of Education,1,1,0,0,1,1,1,1,0,0,0,1,0,1,0,1,1,1,1,1,1,1,1,1,1,1,1,0,0,0,1,1,1,0,1,0,1,1
2019-20,32,Kerala,3201,KASARAGOD,320106,CHITTARIKKAL,Rural,6,SS (I-X),4,Government Aided,1,1,1,0,1,1,1,1,0,0,1,1,0,1,0,1,1,1,1,1,1,0,0,0,0,1,1,1,0,1,1,0,1,0,1,1,1,1
2019-20,32,Kerala,3201,KASARAGOD,320106,CHITTARIKKAL,Rural,6,SS (I-X),5,Private Unaided (Recognized),6,6,5,0,6,6,6,6,0,0,6,6,4,5,1,6,6,6,6,6,6,3,2,4,4,6,6,4,2,1,6,2,6,3,6,2,6,5
2019-20,32,Kerala,3201,KASARAGOD,320106,CHITTARIKKAL,Rural,8,SS (IX-X),4,Government Aided,2,2,1,0,1,2,2,2,0,0,2,2,1,2,1,2,2,2,2,2,2,2,2,2,2,2,2,0,1,0,2,1,2,2,2,1,2,2
2019-20,32,Kerala,3201,KASARAGOD,320106,CHITTARIKKAL,Rural,10,HSS (IX-XII),4,Government Aided,2,2,0,0,2,2,2,2,0,0,2,2,0,2,0,2,2,2,2,2,2,2,2,2,2,2,2,0,1,0,2,0,2,1,2,1,2,2
2019-20,32,Kerala,3201,KASARAGOD,320107,CHERUVATHUR,Rural,1,PS (I-V),1,Department of Education,16,16,5,0,5,8,16,16,1,0,7,16,0,13,6,16,16,16,16,16,16,16,15,16,16,16,16,5,9,9,16,0,16,15,13,3,16,15
2019-20,32,Kerala,3201,KASARAGOD,320107,CHERUVATHUR,Rural,1,PS (I-V),4,Government Aided,13,13,5,0,8,9,13,13,1,0,8,13,0,10,2,13,13,13,13,13,13,13,13,13,13,13,13,3,4,7,13,0,13,11,8,4,11,13
2019-20,32,Kerala,3201,KASARAGOD,320107,CHERUVATHUR,Rural,1,PS (I-V),8,Unrecognized,4,4,4,0,4,3,4,4,0,0,3,1,0,1,0,4,4,4,4,4,4,4,4,4,4,4,4,0,0,2,2,0,2,0,1,0,1,1
2019-20,32,Kerala,3201,KASARAGOD,320107,CHERUVATHUR,Rural,2,UPS (I-VIII),1,Department of Education,11,11,7,0,8,8,11,11,2,0,6,11,0,8,4,11,11,11,11,11,11,11,10,11,11,11,11,3,0,5,11,4,11,11,9,6,10,9
2019-20,32,Kerala,3201,KASARAGOD,320107,CHERUVATHUR,Rural,2,UPS (I-VIII),4,Government Aided,13,13,8,0,9,10,13,13,1,0,8,13,0,10,7,13,13,13,13,13,13,13,12,13,13,13,13,4,4,7,13,5,13,11,12,7,13,13
2019-20,32,Kerala,3201,KASARAGOD,320107,CHERUVATHUR,Rural,2,UPS (I-VIII),5,Private Unaided (Recognized),4,4,3,0,4,4,4,4,1,0,4,4,0,4,1,4,4,4,4,4,4,4,4,4,4,4,4,0,0,1,4,0,4,1,4,0,2,3
2019-20,32,Kerala,3201,KASARAGOD,320107,CHERUVATHUR,Rural,2,UPS (I-VIII),8,Unrecognized,2,2,1,0,1,1,2,2,0,0,1,0,0,0,0,2,2,2,2,2,2,2,2,2,2,2,2,0,1,0,1,0,1,0,1,1,0,0
2019-20,32,Kerala,3201,KASARAGOD,320107,CHERUVATHUR,Rural,3,HSS (I-XII),1,Department of Education,5,5,4,0,4,4,5,5,2,0,5,5,0,3,3,5,5,5,5,5,5,5,3,5,5,5,5,4,4,5,5,4,5,5,4,1,5,1
2019-20,32,Kerala,3201,KASARAGOD,320107,CHERUVATHUR,Rural,3,HSS (I-XII),4,Government Aided,1,1,1,0,1,0,1,1,0,0,1,1,0,1,1,1,1,1,1,1,1,1,1,1,1,1,1,0,0,1,1,1,1,1,1,0,1,0
2019-20,32,Kerala,3201,KASARAGOD,320107,CHERUVATHUR,Rural,3,HSS (I-XII),5,Private Unaided (Recognized),1,1,1,0,1,1,1,1,0,0,1,0,0,1,0,1,1,1,1,1,1,1,1,1,1,1,1,0,0,0,1,0,1,0,1,0,1,1
2019-20,32,Kerala,3201,KASARAGOD,320107,CHERUVATHUR,Rural,4,UPS (VI-VIII),4,Government Aided,1,1,0,0,1,1,1,1,0,0,1,1,0,1,0,1,1,1,1,1,1,1,1,1,1,1,1,1,0,1,1,0,1,1,1,1,1,1
2019-20,32,Kerala,3201,KASARAGOD,320107,CHERUVATHUR,Rural,4,UPS (VI-VIII),5,Private Unaided (Recognized),1,1,0,0,0,1,1,1,0,0,1,1,0,0,0,1,1,1,1,1,1,1,1,1,1,1,1,0,0,0,0,0,0,0,0,0,0,0
2019-20,32,Kerala,3201,KASARAGOD,320107,CHERUVATHUR,Rural,5,HSS (VI-XII),1,Department of Education,2,2,2,0,1,2,2,2,0,0,2,2,0,1,2,2,2,2,2,2,2,1,1,1,1,2,2,2,0,2,2,2,2,1,2,0,2,1
2019-20,32,Kerala,3201,KASARAGOD,320107,CHERUVATHUR,Rural,6,SS (I-X),1,Department of Education,1,1,1,0,1,1,1,1,0,0,0,1,0,0,1,1,1,1,1,1,1,1,1,1,1,1,1,1,0,1,1,1,1,1,1,1,1,1
2019-20,32,Kerala,3201,KASARAGOD,320107,CHERUVATHUR,Rural,6,SS (I-X),5,Private Unaided (Recognized),6,6,5,0,3,3,6,6,0,0,4,4,3,4,0,6,6,6,6,6,6,5,4,5,5,6,6,4,1,3,5,0,5,1,3,0,4,3
2019-20,32,Kerala,3201,KASARAGOD,320107,CHERUVATHUR,Rural,6,SS (I-X),8,Unrecognized,2,2,2,0,1,1,2,2,0,0,1,0,0,0,0,2,2,2,2,2,2,2,2,2,2,2,2,0,0,1,2,1,2,2,1,1,0,0
2019-20,32,Kerala,3201,KASARAGOD,320107,CHERUVATHUR,Rural,7,SS (VI-X),2,Tribal Welfare Department,1,1,0,0,1,1,1,1,1,0,0,1,0,0,1,1,1,0,0,1,1,0,0,0,0,1,1,1,0,0,1,1,1,0,1,0,1,1
2019-20,32,Kerala,3201,KASARAGOD,320107,CHERUVATHUR,Rural,8,SS (IX-X),4,Government Aided,1,1,0,0,1,1,1,1,0,0,1,1,0,1,1,1,1,1,1,1,1,1,1,1,1,1,1,1,0,0,1,1,1,1,1,1,1,1
2019-20,32,Kerala,3201,KASARAGOD,320107,CHERUVATHUR,Rural,10,HSS (IX-XII),1,Department of Education,3,3,2,0,3,2,3,3,0,0,3,3,0,2,2,3,3,3,3,3,3,3,3,3,3,3,3,3,2,2,3,2,3,2,2,0,3,1
2019-20,32,Kerala,3201,KASARAGOD,320107,CHERUVATHUR,Rural,10,HSS (IX-XII),4,Government Aided,2,2,2,0,2,2,2,2,0,0,2,2,1,1,1,2,2,2,2,2,2,1,1,1,1,2,2,2,0,2,2,2,2,2,2,1,2,0
