Academic_Year,State_Code,State_Name,District_Code,District_Name,Block_Code,Udise_Block_Name,School_Category_Id,School_Category_Name,School_Management_Id,School_Management_Name,Location,School_Type_Id,School_Type,Total_Number_of_Schools,Building,Complete_Medical_Checkup,Computer_Available,Functional_Drinking_Water,Drinking_Water,Functional_Electricity,Functional_Boy_Toilet,Functional_Girl_Toilet,Functional_Toilet_Facility,Functional_Toilet_and_Urinal,Functional_Urinal,Functional_Urinal_Boy,Functional_Urinal_Girl,Handwash,Separate_Room_for_Headmaster,Incinerator,Internet,Kitchen_Garden,Land_Available,Librarian,Library_or_Reading_Corner_or_Book_Bank,Medical_Checkup,Newspaper,Playground,Rain_Water_Harvesting,Ramps,Solar_Panel,Furniture,Water_Purifier,Water_Tested
2018-19,32,Kerla,3214,THIRUVANANTHAPURAM,321401,ATTINGAL,3,HSS (I-XII),1,Department of Education,Rural,3,Co-educational,2,2,0,1,2,2,2,2,2,2,1,1,1,1,2,2,0,2,1,2,0,2,2,2,2,1,2,0,2,0,1
2018-19,32,Kerla,3214,THIRUVANANTHAPURAM,321401,ATTINGAL,3,HSS (I-XII),5,Private Unaided (Recognized),Rural,3,Co-educational,8,8,0,7,8,8,8,8,8,8,7,7,7,7,8,8,4,8,5,7,5,8,6,8,7,1,1,3,8,4,5
2018-19,32,Kerla,3214,THIRUVANANTHAPURAM,321401,ATTINGAL,3,HSS (I-XII),5,Private Unaided (Recognized),Urban,3,Co-educational,1,1,0,1,1,1,1,1,1,1,0,0,0,0,1,1,0,1,0,0,1,1,0,1,1,0,0,0,1,0,0
2018-19,32,Kerla,3214,THIRUVANANTHAPURAM,321401,ATTINGAL,10,HSS (IX-XII),1,Department of Education,Rural,3,Co-educational,1,1,0,1,1,1,1,1,1,1,1,1,1,1,1,1,1,1,1,0,1,1,1,1,0,0,1,0,1,1,1
2018-19,32,Kerla,3214,THIRUVANANTHAPURAM,321401,ATTINGAL,5, HSS (VI-XII),1,Department of Education,Urban,1,Boys,1,1,0,1,1,1,1,1,0,1,1,1,1,0,1,1,1,1,1,1,0,1,1,1,1,0,1,0,1,1,1
2018-19,32,Kerla,3214,THIRUVANANTHAPURAM,321401,ATTINGAL,5, HSS (VI-XII),1,Department of Education,Rural,2,Girls,1,1,0,1,1,1,1,0,1,1,1,1,0,1,1,1,1,1,1,1,0,1,1,1,1,1,1,0,1,1,1
2018-19,32,Kerla,3214,THIRUVANANTHAPURAM,321401,ATTINGAL,5, HSS (VI-XII),4,Government Aided,Rural,2,Girls,1,1,0,1,1,1,1,0,1,1,1,1,0,1,1,1,1,1,1,1,0,1,1,0,1,0,1,0,1,0,0
2018-19,32,Kerla,3214,THIRUVANANTHAPURAM,321401,ATTINGAL,5, HSS (VI-XII),1,Department of Education,Rural,3,Co-educational,4,4,0,4,4,4,4,4,4,4,4,4,4,3,4,4,3,4,4,4,0,4,4,3,3,1,3,1,4,3,4
2018-19,32,Kerla,3214,THIRUVANANTHAPURAM,321401,ATTINGAL,5, HSS (VI-XII),4,Government Aided,Rural,3,Co-educational,1,1,0,1,1,1,1,1,1,1,1,1,1,1,1,1,0,1,0,1,0,1,1,1,1,0,1,0,1,0,0
2018-19,32,Kerla,3214,THIRUVANANTHAPURAM,321401,ATTINGAL,1,PS (I-V) ,1,Department of Education,Rural,3,Co-educational,21,21,0,19,21,21,21,21,21,21,15,15,15,13,21,10,0,20,13,15,0,21,17,21,13,3,21,3,21,5,14
2018-19,32,Kerla,3214,THIRUVANANTHAPURAM,321401,ATTINGAL,1,PS (I-V) ,4,Government Aided,Rural,3,Co-educational,9,9,0,7,9,9,9,9,9,9,4,4,4,4,9,8,0,8,6,9,0,9,8,9,9,1,9,2,9,4,6
2018-19,32,Kerla,3214,THIRUVANANTHAPURAM,321401,ATTINGAL,1,PS (I-V) ,5,Private Unaided (Recognized),Rural,3,Co-educational,6,6,0,5,6,6,6,6,6,6,5,5,5,5,6,6,0,6,3,6,0,6,4,5,6,1,0,0,6,3,4
2018-19,32,Kerla,3214,THIRUVANANTHAPURAM,321401,ATTINGAL,1,PS (I-V) ,6,Other Govt. managed schools,Rural,3,Co-educational,3,3,0,3,3,3,3,3,3,3,1,1,1,1,3,1,0,3,0,0,0,3,3,3,0,0,0,0,3,1,2
2018-19,32,Kerla,3214,THIRUVANANTHAPURAM,321401,ATTINGAL,1,PS (I-V) ,8,Unrecognized,Rural,3,Co-educational,5,5,0,4,5,5,5,5,5,5,5,5,5,5,5,5,0,5,3,5,0,5,2,3,5,0,1,2,5,3,4
2018-19,32,Kerla,3214,THIRUVANANTHAPURAM,321401,ATTINGAL,1,PS (I-V) ,5,Private Unaided (Recognized),Urban,3,Co-educational,1,1,0,0,1,1,1,1,1,1,1,1,1,1,1,1,0,1,1,1,1,1,1,0,1,0,0,0,1,1,1
2018-19,32,Kerla,3214,THIRUVANANTHAPURAM,321401,ATTINGAL,1,PS (I-V) ,8,Unrecognized,Urban,3,Co-educational,1,1,0,1,1,1,1,1,1,1,1,1,1,1,1,1,0,1,1,1,0,1,0,1,1,0,0,0,1,0,0
2018-19,32,Kerla,3214,THIRUVANANTHAPURAM,321401,ATTINGAL,6, SS (I-X) ,1,Department of Education,Rural,3,Co-educational,2,2,0,1,2,2,2,2,2,2,1,1,1,1,2,1,1,2,1,1,0,2,2,2,1,2,2,0,2,0,1
2018-19,32,Kerla,3214,THIRUVANANTHAPURAM,321401,ATTINGAL,6, SS (I-X) ,5,Private Unaided (Recognized),Rural,3,Co-educational,5,5,1,4,5,5,5,5,5,5,5,5,5,5,5,5,3,5,3,5,1,5,4,5,5,2,1,1,5,3,3
2018-19,32,Kerla,3214,THIRUVANANTHAPURAM,321401,ATTINGAL,6, SS (I-X) ,8,Unrecognized,Rural,3,Co-educational,1,1,0,1,1,1,1,1,1,1,1,1,1,1,1,1,0,0,1,1,0,1,1,1,1,0,0,0,1,1,1
2018-19,32,Kerla,3214,THIRUVANANTHAPURAM,321401,ATTINGAL,6, SS (I-X) ,1,Department of Education,Urban,3,Co-educational,1,1,0,1,1,1,1,1,1,1,1,1,1,1,1,1,1,1,1,1,0,1,0,1,1,0,1,0,1,0,1
2018-19,32,Kerla,3214,THIRUVANANTHAPURAM,321401,ATTINGAL,7,SS (VI-X),4,Government Aided,Rural,1,Boys,1,1,0,1,1,1,1,1,0,1,1,1,1,0,1,1,0,1,1,1,0,1,1,1,0,0,1,0,1,0,1
2018-19,32,Kerla,3214,THIRUVANANTHAPURAM,321401,ATTINGAL,2,UPS (I-VIII) ,1,Department of Education,Rural,3,Co-educational,23,23,0,21,23,23,23,23,23,23,20,20,19,20,23,19,9,21,18,14,2,23,19,22,12,5,23,1,23,7,20
2018-19,32,Kerla,3214,THIRUVANANTHAPURAM,321401,ATTINGAL,2,UPS (I-VIII) ,4,Government Aided,Rural,3,Co-educational,1,1,0,1,1,1,1,1,1,1,1,1,1,1,1,1,0,1,1,1,0,1,1,1,1,0,1,0,1,0,1
2018-19,32,Kerla,3214,THIRUVANANTHAPURAM,321401,ATTINGAL,2,UPS (I-VIII) ,5,Private Unaided (Recognized),Rural,3,Co-educational,7,7,0,6,7,7,7,7,7,7,7,7,7,7,7,7,4,7,7,7,2,7,6,6,7,1,0,0,7,5,6
2018-19,32,Kerla,3214,THIRUVANANTHAPURAM,321401,ATTINGAL,2,UPS (I-VIII) ,8,Unrecognized,Rural,3,Co-educational,3,3,0,3,3,3,3,3,3,3,2,2,2,2,3,3,0,3,2,3,0,3,2,2,3,1,2,2,3,3,2
2018-19,32,Kerla,3214,THIRUVANANTHAPURAM,321401,ATTINGAL,2,UPS (I-VIII) ,4,Government Aided,Urban,3,Co-educational,1,1,0,1,1,1,1,1,1,1,1,1,1,1,1,1,1,1,1,1,0,1,1,1,1,0,1,0,1,0,1
2018-19,32,Kerla,3214,THIRUVANANTHAPURAM,321401,ATTINGAL,2,UPS (I-VIII) ,5,Private Unaided (Recognized),Urban,3,Co-educational,1,1,0,1,1,1,1,1,1,1,1,1,1,1,1,1,0,1,1,1,0,1,0,0,1,1,0,0,1,0,1
2018-19,32,Kerla,3214,THIRUVANANTHAPURAM,321401,ATTINGAL,2,UPS (I-VIII) ,8,Unrecognized,Urban,3,Co-educational,1,1,0,1,1,1,1,1,1,1,1,1,1,1,1,1,1,1,1,1,0,1,1,0,1,1,1,0,1,1,1
2018-19,32,Kerla,3214,THIRUVANANTHAPURAM,321401,ATTINGAL,4,UPS (VI-VIII) ,4,Government Aided,Rural,3,Co-educational,9,9,0,9,9,9,9,9,9,9,5,5,5,4,9,8,2,9,4,9,0,9,7,9,9,2,9,0,9,4,6
2018-19,32,Kerla,3214,THIRUVANANTHAPURAM,321402,BALARAMAPURAM,3,HSS (I-XII),1,Department of Education,Rural,3,Co-educational,2,2,1,2,2,2,2,2,2,2,2,2,2,2,2,2,2,2,1,2,1,2,2,2,2,2,2,0,2,2,2
2018-19,32,Kerla,3214,THIRUVANANTHAPURAM,321402,BALARAMAPURAM,3,HSS (I-XII),5,Private Unaided (Recognized),Rural,3,Co-educational,4,4,1,4,4,4,4,4,4,4,4,4,4,4,4,4,4,4,1,4,4,4,4,4,4,2,2,0,4,4,4
2018-19,32,Kerla,3214,THIRUVANANTHAPURAM,321402,BALARAMAPURAM,5, HSS (VI-XII),4,Government Aided,Urban,1,Boys,1,1,0,1,1,1,1,1,0,1,1,1,1,0,1,1,0,1,1,1,0,1,0,1,1,0,1,0,1,0,1
2018-19,32,Kerla,3214,THIRUVANANTHAPURAM,321402,BALARAMAPURAM,5, HSS (VI-XII),4,Government Aided,Rural,2,Girls,2,2,1,2,2,2,2,0,2,2,2,2,0,2,2,2,2,2,1,2,0,2,2,2,2,1,1,0,2,0,2
2018-19,32,Kerla,3214,THIRUVANANTHAPURAM,321402,BALARAMAPURAM,5, HSS (VI-XII),1,Department of Education,Rural,3,Co-educational,1,1,1,1,1,1,1,1,1,1,1,1,1,1,1,1,1,1,1,1,0,1,1,1,1,0,1,0,1,0,1
2018-19,32,Kerla,3214,THIRUVANANTHAPURAM,321402,BALARAMAPURAM,5, HSS (VI-XII),4,Government Aided,Rural,3,Co-educational,6,6,4,6,6,6,6,6,6,6,6,6,6,6,6,6,4,6,5,5,1,6,5,6,6,0,6,0,6,1,5
2018-19,32,Kerla,3214,THIRUVANANTHAPURAM,321402,BALARAMAPURAM,1,PS (I-V) ,1,Department of Education,Rural,3,Co-educational,10,10,0,10,10,10,10,10,10,10,9,9,9,8,10,9,0,9,9,8,0,10,10,10,7,1,8,0,10,0,10
2018-19,32,Kerla,3214,THIRUVANANTHAPURAM,321402,BALARAMAPURAM,1,PS (I-V) ,4,Government Aided,Rural,3,Co-educational,13,13,1,11,13,13,13,13,13,13,12,12,12,12,13,11,0,13,13,10,0,13,12,12,9,1,11,0,13,0,12
2018-19,32,Kerla,3214,THIRUVANANTHAPURAM,321402,BALARAMAPURAM,1,PS (I-V) ,5,Private Unaided (Recognized),Rural,3,Co-educational,3,3,0,3,3,3,3,3,3,3,2,2,2,2,3,3,0,3,3,2,0,3,3,3,3,1,0,1,3,2,3
2018-19,32,Kerla,3214,THIRUVANANTHAPURAM,321402,BALARAMAPURAM,1,PS (I-V) ,8,Unrecognized,Rural,3,Co-educational,7,7,0,7,7,7,7,6,7,7,5,5,5,4,7,7,0,5,2,6,0,7,6,4,7,0,0,0,7,5,6
2018-19,32,Kerla,3214,THIRUVANANTHAPURAM,321402,BALARAMAPURAM,1,PS (I-V) ,1,Department of Education,Urban,3,Co-educational,6,6,0,5,6,6,6,6,6,6,6,6,6,6,6,5,0,6,4,6,0,6,6,6,4,1,4,0,6,2,5
2018-19,32,Kerla,3214,THIRUVANANTHAPURAM,321402,BALARAMAPURAM,1,PS (I-V) ,4,Government Aided,Urban,3,Co-educational,1,1,0,1,1,1,1,1,1,1,1,1,1,1,1,1,0,1,1,1,0,1,1,1,1,0,1,0,1,0,1
2018-19,32,Kerla,3214,THIRUVANANTHAPURAM,321402,BALARAMAPURAM,6, SS (I-X) ,3,Local body,Rural,3,Co-educational,1,1,0,1,1,1,1,1,1,1,1,1,1,1,1,1,0,1,0,0,0,1,1,1,0,0,1,0,1,1,1
2018-19,32,Kerla,3214,THIRUVANANTHAPURAM,321402,BALARAMAPURAM,6, SS (I-X) ,5,Private Unaided (Recognized),Rural,3,Co-educational,3,3,0,3,3,3,3,3,3,3,3,3,3,3,3,3,3,3,0,1,2,3,1,3,3,0,0,0,3,3,1
2018-19,32,Kerla,3214,THIRUVANANTHAPURAM,321402,BALARAMAPURAM,6, SS (I-X) ,8,Unrecognized,Rural,3,Co-educational,2,2,1,2,2,2,2,2,2,2,1,1,1,1,2,2,0,2,1,2,0,2,2,2,2,1,0,0,2,0,1
2018-19,32,Kerla,3214,THIRUVANANTHAPURAM,321402,BALARAMAPURAM,6, SS (I-X) ,5,Private Unaided (Recognized),Urban,3,Co-educational,1,1,0,1,1,1,1,1,1,1,1,1,1,1,1,1,1,1,1,1,1,1,1,1,1,1,0,0,1,1,1
2018-19,32,Kerla,3214,THIRUVANANTHAPURAM,321402,BALARAMAPURAM,6, SS (I-X) ,8,Unrecognized,Urban,3,Co-educational,1,1,0,1,1,1,1,1,1,1,1,1,1,1,1,1,0,1,1,1,0,1,1,1,1,0,0,0,1,0,1
2018-19,32,Kerla,3214,THIRUVANANTHAPURAM,321402,BALARAMAPURAM,7,SS (VI-X),4,Government Aided,Rural,3,Co-educational,1,1,1,1,1,1,1,1,1,1,1,1,1,1,1,1,1,1,0,1,0,1,1,1,1,0,1,0,1,0,1
2018-19,32,Kerla,3214,THIRUVANANTHAPURAM,321402,BALARAMAPURAM,2,UPS (I-VIII) ,1,Department of Education,Rural,3,Co-educational,9,9,1,8,9,9,9,9,9,9,9,9,9,9,9,5,3,9,9,7,0,9,9,9,7,1,9,1,9,0,9
2018-19,32,Kerla,3214,THIRUVANANTHAPURAM,321402,BALARAMAPURAM,2,UPS (I-VIII) ,4,Government Aided,Rural,3,Co-educational,4,4,1,4,4,4,4,3,4,4,4,4,4,3,4,4,1,3,3,4,0,4,4,4,4,1,3,0,4,1,4
2018-19,32,Kerla,3214,THIRUVANANTHAPURAM,321402,BALARAMAPURAM,2,UPS (I-VIII) ,5,Private Unaided (Recognized),Rural,3,Co-educational,1,1,0,1,1,1,1,1,1,1,1,1,1,1,1,1,0,1,0,1,0,1,1,1,1,0,0,0,1,1,1
2018-19,32,Kerla,3214,THIRUVANANTHAPURAM,321402,BALARAMAPURAM,2,UPS (I-VIII) ,8,Unrecognized,Rural,3,Co-educational,11,11,1,8,11,11,11,11,11,11,11,11,11,11,11,9,0,6,5,7,1,11,10,8,11,1,1,0,11,2,8
2018-19,32,Kerla,3214,THIRUVANANTHAPURAM,321402,BALARAMAPURAM,2,UPS (I-VIII) ,1,Department of Education,Urban,3,Co-educational,3,3,1,3,3,3,3,3,3,3,2,2,2,2,3,2,0,2,3,1,0,3,3,3,2,0,2,0,3,0,2
2018-19,32,Kerla,3214,THIRUVANANTHAPURAM,321402,BALARAMAPURAM,2,UPS (I-VIII) ,4,Government Aided,Urban,3,Co-educational,1,1,0,0,1,1,1,1,1,1,1,1,1,1,1,1,0,1,1,1,0,1,1,1,1,0,1,0,1,1,1
2018-19,32,Kerla,3214,THIRUVANANTHAPURAM,321402,BALARAMAPURAM,2,UPS (I-VIII) ,8,Unrecognized,Urban,3,Co-educational,1,1,0,1,1,1,1,1,1,1,1,1,1,1,1,1,0,1,0,1,0,1,1,1,1,0,0,0,1,1,1
2018-19,32,Kerla,3214,THIRUVANANTHAPURAM,321402,BALARAMAPURAM,4,UPS (VI-VIII) ,4,Government Aided,Rural,3,Co-educational,5,5,4,5,5,5,5,5,5,5,5,5,5,4,5,4,1,5,5,5,0,5,5,5,5,0,5,0,5,1,5
2018-19,32,Kerla,3214,THIRUVANANTHAPURAM,321403,KANIYAPURAM,3,HSS (I-XII),1,Department of Education,Rural,3,Co-educational,1,1,0,1,1,1,1,1,1,1,1,1,1,1,1,1,0,1,0,1,1,1,1,1,1,0,1,0,1,0,1
2018-19,32,Kerla,3214,THIRUVANANTHAPURAM,321403,KANIYAPURAM,3,HSS (I-XII),5,Private Unaided (Recognized),Rural,3,Co-educational,9,9,0,9,9,9,9,9,9,9,1,1,1,1,9,9,3,9,2,9,7,9,8,9,9,5,0,1,9,7,7
2018-19,32,Kerla,3214,THIRUVANANTHAPURAM,321403,KANIYAPURAM,3,HSS (I-XII),8,Unrecognized,Rural,3,Co-educational,1,1,0,1,1,1,1,1,1,1,0,0,0,0,1,1,0,1,0,1,1,1,1,1,1,0,0,0,1,1,0
2018-19,32,Kerla,3214,THIRUVANANTHAPURAM,321403,KANIYAPURAM,3,HSS (I-XII),92,Kendriya Vidyalaya / Central School,Rural,3,Co-educational,1,1,0,1,1,1,1,1,1,1,0,0,0,0,1,1,0,1,1,1,1,1,1,1,1,0,0,0,1,1,0
2018-19,32,Kerla,3214,THIRUVANANTHAPURAM,321403,KANIYAPURAM,3,HSS (I-XII),1,Department of Education,Urban,3,Co-educational,1,1,0,1,1,1,1,1,1,1,1,1,1,1,1,1,0,1,0,0,0,1,0,1,0,1,0,0,1,1,1
2018-19,32,Kerla,3214,THIRUVANANTHAPURAM,321403,KANIYAPURAM,3,HSS (I-XII),4,Government Aided,Urban,3,Co-educational,1,1,1,1,1,1,1,1,1,1,1,1,1,1,1,1,0,1,1,1,0,1,1,1,1,0,1,1,1,1,1
2018-19,32,Kerla,3214,THIRUVANANTHAPURAM,321403,KANIYAPURAM,3,HSS (I-XII),5,Private Unaided (Recognized),Urban,3,Co-educational,4,4,0,4,4,4,4,4,4,4,1,1,1,1,4,4,1,4,1,4,3,4,4,4,4,1,1,1,4,3,3
2018-19,32,Kerla,3214,THIRUVANANTHAPURAM,321403,KANIYAPURAM,3,HSS (I-XII),92,Kendriya Vidyalaya / Central School,Urban,3,Co-educational,1,1,0,1,1,1,1,1,1,1,1,1,1,0,1,1,0,1,1,1,1,1,1,1,1,0,1,0,1,1,1
2018-19,32,Kerla,3214,THIRUVANANTHAPURAM,321403,KANIYAPURAM,10,HSS (IX-XII),1,Department of Education,Rural,3,Co-educational,1,1,0,1,1,1,1,1,1,1,1,1,1,1,1,0,1,1,0,1,1,1,1,1,1,0,1,0,1,0,1
2018-19,32,Kerla,3214,THIRUVANANTHAPURAM,321403,KANIYAPURAM,5, HSS (VI-XII),1,Department of Education,Rural,2,Girls,1,1,1,1,1,1,1,0,1,1,1,1,0,1,1,1,1,1,1,0,0,1,1,1,1,0,1,0,1,0,1
2018-19,32,Kerla,3214,THIRUVANANTHAPURAM,321403,KANIYAPURAM,5, HSS (VI-XII),1,Department of Education,Rural,3,Co-educational,3,3,2,3,3,3,3,3,3,3,2,2,2,2,3,3,3,3,0,3,1,3,3,3,3,1,3,0,3,2,3
2018-19,32,Kerla,3214,THIRUVANANTHAPURAM,321403,KANIYAPURAM,5, HSS (VI-XII),4,Government Aided,Rural,3,Co-educational,2,2,0,2,2,2,2,2,2,2,1,1,1,1,2,2,0,2,1,2,0,2,2,2,2,0,2,0,2,1,1
2018-19,32,Kerla,3214,THIRUVANANTHAPURAM,321403,KANIYAPURAM,5, HSS (VI-XII),5,Private Unaided (Recognized),Rural,3,Co-educational,1,1,0,1,1,1,1,1,1,1,0,0,0,0,1,1,1,1,1,1,1,1,1,1,1,1,1,0,1,1,1
2018-19,32,Kerla,3214,THIRUVANANTHAPURAM,321403,KANIYAPURAM,5, HSS (VI-XII),4,Government Aided,Urban,3,Co-educational,2,2,1,2,2,2,2,2,2,2,1,1,1,1,2,2,0,2,1,2,0,2,2,2,2,0,1,0,2,1,2
2018-19,32,Kerla,3214,THIRUVANANTHAPURAM,321403,KANIYAPURAM,5, HSS (VI-XII),94,Sainik School,Urban,3,Co-educational,1,1,0,1,1,1,1,1,1,1,0,0,0,0,1,1,0,1,0,1,1,1,0,1,1,1,0,0,1,0,0
2018-19,32,Kerla,3214,THIRUVANANTHAPURAM,321403,KANIYAPURAM,11,HSS (XI-XII),5,Private Unaided (Recognized),Rural,3,Co-educational,1,1,0,1,1,1,1,1,1,1,1,1,1,1,1,1,1,1,0,1,1,1,1,1,1,0,0,0,1,1,1
2018-19,32,Kerla,3214,THIRUVANANTHAPURAM,321403,KANIYAPURAM,1,PS (I-V) ,1,Department of Education,Rural,3,Co-educational,24,24,0,24,24,24,24,24,24,24,19,19,19,19,24,11,0,24,15,19,0,24,21,17,17,7,23,1,24,9,22
2018-19,32,Kerla,3214,THIRUVANANTHAPURAM,321403,KANIYAPURAM,1,PS (I-V) ,5,Private Unaided (Recognized),Rural,3,Co-educational,5,5,1,2,5,5,5,5,5,5,2,2,2,2,5,5,0,3,3,4,0,4,2,3,5,1,2,0,5,1,2
2018-19,32,Kerla,3214,THIRUVANANTHAPURAM,321403,KANIYAPURAM,1,PS (I-V) ,6,Other Govt. managed schools,Rural,3,Co-educational,2,2,0,0,2,2,2,2,2,2,0,0,0,0,2,0,0,0,0,0,0,2,2,2,0,0,0,0,2,1,0
2018-19,32,Kerla,3214,THIRUVANANTHAPURAM,321403,KANIYAPURAM,1,PS (I-V) ,8,Unrecognized,Rural,3,Co-educational,1,1,0,1,1,1,1,1,1,1,1,1,1,1,1,1,0,1,1,1,0,1,1,1,1,0,0,0,1,0,0
2018-19,32,Kerla,3214,THIRUVANANTHAPURAM,321403,KANIYAPURAM,1,PS (I-V) ,1,Department of Education,Urban,3,Co-educational,8,8,0,7,8,8,8,8,8,8,5,5,5,5,8,3,0,7,3,5,0,8,7,5,5,1,8,0,8,4,8
2018-19,32,Kerla,3214,THIRUVANANTHAPURAM,321403,KANIYAPURAM,1,PS (I-V) ,4,Government Aided,Urban,3,Co-educational,2,2,1,1,2,2,2,2,2,2,2,2,2,2,2,2,0,2,0,2,0,2,2,2,2,0,2,0,2,0,2
2018-19,32,Kerla,3214,THIRUVANANTHAPURAM,321403,KANIYAPURAM,1,PS (I-V) ,5,Private Unaided (Recognized),Urban,3,Co-educational,4,4,0,4,4,4,4,4,4,4,2,2,2,2,4,3,0,2,0,2,0,4,3,4,4,0,1,1,4,1,3
2018-19,32,Kerla,3214,THIRUVANANTHAPURAM,321403,KANIYAPURAM,6, SS (I-X) ,1,Department of Education,Rural,3,Co-educational,1,1,1,1,1,1,1,1,1,1,1,1,1,1,1,1,0,1,0,1,0,1,1,1,1,1,1,0,1,0,1
2018-19,32,Kerla,3214,THIRUVANANTHAPURAM,321403,KANIYAPURAM,6, SS (I-X) ,5,Private Unaided (Recognized),Rural,3,Co-educational,11,11,1,11,11,11,11,11,11,11,7,7,7,7,11,11,2,11,6,11,7,11,11,10,11,4,3,1,11,8,10
2018-19,32,Kerla,3214,THIRUVANANTHAPURAM,321403,KANIYAPURAM,6, SS (I-X) ,8,Unrecognized,Rural,3,Co-educational,1,1,0,1,1,1,1,1,1,1,0,0,0,0,1,1,0,1,0,1,1,1,0,1,1,0,0,0,1,0,1
2018-19,32,Kerla,3214,THIRUVANANTHAPURAM,321403,KANIYAPURAM,6, SS (I-X) ,1,Department of Education,Urban,3,Co-educational,1,1,1,1,1,1,1,1,1,1,1,1,1,0,1,1,1,1,0,0,0,1,1,1,1,0,1,0,1,1,1
2018-19,32,Kerla,3214,THIRUVANANTHAPURAM,321403,KANIYAPURAM,6, SS (I-X) ,5,Private Unaided (Recognized),Urban,3,Co-educational,3,3,2,3,3,3,3,3,3,3,1,1,1,1,3,3,0,2,2,2,3,3,3,3,3,2,1,1,3,2,3
2018-19,32,Kerla,3214,THIRUVANANTHAPURAM,321403,KANIYAPURAM,6, SS (I-X) ,8,Unrecognized,Urban,3,Co-educational,1,1,0,1,1,1,1,1,1,1,1,1,1,1,1,1,1,1,1,1,1,1,1,1,1,1,1,0,1,1,1
2018-19,32,Kerla,3214,THIRUVANANTHAPURAM,321403,KANIYAPURAM,8,SS (IX-X),4,Government Aided,Rural,3,Co-educational,2,2,0,2,2,2,2,2,2,2,1,1,1,1,2,2,0,2,2,2,0,2,2,2,2,0,2,0,2,0,2
2018-19,32,Kerla,3214,THIRUVANANTHAPURAM,321403,KANIYAPURAM,7,SS (VI-X),1,Department of Education,Rural,1,Boys,1,1,0,1,1,1,1,1,0,1,1,1,1,0,1,1,0,1,1,1,1,1,1,1,1,0,1,0,1,0,1
2018-19,32,Kerla,3214,THIRUVANANTHAPURAM,321403,KANIYAPURAM,7,SS (VI-X),4,Government Aided,Rural,1,Boys,1,1,1,1,1,1,1,1,0,1,0,0,0,0,1,1,0,1,1,1,0,1,1,1,1,0,1,0,1,1,1
2018-19,32,Kerla,3214,THIRUVANANTHAPURAM,321403,KANIYAPURAM,7,SS (VI-X),4,Government Aided,Rural,3,Co-educational,1,1,0,1,1,1,1,1,1,1,1,1,1,1,1,1,0,1,0,1,0,1,1,1,1,0,1,0,1,0,1
2018-19,32,Kerla,3214,THIRUVANANTHAPURAM,321403,KANIYAPURAM,2,UPS (I-VIII) ,1,Department of Education,Rural,3,Co-educational,12,12,3,12,12,12,12,12,12,12,9,9,8,9,12,9,5,11,7,5,0,12,11,9,6,6,11,0,12,3,11
2018-19,32,Kerla,3214,THIRUVANANTHAPURAM,321403,KANIYAPURAM,2,UPS (I-VIII) ,4,Government Aided,Rural,3,Co-educational,1,1,1,1,1,1,1,1,1,1,0,0,0,0,1,1,0,1,0,1,0,1,1,1,1,0,1,0,1,1,1
2018-19,32,Kerla,3214,THIRUVANANTHAPURAM,321403,KANIYAPURAM,2,UPS (I-VIII) ,5,Private Unaided (Recognized),Rural,3,Co-educational,7,7,0,6,7,7,7,7,7,7,4,4,4,3,7,7,2,5,3,6,3,7,6,7,7,1,3,1,7,3,5
2018-19,32,Kerla,3214,THIRUVANANTHAPURAM,321403,KANIYAPURAM,2,UPS (I-VIII) ,8,Unrecognized,Rural,3,Co-educational,2,2,1,2,2,2,2,2,2,2,0,0,0,0,2,2,0,1,0,2,0,2,2,2,2,1,1,0,2,1,1
2018-19,32,Kerla,3214,THIRUVANANTHAPURAM,321403,KANIYAPURAM,2,UPS (I-VIII) ,1,Department of Education,Urban,3,Co-educational,7,7,2,7,7,7,7,7,7,7,3,3,3,3,7,7,3,6,5,3,0,7,7,5,3,4,7,0,7,2,6
2018-19,32,Kerla,3214,THIRUVANANTHAPURAM,321403,KANIYAPURAM,2,UPS (I-VIII) ,4,Government Aided,Urban,3,Co-educational,1,1,0,1,1,1,1,1,1,1,1,1,1,1,1,1,0,0,0,1,0,1,1,1,1,0,1,0,1,1,1
2018-19,32,Kerla,3214,THIRUVANANTHAPURAM,321403,KANIYAPURAM,2,UPS (I-VIII) ,5,Private Unaided (Recognized),Urban,3,Co-educational,3,3,0,3,3,3,3,3,3,3,1,1,1,0,3,3,0,3,3,3,0,3,2,3,3,1,2,0,3,2,3
2018-19,32,Kerla,3214,THIRUVANANTHAPURAM,321403,KANIYAPURAM,2,UPS (I-VIII) ,8,Unrecognized,Urban,3,Co-educational,1,1,0,0,1,1,1,1,1,1,0,0,0,0,1,1,1,0,0,1,0,1,1,1,1,0,0,0,1,0,1
2018-19,32,Kerla,3214,THIRUVANANTHAPURAM,321403,KANIYAPURAM,4,UPS (VI-VIII) ,4,Government Aided,Rural,3,Co-educational,5,5,3,5,5,5,5,5,5,5,3,3,3,3,5,4,1,5,1,5,1,5,5,5,5,3,2,1,5,1,4
2018-19,32,Kerla,3214,THIRUVANANTHAPURAM,321404,KATTAKKADA,3,HSS (I-XII),1,Department of Education,Rural,3,Co-educational,5,5,2,5,5,5,5,5,5,5,5,5,5,4,4,4,4,5,2,5,2,4,5,5,5,4,5,0,5,1,4
2018-19,32,Kerla,3214,THIRUVANANTHAPURAM,321404,KATTAKKADA,3,HSS (I-XII),5,Private Unaided (Recognized),Rural,3,Co-educational,6,6,2,6,6,6,6,6,6,6,3,3,2,3,6,6,3,6,6,6,5,6,6,6,6,4,2,0,5,4,5
2018-19,32,Kerla,3214,THIRUVANANTHAPURAM,321404,KATTAKKADA,3,HSS (I-XII),8,Unrecognized,Rural,3,Co-educational,1,1,0,1,0,1,1,1,1,1,0,0,0,0,1,1,1,1,1,1,1,1,1,1,1,1,0,0,1,1,1
2018-19,32,Kerla,3214,THIRUVANANTHAPURAM,321404,KATTAKKADA,10,HSS (IX-XII),5,Private Unaided (Recognized),Rural,3,Co-educational,1,1,1,1,1,1,1,1,1,1,1,1,1,1,1,1,1,1,1,1,1,1,1,1,1,0,1,0,1,1,1
2018-19,32,Kerla,3214,THIRUVANANTHAPURAM,321404,KATTAKKADA,10,HSS (IX-XII),1,Department of Education,Urban,3,Co-educational,1,1,1,1,1,1,1,1,1,1,1,1,1,1,1,1,1,1,1,1,1,1,1,0,1,1,1,0,1,0,1
2018-19,32,Kerla,3214,THIRUVANANTHAPURAM,321404,KATTAKKADA,5, HSS (VI-XII),1,Department of Education,Rural,2,Girls,1,1,0,1,1,1,1,0,1,1,0,0,0,0,1,0,1,1,1,1,0,1,1,1,1,0,1,0,1,1,1
2018-19,32,Kerla,3214,THIRUVANANTHAPURAM,321404,KATTAKKADA,5, HSS (VI-XII),1,Department of Education,Rural,3,Co-educational,3,3,0,3,3,3,3,3,3,3,2,2,2,2,3,1,1,3,1,3,3,3,3,3,3,1,3,0,3,2,2
2018-19,32,Kerla,3214,THIRUVANANTHAPURAM,321404,KATTAKKADA,5, HSS (VI-XII),4,Government Aided,Rural,3,Co-educational,5,5,1,5,4,5,5,5,5,5,5,5,5,5,5,4,3,5,4,5,0,4,5,5,5,0,5,0,5,1,4
2018-19,32,Kerla,3214,THIRUVANANTHAPURAM,321404,KATTAKKADA,1,PS (I-V) ,1,Department of Education,Rural,1,Boys,1,1,0,1,1,1,1,1,0,1,1,1,1,0,1,0,0,1,1,1,0,1,1,1,1,0,1,0,1,0,1
2018-19,32,Kerla,3214,THIRUVANANTHAPURAM,321404,KATTAKKADA,1,PS (I-V) ,1,Department of Education,Rural,2,Girls,1,1,0,1,1,1,1,0,1,1,1,1,0,1,1,1,0,1,0,0,0,1,1,1,1,0,1,0,1,0,1
2018-19,32,Kerla,3214,THIRUVANANTHAPURAM,321404,KATTAKKADA,1,PS (I-V) ,1,Department of Education,Rural,3,Co-educational,19,19,0,19,18,19,19,19,18,18,13,14,12,13,19,17,0,18,12,16,0,16,18,14,14,7,18,1,16,12,18
2018-19,32,Kerla,3214,THIRUVANANTHAPURAM,321404,KATTAKKADA,1,PS (I-V) ,4,Government Aided,Rural,3,Co-educational,23,23,0,19,22,23,23,23,23,23,13,13,13,11,23,20,0,21,14,19,0,19,21,19,19,4,21,2,19,5,22
2018-19,32,Kerla,3214,THIRUVANANTHAPURAM,321404,KATTAKKADA,1,PS (I-V) ,5,Private Unaided (Recognized),Rural,3,Co-educational,6,6,0,4,6,6,6,6,6,6,4,4,4,4,6,5,0,4,3,5,0,3,4,5,6,0,2,3,6,2,2
2018-19,32,Kerla,3214,THIRUVANANTHAPURAM,321404,KATTAKKADA,1,PS (I-V) ,6,Other Govt. managed schools,Rural,3,Co-educational,2,2,0,0,1,1,2,0,0,0,0,0,0,0,2,0,0,0,0,0,0,0,2,0,0,0,1,0,2,0,1
2018-19,32,Kerla,3214,THIRUVANANTHAPURAM,321404,KATTAKKADA,1,PS (I-V) ,8,Unrecognized,Rural,3,Co-educational,11,11,0,11,11,11,10,11,11,11,7,7,6,7,11,10,0,4,6,9,1,6,10,8,10,3,2,1,9,5,8
2018-19,32,Kerla,3214,THIRUVANANTHAPURAM,321404,KATTAKKADA,6, SS (I-X) ,1,Department of Education,Rural,3,Co-educational,3,3,1,3,3,3,3,3,3,3,2,2,2,1,3,1,2,3,3,3,3,3,3,3,2,2,3,1,3,0,2
2018-19,32,Kerla,3214,THIRUVANANTHAPURAM,321404,KATTAKKADA,6, SS (I-X) ,4,Government Aided,Rural,3,Co-educational,1,1,0,1,1,1,1,1,1,1,1,1,1,0,1,1,1,1,0,1,0,0,1,1,1,1,1,0,1,0,1
2018-19,32,Kerla,3214,THIRUVANANTHAPURAM,321404,KATTAKKADA,6, SS (I-X) ,5,Private Unaided (Recognized),Rural,3,Co-educational,7,6,1,7,7,7,7,7,7,7,3,3,3,3,7,7,4,7,5,7,5,7,7,7,7,5,2,2,6,4,5
2018-19,32,Kerla,3214,THIRUVANANTHAPURAM,321404,KATTAKKADA,6, SS (I-X) ,8,Unrecognized,Rural,3,Co-educational,4,4,1,4,4,4,4,4,4,4,4,4,4,4,4,4,3,4,4,3,2,3,4,4,4,4,0,0,4,4,4
2018-19,32,Kerla,3214,THIRUVANANTHAPURAM,321404,KATTAKKADA,6, SS (I-X) ,5,Private Unaided (Recognized),Urban,3,Co-educational,1,1,1,1,1,1,1,1,1,1,0,0,0,0,1,1,1,1,1,1,0,1,1,1,1,1,0,0,1,1,1
2018-19,32,Kerla,3214,THIRUVANANTHAPURAM,321404,KATTAKKADA,8,SS (IX-X),4,Government Aided,Rural,3,Co-educational,2,2,1,2,2,2,2,2,2,2,1,1,1,1,2,2,2,2,1,2,0,2,2,2,2,0,2,0,1,1,2
2018-19,32,Kerla,3214,THIRUVANANTHAPURAM,321404,KATTAKKADA,7,SS (VI-X),4,Government Aided,Rural,3,Co-educational,2,2,0,2,2,2,2,2,2,2,2,2,2,2,2,2,2,2,2,2,0,1,2,2,2,1,2,0,1,2,2
2018-19,32,Kerla,3214,THIRUVANANTHAPURAM,321404,KATTAKKADA,2,UPS (I-VIII) ,1,Department of Education,Rural,3,Co-educational,10,10,0,9,10,10,10,9,10,10,5,5,5,5,10,9,5,9,9,9,1,8,10,7,6,5,9,1,8,5,10
2018-19,32,Kerla,3214,THIRUVANANTHAPURAM,321404,KATTAKKADA,2,UPS (I-VIII) ,4,Government Aided,Rural,3,Co-educational,6,6,3,5,5,6,6,6,6,6,5,5,5,5,6,6,3,6,3,6,0,6,5,6,6,1,6,0,6,1,6
2018-19,32,Kerla,3214,THIRUVANANTHAPURAM,321404,KATTAKKADA,2,UPS (I-VIII) ,5,Private Unaided (Recognized),Rural,3,Co-educational,7,7,1,6,7,7,7,7,7,7,6,6,5,6,6,6,4,7,5,6,0,7,7,7,7,5,1,1,6,6,6
2018-19,32,Kerla,3214,THIRUVANANTHAPURAM,321404,KATTAKKADA,2,UPS (I-VIII) ,8,Unrecognized,Rural,3,Co-educational,14,14,1,12,14,14,14,14,14,14,9,9,8,8,14,14,4,11,5,11,2,12,10,12,13,3,3,1,13,5,11
2018-19,32,Kerla,3214,THIRUVANANTHAPURAM,321404,KATTAKKADA,4,UPS (VI-VIII) ,1,Department of Education,Rural,3,Co-educational,1,1,0,1,1,1,1,1,1,1,1,1,1,1,1,1,1,1,0,1,0,1,1,0,1,1,1,0,1,0,1
2018-19,32,Kerla,3214,THIRUVANANTHAPURAM,321404,KATTAKKADA,4,UPS (VI-VIII) ,4,Government Aided,Rural,3,Co-educational,5,5,3,5,5,5,5,5,5,5,4,4,4,4,5,5,0,4,2,5,2,5,4,3,5,1,3,0,5,1,4
2018-19,32,Kerla,3214,THIRUVANANTHAPURAM,321404,KATTAKKADA,4,UPS (VI-VIII) ,5,Private Unaided (Recognized),Rural,3,Co-educational,1,1,0,1,1,1,1,1,1,1,1,1,1,1,1,1,0,0,0,1,0,1,1,1,1,0,0,0,1,1,0
2018-19,32,Kerla,3214,THIRUVANANTHAPURAM,321405,KILIMANOOR,3,HSS (I-XII),1,Department of Education,Rural,3,Co-educational,4,4,4,4,4,4,4,4,4,4,4,4,4,4,4,2,3,4,1,3,1,4,4,3,4,2,4,0,1,0,4
2018-19,32,Kerla,3214,THIRUVANANTHAPURAM,321405,KILIMANOOR,3,HSS (I-XII),5,Private Unaided (Recognized),Rural,3,Co-educational,3,3,2,3,3,3,3,3,3,3,3,3,3,3,3,2,0,3,3,3,3,3,3,3,3,1,0,0,0,3,2
2018-19,32,Kerla,3214,THIRUVANANTHAPURAM,321405,KILIMANOOR,10,HSS (IX-XII),4,Government Aided,Rural,3,Co-educational,1,1,0,1,1,1,1,1,1,1,1,1,1,0,1,1,1,1,0,1,0,1,1,1,1,0,0,0,1,0,1
2018-19,32,Kerla,3214,THIRUVANANTHAPURAM,321405,KILIMANOOR,5, HSS (VI-XII),4,Government Aided,Rural,2,Girls,1,1,1,1,1,1,1,0,1,1,1,1,0,1,1,1,1,1,1,0,1,1,1,1,1,0,0,0,1,1,1
2018-19,32,Kerla,3214,THIRUVANANTHAPURAM,321405,KILIMANOOR,5, HSS (VI-XII),1,Department of Education,Rural,3,Co-educational,3,3,1,3,3,3,3,3,3,3,3,3,3,3,3,3,2,3,3,2,0,3,2,1,3,0,3,0,1,0,2
2018-19,32,Kerla,3214,THIRUVANANTHAPURAM,321405,KILIMANOOR,5, HSS (VI-XII),4,Government Aided,Rural,3,Co-educational,2,2,1,2,2,2,2,2,2,2,2,2,2,2,2,2,1,2,0,2,0,2,2,2,2,0,2,0,0,0,2
2018-19,32,Kerla,3214,THIRUVANANTHAPURAM,321405,KILIMANOOR,1,PS (I-V) ,1,Department of Education,Rural,3,Co-educational,23,23,7,23,22,23,23,23,23,23,22,22,22,21,23,20,0,23,15,17,3,23,22,21,17,12,23,1,20,3,14
2018-19,32,Kerla,3214,THIRUVANANTHAPURAM,321405,KILIMANOOR,1,PS (I-V) ,4,Government Aided,Rural,3,Co-educational,10,10,2,10,9,10,10,10,10,10,10,10,10,10,10,7,0,10,8,8,2,10,10,10,10,2,10,0,10,0,7
2018-19,32,Kerla,3214,THIRUVANANTHAPURAM,321405,KILIMANOOR,1,PS (I-V) ,5,Private Unaided (Recognized),Rural,3,Co-educational,5,5,1,4,5,5,5,5,5,5,5,5,5,5,5,5,0,3,4,4,0,4,3,5,5,1,0,0,3,0,4
2018-19,32,Kerla,3214,THIRUVANANTHAPURAM,321405,KILIMANOOR,1,PS (I-V) ,8,Unrecognized,Rural,3,Co-educational,3,3,2,2,3,3,2,3,3,3,2,2,2,2,3,3,0,2,2,3,0,3,2,3,3,0,2,1,1,1,3
2018-19,32,Kerla,3214,THIRUVANANTHAPURAM,321405,KILIMANOOR,1,PS (I-V) ,4,Government Aided,Urban,3,Co-educational,1,1,0,0,1,1,1,1,1,1,1,1,1,1,1,0,0,1,0,1,0,1,1,1,1,1,1,0,0,0,1
2018-19,32,Kerla,3214,THIRUVANANTHAPURAM,321405,KILIMANOOR,6, SS (I-X) ,1,Department of Education,Rural,3,Co-educational,1,1,0,1,1,1,1,1,1,1,1,1,1,1,1,1,1,1,1,1,0,1,0,1,1,1,1,0,1,0,1
2018-19,32,Kerla,3214,THIRUVANANTHAPURAM,321405,KILIMANOOR,6, SS (I-X) ,5,Private Unaided (Recognized),Rural,3,Co-educational,3,3,0,3,3,3,3,3,3,3,3,3,3,3,3,3,0,3,1,3,3,3,3,3,3,0,0,0,0,2,1
2018-19,32,Kerla,3214,THIRUVANANTHAPURAM,321405,KILIMANOOR,6, SS (I-X) ,8,Unrecognized,Rural,3,Co-educational,1,1,0,1,0,1,1,1,1,1,1,1,1,1,1,1,0,1,0,1,0,1,1,0,1,0,0,0,0,1,0
2018-19,32,Kerla,3214,THIRUVANANTHAPURAM,321405,KILIMANOOR,8,SS (IX-X),4,Government Aided,Rural,3,Co-educational,1,1,0,1,1,1,1,1,1,1,1,1,1,1,1,1,0,1,0,1,0,1,1,1,1,0,1,1,1,0,1
2018-19,32,Kerla,3214,THIRUVANANTHAPURAM,321405,KILIMANOOR,7,SS (VI-X),4,Government Aided,Rural,3,Co-educational,2,2,2,2,2,2,2,2,2,2,2,2,2,2,2,2,0,2,1,2,0,2,2,2,2,0,2,0,1,0,1
2018-19,32,Kerla,3214,THIRUVANANTHAPURAM,321405,KILIMANOOR,2,UPS (I-VIII) ,1,Department of Education,Rural,3,Co-educational,6,6,3,6,6,6,6,6,6,6,6,6,6,6,6,5,0,6,6,3,0,6,6,6,5,3,6,0,6,1,6
2018-19,32,Kerla,3214,THIRUVANANTHAPURAM,321405,KILIMANOOR,2,UPS (I-VIII) ,4,Government Aided,Rural,3,Co-educational,6,6,4,6,6,6,6,6,6,6,6,6,6,5,6,5,0,6,4,5,0,6,5,6,6,3,6,0,4,1,5
2018-19,32,Kerla,3214,THIRUVANANTHAPURAM,321405,KILIMANOOR,2,UPS (I-VIII) ,5,Private Unaided (Recognized),Rural,3,Co-educational,5,5,0,5,4,5,5,5,5,5,5,5,5,5,5,5,1,5,4,5,2,5,4,5,5,3,0,0,4,1,3
2018-19,32,Kerla,3214,THIRUVANANTHAPURAM,321405,KILIMANOOR,2,UPS (I-VIII) ,8,Unrecognized,Rural,3,Co-educational,6,6,2,6,6,6,6,6,6,6,6,6,6,6,6,6,0,6,3,4,2,5,6,6,6,2,0,0,3,2,5
2018-19,32,Kerla,3214,THIRUVANANTHAPURAM,321405,KILIMANOOR,2,UPS (I-VIII) ,1,Department of Education,Urban,3,Co-educational,1,1,1,1,1,1,1,1,1,1,1,1,1,1,1,1,0,1,0,1,0,1,1,1,1,1,0,0,1,0,1
2018-19,32,Kerla,3214,THIRUVANANTHAPURAM,321405,KILIMANOOR,2,UPS (I-VIII) ,5,Private Unaided (Recognized),Urban,3,Co-educational,1,1,0,1,1,1,1,0,1,1,0,0,0,0,1,1,0,1,1,1,1,1,1,1,1,1,0,0,1,1,1
2018-19,32,Kerla,3214,THIRUVANANTHAPURAM,321405,KILIMANOOR,4,UPS (VI-VIII) ,1,Department of Education,Rural,3,Co-educational,1,1,0,1,1,1,1,1,1,1,1,1,1,1,1,1,0,1,1,1,0,1,1,1,1,1,1,0,1,0,1
2018-19,32,Kerla,3214,THIRUVANANTHAPURAM,321405,KILIMANOOR,4,UPS (VI-VIII) ,4,Government Aided,Rural,3,Co-educational,10,10,7,10,9,10,10,10,10,10,9,9,8,9,10,7,2,10,5,8,0,10,10,10,10,4,10,1,10,0,9
2018-19,32,Kerla,3214,THIRUVANANTHAPURAM,321406,NEDUMANGADU,3,HSS (I-XII),5,Private Unaided (Recognized),Rural,3,Co-educational,2,2,0,2,2,2,2,2,2,2,2,2,2,2,2,2,1,2,0,2,2,2,2,2,2,0,0,1,2,2,2
2018-19,32,Kerla,3214,THIRUVANANTHAPURAM,321406,NEDUMANGADU,3,HSS (I-XII),5,Private Unaided (Recognized),Urban,3,Co-educational,3,3,0,3,3,3,3,3,3,3,3,3,3,3,3,3,0,3,1,2,1,3,3,2,3,2,1,1,3,1,1
2018-19,32,Kerla,3214,THIRUVANANTHAPURAM,321406,NEDUMANGADU,10,HSS (IX-XII),1,Department of Education,Rural,3,Co-educational,1,1,1,1,1,1,1,1,1,1,1,1,1,1,1,1,0,1,0,1,0,1,1,0,1,1,1,0,1,0,1
2018-19,32,Kerla,3214,THIRUVANANTHAPURAM,321406,NEDUMANGADU,10,HSS (IX-XII),4,Government Aided,Rural,3,Co-educational,1,1,1,1,1,1,1,1,1,1,1,1,1,1,1,1,1,1,1,1,1,1,1,1,1,0,1,0,1,0,1
2018-19,32,Kerla,3214,THIRUVANANTHAPURAM,321406,NEDUMANGADU,10,HSS (IX-XII),1,Department of Education,Urban,3,Co-educational,1,1,1,1,1,1,1,1,1,1,1,1,1,0,1,1,0,1,0,1,0,1,1,1,1,1,1,0,1,0,1
2018-19,32,Kerla,3214,THIRUVANANTHAPURAM,321406,NEDUMANGADU,5, HSS (VI-XII),1,Department of Education,Urban,2,Girls,1,1,0,1,1,1,1,0,1,1,0,0,0,0,1,1,0,1,1,1,1,1,1,1,1,1,1,1,1,1,1
2018-19,32,Kerla,3214,THIRUVANANTHAPURAM,321406,NEDUMANGADU,5, HSS (VI-XII),1,Department of Education,Rural,3,Co-educational,3,3,2,3,3,3,3,3,3,3,3,3,3,3,3,2,0,3,1,3,2,3,3,3,3,1,3,0,3,0,3
2018-19,32,Kerla,3214,THIRUVANANTHAPURAM,321406,NEDUMANGADU,5, HSS (VI-XII),4,Government Aided,Rural,3,Co-educational,3,3,1,3,3,3,3,3,3,3,3,3,3,3,3,3,1,3,0,3,0,3,3,3,3,1,3,0,3,1,3
2018-19,32,Kerla,3214,THIRUVANANTHAPURAM,321406,NEDUMANGADU,5, HSS (VI-XII),1,Department of Education,Urban,3,Co-educational,1,1,0,1,1,1,1,1,1,1,1,1,1,1,1,1,0,1,0,1,0,1,1,1,1,0,1,0,1,0,1
2018-19,32,Kerla,3214,THIRUVANANTHAPURAM,321406,NEDUMANGADU,11,HSS (XI-XII),1,Department of Education,Rural,3,Co-educational,1,1,0,1,1,1,1,1,1,1,1,1,1,1,1,0,0,1,0,0,0,1,1,0,1,0,0,0,1,0,1
2018-19,32,Kerla,3214,THIRUVANANTHAPURAM,321406,NEDUMANGADU,1,PS (I-V) ,1,Department of Education,Rural,3,Co-educational,27,27,2,26,27,27,27,27,27,27,23,23,23,22,27,24,0,27,13,23,0,27,27,25,16,5,26,0,27,9,27
2018-19,32,Kerla,3214,THIRUVANANTHAPURAM,321406,NEDUMANGADU,1,PS (I-V) ,4,Government Aided,Rural,3,Co-educational,5,5,0,5,5,5,5,5,5,5,5,5,5,5,5,5,0,5,2,5,0,5,5,4,3,1,5,1,5,2,5
2018-19,32,Kerla,3214,THIRUVANANTHAPURAM,321406,NEDUMANGADU,1,PS (I-V) ,5,Private Unaided (Recognized),Rural,3,Co-educational,2,2,1,2,2,2,2,2,2,2,1,1,1,1,2,2,0,1,0,1,0,2,2,2,2,0,1,0,2,0,1
2018-19,32,Kerla,3214,THIRUVANANTHAPURAM,321406,NEDUMANGADU,1,PS (I-V) ,8,Unrecognized,Rural,3,Co-educational,5,5,0,5,5,5,5,5,5,5,5,5,5,5,5,5,0,3,1,5,0,4,5,4,4,1,1,0,5,1,4
2018-19,32,Kerla,3214,THIRUVANANTHAPURAM,321406,NEDUMANGADU,1,PS (I-V) ,1,Department of Education,Urban,3,Co-educational,5,5,0,5,5,5,5,5,5,5,5,5,5,5,5,4,0,4,1,4,0,5,5,5,5,0,5,0,5,0,5
2018-19,32,Kerla,3214,THIRUVANANTHAPURAM,321406,NEDUMANGADU,1,PS (I-V) ,5,Private Unaided (Recognized),Urban,3,Co-educational,1,1,1,1,1,1,1,1,1,1,1,1,1,1,1,1,0,1,0,1,0,1,1,1,1,0,1,0,1,1,1
2018-19,32,Kerla,3214,THIRUVANANTHAPURAM,321406,NEDUMANGADU,1,PS (I-V) ,8,Unrecognized,Urban,3,Co-educational,1,1,0,0,1,1,1,1,1,1,1,1,1,1,1,1,0,0,1,1,0,1,0,1,1,0,0,0,1,0,1
2018-19,32,Kerla,3214,THIRUVANANTHAPURAM,321406,NEDUMANGADU,6, SS (I-X) ,1,Department of Education,Rural,3,Co-educational,1,1,0,1,1,1,1,1,1,1,1,1,1,1,1,0,1,1,0,1,0,1,1,1,1,0,1,0,1,0,1
2018-19,32,Kerla,3214,THIRUVANANTHAPURAM,321406,NEDUMANGADU,6, SS (I-X) ,5,Private Unaided (Recognized),Rural,3,Co-educational,8,8,2,7,8,8,8,8,8,8,8,8,8,8,8,8,0,8,4,8,5,8,8,8,8,2,3,0,8,6,7
2018-19,32,Kerla,3214,THIRUVANANTHAPURAM,321406,NEDUMANGADU,6, SS (I-X) ,8,Unrecognized,Rural,3,Co-educational,1,1,0,1,1,1,1,1,1,1,1,1,1,1,1,1,0,1,1,1,1,1,0,1,1,0,0,0,1,1,1
2018-19,32,Kerla,3214,THIRUVANANTHAPURAM,321406,NEDUMANGADU,6, SS (I-X) ,1,Department of Education,Urban,3,Co-educational,1,1,0,1,1,1,1,1,1,1,1,1,1,1,1,1,0,1,0,1,0,1,1,1,1,1,1,0,1,1,1
2018-19,32,Kerla,3214,THIRUVANANTHAPURAM,321406,NEDUMANGADU,8,SS (IX-X),1,Department of Education,Urban,3,Co-educational,1,1,0,1,1,1,1,1,1,1,1,1,1,1,1,1,0,1,0,1,1,1,1,1,1,0,1,0,1,1,1
2018-19,32,Kerla,3214,THIRUVANANTHAPURAM,321406,NEDUMANGADU,2,UPS (I-VIII) ,1,Department of Education,Rural,3,Co-educational,11,11,3,11,11,11,11,11,11,11,11,11,11,11,11,10,2,10,4,8,0,11,11,8,7,5,11,1,11,3,10
2018-19,32,Kerla,3214,THIRUVANANTHAPURAM,321406,NEDUMANGADU,2,UPS (I-VIII) ,4,Government Aided,Rural,3,Co-educational,5,5,1,5,5,5,5,5,5,5,4,4,4,4,5,5,0,5,2,5,0,5,5,5,5,1,5,0,5,2,5
2018-19,32,Kerla,3214,THIRUVANANTHAPURAM,321406,NEDUMANGADU,2,UPS (I-VIII) ,5,Private Unaided (Recognized),Rural,3,Co-educational,3,3,0,3,3,3,3,3,3,3,3,3,3,3,3,2,0,1,2,2,2,3,3,2,3,0,0,0,3,1,3
2018-19,32,Kerla,3214,THIRUVANANTHAPURAM,321406,NEDUMANGADU,2,UPS (I-VIII) ,8,Unrecognized,Rural,3,Co-educational,8,8,1,8,8,8,8,8,8,8,8,8,8,8,8,6,1,8,3,6,2,8,7,8,8,3,1,1,8,5,8
2018-19,32,Kerla,3214,THIRUVANANTHAPURAM,321406,NEDUMANGADU,2,UPS (I-VIII) ,1,Department of Education,Urban,3,Co-educational,2,2,0,2,2,2,2,2,2,2,2,2,2,2,2,2,0,2,1,2,0,2,2,2,2,1,2,0,2,0,2
2018-19,32,Kerla,3214,THIRUVANANTHAPURAM,321406,NEDUMANGADU,2,UPS (I-VIII) ,5,Private Unaided (Recognized),Urban,3,Co-educational,1,1,0,1,1,1,1,1,1,1,1,1,1,1,1,1,1,1,1,1,0,1,1,1,1,0,1,0,1,1,1
2018-19,32,Kerla,3214,THIRUVANANTHAPURAM,321406,NEDUMANGADU,2,UPS (I-VIII) ,8,Unrecognized,Urban,3,Co-educational,3,3,0,3,3,3,3,3,3,3,3,3,3,3,3,3,0,2,2,3,0,3,3,3,3,0,0,0,3,0,3
2018-19,32,Kerla,3214,THIRUVANANTHAPURAM,321406,NEDUMANGADU,4,UPS (VI-VIII) ,1,Department of Education,Rural,3,Co-educational,1,1,1,1,1,1,1,1,1,1,1,1,1,1,1,1,0,1,0,1,0,1,1,0,1,0,1,0,1,0,1
2018-19,32,Kerla,3214,THIRUVANANTHAPURAM,321406,NEDUMANGADU,4,UPS (VI-VIII) ,4,Government Aided,Rural,3,Co-educational,3,3,1,3,3,3,3,3,3,3,3,3,3,3,3,3,0,3,1,3,0,3,3,3,3,0,3,0,3,0,3
2018-19,32,Kerla,3214,THIRUVANANTHAPURAM,321406,NEDUMANGADU,4,UPS (VI-VIII) ,1,Department of Education,Urban,3,Co-educational,1,1,0,1,1,1,1,1,1,1,1,1,1,0,1,1,0,1,0,1,0,1,1,1,1,1,1,0,1,0,1
2018-19,32,Kerla,3214,THIRUVANANTHAPURAM,321407,NEYYATTINKARA,3,HSS (I-XII),1,Department of Education,Rural,3,Co-educational,3,3,1,3,3,3,3,3,3,3,0,0,0,0,3,2,2,3,3,3,2,3,3,3,2,2,3,1,1,1,3
2018-19,32,Kerla,3214,THIRUVANANTHAPURAM,321407,NEYYATTINKARA,3,HSS (I-XII),4,Government Aided,Rural,3,Co-educational,2,2,2,2,2,2,2,2,2,2,1,1,1,1,2,2,2,2,2,2,0,2,2,1,2,2,2,0,2,1,2
2018-19,32,Kerla,3214,THIRUVANANTHAPURAM,321407,NEYYATTINKARA,3,HSS (I-XII),5,Private Unaided (Recognized),Rural,3,Co-educational,5,5,0,1,5,5,5,5,5,5,4,4,4,4,5,5,1,5,0,5,4,5,5,5,5,2,2,0,0,4,4
2018-19,32,Kerla,3214,THIRUVANANTHAPURAM,321407,NEYYATTINKARA,3,HSS (I-XII),8,Unrecognized,Rural,3,Co-educational,1,1,0,0,1,1,1,1,1,1,0,0,0,0,1,1,0,1,0,0,0,0,1,1,1,0,0,0,0,1,1
2018-19,32,Kerla,3214,THIRUVANANTHAPURAM,321407,NEYYATTINKARA,3,HSS (I-XII),5,Private Unaided (Recognized),Urban,3,Co-educational,4,4,0,3,4,4,4,4,4,4,1,1,1,1,4,3,2,3,2,3,2,4,4,3,4,2,1,1,0,2,2
2018-19,32,Kerla,3214,THIRUVANANTHAPURAM,321407,NEYYATTINKARA,3,HSS (I-XII),8,Unrecognized,Urban,3,Co-educational,1,1,0,0,1,1,1,1,1,1,1,1,1,1,1,1,0,1,0,1,1,1,1,1,1,1,0,0,0,1,1
2018-19,32,Kerla,3214,THIRUVANANTHAPURAM,321407,NEYYATTINKARA,5, HSS (VI-XII),1,Department of Education,Urban,2,Girls,1,1,0,0,1,1,1,0,1,1,0,0,0,0,1,1,0,1,1,1,0,1,1,0,1,0,1,0,0,1,0
2018-19,32,Kerla,3214,THIRUVANANTHAPURAM,321407,NEYYATTINKARA,5, HSS (VI-XII),4,Government Aided,Urban,2,Girls,1,1,1,1,1,1,1,0,1,1,0,0,0,0,1,1,1,1,1,1,0,1,1,1,1,0,0,0,0,0,0
2018-19,32,Kerla,3214,THIRUVANANTHAPURAM,321407,NEYYATTINKARA,5, HSS (VI-XII),1,Department of Education,Rural,3,Co-educational,2,2,0,2,2,2,2,2,2,2,0,0,0,0,2,2,1,2,0,2,1,2,2,1,2,1,2,2,1,0,1
2018-19,32,Kerla,3214,THIRUVANANTHAPURAM,321407,NEYYATTINKARA,5, HSS (VI-XII),4,Government Aided,Rural,3,Co-educational,2,2,1,1,2,2,2,2,2,2,1,1,1,1,2,2,1,2,1,2,0,2,2,1,2,0,2,0,1,2,2
2018-19,32,Kerla,3214,THIRUVANANTHAPURAM,321407,NEYYATTINKARA,5, HSS (VI-XII),1,Department of Education,Urban,3,Co-educational,1,1,0,0,1,1,1,1,1,1,1,1,1,1,1,1,0,1,1,0,0,1,1,1,1,1,1,0,0,1,0
2018-19,32,Kerla,3214,THIRUVANANTHAPURAM,321407,NEYYATTINKARA,5, HSS (VI-XII),4,Government Aided,Urban,3,Co-educational,2,2,1,1,2,2,2,2,2,2,0,0,0,0,2,2,1,2,2,2,1,2,2,2,2,0,2,0,2,0,1
2018-19,32,Kerla,3214,THIRUVANANTHAPURAM,321407,NEYYATTINKARA,11,HSS (XI-XII),5,Private Unaided (Recognized),Rural,3,Co-educational,1,1,1,1,1,1,1,0,1,1,0,0,0,0,1,1,1,1,1,1,0,1,1,1,1,0,0,0,1,1,0
2018-19,32,Kerla,3214,THIRUVANANTHAPURAM,321407,NEYYATTINKARA,1,PS (I-V) ,1,Department of Education,Rural,1,Boys,1,1,0,1,1,1,1,1,0,1,0,0,0,0,1,1,0,1,1,1,0,1,1,1,1,0,1,0,1,0,1
2018-19,32,Kerla,3214,THIRUVANANTHAPURAM,321407,NEYYATTINKARA,1,PS (I-V) ,1,Department of Education,Rural,2,Girls,1,1,0,1,1,1,1,0,1,1,0,0,0,0,1,1,0,1,0,1,0,1,0,0,1,1,1,1,0,0,1
2018-19,32,Kerla,3214,THIRUVANANTHAPURAM,321407,NEYYATTINKARA,1,PS (I-V) ,1,Department of Education,Rural,3,Co-educational,11,11,0,9,11,11,11,11,11,11,7,7,7,6,11,11,0,11,6,10,2,10,10,5,8,3,11,2,9,3,11
2018-19,32,Kerla,3214,THIRUVANANTHAPURAM,321407,NEYYATTINKARA,1,PS (I-V) ,4,Government Aided,Rural,3,Co-educational,14,14,0,8,14,14,14,14,14,14,7,7,7,6,14,14,0,12,8,13,0,14,14,11,13,3,11,4,5,2,11
2018-19,32,Kerla,3214,THIRUVANANTHAPURAM,321407,NEYYATTINKARA,1,PS (I-V) ,5,Private Unaided (Recognized),Rural,3,Co-educational,6,5,0,1,6,6,6,6,6,6,4,4,4,4,6,4,0,4,1,5,1,5,3,3,6,1,2,1,0,3,5
2018-19,32,Kerla,3214,THIRUVANANTHAPURAM,321407,NEYYATTINKARA,1,PS (I-V) ,8,Unrecognized,Rural,3,Co-educational,1,1,0,0,1,1,1,1,1,1,1,1,1,1,1,1,0,1,0,0,0,0,1,1,1,1,0,0,0,1,1
2018-19,32,Kerla,3214,THIRUVANANTHAPURAM,321407,NEYYATTINKARA,1,PS (I-V) ,4,Government Aided,Urban,3,Co-educational,9,9,0,5,9,9,9,9,9,9,3,3,3,3,7,8,0,8,5,5,0,9,9,8,5,0,8,1,3,1,8
2018-19,32,Kerla,3214,THIRUVANANTHAPURAM,321407,NEYYATTINKARA,6, SS (I-X) ,1,Department of Education,Rural,3,Co-educational,2,2,0,2,2,2,2,2,2,2,1,1,1,1,1,1,2,2,1,2,1,2,2,2,2,2,2,0,1,0,1
2018-19,32,Kerla,3214,THIRUVANANTHAPURAM,321407,NEYYATTINKARA,6, SS (I-X) ,4,Government Aided,Rural,3,Co-educational,1,1,1,1,1,1,1,1,1,1,1,1,1,1,1,1,1,1,1,1,0,1,1,1,1,1,1,0,1,1,1
2018-19,32,Kerla,3214,THIRUVANANTHAPURAM,321407,NEYYATTINKARA,6, SS (I-X) ,5,Private Unaided (Recognized),Rural,3,Co-educational,4,4,0,3,4,4,4,4,4,4,2,2,2,1,4,4,0,3,2,4,1,3,2,4,4,0,1,0,3,4,3
2018-19,32,Kerla,3214,THIRUVANANTHAPURAM,321407,NEYYATTINKARA,6, SS (I-X) ,8,Unrecognized,Rural,3,Co-educational,2,2,0,2,2,2,2,2,2,2,1,1,1,1,2,2,1,2,1,2,1,1,1,2,2,1,0,0,1,2,2
2018-19,32,Kerla,3214,THIRUVANANTHAPURAM,321407,NEYYATTINKARA,6, SS (I-X) ,5,Private Unaided (Recognized),Urban,3,Co-educational,1,1,0,1,1,1,1,1,1,1,1,1,1,1,1,1,1,1,0,1,1,1,1,1,1,1,0,0,0,1,1
2018-19,32,Kerla,3214,THIRUVANANTHAPURAM,321407,NEYYATTINKARA,6, SS (I-X) ,8,Unrecognized,Urban,3,Co-educational,1,1,0,0,1,1,1,1,1,1,1,1,1,1,1,1,0,1,1,0,0,0,0,1,1,0,0,0,0,0,0
2018-19,32,Kerla,3214,THIRUVANANTHAPURAM,321407,NEYYATTINKARA,8,SS (IX-X),8,Unrecognized,Rural,3,Co-educational,1,1,0,0,1,1,1,1,1,1,0,0,0,0,1,1,1,1,0,1,0,1,1,1,1,1,0,0,0,1,1
2018-19,32,Kerla,3214,THIRUVANANTHAPURAM,321407,NEYYATTINKARA,7,SS (VI-X),1,Department of Education,Rural,3,Co-educational,1,1,1,1,1,1,1,1,1,1,0,0,0,0,1,0,1,1,0,1,0,1,1,1,0,0,1,0,1,1,0
2018-19,32,Kerla,3214,THIRUVANANTHAPURAM,321407,NEYYATTINKARA,7,SS (VI-X),4,Government Aided,Rural,3,Co-educational,1,1,0,0,1,1,1,1,1,1,0,0,0,0,1,1,0,1,0,1,0,1,1,0,1,0,1,0,0,0,0
2018-19,32,Kerla,3214,THIRUVANANTHAPURAM,321407,NEYYATTINKARA,7,SS (VI-X),5,Private Unaided (Recognized),Rural,3,Co-educational,1,1,0,1,1,1,1,1,1,1,1,1,1,1,1,1,0,1,1,1,1,1,0,1,1,1,1,0,0,0,0
2018-19,32,Kerla,3214,THIRUVANANTHAPURAM,321407,NEYYATTINKARA,7,SS (VI-X),1,Department of Education,Urban,3,Co-educational,1,1,0,1,1,1,1,1,1,1,1,1,1,1,1,0,0,1,1,1,0,1,1,1,1,1,1,0,0,0,1
2018-19,32,Kerla,3214,THIRUVANANTHAPURAM,321407,NEYYATTINKARA,2,UPS (I-VIII) ,1,Department of Education,Rural,3,Co-educational,3,3,0,3,3,3,3,3,3,3,1,1,1,1,3,3,1,3,2,2,0,3,2,3,1,0,2,0,3,0,2
2018-19,32,Kerla,3214,THIRUVANANTHAPURAM,321407,NEYYATTINKARA,2,UPS (I-VIII) ,4,Government Aided,Rural,3,Co-educational,4,4,3,4,4,4,4,4,4,4,3,3,3,3,4,4,2,3,3,4,0,4,4,3,3,3,4,0,4,0,4
2018-19,32,Kerla,3214,THIRUVANANTHAPURAM,321407,NEYYATTINKARA,2,UPS (I-VIII) ,5,Private Unaided (Recognized),Rural,3,Co-educational,3,3,0,2,3,3,3,3,3,3,2,2,2,2,3,3,1,3,2,3,0,3,1,3,3,0,1,0,1,1,2
2018-19,32,Kerla,3214,THIRUVANANTHAPURAM,321407,NEYYATTINKARA,2,UPS (I-VIII) ,8,Unrecognized,Rural,3,Co-educational,2,2,0,1,2,2,2,2,2,2,2,2,2,2,2,2,0,2,1,1,0,1,1,1,2,1,0,1,1,0,0
2018-19,32,Kerla,3214,THIRUVANANTHAPURAM,321407,NEYYATTINKARA,2,UPS (I-VIII) ,1,Department of Education,Urban,3,Co-educational,4,4,2,3,4,4,4,4,4,4,2,2,2,2,4,4,4,3,3,4,1,4,4,4,3,0,4,1,1,2,3
2018-19,32,Kerla,3214,THIRUVANANTHAPURAM,321407,NEYYATTINKARA,2,UPS (I-VIII) ,4,Government Aided,Urban,3,Co-educational,2,2,1,2,2,2,2,2,2,2,2,2,2,2,2,2,2,1,2,2,0,2,2,2,1,0,2,0,2,2,2
2018-19,32,Kerla,3214,THIRUVANANTHAPURAM,321407,NEYYATTINKARA,2,UPS (I-VIII) ,5,Private Unaided (Recognized),Urban,3,Co-educational,1,1,0,0,1,1,1,1,1,1,1,1,1,1,1,1,0,1,0,1,0,0,1,1,1,0,0,0,0,1,1
2018-19,32,Kerla,3214,THIRUVANANTHAPURAM,321407,NEYYATTINKARA,2,UPS (I-VIII) ,8,Unrecognized,Urban,3,Co-educational,2,2,0,1,2,2,2,2,2,2,2,2,2,2,2,2,0,0,0,1,0,1,1,2,2,2,2,0,0,2,2
2018-19,32,Kerla,3214,THIRUVANANTHAPURAM,321407,NEYYATTINKARA,4,UPS (VI-VIII) ,4,Government Aided,Rural,3,Co-educational,3,3,0,3,3,3,3,3,3,3,1,1,1,1,3,3,0,3,2,3,0,3,3,3,3,0,3,0,3,0,2
2018-19,32,Kerla,3214,THIRUVANANTHAPURAM,321408,PALODE,3,HSS (I-XII),1,Department of Education,Rural,3,Co-educational,1,1,0,1,1,1,1,1,1,1,1,1,1,1,1,1,1,1,0,1,0,1,1,1,0,0,1,0,1,1,0
2018-19,32,Kerla,3214,THIRUVANANTHAPURAM,321408,PALODE,3,HSS (I-XII),2,Tribal Welfare Department,Rural,3,Co-educational,1,1,1,1,1,1,1,1,1,1,1,1,1,1,1,1,1,1,1,1,1,1,1,1,1,1,1,1,1,1,1
2018-19,32,Kerla,3214,THIRUVANANTHAPURAM,321408,PALODE,3,HSS (I-XII),5,Private Unaided (Recognized),Rural,3,Co-educational,3,3,3,3,3,3,3,3,3,3,3,3,3,3,3,3,3,3,2,3,2,3,3,2,3,3,3,0,3,3,3
2018-19,32,Kerla,3214,THIRUVANANTHAPURAM,321408,PALODE,10,HSS (IX-XII),1,Department of Education,Rural,3,Co-educational,1,1,1,1,1,1,1,1,1,1,1,1,1,1,1,1,1,1,0,1,1,1,1,1,1,1,1,0,1,0,1
2018-19,32,Kerla,3214,THIRUVANANTHAPURAM,321408,PALODE,10,HSS (IX-XII),4,Government Aided,Rural,3,Co-educational,2,2,0,2,2,2,2,2,2,2,2,2,2,2,2,2,1,2,2,2,0,2,2,2,2,0,2,0,2,0,2
2018-19,32,Kerla,3214,THIRUVANANTHAPURAM,321408,PALODE,5, HSS (VI-XII),1,Department of Education,Rural,1,Boys,1,1,0,1,1,1,1,1,0,1,1,1,1,0,1,1,0,1,0,1,0,1,1,1,1,0,1,0,1,0,1
2018-19,32,Kerla,3214,THIRUVANANTHAPURAM,321408,PALODE,5, HSS (VI-XII),1,Department of Education,Rural,2,Girls,1,1,1,1,1,1,1,0,1,1,1,1,0,1,1,0,1,1,0,1,1,1,1,1,1,1,1,1,1,0,1
2018-19,32,Kerla,3214,THIRUVANANTHAPURAM,321408,PALODE,5, HSS (VI-XII),1,Department of Education,Rural,3,Co-educational,2,2,0,2,2,2,2,2,2,2,1,1,1,1,2,2,1,2,0,2,1,2,2,1,2,0,2,0,2,0,2
2018-19,32,Kerla,3214,THIRUVANANTHAPURAM,321408,PALODE,5, HSS (VI-XII),4,Government Aided,Rural,3,Co-educational,1,1,0,1,1,1,1,1,1,1,0,0,0,0,1,1,0,1,0,1,0,1,1,1,1,0,0,0,1,0,1
2018-19,32,Kerla,3214,THIRUVANANTHAPURAM,321408,PALODE,5, HSS (VI-XII),93,Jawahar Navodaya Vidyalaya,Rural,3,Co-educational,1,1,0,1,1,1,1,1,1,1,1,1,1,0,1,1,0,1,0,1,1,1,1,1,1,0,0,0,1,0,1
2018-19,32,Kerla,3214,THIRUVANANTHAPURAM,321408,PALODE,1,PS (I-V) ,1,Department of Education,Rural,3,Co-educational,26,26,1,23,25,26,26,26,25,26,22,22,22,21,26,21,0,21,15,24,0,26,26,14,19,10,25,2,26,4,24
2018-19,32,Kerla,3214,THIRUVANANTHAPURAM,321408,PALODE,1,PS (I-V) ,4,Government Aided,Rural,3,Co-educational,13,13,0,13,13,13,13,13,13,13,13,13,13,13,12,9,0,12,7,12,0,13,13,8,12,2,13,0,13,1,13
2018-19,32,Kerla,3214,THIRUVANANTHAPURAM,321408,PALODE,1,PS (I-V) ,5,Private Unaided (Recognized),Rural,3,Co-educational,6,6,1,6,6,6,6,6,6,6,6,6,6,6,6,5,0,5,0,5,0,6,5,5,4,2,3,0,6,1,6
2018-19,32,Kerla,3214,THIRUVANANTHAPURAM,321408,PALODE,1,PS (I-V) ,6,Other Govt. managed schools,Rural,3,Co-educational,5,5,0,0,5,5,4,2,4,4,4,5,2,5,4,4,0,0,0,5,0,5,5,0,2,0,0,0,5,1,5
2018-19,32,Kerla,3214,THIRUVANANTHAPURAM,321408,PALODE,1,PS (I-V) ,8,Unrecognized,Rural,3,Co-educational,1,1,0,1,1,1,1,1,1,1,1,1,1,1,1,1,0,1,0,1,0,1,1,1,0,0,0,0,1,0,1
2018-19,32,Kerla,3214,THIRUVANANTHAPURAM,321408,PALODE,6, SS (I-X) ,1,Department of Education,Rural,3,Co-educational,6,6,3,6,6,6,6,6,6,6,6,6,6,6,6,6,3,6,1,5,1,6,6,6,5,2,6,0,6,2,6
2018-19,32,Kerla,3214,THIRUVANANTHAPURAM,321408,PALODE,6, SS (I-X) ,5,Private Unaided (Recognized),Rural,3,Co-educational,2,2,1,2,2,2,2,2,2,2,2,2,2,2,2,2,1,2,1,2,1,2,2,2,2,1,1,0,2,0,1
2018-19,32,Kerla,3214,THIRUVANANTHAPURAM,321408,PALODE,7,SS (VI-X),4,Government Aided,Rural,3,Co-educational,2,2,2,2,2,2,2,2,2,2,2,2,2,2,2,2,0,2,0,2,0,2,2,2,2,1,2,1,2,0,2
2018-19,32,Kerla,3214,THIRUVANANTHAPURAM,321408,PALODE,2,UPS (I-VIII) ,1,Department of Education,Rural,3,Co-educational,12,12,4,11,12,12,12,12,12,12,10,10,10,10,12,12,6,11,4,10,0,12,11,11,7,6,12,0,11,2,12
2018-19,32,Kerla,3214,THIRUVANANTHAPURAM,321408,PALODE,2,UPS (I-VIII) ,4,Government Aided,Rural,3,Co-educational,2,2,2,2,2,2,2,2,2,2,2,2,2,2,2,2,1,2,1,2,0,2,2,2,2,1,2,0,2,0,2
2018-19,32,Kerla,3214,THIRUVANANTHAPURAM,321408,PALODE,2,UPS (I-VIII) ,5,Private Unaided (Recognized),Rural,3,Co-educational,7,7,1,7,7,7,7,7,7,7,6,6,6,6,7,7,3,7,5,7,0,7,7,5,7,2,3,1,7,2,7
2018-19,32,Kerla,3214,THIRUVANANTHAPURAM,321408,PALODE,2,UPS (I-VIII) ,8,Unrecognized,Urban,3,Co-educational,1,1,0,1,1,1,1,1,1,1,1,1,1,1,1,1,0,1,0,1,0,1,1,0,1,0,0,0,1,0,1
2018-19,32,Kerla,3214,THIRUVANANTHAPURAM,321408,PALODE,4,UPS (VI-VIII) ,1,Department of Education,Rural,3,Co-educational,1,1,0,1,1,1,1,1,1,1,1,1,1,1,1,1,1,1,1,1,0,1,1,1,1,0,1,0,1,0,1
2018-19,32,Kerla,3214,THIRUVANANTHAPURAM,321408,PALODE,4,UPS (VI-VIII) ,4,Government Aided,Rural,3,Co-educational,6,6,3,6,6,6,6,6,6,6,6,6,6,6,6,6,2,6,2,6,0,6,6,5,6,3,6,0,6,0,6
2018-19,32,Kerla,3214,THIRUVANANTHAPURAM,321409,PARASSALA,3,HSS (I-XII),1,Department of Education,Rural,3,Co-educational,2,2,1,2,2,2,1,2,2,2,2,2,2,2,2,2,1,2,1,1,0,2,2,2,2,1,2,0,1,0,2
2018-19,32,Kerla,3214,THIRUVANANTHAPURAM,321409,PARASSALA,3,HSS (I-XII),4,Government Aided,Rural,3,Co-educational,1,1,1,1,1,1,1,1,1,1,1,1,1,1,1,1,1,1,1,1,0,1,1,1,1,1,1,0,1,1,1
2018-19,32,Kerla,3214,THIRUVANANTHAPURAM,321409,PARASSALA,3,HSS (I-XII),5,Private Unaided (Recognized),Rural,3,Co-educational,3,3,1,2,3,3,3,3,3,3,3,3,3,3,3,3,0,3,0,3,2,2,3,3,3,1,2,0,1,1,1
2018-19,32,Kerla,3214,THIRUVANANTHAPURAM,321409,PARASSALA,10,HSS (IX-XII),4,Government Aided,Rural,3,Co-educational,1,1,1,1,1,1,1,0,1,1,1,1,0,1,1,1,1,1,1,1,0,1,1,0,1,0,1,0,0,0,1
2018-19,32,Kerla,3214,THIRUVANANTHAPURAM,321409,PARASSALA,5, HSS (VI-XII),1,Department of Education,Rural,3,Co-educational,3,3,1,2,3,3,3,3,3,3,3,3,3,3,3,3,2,3,2,2,0,3,3,2,3,1,3,0,0,0,3
2018-19,32,Kerla,3214,THIRUVANANTHAPURAM,321409,PARASSALA,5, HSS (VI-XII),4,Government Aided,Rural,3,Co-educational,3,3,0,0,3,3,3,3,3,3,3,3,3,3,3,3,1,3,2,3,0,3,3,2,3,1,3,1,0,2,3
2018-19,32,Kerla,3214,THIRUVANANTHAPURAM,321409,PARASSALA,11,HSS (XI-XII),5,Private Unaided (Recognized),Rural,3,Co-educational,1,1,0,0,1,1,1,1,1,1,1,1,1,1,1,1,0,1,0,1,0,0,0,1,0,0,1,0,0,0,0
2018-19,32,Kerla,3214,THIRUVANANTHAPURAM,321409,PARASSALA,1,PS (I-V) ,1,Department of Education,Rural,3,Co-educational,15,15,11,13,15,15,15,15,15,15,14,14,14,14,13,12,0,14,12,12,0,15,15,10,11,6,14,1,11,6,7
2018-19,32,Kerla,3214,THIRUVANANTHAPURAM,321409,PARASSALA,1,PS (I-V) ,4,Government Aided,Rural,3,Co-educational,25,25,12,22,25,25,25,25,25,25,24,24,23,24,24,22,0,22,21,16,0,25,25,16,20,2,24,3,11,4,10
2018-19,32,Kerla,3214,THIRUVANANTHAPURAM,321409,PARASSALA,1,PS (I-V) ,5,Private Unaided (Recognized),Rural,3,Co-educational,4,3,0,1,4,4,4,4,4,4,4,4,4,4,3,4,0,4,0,3,0,3,4,3,3,0,1,0,1,0,1
2018-19,32,Kerla,3214,THIRUVANANTHAPURAM,321409,PARASSALA,1,PS (I-V) ,6,Other Govt. managed schools,Rural,3,Co-educational,1,1,1,0,1,1,1,1,1,1,0,0,0,0,1,1,0,0,0,1,0,1,1,1,1,0,1,0,0,0,0
2018-19,32,Kerla,3214,THIRUVANANTHAPURAM,321409,PARASSALA,1,PS (I-V) ,8,Unrecognized,Rural,3,Co-educational,1,1,0,0,1,1,1,1,1,1,1,1,1,1,1,1,0,0,0,0,0,0,1,0,1,0,1,0,0,0,1
2018-19,32,Kerla,3214,THIRUVANANTHAPURAM,321409,PARASSALA,6, SS (I-X) ,4,Government Aided,Rural,3,Co-educational,1,1,0,1,1,1,1,1,1,1,1,1,1,1,1,1,0,1,1,1,0,1,1,0,1,0,1,0,1,0,1
2018-19,32,Kerla,3214,THIRUVANANTHAPURAM,321409,PARASSALA,6, SS (I-X) ,5,Private Unaided (Recognized),Rural,3,Co-educational,8,8,1,4,8,8,6,8,8,8,8,8,8,8,8,5,1,5,1,4,3,3,7,5,7,3,3,0,2,1,2
2018-19,32,Kerla,3214,THIRUVANANTHAPURAM,321409,PARASSALA,6, SS (I-X) ,8,Unrecognized,Rural,3,Co-educational,4,4,0,3,4,4,2,4,4,4,3,3,3,3,3,2,0,3,1,2,3,2,4,3,4,4,1,1,1,1,1
2018-19,32,Kerla,3214,THIRUVANANTHAPURAM,321409,PARASSALA,8,SS (IX-X),1,Department of Education,Rural,3,Co-educational,1,1,0,0,1,1,1,1,1,1,1,1,1,1,1,1,0,1,1,0,0,0,1,1,0,1,1,1,0,1,0
2018-19,32,Kerla,3214,THIRUVANANTHAPURAM,321409,PARASSALA,8,SS (IX-X),4,Government Aided,Rural,3,Co-educational,2,2,1,2,2,2,2,2,2,2,2,2,2,2,2,2,1,2,1,2,0,2,2,2,2,0,2,0,1,1,1
2018-19,32,Kerla,3214,THIRUVANANTHAPURAM,321409,PARASSALA,7,SS (VI-X),1,Department of Education,Rural,3,Co-educational,1,1,0,1,1,1,1,1,1,1,1,1,1,1,1,1,0,1,1,1,0,1,1,1,1,0,1,0,0,0,1
2018-19,32,Kerla,3214,THIRUVANANTHAPURAM,321409,PARASSALA,7,SS (VI-X),4,Government Aided,Rural,3,Co-educational,2,2,1,2,2,2,2,2,2,2,2,2,2,2,2,2,1,2,2,2,0,2,2,2,2,0,2,1,0,2,2
2018-19,32,Kerla,3214,THIRUVANANTHAPURAM,321409,PARASSALA,2,UPS (I-VIII) ,1,Department of Education,Rural,3,Co-educational,4,4,4,4,4,4,4,4,4,4,4,4,4,3,4,4,3,4,4,3,0,4,4,3,3,1,4,0,1,2,4
2018-19,32,Kerla,3214,THIRUVANANTHAPURAM,321409,PARASSALA,2,UPS (I-VIII) ,4,Government Aided,Rural,3,Co-educational,4,4,1,4,4,4,4,4,4,4,3,3,3,3,4,4,3,4,4,2,0,4,4,2,4,0,4,0,3,1,3
2018-19,32,Kerla,3214,THIRUVANANTHAPURAM,321409,PARASSALA,2,UPS (I-VIII) ,5,Private Unaided (Recognized),Rural,3,Co-educational,8,8,0,6,8,8,7,8,8,8,8,8,8,8,6,7,2,6,1,5,0,3,7,5,7,0,3,0,1,2,3
2018-19,32,Kerla,3214,THIRUVANANTHAPURAM,321409,PARASSALA,2,UPS (I-VIII) ,8,Unrecognized,Rural,3,Co-educational,12,12,2,2,12,12,9,12,12,12,12,12,12,12,10,9,2,6,2,6,1,3,9,5,9,2,5,0,4,2,3
2018-19,32,Kerla,3214,THIRUVANANTHAPURAM,321409,PARASSALA,4,UPS (VI-VIII) ,4,Government Aided,Rural,3,Co-educational,6,6,3,6,6,6,6,6,6,6,6,6,6,6,6,5,2,6,5,5,0,5,6,3,6,2,5,2,4,0,5
2018-19,32,Kerla,3214,THIRUVANANTHAPURAM,321410,THIRUVANANTHAPURAM,3,HSS (I-XII),5,Private Unaided (Recognized),Urban,1,Boys,1,1,0,1,1,1,1,1,0,1,1,1,1,0,1,1,1,1,1,1,1,1,1,1,1,1,0,1,1,1,1
2018-19,32,Kerla,3214,THIRUVANANTHAPURAM,321410,THIRUVANANTHAPURAM,3,HSS (I-XII),5,Private Unaided (Recognized),Urban,2,Girls,1,1,0,1,1,1,1,0,1,1,0,0,0,0,1,1,0,1,1,0,1,1,1,1,1,0,0,1,1,1,1
2018-19,32,Kerla,3214,THIRUVANANTHAPURAM,321410,THIRUVANANTHAPURAM,3,HSS (I-XII),1,Department of Education,Urban,3,Co-educational,2,2,1,2,2,2,2,2,2,2,2,2,2,2,2,2,0,2,0,1,0,2,2,2,1,1,2,0,2,1,2
2018-19,32,Kerla,3214,THIRUVANANTHAPURAM,321410,THIRUVANANTHAPURAM,3,HSS (I-XII),5,Private Unaided (Recognized),Urban,3,Co-educational,22,22,1,22,22,22,22,21,22,22,10,10,10,9,22,22,15,22,9,13,21,22,19,22,22,13,8,5,22,21,18
2018-19,32,Kerla,3214,THIRUVANANTHAPURAM,321410,THIRUVANANTHAPURAM,3,HSS (I-XII),92,Kendriya Vidyalaya / Central School,Urban,3,Co-educational,4,4,1,4,4,4,4,4,4,4,1,1,1,0,4,4,3,3,0,4,4,4,4,4,4,2,4,2,4,3,3
2018-19,32,Kerla,3214,THIRUVANANTHAPURAM,321410,THIRUVANANTHAPURAM,10,HSS (IX-XII),1,Department of Education,Urban,3,Co-educational,3,3,1,3,3,3,3,3,3,3,3,3,3,2,3,2,1,3,1,3,0,3,3,3,3,0,2,0,3,3,1
2018-19,32,Kerla,3214,THIRUVANANTHAPURAM,321410,THIRUVANANTHAPURAM,10,HSS (IX-XII),4,Government Aided,Urban,3,Co-educational,4,4,0,4,4,4,4,4,4,4,3,3,3,3,4,4,0,4,0,4,1,4,3,2,4,1,0,1,4,0,2
2018-19,32,Kerla,3214,THIRUVANANTHAPURAM,321410,THIRUVANANTHAPURAM,5, HSS (VI-XII),1,Department of Education,Urban,1,Boys,1,1,0,1,1,1,1,1,0,1,1,1,1,0,1,1,0,1,0,1,0,1,0,1,1,0,1,0,1,0,0
2018-19,32,Kerla,3214,THIRUVANANTHAPURAM,321410,THIRUVANANTHAPURAM,5, HSS (VI-XII),4,Government Aided,Urban,1,Boys,1,1,1,1,1,1,1,1,0,1,1,1,1,0,1,1,0,1,1,1,0,1,1,1,1,0,1,0,1,1,1
2018-19,32,Kerla,3214,THIRUVANANTHAPURAM,321410,THIRUVANANTHAPURAM,5, HSS (VI-XII),1,Department of Education,Urban,2,Girls,3,3,3,3,3,3,3,0,3,3,3,3,0,3,3,3,1,3,2,1,0,3,3,3,3,1,2,1,3,1,1
2018-19,32,Kerla,3214,THIRUVANANTHAPURAM,321410,THIRUVANANTHAPURAM,5, HSS (VI-XII),1,Department of Education,Urban,3,Co-educational,2,2,0,2,2,2,2,2,2,2,2,2,2,1,2,1,1,2,2,1,0,2,2,2,2,0,2,0,2,1,2
2018-19,32,Kerla,3214,THIRUVANANTHAPURAM,321410,THIRUVANANTHAPURAM,5, HSS (VI-XII),4,Government Aided,Urban,3,Co-educational,4,4,1,4,4,4,4,4,4,4,3,3,3,3,4,4,0,4,2,4,0,4,4,4,4,1,4,0,4,2,1
2018-19,32,Kerla,3214,THIRUVANANTHAPURAM,321410,THIRUVANANTHAPURAM,5, HSS (VI-XII),5,Private Unaided (Recognized),Urban,3,Co-educational,2,2,0,2,2,2,2,2,2,2,0,0,0,0,2,2,1,2,2,2,2,2,2,2,2,1,0,0,2,2,2
2018-19,32,Kerla,3214,THIRUVANANTHAPURAM,321410,THIRUVANANTHAPURAM,11,HSS (XI-XII),5,Private Unaided (Recognized),Urban,2,Girls,1,1,0,0,1,1,1,0,1,1,0,0,0,0,1,1,0,1,0,1,1,1,1,1,1,1,0,0,1,0,1
2018-19,32,Kerla,3214,THIRUVANANTHAPURAM,321410,THIRUVANANTHAPURAM,11,HSS (XI-XII),1,Department of Education,Urban,3,Co-educational,1,1,0,1,1,1,1,1,1,1,0,0,0,0,1,1,1,1,1,1,1,1,0,1,0,0,0,0,1,0,0
2018-19,32,Kerla,3214,THIRUVANANTHAPURAM,321410,THIRUVANANTHAPURAM,1,PS (I-V) ,1,Department of Education,Urban,3,Co-educational,10,10,0,10,10,10,10,9,10,10,10,10,9,10,10,9,0,10,5,5,0,10,10,8,6,4,10,0,10,5,7
2018-19,32,Kerla,3214,THIRUVANANTHAPURAM,321410,THIRUVANANTHAPURAM,1,PS (I-V) ,4,Government Aided,Urban,3,Co-educational,12,12,0,11,12,12,12,12,12,12,12,12,12,12,11,12,0,11,8,7,0,12,11,10,9,6,4,0,12,5,7
2018-19,32,Kerla,3214,THIRUVANANTHAPURAM,321410,THIRUVANANTHAPURAM,1,PS (I-V) ,5,Private Unaided (Recognized),Urban,3,Co-educational,2,2,0,2,2,2,2,2,2,2,0,0,0,0,2,2,0,2,1,2,0,2,2,1,2,0,0,0,2,1,0
2018-19,32,Kerla,3214,THIRUVANANTHAPURAM,321410,THIRUVANANTHAPURAM,1,PS (I-V) ,8,Unrecognized,Urban,3,Co-educational,9,9,0,6,9,9,9,9,9,9,2,2,2,2,9,7,0,6,2,2,1,9,6,7,9,0,1,0,9,2,3
2018-19,32,Kerla,3214,THIRUVANANTHAPURAM,321412,VARKALA,1,PS (I-V) ,8,Unrecognized,Rural,3,Co-educational,1,1,0,0,1,1,1,1,1,1,1,1,1,1,0,1,0,0,0,1,0,0,0,0,1,0,0,1,0,0,0
2018-19,32,Kerla,3214,THIRUVANANTHAPURAM,321410,THIRUVANANTHAPURAM,6, SS (I-X) ,1,Department of Education,Urban,3,Co-educational,5,5,4,5,5,5,5,5,5,5,5,5,5,5,5,3,2,5,2,1,0,5,5,5,3,2,5,0,5,1,5
2018-19,32,Kerla,3214,THIRUVANANTHAPURAM,321410,THIRUVANANTHAPURAM,6, SS (I-X) ,5,Private Unaided (Recognized),Urban,3,Co-educational,4,4,1,4,4,4,4,4,4,4,3,3,3,3,4,4,1,4,1,4,3,4,4,3,4,1,1,0,4,3,3
2018-19,32,Kerla,3214,THIRUVANANTHAPURAM,321410,THIRUVANANTHAPURAM,8,SS (IX-X),1,Department of Education,Urban,3,Co-educational,1,1,0,1,1,1,1,1,1,1,1,1,1,1,1,1,0,1,0,1,0,1,1,0,1,1,0,0,1,1,0
2018-19,32,Kerla,3214,THIRUVANANTHAPURAM,321410,THIRUVANANTHAPURAM,7,SS (VI-X),4,Government Aided,Urban,2,Girls,2,2,0,2,2,2,2,0,2,2,2,2,0,2,2,2,1,2,0,1,1,2,2,1,2,0,1,0,2,1,2
2018-19,32,Kerla,3214,THIRUVANANTHAPURAM,321410,THIRUVANANTHAPURAM,7,SS (VI-X),1,Department of Education,Urban,3,Co-educational,1,1,0,1,1,1,1,1,1,1,1,1,1,1,1,0,0,1,1,0,0,1,1,1,0,0,1,0,1,0,1
2018-19,32,Kerla,3214,THIRUVANANTHAPURAM,321410,THIRUVANANTHAPURAM,7,SS (VI-X),4,Government Aided,Urban,3,Co-educational,2,2,2,2,2,2,2,2,2,2,2,2,2,2,2,2,0,2,0,1,0,2,2,2,2,1,2,0,2,0,2
2018-19,32,Kerla,3214,THIRUVANANTHAPURAM,321410,THIRUVANANTHAPURAM,2,UPS (I-VIII) ,1,Department of Education,Urban,3,Co-educational,14,14,4,14,14,14,14,14,14,14,13,13,13,10,14,14,2,14,12,8,0,14,13,13,8,3,13,0,14,2,8
2018-19,32,Kerla,3214,THIRUVANANTHAPURAM,321410,THIRUVANANTHAPURAM,2,UPS (I-VIII) ,4,Government Aided,Urban,3,Co-educational,2,2,2,2,2,2,2,2,2,2,2,2,2,2,2,2,0,2,2,2,0,2,2,1,2,1,2,0,2,1,2
2018-19,32,Kerla,3214,THIRUVANANTHAPURAM,321410,THIRUVANANTHAPURAM,2,UPS (I-VIII) ,5,Private Unaided (Recognized),Urban,3,Co-educational,5,5,1,5,5,5,5,5,5,5,2,2,2,2,5,5,2,5,0,2,1,5,5,5,5,0,2,0,5,3,3
2018-19,32,Kerla,3214,THIRUVANANTHAPURAM,321410,THIRUVANANTHAPURAM,2,UPS (I-VIII) ,8,Unrecognized,Urban,3,Co-educational,6,6,0,6,6,6,6,6,6,6,0,0,0,0,6,6,1,4,3,5,1,6,4,4,6,1,0,1,6,2,2
2018-19,32,Kerla,3214,THIRUVANANTHAPURAM,321410,THIRUVANANTHAPURAM,4,UPS (VI-VIII) ,4,Government Aided,Urban,3,Co-educational,5,5,3,4,5,5,5,5,5,5,4,4,4,3,4,5,2,4,5,3,0,5,5,4,5,3,2,0,5,2,4
2018-19,32,Kerla,3214,THIRUVANANTHAPURAM,321411,TRIVANDRUM SOUTH,3,HSS (I-XII),1,Department of Education,Rural,3,Co-educational,1,1,1,1,1,1,1,1,1,1,1,1,1,0,1,1,0,1,0,1,0,1,1,1,1,0,1,0,1,0,0
2018-19,32,Kerla,3214,THIRUVANANTHAPURAM,321411,TRIVANDRUM SOUTH,3,HSS (I-XII),1,Department of Education,Urban,3,Co-educational,2,2,1,2,2,2,2,2,2,2,2,2,2,1,1,2,0,2,1,0,1,2,2,2,2,1,2,0,2,2,1
2018-19,32,Kerla,3214,THIRUVANANTHAPURAM,321411,TRIVANDRUM SOUTH,3,HSS (I-XII),4,Government Aided,Urban,3,Co-educational,1,1,0,1,1,1,1,1,1,1,1,1,1,1,1,1,1,1,0,1,0,1,1,1,1,0,1,0,1,0,1
2018-19,32,Kerla,3214,THIRUVANANTHAPURAM,321411,TRIVANDRUM SOUTH,3,HSS (I-XII),5,Private Unaided (Recognized),Urban,3,Co-educational,6,6,0,6,6,6,6,6,6,6,5,5,5,5,5,5,3,6,3,4,6,6,6,6,5,3,1,0,6,4,4
2018-19,32,Kerla,3214,THIRUVANANTHAPURAM,321411,TRIVANDRUM SOUTH,3,HSS (I-XII),8,Unrecognized,Urban,3,Co-educational,12,12,1,12,12,12,12,12,12,12,10,10,10,10,12,12,3,12,9,8,10,12,11,11,11,4,4,2,12,10,9
2018-19,32,Kerla,3214,THIRUVANANTHAPURAM,321411,TRIVANDRUM SOUTH,3,HSS (I-XII),92,Kendriya Vidyalaya / Central School,Urban,3,Co-educational,1,1,0,1,1,1,1,1,1,1,1,1,1,1,1,1,0,1,1,1,1,1,1,1,1,1,1,0,1,1,0
2018-19,32,Kerla,3214,THIRUVANANTHAPURAM,321411,TRIVANDRUM SOUTH,10,HSS (IX-XII),4,Government Aided,Urban,3,Co-educational,1,1,0,1,1,1,1,1,1,1,1,1,1,0,1,1,0,1,1,1,0,1,1,0,1,0,1,0,1,0,0
2018-19,32,Kerla,3214,THIRUVANANTHAPURAM,321411,TRIVANDRUM SOUTH,10,HSS (IX-XII),5,Private Unaided (Recognized),Urban,3,Co-educational,1,1,1,1,1,1,1,1,1,1,1,1,1,1,1,1,0,1,0,1,0,1,1,1,1,0,0,0,1,0,0
2018-19,32,Kerla,3214,THIRUVANANTHAPURAM,321411,TRIVANDRUM SOUTH,10,HSS (IX-XII),6,Other Govt. managed schools,Urban,3,Co-educational,1,1,1,1,1,1,1,1,1,1,0,0,0,0,1,1,0,1,1,1,0,1,1,1,1,1,0,0,1,1,1
2018-19,32,Kerla,3214,THIRUVANANTHAPURAM,321411,TRIVANDRUM SOUTH,5, HSS (VI-XII),1,Department of Education,Urban,1,Boys,3,3,0,3,3,3,3,3,0,3,2,2,2,0,3,3,0,2,1,3,0,3,3,2,3,1,3,0,3,1,0
2018-19,32,Kerla,3214,THIRUVANANTHAPURAM,321411,TRIVANDRUM SOUTH,5, HSS (VI-XII),1,Department of Education,Urban,2,Girls,2,2,1,2,2,2,2,0,2,2,2,2,0,2,2,2,1,2,1,2,0,2,2,1,2,1,2,1,2,0,2
2018-19,32,Kerla,3214,THIRUVANANTHAPURAM,321411,TRIVANDRUM SOUTH,5, HSS (VI-XII),4,Government Aided,Urban,2,Girls,1,1,1,1,1,1,1,0,1,0,0,1,0,1,1,1,0,1,1,1,0,1,1,1,1,0,0,0,1,1,1
2018-19,32,Kerla,3214,THIRUVANANTHAPURAM,321411,TRIVANDRUM SOUTH,5, HSS (VI-XII),1,Department of Education,Rural,3,Co-educational,1,1,0,1,1,1,1,1,1,1,1,1,0,1,1,1,0,1,1,0,0,1,1,1,1,0,0,0,1,0,1
2018-19,32,Kerla,3214,THIRUVANANTHAPURAM,321411,TRIVANDRUM SOUTH,5, HSS (VI-XII),1,Department of Education,Urban,3,Co-educational,2,2,1,2,2,2,2,2,1,2,2,2,2,2,2,2,1,2,2,1,0,2,2,2,1,0,2,1,2,1,2
2018-19,32,Kerla,3214,THIRUVANANTHAPURAM,321411,TRIVANDRUM SOUTH,5, HSS (VI-XII),4,Government Aided,Urban,3,Co-educational,4,4,3,4,4,4,4,4,4,4,1,1,1,1,4,4,1,4,2,3,1,4,4,4,4,1,3,0,4,2,4
2018-19,32,Kerla,3214,THIRUVANANTHAPURAM,321411,TRIVANDRUM SOUTH,1,PS (I-V) ,4,Government Aided,Rural,3,Co-educational,5,5,1,5,5,5,5,5,5,5,1,1,1,1,5,4,0,4,2,3,0,5,5,2,3,1,5,0,5,1,3
2018-19,32,Kerla,3214,THIRUVANANTHAPURAM,321411,TRIVANDRUM SOUTH,1,PS (I-V) ,8,Unrecognized,Rural,3,Co-educational,1,1,0,1,1,1,1,1,1,1,1,1,1,1,1,1,0,1,0,1,0,1,1,0,1,0,1,0,1,1,1
2018-19,32,Kerla,3214,THIRUVANANTHAPURAM,321411,TRIVANDRUM SOUTH,1,PS (I-V) ,1,Department of Education,Urban,3,Co-educational,19,19,4,19,19,19,19,18,18,19,13,13,11,13,18,18,0,19,9,8,0,19,15,10,12,5,18,4,19,12,8
2018-19,32,Kerla,3214,THIRUVANANTHAPURAM,321411,TRIVANDRUM SOUTH,1,PS (I-V) ,4,Government Aided,Urban,3,Co-educational,4,4,1,4,4,4,4,4,4,4,3,3,3,3,4,3,0,4,2,4,0,4,3,3,4,0,4,1,4,2,4
2018-19,32,Kerla,3214,THIRUVANANTHAPURAM,321411,TRIVANDRUM SOUTH,1,PS (I-V) ,5,Private Unaided (Recognized),Urban,3,Co-educational,3,3,0,2,3,3,3,3,3,3,2,2,2,2,3,3,0,2,2,3,1,2,2,2,3,1,0,0,3,2,1
2018-19,32,Kerla,3214,THIRUVANANTHAPURAM,321411,TRIVANDRUM SOUTH,1,PS (I-V) ,8,Unrecognized,Urban,3,Co-educational,23,23,2,19,23,23,23,23,23,23,16,16,16,16,23,21,0,16,4,13,1,18,20,17,21,1,4,3,21,14,12
2018-19,32,Kerla,3214,THIRUVANANTHAPURAM,321411,TRIVANDRUM SOUTH,6, SS (I-X) ,4,Government Aided,Urban,2,Girls,1,1,1,1,1,1,1,0,1,1,0,0,0,0,1,1,1,1,1,1,0,1,1,1,1,1,1,0,1,1,1
2018-19,32,Kerla,3214,THIRUVANANTHAPURAM,321411,TRIVANDRUM SOUTH,6, SS (I-X) ,5,Private Unaided (Recognized),Rural,3,Co-educational,1,1,0,1,1,1,1,1,1,1,1,1,1,1,1,1,0,1,1,1,1,1,0,1,1,0,0,1,1,0,0
2018-19,32,Kerla,3214,THIRUVANANTHAPURAM,321411,TRIVANDRUM SOUTH,6, SS (I-X) ,1,Department of Education,Urban,3,Co-educational,3,3,1,3,3,3,3,3,3,3,1,1,1,1,3,3,1,3,3,3,0,3,3,2,2,1,2,0,3,0,1
2018-19,32,Kerla,3214,THIRUVANANTHAPURAM,321411,TRIVANDRUM SOUTH,6, SS (I-X) ,5,Private Unaided (Recognized),Urban,3,Co-educational,2,2,1,2,2,2,2,2,2,2,2,2,2,2,2,2,0,2,1,1,0,2,1,1,2,1,0,0,2,1,1
2018-19,32,Kerla,3214,THIRUVANANTHAPURAM,321411,TRIVANDRUM SOUTH,6, SS (I-X) ,8,Unrecognized,Urban,3,Co-educational,6,6,0,6,6,6,6,6,6,6,6,6,6,6,6,6,3,6,5,4,4,5,6,6,6,1,2,1,5,6,4
2018-19,32,Kerla,3214,THIRUVANANTHAPURAM,321411,TRIVANDRUM SOUTH,7,SS (VI-X),1,Department of Education,Urban,3,Co-educational,3,3,1,3,3,3,3,3,3,3,3,3,3,3,2,2,1,3,2,3,1,3,3,2,3,1,3,1,3,0,2
2018-19,32,Kerla,3214,THIRUVANANTHAPURAM,321411,TRIVANDRUM SOUTH,2,UPS (I-VIII) ,1,Department of Education,Rural,3,Co-educational,1,1,0,1,1,1,1,1,1,1,0,0,0,0,1,1,0,0,0,1,0,1,1,1,1,0,1,0,1,1,1
2018-19,32,Kerla,3214,THIRUVANANTHAPURAM,321411,TRIVANDRUM SOUTH,2,UPS (I-VIII) ,4,Government Aided,Rural,3,Co-educational,1,1,0,1,1,1,1,1,1,1,1,1,1,1,1,1,0,1,0,1,0,1,1,0,1,0,1,0,1,0,1
2018-19,32,Kerla,3214,THIRUVANANTHAPURAM,321411,TRIVANDRUM SOUTH,2,UPS (I-VIII) ,5,Private Unaided (Recognized),Rural,3,Co-educational,1,1,0,1,1,1,1,1,1,1,1,1,1,1,1,1,0,1,1,0,0,1,1,0,1,0,0,0,1,0,0
2018-19,32,Kerla,3214,THIRUVANANTHAPURAM,321411,TRIVANDRUM SOUTH,2,UPS (I-VIII) ,8,Unrecognized,Rural,3,Co-educational,2,2,0,2,2,2,2,2,2,2,2,2,2,2,2,2,1,2,1,2,0,2,2,2,2,0,0,0,2,1,2
2018-19,32,Kerla,3214,THIRUVANANTHAPURAM,321411,TRIVANDRUM SOUTH,2,UPS (I-VIII) ,1,Department of Education,Urban,3,Co-educational,20,20,8,18,20,20,20,19,20,20,13,13,13,11,19,20,3,18,11,11,0,20,19,16,10,6,19,1,20,7,10
2018-19,32,Kerla,3214,THIRUVANANTHAPURAM,321411,TRIVANDRUM SOUTH,2,UPS (I-VIII) ,4,Government Aided,Urban,3,Co-educational,1,1,0,1,1,1,1,1,1,1,1,1,1,1,1,1,0,1,1,0,0,1,1,1,0,0,1,0,1,1,0
2018-19,32,Kerla,3214,THIRUVANANTHAPURAM,321411,TRIVANDRUM SOUTH,2,UPS (I-VIII) ,5,Private Unaided (Recognized),Urban,3,Co-educational,7,7,2,7,7,7,7,7,7,7,6,6,6,6,7,7,0,7,0,5,0,5,7,7,7,0,1,0,7,3,3
2018-19,32,Kerla,3214,THIRUVANANTHAPURAM,321411,TRIVANDRUM SOUTH,2,UPS (I-VIII) ,8,Unrecognized,Urban,3,Co-educational,17,17,4,14,17,17,17,17,17,17,15,15,15,15,17,17,2,16,5,10,1,16,13,12,16,0,0,1,16,6,10
2018-19,32,Kerla,3214,THIRUVANANTHAPURAM,321411,TRIVANDRUM SOUTH,4,UPS (VI-VIII) ,4,Government Aided,Urban,3,Co-educational,1,1,0,1,1,1,1,1,1,1,0,0,0,0,1,1,0,1,1,1,0,1,1,0,1,0,1,0,1,1,0
2018-19,32,Kerla,3214,THIRUVANANTHAPURAM,321411,TRIVANDRUM SOUTH,4,UPS (VI-VIII) ,5,Private Unaided (Recognized),Urban,3,Co-educational,1,1,1,1,1,1,1,1,1,1,1,1,1,1,1,1,0,1,1,1,0,1,1,1,1,0,1,0,1,1,1
2018-19,32,Kerla,3214,THIRUVANANTHAPURAM,321412,VARKALA,3,HSS (I-XII),1,Department of Education,Rural,3,Co-educational,3,3,0,3,3,3,3,3,3,3,3,3,3,3,1,3,0,3,3,2,2,3,1,2,2,0,3,0,0,0,0
2018-19,32,Kerla,3214,THIRUVANANTHAPURAM,321412,VARKALA,3,HSS (I-XII),4,Government Aided,Rural,3,Co-educational,2,2,0,2,2,2,2,2,2,2,2,2,2,2,2,2,0,2,2,1,0,2,2,2,2,1,1,0,0,0,0
2018-19,32,Kerla,3214,THIRUVANANTHAPURAM,321412,VARKALA,3,HSS (I-XII),5,Private Unaided (Recognized),Rural,3,Co-educational,8,8,0,8,8,8,8,8,8,8,8,8,8,8,6,8,0,8,4,7,6,6,5,8,8,1,2,1,1,1,1
2018-19,32,Kerla,3214,THIRUVANANTHAPURAM,321412,VARKALA,10,HSS (IX-XII),1,Department of Education,Rural,3,Co-educational,1,1,0,1,1,1,1,1,1,1,1,1,1,1,1,0,0,1,1,0,0,0,1,1,0,0,1,0,0,0,0
2018-19,32,Kerla,3214,THIRUVANANTHAPURAM,321412,VARKALA,5, HSS (VI-XII),1,Department of Education,Rural,3,Co-educational,2,2,0,2,2,2,2,2,2,2,2,2,2,2,1,2,0,2,2,2,0,1,1,1,2,0,1,0,0,0,0
2018-19,32,Kerla,3214,THIRUVANANTHAPURAM,321412,VARKALA,5, HSS (VI-XII),4,Government Aided,Rural,3,Co-educational,2,2,0,2,2,2,2,2,2,2,2,2,2,2,2,2,0,2,2,2,0,2,1,1,2,1,1,0,0,0,0
2018-19,32,Kerla,3214,THIRUVANANTHAPURAM,321412,VARKALA,5, HSS (VI-XII),1,Department of Education,Urban,3,Co-educational,1,1,0,1,1,1,1,1,1,1,1,1,1,1,1,1,0,0,1,1,0,0,0,0,1,0,1,0,0,0,0
2018-19,32,Kerla,3214,THIRUVANANTHAPURAM,321412,VARKALA,5, HSS (VI-XII),4,Government Aided,Urban,3,Co-educational,1,1,0,1,1,1,1,1,1,1,1,1,1,1,1,1,0,1,1,1,0,1,1,1,1,0,1,0,0,0,0
2018-19,32,Kerla,3214,THIRUVANANTHAPURAM,321412,VARKALA,1,PS (I-V) ,1,Department of Education,Rural,3,Co-educational,20,20,0,10,20,20,20,20,20,20,20,20,20,20,17,16,0,20,19,13,0,15,14,15,15,3,20,2,0,0,1
2018-19,32,Kerla,3214,THIRUVANANTHAPURAM,321412,VARKALA,1,PS (I-V) ,4,Government Aided,Rural,3,Co-educational,11,11,0,5,11,11,11,11,11,11,11,11,11,11,9,10,0,11,8,9,1,8,11,9,11,2,11,2,0,1,1
2018-19,32,Kerla,3214,THIRUVANANTHAPURAM,321412,VARKALA,1,PS (I-V) ,5,Private Unaided (Recognized),Rural,3,Co-educational,4,4,1,2,4,4,4,4,4,4,4,4,4,4,3,4,0,3,0,3,1,2,2,2,4,0,1,0,1,1,0
2018-19,32,Kerla,3214,THIRUVANANTHAPURAM,321412,VARKALA,1,PS (I-V) ,1,Department of Education,Urban,3,Co-educational,8,8,0,5,8,8,8,8,8,8,8,8,8,8,7,4,0,8,7,4,0,7,8,7,5,1,8,1,0,1,0
2018-19,32,Kerla,3214,THIRUVANANTHAPURAM,321412,VARKALA,1,PS (I-V) ,4,Government Aided,Urban,3,Co-educational,1,1,0,1,1,1,1,1,1,1,1,1,1,1,1,1,0,1,1,1,0,1,1,1,1,0,1,0,0,0,0
2018-19,32,Kerla,3214,THIRUVANANTHAPURAM,321412,VARKALA,1,PS (I-V) ,5,Private Unaided (Recognized),Urban,3,Co-educational,1,1,1,1,1,1,1,1,1,1,1,1,1,1,1,1,0,1,0,1,0,1,1,0,1,0,0,0,1,1,1
2018-19,32,Kerla,3214,THIRUVANANTHAPURAM,321412,VARKALA,1,PS (I-V) ,8,Unrecognized,Urban,3,Co-educational,2,2,0,0,2,2,2,2,2,2,2,2,2,2,2,2,0,2,1,2,0,0,2,2,2,0,2,0,0,0,0
2018-19,32,Kerla,3214,THIRUVANANTHAPURAM,321412,VARKALA,6, SS (I-X) ,5,Private Unaided (Recognized),Rural,3,Co-educational,3,3,0,3,3,3,3,3,3,3,3,3,3,3,3,3,0,3,1,3,2,2,3,3,3,0,0,0,0,0,0
2018-19,32,Kerla,3214,THIRUVANANTHAPURAM,321412,VARKALA,6, SS (I-X) ,1,Department of Education,Urban,3,Co-educational,1,1,0,1,1,1,1,1,1,1,1,1,1,1,1,0,0,1,1,1,0,1,0,1,1,0,1,0,0,0,0
2018-19,32,Kerla,3214,THIRUVANANTHAPURAM,321412,VARKALA,6, SS (I-X) ,5,Private Unaided (Recognized),Urban,3,Co-educational,1,1,0,1,1,1,1,1,1,1,1,1,1,1,1,1,0,1,0,1,0,0,0,1,1,0,0,0,0,0,0
2018-19,32,Kerla,3214,THIRUVANANTHAPURAM,321412,VARKALA,7,SS (VI-X),4,Government Aided,Rural,3,Co-educational,1,1,0,1,1,1,1,1,1,1,1,1,1,1,1,1,0,1,1,1,0,1,1,1,1,0,1,0,0,0,0
2018-19,32,Kerla,3214,THIRUVANANTHAPURAM,321412,VARKALA,2,UPS (I-VIII) ,1,Department of Education,Rural,3,Co-educational,4,4,0,4,4,4,4,4,4,4,4,4,4,4,3,4,2,4,3,4,0,4,3,3,4,0,3,0,0,0,0
2018-19,32,Kerla,3214,THIRUVANANTHAPURAM,321412,VARKALA,2,UPS (I-VIII) ,4,Government Aided,Rural,3,Co-educational,3,3,0,3,3,3,3,3,3,3,3,3,3,3,1,3,1,3,3,2,0,1,3,3,3,0,3,0,0,0,0
2018-19,32,Kerla,3214,THIRUVANANTHAPURAM,321412,VARKALA,2,UPS (I-VIII) ,5,Private Unaided (Recognized),Rural,3,Co-educational,2,2,0,2,2,2,2,2,2,2,2,2,2,2,1,0,0,0,0,0,0,0,0,1,1,0,0,0,1,0,0
2018-19,32,Kerla,3214,THIRUVANANTHAPURAM,321412,VARKALA,2,UPS (I-VIII) ,4,Government Aided,Urban,3,Co-educational,1,1,0,1,1,1,1,1,1,1,1,1,1,1,0,1,0,1,1,1,0,1,1,0,1,0,1,0,0,0,0
2018-19,32,Kerla,3214,THIRUVANANTHAPURAM,321412,VARKALA,2,UPS (I-VIII) ,5,Private Unaided (Recognized),Urban,3,Co-educational,2,2,0,2,2,2,2,2,2,2,2,2,2,2,1,1,1,2,2,1,0,0,0,0,1,1,0,0,0,0,0
2018-19,32,Kerla,3214,THIRUVANANTHAPURAM,321412,VARKALA,4,UPS (VI-VIII) ,4,Government Aided,Rural,3,Co-educational,6,6,0,6,6,6,6,6,6,6,6,6,6,6,4,6,2,6,5,5,0,4,5,5,6,1,6,0,0,0,0
2018-19,32,Kerla,3214,THIRUVANANTHAPURAM,321412,VARKALA,4,UPS (VI-VIII) ,4,Government Aided,Urban,3,Co-educational,1,1,0,1,1,1,1,1,1,1,1,1,1,1,1,1,0,1,1,0,0,1,1,1,1,0,1,0,0,0,0
