Academic_Year,State_Code,State_Name,District_Code,District_Name,Block_Code,Udise_Block_Name,School_Category_Id,School_Category_Name,School_Management_Id,School_Management_Name,Location,School_Type_Id,School_Type,Total_Number_of_Schools,Building,Complete_Medical_Checkup,Computer_Available,Functional_Drinking_Water,Drinking_Water,Functional_Electricity,Functional_Boy_Toilet,Functional_Girl_Toilet,Functional_Toilet_Facility,Functional_Toilet_and_Urinal,Functional_Urinal,Functional_Urinal_Boy,Functional_Urinal_Girl,Handwash,Separate_Room_for_Headmaster,Incinerator,Internet,Kitchen_Garden,Land_Available,Librarian,Library_or_Reading_Corner_or_Book_Bank,Medical_Checkup,Newspaper,Playground,Rain_Water_Harvesting,Ramps,Solar_Panel,Furniture,Water_Purifier,Water_Tested
2017-18,33,Tamilnadu,3320,THIRUVARUR,332001,VALANGAIMAN,3,HSS (I-XII),5,Private Unaided (Recognized),Rural,3,Co-Ed,2,2,0,2,2,2,2,2,2,2,0,0,0,0,2,2,0,2,0,2,1,2,2,2,2,2,1,0,2,1,0
2017-18,33,Tamilnadu,3320,THIRUVARUR,332001,VALANGAIMAN,5,HSS (VI-XII),1,Department of Education,Rural,1,Boys,1,1,0,1,1,1,1,1,0,1,0,0,0,0,1,1,0,1,0,1,0,1,1,1,1,1,1,0,1,1,0
2017-18,33,Tamilnadu,3320,THIRUVARUR,332001,VALANGAIMAN,5,HSS (VI-XII),1,Department of Education,Rural,2,Girls,1,1,1,1,1,1,1,0,1,1,0,0,0,0,1,1,0,1,0,1,0,1,1,1,1,1,1,0,1,0,0
2017-18,33,Tamilnadu,3320,THIRUVARUR,332001,VALANGAIMAN,5,HSS (VI-XII),1,Department of Education,Rural,3,Co-Ed,3,3,3,3,3,3,3,3,3,3,0,0,0,0,3,2,0,3,0,3,0,3,3,2,3,3,3,0,3,2,0
2017-18,33,Tamilnadu,3320,THIRUVARUR,332001,VALANGAIMAN,1,PS (I-V),2,Tribal Welfare Department,Rural,3,Co-Ed,4,4,0,2,4,4,4,4,4,4,0,0,0,0,4,0,0,0,0,2,0,4,4,1,2,4,2,0,4,0,0
2017-18,33,Tamilnadu,3320,THIRUVARUR,332001,VALANGAIMAN,1,PS (I-V),3,Local body,Rural,3,Co-Ed,54,54,7,21,54,54,54,54,54,54,0,0,0,0,49,10,0,2,0,13,0,52,54,6,22,48,50,0,48,1,0
2017-18,33,Tamilnadu,3320,THIRUVARUR,332001,VALANGAIMAN,1,PS (I-V),4,Government Aided,Rural,3,Co-Ed,7,7,1,0,7,7,7,7,7,7,0,0,0,0,7,2,0,0,0,4,0,7,7,4,6,4,6,0,7,2,0
2017-18,33,Tamilnadu,3320,THIRUVARUR,332001,VALANGAIMAN,1,PS (I-V),5,Private Unaided (Recognized),Rural,3,Co-Ed,6,6,0,6,6,6,6,6,6,6,0,0,0,0,4,6,0,4,0,5,0,6,4,6,5,4,4,0,6,3,0
2017-18,33,Tamilnadu,3320,THIRUVARUR,332001,VALANGAIMAN,1,PS (I-V),8,Unrecognized,Rural,3,Co-Ed,1,1,0,1,1,1,1,1,1,1,0,0,0,0,1,0,0,0,0,1,0,1,0,1,1,0,1,0,1,0,0
2017-18,33,Tamilnadu,3320,THIRUVARUR,332001,VALANGAIMAN,6,SS (I-X),5,Private Unaided (Recognized),Rural,3,Co-Ed,2,2,0,2,2,2,2,2,2,2,0,0,0,0,2,2,0,2,0,2,0,2,2,2,2,2,2,0,2,0,0
2017-18,33,Tamilnadu,3320,THIRUVARUR,332001,VALANGAIMAN,7,SS (VI-X),1,Department of Education,Rural,3,Co-Ed,5,5,3,2,5,5,5,5,5,5,0,0,0,0,5,3,0,2,0,5,0,5,5,3,3,4,4,0,3,0,0
2017-18,33,Tamilnadu,3320,THIRUVARUR,332001,VALANGAIMAN,7,SS (VI-X),4,Government Aided,Rural,3,Co-Ed,1,1,1,1,1,1,1,1,1,1,0,0,0,0,0,1,0,0,0,1,0,1,1,1,1,1,1,0,1,0,0
2017-18,33,Tamilnadu,3320,THIRUVARUR,332001,VALANGAIMAN,2,UPS (I-VIII),3,Local body,Rural,3,Co-Ed,19,19,19,19,19,19,19,19,19,19,0,0,0,0,19,15,0,0,0,10,0,19,19,12,11,18,19,0,19,4,0
2017-18,33,Tamilnadu,3320,THIRUVARUR,332001,VALANGAIMAN,2,UPS (I-VIII),4,Government Aided,Rural,3,Co-Ed,1,1,1,0,1,1,1,1,1,1,0,0,0,0,1,1,0,0,0,0,0,1,1,0,1,0,1,0,1,0,0
2017-18,33,Tamilnadu,3320,THIRUVARUR,332002,KODAVASAL,3,HSS (I-XII),5,Private Unaided (Recognized),Rural,3,Co-Ed,1,1,1,1,1,1,1,1,1,1,0,0,0,0,1,1,0,1,0,1,0,1,1,1,1,1,0,0,1,1,0
2017-18,33,Tamilnadu,3320,THIRUVARUR,332002,KODAVASAL,5,HSS (VI-XII),1,Department of Education,Rural,1,Boys,1,1,1,1,1,1,1,1,0,1,0,0,0,0,0,0,0,1,0,1,0,1,1,1,1,1,1,0,1,0,0
2017-18,33,Tamilnadu,3320,THIRUVARUR,332002,KODAVASAL,5,HSS (VI-XII),1,Department of Education,Rural,2,Girls,1,1,1,1,1,1,1,0,1,1,0,0,0,0,1,1,0,1,0,1,0,1,1,0,0,1,1,0,1,0,0
2017-18,33,Tamilnadu,3320,THIRUVARUR,332002,KODAVASAL,5,HSS (VI-XII),1,Department of Education,Rural,3,Co-Ed,4,4,2,4,4,4,4,4,4,4,0,0,0,0,3,2,0,4,0,4,0,4,4,4,2,4,3,0,4,1,0
2017-18,33,Tamilnadu,3320,THIRUVARUR,332002,KODAVASAL,5,HSS (VI-XII),4,Government Aided,Rural,3,Co-Ed,2,2,1,2,2,2,2,2,2,2,0,0,0,0,2,2,0,2,0,2,0,2,2,1,2,2,1,0,2,1,0
2017-18,33,Tamilnadu,3320,THIRUVARUR,332002,KODAVASAL,1,PS (I-V),2,Tribal Welfare Department,Rural,3,Co-Ed,2,2,0,0,2,2,2,2,2,2,0,0,0,0,1,0,0,0,0,0,0,2,2,1,1,1,2,0,1,1,0
2017-18,33,Tamilnadu,3320,THIRUVARUR,332002,KODAVASAL,1,PS (I-V),3,Local body,Rural,3,Co-Ed,65,65,4,35,65,65,65,65,65,65,0,0,0,0,54,13,0,2,0,26,0,65,65,11,40,58,58,0,46,24,0
2017-18,33,Tamilnadu,3320,THIRUVARUR,332002,KODAVASAL,1,PS (I-V),4,Government Aided,Rural,3,Co-Ed,10,10,1,1,10,10,10,10,10,10,0,0,0,0,5,4,0,0,0,7,0,10,10,4,7,6,5,0,9,2,0
2017-18,33,Tamilnadu,3320,THIRUVARUR,332002,KODAVASAL,1,PS (I-V),5,Private Unaided (Recognized),Rural,3,Co-Ed,9,9,1,9,9,9,9,9,9,9,0,0,0,0,6,8,0,8,0,6,0,9,7,8,9,8,1,0,9,5,0
2017-18,33,Tamilnadu,3320,THIRUVARUR,332002,KODAVASAL,6,SS (I-X),5,Private Unaided (Recognized),Rural,3,Co-Ed,1,1,0,1,1,1,1,1,1,1,0,0,0,0,1,1,0,1,0,1,0,1,1,1,1,1,0,0,1,1,0
2017-18,33,Tamilnadu,3320,THIRUVARUR,332002,KODAVASAL,7,SS (VI-X),1,Department of Education,Rural,3,Co-Ed,6,6,6,3,6,6,6,6,6,6,0,0,0,0,4,3,0,4,0,6,0,5,6,4,1,4,5,0,5,1,0
2017-18,33,Tamilnadu,3320,THIRUVARUR,332002,KODAVASAL,7,SS (VI-X),4,Government Aided,Rural,3,Co-Ed,2,2,2,2,2,2,2,2,2,2,0,0,0,0,2,1,0,2,0,1,0,2,2,2,2,2,2,0,2,1,0
2017-18,33,Tamilnadu,3320,THIRUVARUR,332002,KODAVASAL,2,UPS (I-VIII),3,Local body,Rural,3,Co-Ed,10,10,6,10,10,10,10,10,10,10,0,0,0,0,7,4,0,1,0,6,0,10,10,6,8,10,10,0,10,7,0
2017-18,33,Tamilnadu,3320,THIRUVARUR,332002,KODAVASAL,2,UPS (I-VIII),4,Government Aided,Rural,3,Co-Ed,4,4,4,1,4,4,4,4,4,4,0,0,0,0,2,4,0,0,0,4,0,4,4,2,4,3,3,0,4,2,0
2017-18,33,Tamilnadu,3320,THIRUVARUR,332002,KODAVASAL,4,UPS (VI-VIII),4,Government Aided,Rural,3,Co-Ed,1,1,1,0,1,1,1,1,1,1,0,0,0,0,1,1,0,0,0,1,0,1,1,1,1,1,0,0,0,0,0
2017-18,33,Tamilnadu,3320,THIRUVARUR,332003,KORADACHERY,5,HSS (VI-XII),1,Department of Education,Rural,1,Boys,1,1,1,1,1,1,1,1,0,1,0,0,0,0,0,0,0,1,0,1,0,1,1,0,1,1,1,0,1,0,0
2017-18,33,Tamilnadu,3320,THIRUVARUR,332003,KORADACHERY,5,HSS (VI-XII),1,Department of Education,Rural,2,Girls,1,1,1,1,1,1,1,0,1,1,0,0,0,0,1,0,0,1,0,1,0,1,1,1,0,1,1,0,1,0,0
2017-18,33,Tamilnadu,3320,THIRUVARUR,332003,KORADACHERY,5,HSS (VI-XII),1,Department of Education,Rural,3,Co-Ed,3,3,2,3,3,3,3,3,3,3,0,0,0,0,3,2,0,3,0,3,0,3,3,3,2,3,3,0,3,2,0
2017-18,33,Tamilnadu,3320,THIRUVARUR,332003,KORADACHERY,5,HSS (VI-XII),4,Government Aided,Rural,3,Co-Ed,1,1,1,1,1,1,1,1,1,1,0,0,0,0,1,0,0,1,0,1,0,1,1,0,1,1,0,0,1,0,0
2017-18,33,Tamilnadu,3320,THIRUVARUR,332003,KORADACHERY,1,PS (I-V),3,Local body,Rural,1,Boys,1,1,0,1,1,1,1,1,0,1,0,0,0,0,1,0,0,0,0,0,0,1,1,1,1,1,1,0,1,1,0
2017-18,33,Tamilnadu,3320,THIRUVARUR,332003,KORADACHERY,1,PS (I-V),3,Local body,Rural,2,Girls,1,1,0,1,1,1,1,0,1,1,0,0,0,0,1,0,0,0,0,0,0,1,1,1,0,1,1,0,1,0,0
2017-18,33,Tamilnadu,3320,THIRUVARUR,332003,KORADACHERY,1,PS (I-V),2,Tribal Welfare Department,Rural,3,Co-Ed,1,1,0,0,1,1,1,1,1,1,0,0,0,0,0,0,0,0,0,0,0,1,1,1,1,1,1,0,0,0,0
2017-18,33,Tamilnadu,3320,THIRUVARUR,332003,KORADACHERY,1,PS (I-V),3,Local body,Rural,3,Co-Ed,48,48,11,18,48,48,48,48,48,48,0,0,0,0,44,7,0,2,0,20,0,48,48,34,26,44,45,0,25,12,0
2017-18,33,Tamilnadu,3320,THIRUVARUR,332003,KORADACHERY,1,PS (I-V),4,Government Aided,Rural,3,Co-Ed,2,2,0,0,2,2,2,2,2,2,0,0,0,0,2,0,0,1,0,1,0,2,2,1,2,1,1,0,0,0,0
2017-18,33,Tamilnadu,3320,THIRUVARUR,332003,KORADACHERY,1,PS (I-V),5,Private Unaided (Recognized),Rural,3,Co-Ed,17,17,6,7,17,16,17,17,17,17,0,0,0,0,14,16,0,8,0,6,0,17,15,14,15,12,6,0,17,11,0
2017-18,33,Tamilnadu,3320,THIRUVARUR,332003,KORADACHERY,6,SS (I-X),5,Private Unaided (Recognized),Rural,3,Co-Ed,1,1,0,1,1,1,1,1,1,1,0,0,0,0,1,1,0,1,0,0,0,1,0,1,1,1,0,0,1,1,0
2017-18,33,Tamilnadu,3320,THIRUVARUR,332003,KORADACHERY,6,SS (I-X),92,Kendriya Vidyalaya / Central School,Rural,3,Co-Ed,1,1,1,1,1,1,1,1,1,1,0,0,0,0,1,1,0,1,0,1,0,1,1,1,1,1,1,0,1,1,0
2017-18,33,Tamilnadu,3320,THIRUVARUR,332003,KORADACHERY,7,SS (VI-X),1,Department of Education,Rural,3,Co-Ed,5,5,5,3,5,5,5,5,5,5,0,0,0,0,3,1,0,2,0,5,0,5,5,5,0,5,5,0,4,0,0
2017-18,33,Tamilnadu,3320,THIRUVARUR,332003,KORADACHERY,2,UPS (I-VIII),1,Department of Education,Rural,3,Co-Ed,1,1,1,1,1,1,1,1,1,1,0,0,0,0,1,1,0,0,0,1,0,1,1,1,0,1,1,0,1,1,0
2017-18,33,Tamilnadu,3320,THIRUVARUR,332003,KORADACHERY,2,UPS (I-VIII),3,Local body,Rural,3,Co-Ed,22,22,14,22,22,22,22,22,22,22,0,0,0,0,21,15,0,1,0,16,0,22,22,19,13,22,22,0,22,13,0
2017-18,33,Tamilnadu,3320,THIRUVARUR,332003,KORADACHERY,2,UPS (I-VIII),4,Government Aided,Rural,3,Co-Ed,4,4,3,0,4,4,4,4,4,4,0,0,0,0,3,4,0,0,0,3,0,4,4,4,4,4,4,0,4,0,0
2017-18,33,Tamilnadu,3320,THIRUVARUR,332003,KORADACHERY,2,UPS (I-VIII),5,Private Unaided (Recognized),Rural,3,Co-Ed,1,1,0,1,1,1,1,1,1,1,0,0,0,0,1,1,0,1,0,1,0,1,1,1,1,1,1,0,1,1,0
2017-18,33,Tamilnadu,3320,THIRUVARUR,332004,NANNILAM,3,HSS (I-XII),5,Private Unaided (Recognized),Rural,3,Co-Ed,1,1,1,1,1,1,1,1,1,1,0,0,0,0,1,1,0,1,0,1,0,1,1,1,1,1,1,0,1,0,0
2017-18,33,Tamilnadu,3320,THIRUVARUR,332004,NANNILAM,3,HSS (I-XII),5,Private Unaided (Recognized),Urban,3,Co-Ed,1,1,1,1,1,1,1,1,1,1,0,0,0,0,1,1,0,1,0,1,0,1,1,1,1,1,1,0,1,1,0
2017-18,33,Tamilnadu,3320,THIRUVARUR,332004,NANNILAM,5,HSS (VI-XII),1,Department of Education,Urban,2,Girls,2,2,2,1,2,2,2,0,2,2,0,0,0,0,2,1,0,2,0,1,0,2,2,2,1,2,2,0,2,0,0
2017-18,33,Tamilnadu,3320,THIRUVARUR,332004,NANNILAM,5,HSS (VI-XII),1,Department of Education,Rural,3,Co-Ed,4,4,2,4,4,4,4,4,4,4,0,0,0,0,4,2,0,3,0,4,0,4,4,4,3,4,3,0,4,2,0
2017-18,33,Tamilnadu,3320,THIRUVARUR,332004,NANNILAM,5,HSS (VI-XII),2,Tribal Welfare Department,Rural,3,Co-Ed,1,1,1,1,1,1,1,1,1,1,0,0,0,0,0,0,0,0,0,1,0,1,1,1,1,1,1,0,1,0,0
2017-18,33,Tamilnadu,3320,THIRUVARUR,332004,NANNILAM,5,HSS (VI-XII),1,Department of Education,Urban,3,Co-Ed,2,2,2,2,2,2,2,2,2,2,0,0,0,0,2,2,0,2,0,2,0,2,2,2,2,2,2,0,2,2,0
2017-18,33,Tamilnadu,3320,THIRUVARUR,332004,NANNILAM,1,PS (I-V),2,Tribal Welfare Department,Rural,3,Co-Ed,5,5,2,1,5,5,5,4,5,5,0,0,0,0,5,1,0,1,0,2,0,5,5,1,3,2,5,0,3,1,0
2017-18,33,Tamilnadu,3320,THIRUVARUR,332004,NANNILAM,1,PS (I-V),3,Local body,Rural,3,Co-Ed,54,54,20,20,54,54,54,53,53,54,0,0,0,0,51,15,0,0,0,30,0,53,54,5,42,50,53,0,46,12,0
2017-18,33,Tamilnadu,3320,THIRUVARUR,332004,NANNILAM,1,PS (I-V),4,Government Aided,Rural,3,Co-Ed,10,10,2,0,10,10,9,9,10,10,0,0,0,0,8,2,0,0,0,2,0,10,10,1,10,9,3,0,6,1,0
2017-18,33,Tamilnadu,3320,THIRUVARUR,332004,NANNILAM,1,PS (I-V),5,Private Unaided (Recognized),Rural,3,Co-Ed,7,7,0,7,7,7,7,7,7,7,0,0,0,0,5,4,0,2,0,4,0,7,2,6,7,7,0,0,7,4,0
2017-18,33,Tamilnadu,3320,THIRUVARUR,332004,NANNILAM,1,PS (I-V),1,Department of Education,Urban,3,Co-Ed,1,1,0,1,1,1,1,1,1,1,0,0,0,0,1,1,0,0,0,0,0,1,1,0,0,1,1,0,1,1,0
2017-18,33,Tamilnadu,3320,THIRUVARUR,332004,NANNILAM,1,PS (I-V),2,Tribal Welfare Department,Urban,3,Co-Ed,1,1,1,0,1,1,1,1,1,1,0,0,0,0,1,0,0,0,0,1,0,1,1,0,1,0,1,0,0,0,0
2017-18,33,Tamilnadu,3320,THIRUVARUR,332004,NANNILAM,1,PS (I-V),3,Local body,Urban,3,Co-Ed,3,3,1,3,3,3,3,2,3,3,0,0,0,0,2,2,0,0,0,1,0,3,3,0,2,3,3,0,3,0,0
2017-18,33,Tamilnadu,3320,THIRUVARUR,332004,NANNILAM,1,PS (I-V),4,Government Aided,Urban,3,Co-Ed,3,3,1,1,3,3,3,2,3,3,0,0,0,0,3,1,0,0,0,1,0,3,3,0,3,3,0,0,3,1,0
2017-18,33,Tamilnadu,3320,THIRUVARUR,332004,NANNILAM,1,PS (I-V),5,Private Unaided (Recognized),Urban,3,Co-Ed,6,6,0,5,6,6,6,6,6,6,0,0,0,0,4,6,0,2,0,4,0,6,3,3,6,6,2,0,6,4,0
2017-18,33,Tamilnadu,3320,THIRUVARUR,332004,NANNILAM,6,SS (I-X),5,Private Unaided (Recognized),Urban,3,Co-Ed,1,1,0,1,1,1,1,1,1,1,0,0,0,0,1,1,0,1,0,1,0,1,1,1,1,1,1,0,1,1,0
2017-18,33,Tamilnadu,3320,THIRUVARUR,332004,NANNILAM,7,SS (VI-X),1,Department of Education,Rural,3,Co-Ed,7,7,5,5,7,5,7,7,7,7,0,0,0,0,7,2,0,4,0,7,0,5,7,5,5,5,7,0,4,1,0
2017-18,33,Tamilnadu,3320,THIRUVARUR,332004,NANNILAM,7,SS (VI-X),4,Government Aided,Rural,3,Co-Ed,1,1,0,1,1,1,1,1,1,1,0,0,0,0,1,1,0,1,0,1,0,1,1,1,1,1,1,0,1,0,0
2017-18,33,Tamilnadu,3320,THIRUVARUR,332004,NANNILAM,7,SS (VI-X),1,Department of Education,Urban,3,Co-Ed,1,1,1,0,1,1,1,1,1,1,0,0,0,0,1,0,0,1,0,1,0,1,1,1,0,1,1,0,1,0,0
2017-18,33,Tamilnadu,3320,THIRUVARUR,332004,NANNILAM,2,UPS (I-VIII),3,Local body,Rural,3,Co-Ed,16,16,16,16,16,16,16,16,16,16,0,0,0,0,13,10,0,0,0,10,0,16,16,6,11,15,16,0,16,5,0
2017-18,33,Tamilnadu,3320,THIRUVARUR,332004,NANNILAM,2,UPS (I-VIII),4,Government Aided,Rural,3,Co-Ed,2,2,2,1,2,2,2,2,2,2,0,0,0,0,1,2,0,0,0,1,0,2,2,1,2,2,1,0,2,0,0
2017-18,33,Tamilnadu,3320,THIRUVARUR,332004,NANNILAM,2,UPS (I-VIII),5,Private Unaided (Recognized),Rural,3,Co-Ed,2,2,1,2,2,2,2,2,2,2,0,0,0,0,2,2,0,0,0,2,0,2,2,2,2,1,0,0,2,1,0
2017-18,33,Tamilnadu,3320,THIRUVARUR,332004,NANNILAM,2,UPS (I-VIII),3,Local body,Urban,3,Co-Ed,1,1,1,1,1,1,1,1,1,1,0,0,0,0,1,1,0,0,0,0,0,1,1,0,1,1,1,0,1,0,0
2017-18,33,Tamilnadu,3320,THIRUVARUR,332004,NANNILAM,2,UPS (I-VIII),4,Government Aided,Urban,3,Co-Ed,1,1,1,0,1,1,1,1,1,1,0,0,0,0,1,1,0,0,0,1,0,1,1,1,1,1,0,0,1,0,0
2017-18,33,Tamilnadu,3320,THIRUVARUR,332005,TIRUVARUR,3,HSS (I-XII),5,Private Unaided (Recognized),Rural,3,Co-Ed,1,1,0,1,1,1,1,1,1,1,0,0,0,0,1,1,0,1,0,1,1,1,1,1,1,1,1,0,1,1,0
2017-18,33,Tamilnadu,3320,THIRUVARUR,332005,TIRUVARUR,3,HSS (I-XII),5,Private Unaided (Recognized),Urban,3,Co-Ed,5,5,5,5,5,5,5,5,5,5,0,0,0,0,4,5,0,5,0,5,1,5,5,5,5,4,2,0,5,1,0
2017-18,33,Tamilnadu,3320,THIRUVARUR,332005,TIRUVARUR,5,HSS (VI-XII),4,Government Aided,Urban,1,Boys,1,1,1,1,1,1,1,1,0,1,0,0,0,0,1,1,0,1,0,1,1,1,1,1,1,1,0,0,1,1,0
2017-18,33,Tamilnadu,3320,THIRUVARUR,332005,TIRUVARUR,5,HSS (VI-XII),4,Government Aided,Urban,2,Girls,1,1,1,1,1,1,1,0,1,1,0,0,0,0,1,1,0,1,0,1,1,1,1,1,1,1,1,0,1,1,0
2017-18,33,Tamilnadu,3320,THIRUVARUR,332005,TIRUVARUR,5,HSS (VI-XII),1,Department of Education,Rural,3,Co-Ed,6,6,4,6,6,6,6,6,6,6,0,0,0,0,6,5,0,6,0,5,0,6,6,6,4,6,5,0,6,4,0
2017-18,33,Tamilnadu,3320,THIRUVARUR,332005,TIRUVARUR,5,HSS (VI-XII),5,Private Unaided (Recognized),Rural,3,Co-Ed,1,1,1,1,1,1,1,1,1,1,0,0,0,0,0,1,0,1,0,1,0,1,1,1,1,1,1,0,1,0,0
2017-18,33,Tamilnadu,3320,THIRUVARUR,332005,TIRUVARUR,5,HSS (VI-XII),1,Department of Education,Urban,3,Co-Ed,1,1,0,1,1,1,1,1,1,1,0,0,0,0,1,1,0,1,0,1,0,1,1,1,1,1,1,0,1,1,0
2017-18,33,Tamilnadu,3320,THIRUVARUR,332005,TIRUVARUR,5,HSS (VI-XII),4,Government Aided,Urban,3,Co-Ed,1,1,1,1,1,1,1,1,1,1,0,0,0,0,1,1,0,1,0,1,1,1,1,0,1,1,0,0,1,0,0
2017-18,33,Tamilnadu,3320,THIRUVARUR,332005,TIRUVARUR,1,PS (I-V),1,Department of Education,Rural,3,Co-Ed,1,1,0,1,1,1,1,1,1,1,0,0,0,0,1,1,0,0,0,0,0,1,0,0,1,1,1,0,1,0,0
2017-18,33,Tamilnadu,3320,THIRUVARUR,332005,TIRUVARUR,1,PS (I-V),2,Tribal Welfare Department,Rural,3,Co-Ed,4,4,0,1,4,4,4,4,4,4,0,0,0,0,4,1,0,2,0,3,0,4,4,1,4,1,2,0,1,0,0
2017-18,33,Tamilnadu,3320,THIRUVARUR,332005,TIRUVARUR,1,PS (I-V),3,Local body,Rural,3,Co-Ed,42,42,0,25,42,41,42,42,42,42,0,0,0,0,41,11,0,10,0,12,0,40,42,25,30,32,37,0,16,12,0
2017-18,33,Tamilnadu,3320,THIRUVARUR,332005,TIRUVARUR,1,PS (I-V),5,Private Unaided (Recognized),Rural,3,Co-Ed,19,19,0,18,19,19,19,19,19,19,0,0,0,0,16,18,0,3,0,10,0,18,12,17,18,11,3,0,19,5,0
2017-18,33,Tamilnadu,3320,THIRUVARUR,332005,TIRUVARUR,1,PS (I-V),3,Local body,Urban,3,Co-Ed,4,4,0,4,4,4,4,4,4,4,0,0,0,0,4,2,0,2,0,1,0,4,4,3,2,2,4,0,3,3,0
2017-18,33,Tamilnadu,3320,THIRUVARUR,332005,TIRUVARUR,1,PS (I-V),4,Government Aided,Urban,3,Co-Ed,6,6,2,4,6,6,6,6,6,6,0,0,0,0,6,6,0,1,0,2,0,6,6,5,6,5,2,0,4,3,0
2017-18,33,Tamilnadu,3320,THIRUVARUR,332005,TIRUVARUR,1,PS (I-V),5,Private Unaided (Recognized),Urban,3,Co-Ed,9,9,1,9,9,8,9,9,9,9,0,0,0,0,9,8,0,4,0,3,0,9,4,5,9,7,2,0,9,2,0
2017-18,33,Tamilnadu,3320,THIRUVARUR,332005,TIRUVARUR,6,SS (I-X),5,Private Unaided (Recognized),Rural,3,Co-Ed,1,1,0,1,1,1,1,1,1,1,0,0,0,0,1,1,0,0,0,1,0,1,1,1,1,0,0,0,1,0,0
2017-18,33,Tamilnadu,3320,THIRUVARUR,332005,TIRUVARUR,7,SS (VI-X),1,Department of Education,Rural,3,Co-Ed,5,5,4,4,5,5,5,5,5,5,0,0,0,0,5,2,0,3,0,5,0,5,5,5,5,5,5,0,4,3,0
2017-18,33,Tamilnadu,3320,THIRUVARUR,332005,TIRUVARUR,7,SS (VI-X),2,Tribal Welfare Department,Rural,3,Co-Ed,1,1,1,1,1,0,1,1,1,1,0,0,0,0,1,1,0,0,0,1,0,1,1,0,1,1,0,0,1,0,0
2017-18,33,Tamilnadu,3320,THIRUVARUR,332005,TIRUVARUR,7,SS (VI-X),3,Local body,Urban,3,Co-Ed,1,1,1,1,1,1,1,1,1,1,0,0,0,0,1,1,0,1,0,1,0,1,1,1,1,1,1,0,1,1,0
2017-18,33,Tamilnadu,3320,THIRUVARUR,332005,TIRUVARUR,7,SS (VI-X),4,Government Aided,Urban,3,Co-Ed,1,1,0,1,1,1,1,1,1,1,0,0,0,0,1,1,0,1,0,0,0,1,1,1,1,1,0,0,1,0,0
2017-18,33,Tamilnadu,3320,THIRUVARUR,332005,TIRUVARUR,2,UPS (I-VIII),3,Local body,Rural,3,Co-Ed,16,16,6,16,16,16,16,16,16,16,0,0,0,0,16,10,0,5,0,8,0,16,15,9,13,14,15,0,16,3,0
2017-18,33,Tamilnadu,3320,THIRUVARUR,332005,TIRUVARUR,2,UPS (I-VIII),4,Government Aided,Rural,3,Co-Ed,1,1,1,1,1,1,1,1,1,1,0,0,0,0,1,1,0,0,0,0,0,1,1,1,1,0,1,0,1,0,0
2017-18,33,Tamilnadu,3320,THIRUVARUR,332005,TIRUVARUR,2,UPS (I-VIII),3,Local body,Urban,3,Co-Ed,2,2,1,2,2,2,2,2,2,2,0,0,0,0,2,2,0,1,0,1,0,2,2,2,2,1,2,0,2,2,0
2017-18,33,Tamilnadu,3320,THIRUVARUR,332005,TIRUVARUR,2,UPS (I-VIII),4,Government Aided,Urban,3,Co-Ed,5,5,1,1,5,5,5,5,5,5,0,0,0,0,4,3,0,3,0,1,0,4,3,5,5,3,4,0,5,1,0
2017-18,33,Tamilnadu,3320,THIRUVARUR,332006,MANNARGUDI,3,HSS (I-XII),5,Private Unaided (Recognized),Rural,3,Co-Ed,3,3,3,3,3,3,3,3,3,3,0,0,0,0,3,3,0,3,0,3,0,3,3,3,3,3,1,0,3,2,0
2017-18,33,Tamilnadu,3320,THIRUVARUR,332006,MANNARGUDI,3,HSS (I-XII),5,Private Unaided (Recognized),Urban,3,Co-Ed,6,6,4,6,6,5,6,6,6,6,0,0,0,0,6,6,0,6,0,5,0,6,5,6,6,6,2,0,6,4,0
2017-18,33,Tamilnadu,3320,THIRUVARUR,332006,MANNARGUDI,5,HSS (VI-XII),1,Department of Education,Urban,1,Boys,1,1,1,1,1,1,1,1,0,1,0,0,0,0,1,1,0,1,0,1,0,1,1,0,1,1,1,0,1,0,0
2017-18,33,Tamilnadu,3320,THIRUVARUR,332006,MANNARGUDI,5,HSS (VI-XII),4,Government Aided,Urban,1,Boys,1,1,1,1,1,1,1,1,0,1,0,0,0,0,1,1,0,1,0,1,0,1,1,1,0,1,1,0,1,0,0
2017-18,33,Tamilnadu,3320,THIRUVARUR,332006,MANNARGUDI,5,HSS (VI-XII),1,Department of Education,Urban,2,Girls,2,2,2,2,2,2,2,0,2,2,0,0,0,0,1,2,0,2,0,2,0,2,2,2,2,1,2,0,2,1,0
2017-18,33,Tamilnadu,3320,THIRUVARUR,332006,MANNARGUDI,5,HSS (VI-XII),4,Government Aided,Urban,2,Girls,1,1,1,1,1,1,1,0,1,1,0,0,0,0,1,1,0,1,0,0,1,1,1,1,1,1,1,0,1,0,0
2017-18,33,Tamilnadu,3320,THIRUVARUR,332006,MANNARGUDI,5,HSS (VI-XII),1,Department of Education,Rural,3,Co-Ed,7,7,6,6,7,7,7,7,7,7,0,0,0,0,7,4,0,7,0,7,0,7,7,7,6,6,6,0,7,1,0
2017-18,33,Tamilnadu,3320,THIRUVARUR,332006,MANNARGUDI,5,HSS (VI-XII),2,Tribal Welfare Department,Rural,3,Co-Ed,1,1,1,1,1,1,1,1,1,1,0,0,0,0,1,1,0,1,0,1,0,1,1,1,0,0,1,0,1,0,0
2017-18,33,Tamilnadu,3320,THIRUVARUR,332006,MANNARGUDI,5,HSS (VI-XII),5,Private Unaided (Recognized),Rural,3,Co-Ed,1,1,1,1,1,1,1,1,1,1,0,0,0,0,1,1,0,1,0,1,0,1,1,1,1,1,1,0,0,0,0
2017-18,33,Tamilnadu,3320,THIRUVARUR,332006,MANNARGUDI,5,HSS (VI-XII),3,Local body,Urban,3,Co-Ed,1,1,1,1,1,1,1,1,1,1,0,0,0,0,1,0,0,1,0,1,0,1,1,1,1,0,1,0,1,0,0
2017-18,33,Tamilnadu,3320,THIRUVARUR,332006,MANNARGUDI,5,HSS (VI-XII),4,Government Aided,Urban,3,Co-Ed,2,2,2,2,2,2,2,2,2,2,0,0,0,0,2,2,0,2,0,2,0,2,2,2,2,2,1,0,2,0,0
2017-18,33,Tamilnadu,3320,THIRUVARUR,332006,MANNARGUDI,1,PS (I-V),4,Government Aided,Urban,1,Boys,1,1,1,0,1,1,1,1,0,1,0,0,0,0,1,1,0,1,0,0,0,1,1,1,1,1,0,0,1,0,0
2017-18,33,Tamilnadu,3320,THIRUVARUR,332006,MANNARGUDI,1,PS (I-V),4,Government Aided,Urban,2,Girls,1,1,1,0,1,1,1,0,1,1,0,0,0,0,1,1,0,0,0,0,0,1,1,0,1,1,1,0,0,0,0
2017-18,33,Tamilnadu,3320,THIRUVARUR,332006,MANNARGUDI,1,PS (I-V),2,Tribal Welfare Department,Rural,3,Co-Ed,4,4,4,4,4,4,4,4,4,4,0,0,0,0,4,2,0,0,0,1,0,4,4,1,3,4,3,0,1,0,0
2017-18,33,Tamilnadu,3320,THIRUVARUR,332006,MANNARGUDI,1,PS (I-V),3,Local body,Rural,3,Co-Ed,68,68,62,20,68,68,68,65,68,68,0,0,0,0,67,16,0,1,0,37,0,68,68,7,46,67,57,0,42,7,0
2017-18,33,Tamilnadu,3320,THIRUVARUR,332006,MANNARGUDI,1,PS (I-V),4,Government Aided,Rural,3,Co-Ed,3,3,3,0,3,3,3,3,3,3,0,0,0,0,3,0,0,0,0,2,0,3,3,1,3,3,1,0,2,0,0
2017-18,33,Tamilnadu,3320,THIRUVARUR,332006,MANNARGUDI,1,PS (I-V),5,Private Unaided (Recognized),Rural,3,Co-Ed,12,12,10,9,12,12,12,12,12,12,0,0,0,0,12,12,0,1,0,8,0,12,10,10,11,12,2,0,12,2,0
2017-18,33,Tamilnadu,3320,THIRUVARUR,332006,MANNARGUDI,1,PS (I-V),8,Unrecognized,Rural,3,Co-Ed,1,1,0,1,1,1,1,1,1,1,0,0,0,0,1,1,0,0,0,0,0,1,1,1,0,1,0,0,1,0,0
2017-18,33,Tamilnadu,3320,THIRUVARUR,332006,MANNARGUDI,1,PS (I-V),3,Local body,Urban,3,Co-Ed,8,8,7,4,8,8,8,8,8,8,0,0,0,0,8,3,0,0,0,1,0,8,8,2,4,8,8,0,4,1,0
2017-18,33,Tamilnadu,3320,THIRUVARUR,332006,MANNARGUDI,1,PS (I-V),4,Government Aided,Urban,3,Co-Ed,7,7,6,0,7,7,7,7,7,7,0,0,0,0,7,6,0,0,0,3,0,7,7,1,7,7,5,0,5,0,0
2017-18,33,Tamilnadu,3320,THIRUVARUR,332006,MANNARGUDI,1,PS (I-V),5,Private Unaided (Recognized),Urban,3,Co-Ed,17,17,10,11,17,17,17,17,17,17,0,0,0,0,17,17,0,1,0,6,1,17,12,14,14,17,2,0,17,1,0
2017-18,33,Tamilnadu,3320,THIRUVARUR,332006,MANNARGUDI,6,SS (I-X),5,Private Unaided (Recognized),Rural,3,Co-Ed,1,1,1,1,1,1,1,1,1,1,0,0,0,0,1,1,0,1,0,1,1,1,1,1,1,1,0,0,1,0,0
2017-18,33,Tamilnadu,3320,THIRUVARUR,332006,MANNARGUDI,6,SS (I-X),5,Private Unaided (Recognized),Urban,3,Co-Ed,4,4,3,4,4,4,4,4,4,4,0,0,0,0,4,4,0,4,0,0,0,4,3,4,3,4,0,0,3,1,0
2017-18,33,Tamilnadu,3320,THIRUVARUR,332006,MANNARGUDI,7,SS (VI-X),1,Department of Education,Rural,3,Co-Ed,5,5,5,3,5,4,5,5,5,5,0,0,0,0,5,1,0,3,0,5,0,5,5,4,3,4,4,0,5,0,0
2017-18,33,Tamilnadu,3320,THIRUVARUR,332006,MANNARGUDI,7,SS (VI-X),4,Government Aided,Rural,3,Co-Ed,2,2,2,1,2,2,2,2,2,2,0,0,0,0,2,2,0,2,0,2,0,2,2,2,2,2,2,0,2,1,0
2017-18,33,Tamilnadu,3320,THIRUVARUR,332006,MANNARGUDI,7,SS (VI-X),4,Government Aided,Urban,3,Co-Ed,2,2,2,1,2,2,2,2,2,2,0,0,0,0,2,2,0,1,0,2,0,2,2,2,2,2,2,0,2,1,0
2017-18,33,Tamilnadu,3320,THIRUVARUR,332006,MANNARGUDI,7,SS (VI-X),5,Private Unaided (Recognized),Urban,3,Co-Ed,1,1,1,1,1,1,1,1,1,1,0,0,0,0,1,1,0,0,0,1,0,1,1,1,1,1,0,0,1,1,0
2017-18,33,Tamilnadu,3320,THIRUVARUR,332006,MANNARGUDI,2,UPS (I-VIII),3,Local body,Rural,3,Co-Ed,21,21,19,21,21,21,21,21,21,21,0,0,0,0,21,11,0,0,0,14,0,18,21,5,18,21,16,0,20,2,0
2017-18,33,Tamilnadu,3320,THIRUVARUR,332006,MANNARGUDI,2,UPS (I-VIII),4,Government Aided,Rural,3,Co-Ed,1,1,1,1,1,1,1,1,1,1,0,0,0,0,1,1,0,0,0,1,0,1,1,1,1,1,1,0,1,0,0
2017-18,33,Tamilnadu,3320,THIRUVARUR,332006,MANNARGUDI,2,UPS (I-VIII),3,Local body,Urban,3,Co-Ed,4,4,4,4,4,4,4,4,4,4,0,0,0,0,4,3,0,1,0,2,0,4,4,2,2,4,4,0,4,1,0
2017-18,33,Tamilnadu,3320,THIRUVARUR,332006,MANNARGUDI,2,UPS (I-VIII),4,Government Aided,Urban,3,Co-Ed,3,3,3,0,3,3,3,3,3,3,0,0,0,0,3,3,0,0,0,1,0,3,3,2,1,3,2,0,3,0,0
2017-18,33,Tamilnadu,3320,THIRUVARUR,332006,MANNARGUDI,2,UPS (I-VIII),5,Private Unaided (Recognized),Urban,3,Co-Ed,2,2,2,2,2,2,2,2,2,2,0,0,0,0,2,2,0,1,0,2,0,2,2,2,2,1,2,0,1,1,0
2017-18,33,Tamilnadu,3320,THIRUVARUR,332007,NEEDAMANGALAM,3,HSS (I-XII),5,Private Unaided (Recognized),Rural,3,Co-Ed,2,2,0,2,2,2,2,2,2,2,0,0,0,0,2,2,0,2,0,2,1,2,2,2,2,2,0,0,2,1,0
2017-18,33,Tamilnadu,3320,THIRUVARUR,332007,NEEDAMANGALAM,3,HSS (I-XII),5,Private Unaided (Recognized),Urban,3,Co-Ed,2,2,0,2,2,2,2,2,2,2,0,0,0,0,2,2,0,2,0,2,1,2,2,2,2,2,1,0,2,2,0
2017-18,33,Tamilnadu,3320,THIRUVARUR,332007,NEEDAMANGALAM,5,HSS (VI-XII),1,Department of Education,Rural,1,Boys,1,1,1,1,1,1,1,1,0,1,0,0,0,0,1,1,0,1,0,1,0,1,1,1,1,1,1,0,1,0,0
2017-18,33,Tamilnadu,3320,THIRUVARUR,332007,NEEDAMANGALAM,5,HSS (VI-XII),1,Department of Education,Rural,2,Girls,1,1,1,1,1,1,1,0,1,1,0,0,0,0,0,1,0,1,0,0,0,1,1,1,0,1,1,0,1,0,0
2017-18,33,Tamilnadu,3320,THIRUVARUR,332007,NEEDAMANGALAM,5,HSS (VI-XII),1,Department of Education,Rural,3,Co-Ed,5,5,5,5,5,5,5,5,5,5,0,0,0,0,5,4,0,5,0,4,1,5,5,5,5,5,5,0,5,1,0
2017-18,33,Tamilnadu,3320,THIRUVARUR,332007,NEEDAMANGALAM,5,HSS (VI-XII),4,Government Aided,Rural,3,Co-Ed,1,1,0,1,1,1,1,1,1,1,0,0,0,0,1,1,0,1,0,1,0,1,1,1,1,1,0,0,1,1,0
2017-18,33,Tamilnadu,3320,THIRUVARUR,332007,NEEDAMANGALAM,5,HSS (VI-XII),5,Private Unaided (Recognized),Rural,3,Co-Ed,1,1,0,1,1,1,1,1,1,1,0,0,0,0,1,1,0,1,0,1,0,1,1,1,1,1,0,0,1,0,0
2017-18,33,Tamilnadu,3320,THIRUVARUR,332007,NEEDAMANGALAM,5,HSS (VI-XII),4,Government Aided,Urban,3,Co-Ed,1,1,0,1,1,1,1,1,1,1,0,0,0,0,1,1,0,1,0,1,0,1,1,1,1,1,1,0,1,0,0
2017-18,33,Tamilnadu,3320,THIRUVARUR,332007,NEEDAMANGALAM,1,PS (I-V),1,Department of Education,Rural,3,Co-Ed,1,1,0,0,1,1,1,1,1,1,0,0,0,0,1,0,0,0,0,0,0,1,1,0,0,1,1,0,1,0,0
2017-18,33,Tamilnadu,3320,THIRUVARUR,332007,NEEDAMANGALAM,1,PS (I-V),2,Tribal Welfare Department,Rural,3,Co-Ed,1,1,0,0,1,1,1,1,1,1,0,0,0,0,1,0,0,0,0,0,0,1,1,0,0,1,1,0,0,0,0
2017-18,33,Tamilnadu,3320,THIRUVARUR,332007,NEEDAMANGALAM,1,PS (I-V),3,Local body,Rural,3,Co-Ed,59,59,3,16,59,57,59,59,59,59,0,0,0,0,59,14,0,0,0,33,0,59,59,15,49,57,59,0,39,5,0
2017-18,33,Tamilnadu,3320,THIRUVARUR,332007,NEEDAMANGALAM,1,PS (I-V),4,Government Aided,Rural,3,Co-Ed,2,2,0,0,2,2,2,2,2,2,0,0,0,0,2,1,0,0,0,2,0,2,2,0,2,2,2,0,1,0,0
2017-18,33,Tamilnadu,3320,THIRUVARUR,332007,NEEDAMANGALAM,1,PS (I-V),5,Private Unaided (Recognized),Rural,3,Co-Ed,11,11,1,8,11,11,11,11,11,11,0,0,0,0,11,11,0,2,0,10,0,11,11,9,11,11,5,0,11,2,0
2017-18,33,Tamilnadu,3320,THIRUVARUR,332007,NEEDAMANGALAM,1,PS (I-V),8,Unrecognized,Rural,3,Co-Ed,1,1,0,1,1,1,1,1,1,1,0,0,0,0,1,1,0,0,0,1,0,1,1,1,0,1,0,0,1,0,0
2017-18,33,Tamilnadu,3320,THIRUVARUR,332007,NEEDAMANGALAM,1,PS (I-V),3,Local body,Urban,3,Co-Ed,2,2,0,1,2,2,2,2,2,2,0,0,0,0,2,0,0,0,0,0,0,2,2,1,1,2,2,0,1,0,0
2017-18,33,Tamilnadu,3320,THIRUVARUR,332007,NEEDAMANGALAM,1,PS (I-V),4,Government Aided,Urban,3,Co-Ed,1,1,0,0,1,1,1,1,1,1,0,0,0,0,1,1,0,0,0,1,0,1,1,0,1,1,1,0,1,0,0
2017-18,33,Tamilnadu,3320,THIRUVARUR,332007,NEEDAMANGALAM,1,PS (I-V),5,Private Unaided (Recognized),Urban,3,Co-Ed,1,1,0,1,1,1,1,1,1,1,0,0,0,0,1,1,0,0,0,1,0,1,1,1,1,1,0,0,1,0,0
2017-18,33,Tamilnadu,3320,THIRUVARUR,332007,NEEDAMANGALAM,6,SS (I-X),5,Private Unaided (Recognized),Rural,3,Co-Ed,1,1,0,1,1,1,1,1,1,1,0,0,0,0,1,1,0,1,0,0,0,1,0,1,1,1,0,0,1,1,0
2017-18,33,Tamilnadu,3320,THIRUVARUR,332007,NEEDAMANGALAM,7,SS (VI-X),1,Department of Education,Rural,3,Co-Ed,7,7,7,4,7,7,7,7,7,7,0,0,0,0,7,4,0,7,0,6,1,7,7,7,6,7,7,0,6,1,0
2017-18,33,Tamilnadu,3320,THIRUVARUR,332007,NEEDAMANGALAM,7,SS (VI-X),4,Government Aided,Rural,3,Co-Ed,1,1,0,1,1,1,1,1,1,1,0,0,0,0,1,1,0,1,0,1,0,1,1,1,1,1,0,0,1,0,0
2017-18,33,Tamilnadu,3320,THIRUVARUR,332007,NEEDAMANGALAM,2,UPS (I-VIII),3,Local body,Rural,3,Co-Ed,25,25,16,25,25,25,25,25,25,25,0,0,0,0,25,15,0,0,0,18,0,25,25,13,20,25,25,0,24,1,0
2017-18,33,Tamilnadu,3320,THIRUVARUR,332007,NEEDAMANGALAM,2,UPS (I-VIII),4,Government Aided,Urban,3,Co-Ed,1,1,0,0,1,1,1,1,1,1,0,0,0,0,1,0,0,0,0,0,0,1,1,1,1,1,1,0,1,0,0
2017-18,33,Tamilnadu,3320,THIRUVARUR,332008,KOTTUR,5,HSS (VI-XII),1,Department of Education,Rural,1,Boys,2,2,2,2,2,2,2,2,0,2,0,0,0,0,2,1,0,1,0,1,0,2,2,2,1,1,1,0,2,1,0
2017-18,33,Tamilnadu,3320,THIRUVARUR,332008,KOTTUR,5,HSS (VI-XII),1,Department of Education,Rural,2,Girls,2,2,2,2,2,2,2,0,2,2,0,0,0,0,2,2,0,2,0,1,0,2,2,2,2,2,2,0,2,0,0
2017-18,33,Tamilnadu,3320,THIRUVARUR,332008,KOTTUR,5,HSS (VI-XII),1,Department of Education,Rural,3,Co-Ed,4,4,4,4,4,4,4,4,4,4,0,0,0,0,4,2,0,4,0,3,0,4,4,4,3,4,4,0,4,1,0
2017-18,33,Tamilnadu,3320,THIRUVARUR,332008,KOTTUR,1,PS (I-V),2,Tribal Welfare Department,Rural,3,Co-Ed,2,2,0,0,2,2,2,2,2,2,0,0,0,0,2,1,0,0,0,1,0,2,2,0,1,2,1,0,1,1,0
2017-18,33,Tamilnadu,3320,THIRUVARUR,332008,KOTTUR,1,PS (I-V),3,Local body,Rural,3,Co-Ed,71,71,3,31,71,71,71,70,70,70,0,0,0,0,66,28,0,1,0,38,0,70,71,19,42,69,64,0,38,19,0
2017-18,33,Tamilnadu,3320,THIRUVARUR,332008,KOTTUR,1,PS (I-V),4,Government Aided,Rural,3,Co-Ed,3,3,0,0,3,3,3,3,3,3,0,0,0,0,3,3,0,0,0,3,0,3,3,2,2,3,2,0,1,0,0
2017-18,33,Tamilnadu,3320,THIRUVARUR,332008,KOTTUR,1,PS (I-V),5,Private Unaided (Recognized),Rural,3,Co-Ed,12,12,0,8,12,12,12,12,12,12,0,0,0,0,12,11,0,4,0,7,1,12,11,12,9,10,1,0,12,6,0
2017-18,33,Tamilnadu,3320,THIRUVARUR,332008,KOTTUR,7,SS (VI-X),1,Department of Education,Rural,3,Co-Ed,10,10,9,7,10,9,10,10,10,10,0,0,0,0,9,5,0,8,0,7,0,10,10,10,4,9,9,0,10,2,0
2017-18,33,Tamilnadu,3320,THIRUVARUR,332008,KOTTUR,7,SS (VI-X),4,Government Aided,Rural,3,Co-Ed,1,1,1,1,1,1,1,1,1,1,0,0,0,0,1,1,0,1,0,1,0,1,1,1,1,1,0,0,1,0,0
2017-18,33,Tamilnadu,3320,THIRUVARUR,332008,KOTTUR,2,UPS (I-VIII),3,Local body,Rural,3,Co-Ed,26,26,24,26,26,25,26,25,26,26,0,0,0,0,26,15,0,1,0,17,0,25,26,8,21,26,26,0,25,4,0
2017-18,33,Tamilnadu,3320,THIRUVARUR,332008,KOTTUR,2,UPS (I-VIII),4,Government Aided,Rural,3,Co-Ed,1,1,1,1,1,1,1,1,1,1,0,0,0,0,1,1,0,0,0,0,0,1,1,1,1,1,1,0,1,0,0
2017-18,33,Tamilnadu,3320,THIRUVARUR,332008,KOTTUR,4,UPS (VI-VIII),3,Local body,Rural,3,Co-Ed,1,1,1,1,1,1,1,1,1,1,0,0,0,0,1,1,0,0,0,1,0,1,1,1,1,1,1,0,0,0,0
2017-18,33,Tamilnadu,3320,THIRUVARUR,332009,THIRUTHURAIPOONDI,3,HSS (I-XII),5,Private Unaided (Recognized),Urban,3,Co-Ed,2,2,2,2,2,2,2,2,2,2,0,0,0,0,2,2,0,2,0,2,2,2,2,2,2,2,0,0,2,0,0
2017-18,33,Tamilnadu,3320,THIRUVARUR,332009,THIRUTHURAIPOONDI,5,HSS (VI-XII),1,Department of Education,Urban,2,Girls,1,1,1,1,1,1,1,0,1,1,0,0,0,0,1,1,0,1,0,1,0,1,1,1,0,1,1,0,1,1,0
2017-18,33,Tamilnadu,3320,THIRUVARUR,332009,THIRUTHURAIPOONDI,5,HSS (VI-XII),4,Government Aided,Urban,2,Girls,1,1,0,1,1,1,1,0,1,1,0,0,0,0,1,1,0,1,0,0,1,1,1,0,1,1,0,0,1,0,0
2017-18,33,Tamilnadu,3320,THIRUVARUR,332009,THIRUTHURAIPOONDI,5,HSS (VI-XII),1,Department of Education,Rural,3,Co-Ed,6,6,6,6,6,6,6,6,6,6,0,0,0,0,5,1,0,6,0,6,0,6,6,6,5,6,4,0,6,2,0
2017-18,33,Tamilnadu,3320,THIRUVARUR,332009,THIRUTHURAIPOONDI,5,HSS (VI-XII),1,Department of Education,Urban,3,Co-Ed,1,1,1,1,1,1,1,1,1,1,0,0,0,0,1,0,0,1,0,1,0,1,1,1,1,1,1,0,1,1,0
2017-18,33,Tamilnadu,3320,THIRUVARUR,332009,THIRUTHURAIPOONDI,5,HSS (VI-XII),2,Tribal Welfare Department,Urban,3,Co-Ed,1,1,1,1,1,1,1,1,1,1,0,0,0,0,0,0,0,1,0,1,0,1,1,1,0,0,1,0,1,1,0
2017-18,33,Tamilnadu,3320,THIRUVARUR,332009,THIRUTHURAIPOONDI,1,PS (I-V),3,Local body,Rural,3,Co-Ed,29,29,3,21,29,29,29,29,29,29,0,0,0,0,27,12,0,2,0,15,0,29,28,15,24,26,29,0,19,13,0
2017-18,33,Tamilnadu,3320,THIRUVARUR,332009,THIRUTHURAIPOONDI,1,PS (I-V),4,Government Aided,Rural,3,Co-Ed,6,6,1,2,6,6,6,6,6,6,0,0,0,0,5,4,0,0,0,5,0,6,6,4,6,5,3,0,6,1,0
2017-18,33,Tamilnadu,3320,THIRUVARUR,332009,THIRUTHURAIPOONDI,1,PS (I-V),5,Private Unaided (Recognized),Rural,3,Co-Ed,8,8,1,7,8,8,8,8,8,8,0,0,0,0,7,7,0,7,0,8,0,8,8,7,7,5,4,0,8,2,0
2017-18,33,Tamilnadu,3320,THIRUVARUR,332009,THIRUTHURAIPOONDI,1,PS (I-V),2,Tribal Welfare Department,Urban,3,Co-Ed,1,1,0,1,1,1,1,0,1,1,0,0,0,0,1,0,0,0,0,1,0,1,1,1,1,1,1,0,1,1,0
2017-18,33,Tamilnadu,3320,THIRUVARUR,332009,THIRUTHURAIPOONDI,1,PS (I-V),3,Local body,Urban,3,Co-Ed,2,2,0,0,2,2,2,2,2,2,0,0,0,0,2,0,0,0,0,1,0,2,2,2,1,2,1,0,2,0,0
2017-18,33,Tamilnadu,3320,THIRUVARUR,332009,THIRUTHURAIPOONDI,1,PS (I-V),4,Government Aided,Urban,3,Co-Ed,5,5,0,0,5,5,5,5,5,5,0,0,0,0,5,5,0,1,0,2,0,5,5,4,5,4,4,0,4,1,0
2017-18,33,Tamilnadu,3320,THIRUVARUR,332009,THIRUTHURAIPOONDI,1,PS (I-V),5,Private Unaided (Recognized),Urban,3,Co-Ed,3,3,0,2,3,3,3,3,3,3,0,0,0,0,3,2,0,2,0,1,0,3,3,2,3,1,1,0,3,2,0
2017-18,33,Tamilnadu,3320,THIRUVARUR,332009,THIRUTHURAIPOONDI,7,SS (VI-X),1,Department of Education,Rural,3,Co-Ed,4,4,4,3,4,3,4,4,4,4,0,0,0,0,2,0,0,3,0,4,1,4,4,2,1,4,2,0,2,1,0
2017-18,33,Tamilnadu,3320,THIRUVARUR,332009,THIRUTHURAIPOONDI,7,SS (VI-X),4,Government Aided,Rural,3,Co-Ed,1,1,1,1,1,1,1,1,1,1,0,0,0,0,1,1,0,1,0,1,0,1,1,1,1,1,1,0,1,0,0
2017-18,33,Tamilnadu,3320,THIRUVARUR,332009,THIRUTHURAIPOONDI,2,UPS (I-VIII),3,Local body,Rural,3,Co-Ed,18,18,16,18,18,18,18,18,18,18,0,0,0,0,18,13,0,1,0,13,0,18,18,12,15,17,17,0,18,7,0
2017-18,33,Tamilnadu,3320,THIRUVARUR,332009,THIRUTHURAIPOONDI,2,UPS (I-VIII),4,Government Aided,Rural,3,Co-Ed,3,3,3,2,3,3,3,3,3,3,0,0,0,0,3,2,0,1,0,3,0,3,3,2,3,3,2,0,3,2,0
2017-18,33,Tamilnadu,3320,THIRUVARUR,332009,THIRUTHURAIPOONDI,2,UPS (I-VIII),5,Private Unaided (Recognized),Rural,3,Co-Ed,2,2,2,2,2,1,2,2,2,2,0,0,0,0,2,2,0,2,0,2,1,2,2,2,2,2,2,0,2,2,0
2017-18,33,Tamilnadu,3320,THIRUVARUR,332009,THIRUTHURAIPOONDI,2,UPS (I-VIII),8,Unrecognized,Rural,3,Co-Ed,1,1,0,1,1,0,1,1,1,1,0,0,0,0,1,1,0,0,0,1,0,0,0,0,1,0,1,0,1,0,0
2017-18,33,Tamilnadu,3320,THIRUVARUR,332009,THIRUTHURAIPOONDI,2,UPS (I-VIII),3,Local body,Urban,3,Co-Ed,1,1,1,1,1,1,1,1,1,1,0,0,0,0,1,1,0,0,0,1,0,1,1,1,1,1,1,0,1,1,0
2017-18,33,Tamilnadu,3320,THIRUVARUR,332009,THIRUTHURAIPOONDI,2,UPS (I-VIII),5,Private Unaided (Recognized),Urban,3,Co-Ed,1,1,0,1,1,1,1,1,1,1,0,0,0,0,0,1,0,1,0,1,0,1,0,1,1,1,0,0,1,1,0
2017-18,33,Tamilnadu,3320,THIRUVARUR,332009,THIRUTHURAIPOONDI,4,UPS (VI-VIII),4,Government Aided,Rural,3,Co-Ed,1,1,1,0,1,1,1,1,1,1,0,0,0,0,1,1,0,0,0,1,0,1,1,1,1,1,1,0,0,0,0
2017-18,33,Tamilnadu,3320,THIRUVARUR,332010,MUTHUPETTAI,3,HSS (I-XII),5,Private Unaided (Recognized),Urban,2,Girls,1,1,1,1,1,1,1,0,1,1,0,0,0,0,1,1,0,1,0,1,1,1,1,1,1,1,0,0,1,1,0
2017-18,33,Tamilnadu,3320,THIRUVARUR,332010,MUTHUPETTAI,3,HSS (I-XII),5,Private Unaided (Recognized),Urban,3,Co-Ed,2,2,1,2,2,2,2,2,2,2,0,0,0,0,2,2,0,2,0,2,1,2,1,2,2,2,0,0,2,2,0
2017-18,33,Tamilnadu,3320,THIRUVARUR,332010,MUTHUPETTAI,5,HSS (VI-XII),1,Department of Education,Rural,1,Boys,1,1,1,1,1,0,1,1,0,1,0,0,0,0,1,1,0,1,0,1,0,1,1,0,1,1,1,0,1,0,0
2017-18,33,Tamilnadu,3320,THIRUVARUR,332010,MUTHUPETTAI,5,HSS (VI-XII),4,Government Aided,Urban,2,Girls,1,1,1,1,1,1,1,0,1,1,0,0,0,0,0,1,0,1,0,1,0,0,1,1,1,1,1,0,1,0,0
2017-18,33,Tamilnadu,3320,THIRUVARUR,332010,MUTHUPETTAI,5,HSS (VI-XII),1,Department of Education,Rural,3,Co-Ed,4,4,3,4,4,4,4,4,4,4,0,0,0,0,4,3,0,4,0,3,0,2,4,3,4,4,4,0,4,3,0
2017-18,33,Tamilnadu,3320,THIRUVARUR,332010,MUTHUPETTAI,1,PS (I-V),2,Tribal Welfare Department,Rural,3,Co-Ed,1,1,0,0,1,1,1,1,1,1,0,0,0,0,1,0,0,0,0,0,0,1,1,0,1,1,1,0,1,0,0
2017-18,33,Tamilnadu,3320,THIRUVARUR,332010,MUTHUPETTAI,1,PS (I-V),3,Local body,Rural,3,Co-Ed,48,48,1,27,48,48,48,48,48,48,0,0,0,0,48,16,0,0,0,35,0,48,48,7,44,47,46,0,31,14,0
2017-18,33,Tamilnadu,3320,THIRUVARUR,332010,MUTHUPETTAI,1,PS (I-V),4,Government Aided,Rural,3,Co-Ed,3,3,0,1,3,3,3,3,3,3,0,0,0,0,3,2,0,0,0,3,0,3,3,1,3,1,0,0,1,0,0
2017-18,33,Tamilnadu,3320,THIRUVARUR,332010,MUTHUPETTAI,1,PS (I-V),5,Private Unaided (Recognized),Rural,3,Co-Ed,3,3,0,3,3,3,3,3,3,3,0,0,0,0,3,3,0,2,0,3,0,1,2,3,3,2,1,0,3,2,0
2017-18,33,Tamilnadu,3320,THIRUVARUR,332010,MUTHUPETTAI,1,PS (I-V),2,Tribal Welfare Department,Urban,3,Co-Ed,1,1,0,0,1,1,1,1,1,1,0,0,0,0,1,0,0,0,0,1,0,1,1,0,1,1,1,0,0,1,0
2017-18,33,Tamilnadu,3320,THIRUVARUR,332010,MUTHUPETTAI,1,PS (I-V),3,Local body,Urban,3,Co-Ed,3,3,0,0,3,3,3,3,3,3,0,0,0,0,3,1,0,0,0,3,0,3,3,0,3,3,3,0,2,1,0
2017-18,33,Tamilnadu,3320,THIRUVARUR,332010,MUTHUPETTAI,1,PS (I-V),4,Government Aided,Urban,3,Co-Ed,1,1,0,0,1,1,1,1,1,1,0,0,0,0,1,1,0,0,0,1,0,1,1,0,1,1,1,0,1,0,0
2017-18,33,Tamilnadu,3320,THIRUVARUR,332010,MUTHUPETTAI,6,SS (I-X),5,Private Unaided (Recognized),Rural,3,Co-Ed,5,5,2,5,5,5,5,5,5,5,0,0,0,0,5,5,0,5,0,5,2,5,4,5,5,5,1,0,5,3,0
2017-18,33,Tamilnadu,3320,THIRUVARUR,332010,MUTHUPETTAI,7,SS (VI-X),1,Department of Education,Rural,3,Co-Ed,10,10,10,2,10,10,10,10,10,10,0,0,0,0,10,4,0,4,0,10,0,1,10,9,8,8,10,0,6,2,0
2017-18,33,Tamilnadu,3320,THIRUVARUR,332010,MUTHUPETTAI,2,UPS (I-VIII),3,Local body,Rural,3,Co-Ed,21,21,19,21,21,21,21,21,21,21,0,0,0,0,21,13,0,0,0,15,0,21,21,8,18,20,21,0,21,7,0
2017-18,33,Tamilnadu,3320,THIRUVARUR,332010,MUTHUPETTAI,2,UPS (I-VIII),3,Local body,Urban,3,Co-Ed,5,5,5,5,5,5,5,5,5,5,0,0,0,0,5,5,0,0,0,2,0,5,5,4,5,5,5,0,5,3,0
