Academic_Year,State_Code,State_Name,District_Code,District_Name,Block_Code,Udise_Block_Name,School_Category_Id,School_Category_Name,School_Management_Id,School_Management_Name,Location,School_Type_Id,School_Type,Total_Number_of_Schools,Building,Complete_Medical_Checkup,Computer_Available,Functional_Drinking_Water,Drinking_Water,Functional_Electricity,Functional_Boy_Toilet,Functional_Girl_Toilet,Functional_Toilet_Facility,Functional_Toilet_and_Urinal,Functional_Urinal,Functional_Urinal_Boy,Functional_Urinal_Girl,Handwash,Separate_Room_for_Headmaster,Incinerator,Internet,Kitchen_Garden,Land_Available,Librarian,Library_or_Reading_Corner_or_Book_Bank,Medical_Checkup,Newspaper,Playground,Rain_Water_Harvesting,Ramps,Solar_Panel,Furniture,Water_Purifier,Water_Tested
2017-18,33,Tamilnadu,3313,DINDIGUL,331301,ATHOOR,3,HSS (I-XII),5,Private Unaided (Recognized),Rural,3,Co-Ed,4,4,1,4,4,4,4,4,4,4,0,0,0,0,4,4,0,4,0,4,2,4,4,3,4,4,1,0,4,2,0
2017-18,33,Tamilnadu,3313,DINDIGUL,331301,ATHOOR,3,HSS (I-XII),92,Kendriya Vidyalaya / Central School,Rural,3,Co-Ed,1,1,0,1,1,1,1,1,1,1,0,0,0,0,1,1,0,1,0,1,1,1,1,1,1,1,1,0,1,1,0
2017-18,33,Tamilnadu,3313,DINDIGUL,331301,ATHOOR,5,HSS (VI-XII),4,Government Aided,Rural,2,Girls,2,2,2,2,2,2,2,0,2,2,0,0,0,0,1,2,0,2,0,1,1,2,2,2,2,2,1,0,2,0,0
2017-18,33,Tamilnadu,3313,DINDIGUL,331301,ATHOOR,5,HSS (VI-XII),1,Department of Education,Rural,3,Co-Ed,6,6,6,6,6,6,6,6,6,6,0,0,0,0,4,5,0,6,0,6,0,6,6,6,6,6,6,0,6,3,0
2017-18,33,Tamilnadu,3313,DINDIGUL,331301,ATHOOR,5,HSS (VI-XII),2,Tribal Welfare Department,Rural,3,Co-Ed,2,2,2,2,2,2,2,2,2,2,0,0,0,0,2,2,0,2,0,2,0,2,2,2,2,2,1,0,2,1,0
2017-18,33,Tamilnadu,3313,DINDIGUL,331301,ATHOOR,5,HSS (VI-XII),4,Government Aided,Rural,3,Co-Ed,3,3,1,3,3,3,3,3,3,3,0,0,0,0,3,3,0,3,0,3,0,3,3,3,3,3,1,0,3,1,0
2017-18,33,Tamilnadu,3313,DINDIGUL,331301,ATHOOR,5,HSS (VI-XII),1,Department of Education,Urban,3,Co-Ed,1,1,0,1,1,1,1,1,1,1,0,0,0,0,1,1,0,1,0,1,0,1,1,1,1,1,0,0,1,0,0
2017-18,33,Tamilnadu,3313,DINDIGUL,331301,ATHOOR,1,PS (I-V),4,Government Aided,Rural,1,Boys,1,1,0,0,1,1,0,1,0,1,0,0,0,0,0,1,0,0,0,0,0,1,1,1,1,1,1,0,0,1,0
2017-18,33,Tamilnadu,3313,DINDIGUL,331301,ATHOOR,1,PS (I-V),4,Government Aided,Rural,2,Girls,1,1,0,0,1,1,1,0,1,1,0,0,0,0,1,1,0,0,0,0,0,1,1,0,1,1,0,0,0,1,0
2017-18,33,Tamilnadu,3313,DINDIGUL,331301,ATHOOR,1,PS (I-V),2,Tribal Welfare Department,Rural,3,Co-Ed,6,6,1,1,6,5,6,6,6,6,0,0,0,0,6,2,0,0,0,3,0,6,6,2,4,4,3,0,1,3,0
2017-18,33,Tamilnadu,3313,DINDIGUL,331301,ATHOOR,1,PS (I-V),3,Local body,Rural,3,Co-Ed,39,39,9,9,39,39,39,38,39,39,0,0,0,0,31,8,0,1,0,9,0,39,38,8,26,31,35,0,8,25,0
2017-18,33,Tamilnadu,3313,DINDIGUL,331301,ATHOOR,1,PS (I-V),4,Government Aided,Rural,3,Co-Ed,11,11,2,1,11,11,8,11,11,11,0,0,0,0,9,9,0,1,0,7,0,11,11,6,9,6,7,0,3,2,0
2017-18,33,Tamilnadu,3313,DINDIGUL,331301,ATHOOR,1,PS (I-V),5,Private Unaided (Recognized),Rural,3,Co-Ed,9,9,4,8,9,9,9,9,9,9,0,0,0,0,8,6,0,5,0,4,0,9,8,8,7,5,2,0,9,5,0
2017-18,33,Tamilnadu,3313,DINDIGUL,331301,ATHOOR,1,PS (I-V),6,Other Govt. managed schools,Rural,3,Co-Ed,4,4,0,1,4,4,4,4,4,4,0,0,0,0,4,1,0,0,0,2,0,4,4,0,3,2,4,0,2,4,0
2017-18,33,Tamilnadu,3313,DINDIGUL,331301,ATHOOR,1,PS (I-V),8,Unrecognized,Rural,3,Co-Ed,1,1,0,0,1,1,1,1,1,1,0,0,0,0,1,1,0,0,0,1,0,0,1,1,0,1,0,0,1,1,0
2017-18,33,Tamilnadu,3313,DINDIGUL,331301,ATHOOR,1,PS (I-V),3,Local body,Urban,3,Co-Ed,8,8,1,3,8,8,8,8,8,8,0,0,0,0,8,2,0,0,0,2,0,8,8,0,7,5,4,0,3,7,0
2017-18,33,Tamilnadu,3313,DINDIGUL,331301,ATHOOR,1,PS (I-V),4,Government Aided,Urban,3,Co-Ed,4,4,1,1,4,4,4,4,4,4,0,0,0,0,4,4,0,1,0,3,0,4,4,1,3,4,3,0,3,4,0
2017-18,33,Tamilnadu,3313,DINDIGUL,331301,ATHOOR,1,PS (I-V),6,Other Govt. managed schools,Urban,3,Co-Ed,1,1,1,0,1,1,1,1,1,1,0,0,0,0,0,0,0,0,0,0,0,1,1,1,0,0,1,0,0,0,0
2017-18,33,Tamilnadu,3313,DINDIGUL,331301,ATHOOR,6,SS (I-X),5,Private Unaided (Recognized),Rural,3,Co-Ed,3,3,1,3,3,3,3,3,3,3,0,0,0,0,3,3,0,3,0,3,1,3,3,3,3,3,1,0,3,3,0
2017-18,33,Tamilnadu,3313,DINDIGUL,331301,ATHOOR,6,SS (I-X),6,Other Govt. managed schools,Rural,3,Co-Ed,1,1,0,1,1,1,1,1,1,1,0,0,0,0,1,1,0,1,0,1,1,1,1,1,1,1,1,0,1,1,0
2017-18,33,Tamilnadu,3313,DINDIGUL,331301,ATHOOR,7,SS (VI-X),4,Government Aided,Rural,2,Girls,1,1,1,0,1,1,1,0,1,1,0,0,0,0,1,1,0,1,0,1,0,1,1,1,1,1,1,0,1,0,0
2017-18,33,Tamilnadu,3313,DINDIGUL,331301,ATHOOR,7,SS (VI-X),1,Department of Education,Rural,3,Co-Ed,1,1,1,0,1,1,1,1,1,1,0,0,0,0,1,1,0,0,0,0,0,1,1,1,1,1,1,0,1,1,0
2017-18,33,Tamilnadu,3313,DINDIGUL,331301,ATHOOR,7,SS (VI-X),6,Other Govt. managed schools,Rural,3,Co-Ed,1,1,1,1,1,1,1,1,1,1,0,0,0,0,1,1,0,1,0,1,0,1,1,1,1,1,1,0,1,1,0
2017-18,33,Tamilnadu,3313,DINDIGUL,331301,ATHOOR,7,SS (VI-X),1,Department of Education,Urban,3,Co-Ed,1,1,1,0,1,1,1,1,1,1,0,0,0,0,0,1,0,1,0,1,0,1,1,1,1,1,1,0,1,1,0
2017-18,33,Tamilnadu,3313,DINDIGUL,331301,ATHOOR,7,SS (VI-X),4,Government Aided,Urban,3,Co-Ed,1,1,1,0,1,1,1,1,1,1,0,0,0,0,1,1,0,1,0,1,0,1,1,1,1,1,1,0,1,0,0
2017-18,33,Tamilnadu,3313,DINDIGUL,331301,ATHOOR,2,UPS (I-VIII),3,Local body,Rural,3,Co-Ed,8,8,7,8,8,8,8,8,8,8,0,0,0,0,7,4,0,0,0,3,0,8,8,2,8,7,8,0,8,4,0
2017-18,33,Tamilnadu,3313,DINDIGUL,331301,ATHOOR,2,UPS (I-VIII),4,Government Aided,Rural,3,Co-Ed,5,5,4,0,5,5,5,5,5,5,0,0,0,0,5,4,0,0,0,2,0,5,5,3,5,3,2,0,4,2,0
2017-18,33,Tamilnadu,3313,DINDIGUL,331301,ATHOOR,2,UPS (I-VIII),5,Private Unaided (Recognized),Urban,3,Co-Ed,1,1,0,1,1,1,1,1,1,1,0,0,0,0,1,1,0,1,0,1,1,1,1,1,1,1,0,0,1,1,0
2017-18,33,Tamilnadu,3313,DINDIGUL,331302,BATLAGUNDU,3,HSS (I-XII),5,Private Unaided (Recognized),Rural,3,Co-Ed,2,2,2,2,2,2,2,2,2,2,0,0,0,0,2,2,0,2,0,2,2,2,2,2,2,2,0,0,2,1,0
2017-18,33,Tamilnadu,3313,DINDIGUL,331302,BATLAGUNDU,3,HSS (I-XII),5,Private Unaided (Recognized),Urban,3,Co-Ed,3,3,1,3,3,3,3,3,3,3,0,0,0,0,3,3,0,3,0,1,1,3,3,3,3,3,0,0,3,3,0
2017-18,33,Tamilnadu,3313,DINDIGUL,331302,BATLAGUNDU,5,HSS (VI-XII),1,Department of Education,Urban,1,Boys,1,1,0,1,1,1,1,1,0,1,0,0,0,0,0,1,0,1,0,1,0,1,1,1,1,1,1,0,1,1,0
2017-18,33,Tamilnadu,3313,DINDIGUL,331302,BATLAGUNDU,5,HSS (VI-XII),4,Government Aided,Urban,1,Boys,1,1,1,1,1,1,1,1,0,1,0,0,0,0,1,1,0,1,0,1,1,1,1,1,1,1,1,0,1,1,0
2017-18,33,Tamilnadu,3313,DINDIGUL,331302,BATLAGUNDU,5,HSS (VI-XII),4,Government Aided,Rural,2,Girls,1,1,1,1,1,1,1,0,1,1,0,0,0,0,1,1,0,1,0,0,0,1,1,1,1,1,0,0,1,0,0
2017-18,33,Tamilnadu,3313,DINDIGUL,331302,BATLAGUNDU,5,HSS (VI-XII),4,Government Aided,Urban,2,Girls,2,2,1,2,2,2,2,0,2,2,0,0,0,0,1,2,0,2,0,1,0,2,2,2,2,2,1,0,2,2,0
2017-18,33,Tamilnadu,3313,DINDIGUL,331302,BATLAGUNDU,5,HSS (VI-XII),1,Department of Education,Rural,3,Co-Ed,3,3,2,2,3,2,3,3,3,3,0,0,0,0,2,3,0,2,0,3,0,3,3,3,3,3,3,0,3,0,0
2017-18,33,Tamilnadu,3313,DINDIGUL,331302,BATLAGUNDU,5,HSS (VI-XII),4,Government Aided,Rural,3,Co-Ed,1,1,0,1,1,1,1,1,1,1,0,0,0,0,1,1,0,1,0,1,0,1,1,1,1,1,0,0,1,0,0
2017-18,33,Tamilnadu,3313,DINDIGUL,331302,BATLAGUNDU,5,HSS (VI-XII),6,Other Govt. managed schools,Rural,3,Co-Ed,2,2,2,2,2,1,2,2,2,2,0,0,0,0,1,1,0,1,0,1,0,2,2,2,1,2,2,0,2,0,0
2017-18,33,Tamilnadu,3313,DINDIGUL,331302,BATLAGUNDU,1,PS (I-V),2,Tribal Welfare Department,Rural,3,Co-Ed,2,2,0,1,2,2,2,2,2,2,0,0,0,0,2,0,0,0,0,1,0,2,2,2,1,2,1,0,1,1,0
2017-18,33,Tamilnadu,3313,DINDIGUL,331302,BATLAGUNDU,1,PS (I-V),3,Local body,Rural,3,Co-Ed,42,42,1,10,42,42,42,42,42,42,0,0,0,0,34,8,0,1,0,10,0,42,42,9,39,39,31,0,10,21,0
2017-18,33,Tamilnadu,3313,DINDIGUL,331302,BATLAGUNDU,1,PS (I-V),4,Government Aided,Rural,3,Co-Ed,1,1,0,0,1,1,1,1,1,1,0,0,0,0,1,0,0,0,0,0,0,1,1,0,1,1,0,0,0,0,0
2017-18,33,Tamilnadu,3313,DINDIGUL,331302,BATLAGUNDU,1,PS (I-V),5,Private Unaided (Recognized),Rural,3,Co-Ed,7,7,0,7,7,7,7,7,7,7,0,0,0,0,7,6,0,6,0,5,0,7,7,5,7,7,2,0,7,6,0
2017-18,33,Tamilnadu,3313,DINDIGUL,331302,BATLAGUNDU,1,PS (I-V),6,Other Govt. managed schools,Rural,3,Co-Ed,12,12,0,2,12,12,12,12,12,12,0,0,0,0,11,3,0,0,0,4,0,12,12,5,10,8,9,0,6,6,0
2017-18,33,Tamilnadu,3313,DINDIGUL,331302,BATLAGUNDU,1,PS (I-V),3,Local body,Urban,3,Co-Ed,1,1,0,0,1,1,1,1,1,1,0,0,0,0,1,0,0,0,0,0,0,1,1,0,1,1,1,0,0,0,0
2017-18,33,Tamilnadu,3313,DINDIGUL,331302,BATLAGUNDU,1,PS (I-V),4,Government Aided,Urban,3,Co-Ed,5,5,0,4,5,5,5,5,5,5,0,0,0,0,4,5,0,3,0,2,0,5,5,4,5,5,1,0,0,1,0
2017-18,33,Tamilnadu,3313,DINDIGUL,331302,BATLAGUNDU,1,PS (I-V),5,Private Unaided (Recognized),Urban,3,Co-Ed,4,4,0,4,4,4,4,4,4,4,0,0,0,0,4,4,0,2,0,3,2,4,3,4,4,2,2,0,4,2,0
2017-18,33,Tamilnadu,3313,DINDIGUL,331302,BATLAGUNDU,1,PS (I-V),8,Unrecognized,Urban,3,Co-Ed,3,3,0,3,3,0,3,3,3,3,0,0,0,0,3,3,0,3,0,3,0,3,0,3,3,2,1,0,3,2,0
2017-18,33,Tamilnadu,3313,DINDIGUL,331302,BATLAGUNDU,6,SS (I-X),5,Private Unaided (Recognized),Rural,3,Co-Ed,1,1,0,1,1,1,1,1,1,1,0,0,0,0,1,1,0,1,0,1,1,1,1,1,1,1,0,0,1,1,0
2017-18,33,Tamilnadu,3313,DINDIGUL,331302,BATLAGUNDU,6,SS (I-X),5,Private Unaided (Recognized),Urban,3,Co-Ed,1,1,0,1,1,1,1,1,1,1,0,0,0,0,1,1,0,1,0,1,0,1,1,1,1,1,0,0,1,1,0
2017-18,33,Tamilnadu,3313,DINDIGUL,331302,BATLAGUNDU,7,SS (VI-X),1,Department of Education,Rural,3,Co-Ed,3,3,1,1,3,3,3,3,3,3,0,0,0,0,2,3,0,2,0,3,0,3,3,3,3,3,3,0,3,1,0
2017-18,33,Tamilnadu,3313,DINDIGUL,331302,BATLAGUNDU,7,SS (VI-X),2,Tribal Welfare Department,Rural,3,Co-Ed,1,1,1,0,1,1,1,1,1,1,0,0,0,0,0,0,0,0,0,1,0,1,1,1,1,1,1,0,1,0,0
2017-18,33,Tamilnadu,3313,DINDIGUL,331302,BATLAGUNDU,7,SS (VI-X),6,Other Govt. managed schools,Rural,3,Co-Ed,1,1,1,1,1,1,1,1,1,1,0,0,0,0,1,0,0,0,0,1,0,1,1,1,1,0,1,0,1,0,0
2017-18,33,Tamilnadu,3313,DINDIGUL,331302,BATLAGUNDU,7,SS (VI-X),4,Government Aided,Urban,3,Co-Ed,1,1,1,1,1,1,1,1,1,1,0,0,0,0,1,1,0,1,0,1,0,1,1,1,1,1,1,0,1,0,0
2017-18,33,Tamilnadu,3313,DINDIGUL,331302,BATLAGUNDU,2,UPS (I-VIII),3,Local body,Rural,3,Co-Ed,7,7,7,7,7,7,7,7,7,7,0,0,0,0,6,6,0,0,0,3,0,7,7,4,6,6,7,0,6,0,0
2017-18,33,Tamilnadu,3313,DINDIGUL,331302,BATLAGUNDU,2,UPS (I-VIII),5,Private Unaided (Recognized),Rural,3,Co-Ed,1,1,0,1,1,0,1,1,1,1,0,0,0,0,1,1,0,1,0,1,0,1,0,1,1,0,1,0,1,1,0
2017-18,33,Tamilnadu,3313,DINDIGUL,331302,BATLAGUNDU,2,UPS (I-VIII),6,Other Govt. managed schools,Rural,3,Co-Ed,1,1,1,1,1,1,1,1,1,1,0,0,0,0,0,0,0,1,0,0,0,1,1,1,0,0,1,0,1,1,0
2017-18,33,Tamilnadu,3313,DINDIGUL,331302,BATLAGUNDU,2,UPS (I-VIII),3,Local body,Urban,3,Co-Ed,2,2,2,2,2,2,2,2,2,2,0,0,0,0,1,2,0,0,0,1,0,2,2,0,2,2,2,0,2,0,0
2017-18,33,Tamilnadu,3313,DINDIGUL,331302,BATLAGUNDU,2,UPS (I-VIII),4,Government Aided,Urban,3,Co-Ed,1,1,1,0,1,1,1,1,1,1,0,0,0,0,0,0,0,0,0,1,0,1,1,1,1,1,1,0,0,0,0
2017-18,33,Tamilnadu,3313,DINDIGUL,331302,BATLAGUNDU,2,UPS (I-VIII),5,Private Unaided (Recognized),Urban,3,Co-Ed,2,2,0,2,2,2,2,2,2,2,0,0,0,0,2,2,0,2,0,0,0,2,2,2,1,2,0,0,2,1,0
2017-18,33,Tamilnadu,3313,DINDIGUL,331303,DINDIGUL,3,HSS (I-XII),5,Private Unaided (Recognized),Rural,3,Co-Ed,8,8,0,8,8,8,8,8,8,8,0,0,0,0,7,8,0,8,0,8,5,8,8,7,8,8,2,0,8,0,0
2017-18,33,Tamilnadu,3313,DINDIGUL,331303,DINDIGUL,5,HSS (VI-XII),1,Department of Education,Rural,3,Co-Ed,3,3,0,3,3,3,3,3,3,3,0,0,0,0,1,1,0,1,0,3,0,3,3,2,3,3,3,0,3,0,0
2017-18,33,Tamilnadu,3313,DINDIGUL,331303,DINDIGUL,5,HSS (VI-XII),2,Tribal Welfare Department,Rural,3,Co-Ed,1,1,0,1,1,1,1,1,1,1,0,0,0,0,1,0,0,1,0,0,0,1,1,1,0,1,0,0,1,0,0
2017-18,33,Tamilnadu,3313,DINDIGUL,331303,DINDIGUL,5,HSS (VI-XII),4,Government Aided,Rural,3,Co-Ed,3,3,0,3,3,3,3,3,3,3,0,0,0,0,3,3,0,2,0,2,0,3,3,3,3,2,3,0,3,0,0
2017-18,33,Tamilnadu,3313,DINDIGUL,331303,DINDIGUL,5,HSS (VI-XII),5,Private Unaided (Recognized),Rural,3,Co-Ed,2,2,0,2,2,2,2,2,2,2,0,0,0,0,2,2,0,2,0,2,2,2,2,2,2,2,0,0,2,0,0
2017-18,33,Tamilnadu,3313,DINDIGUL,331303,DINDIGUL,1,PS (I-V),4,Government Aided,Rural,1,Boys,1,1,0,0,1,1,1,1,0,1,0,0,0,0,1,1,0,0,0,0,0,1,1,1,1,1,1,0,0,0,0
2017-18,33,Tamilnadu,3313,DINDIGUL,331303,DINDIGUL,1,PS (I-V),4,Government Aided,Rural,2,Girls,1,1,0,0,1,1,1,0,1,1,0,0,0,0,1,1,0,0,0,0,0,1,1,1,1,1,1,0,0,0,0
2017-18,33,Tamilnadu,3313,DINDIGUL,331303,DINDIGUL,1,PS (I-V),2,Tribal Welfare Department,Rural,3,Co-Ed,2,2,0,0,2,2,2,2,2,2,0,0,0,0,2,1,0,0,0,1,0,2,2,1,1,1,1,0,1,0,0
2017-18,33,Tamilnadu,3313,DINDIGUL,331303,DINDIGUL,1,PS (I-V),3,Local body,Rural,3,Co-Ed,53,53,7,13,53,51,50,53,53,53,0,0,0,0,44,6,0,3,0,8,0,53,50,17,39,29,40,0,24,9,0
2017-18,33,Tamilnadu,3313,DINDIGUL,331303,DINDIGUL,1,PS (I-V),4,Government Aided,Rural,3,Co-Ed,23,23,4,4,23,22,23,23,23,23,0,0,0,0,16,16,0,1,0,13,0,23,23,13,23,12,13,0,8,1,0
2017-18,33,Tamilnadu,3313,DINDIGUL,331303,DINDIGUL,1,PS (I-V),5,Private Unaided (Recognized),Rural,3,Co-Ed,9,9,0,7,9,7,9,9,9,9,0,0,0,0,8,9,0,4,0,7,0,9,8,7,9,4,0,0,9,1,0
2017-18,33,Tamilnadu,3313,DINDIGUL,331303,DINDIGUL,1,PS (I-V),6,Other Govt. managed schools,Rural,3,Co-Ed,4,4,1,0,4,4,4,4,4,4,0,0,0,0,4,0,0,0,0,1,0,4,3,1,3,4,2,0,2,0,0
2017-18,33,Tamilnadu,3313,DINDIGUL,331303,DINDIGUL,1,PS (I-V),8,Unrecognized,Rural,3,Co-Ed,4,4,0,3,4,2,4,4,4,4,0,0,0,0,4,3,0,1,0,3,0,3,4,2,3,1,1,0,4,0,0
2017-18,33,Tamilnadu,3313,DINDIGUL,331303,DINDIGUL,1,PS (I-V),90,Social welfare Department,Rural,3,Co-Ed,1,1,1,0,1,1,1,1,1,1,0,0,0,0,1,0,0,0,0,1,0,1,1,1,1,1,0,0,0,1,0
2017-18,33,Tamilnadu,3313,DINDIGUL,331303,DINDIGUL,6,SS (I-X),5,Private Unaided (Recognized),Rural,3,Co-Ed,9,9,0,9,9,9,9,9,9,9,0,0,0,0,9,8,0,8,0,8,1,9,9,8,8,6,3,0,9,2,0
2017-18,33,Tamilnadu,3313,DINDIGUL,331303,DINDIGUL,7,SS (VI-X),4,Government Aided,Rural,1,Boys,1,1,0,1,1,1,1,1,0,1,0,0,0,0,1,1,0,1,0,1,0,1,1,1,1,1,0,0,1,0,0
2017-18,33,Tamilnadu,3313,DINDIGUL,331303,DINDIGUL,7,SS (VI-X),1,Department of Education,Rural,3,Co-Ed,4,4,1,0,4,4,4,4,4,4,0,0,0,0,2,2,0,2,0,2,0,4,4,4,2,3,4,0,3,1,0
2017-18,33,Tamilnadu,3313,DINDIGUL,331303,DINDIGUL,7,SS (VI-X),4,Government Aided,Rural,3,Co-Ed,4,4,0,2,4,4,4,4,4,4,0,0,0,0,3,3,0,3,0,4,0,4,4,4,4,4,2,0,4,0,0
2017-18,33,Tamilnadu,3313,DINDIGUL,331303,DINDIGUL,2,UPS (I-VIII),3,Local body,Rural,3,Co-Ed,10,10,2,10,10,10,10,10,10,10,0,0,0,0,9,7,0,1,0,5,0,10,9,2,9,5,10,0,9,3,0
2017-18,33,Tamilnadu,3313,DINDIGUL,331303,DINDIGUL,2,UPS (I-VIII),4,Government Aided,Rural,3,Co-Ed,2,2,1,1,2,2,2,2,2,2,0,0,0,0,2,2,0,0,0,2,0,2,2,2,2,2,2,0,2,0,0
2017-18,33,Tamilnadu,3313,DINDIGUL,331303,DINDIGUL,2,UPS (I-VIII),5,Private Unaided (Recognized),Rural,3,Co-Ed,3,3,0,1,3,2,3,3,3,3,0,0,0,0,2,2,0,1,0,2,0,1,2,1,2,1,2,0,3,0,0
2017-18,33,Tamilnadu,3313,DINDIGUL,331304,GUZILIAMPARAI,5,HSS (VI-XII),1,Department of Education,Rural,3,Co-Ed,4,4,4,4,4,4,4,4,4,4,0,0,0,0,3,2,0,3,0,3,0,4,4,4,4,4,4,0,4,1,0
2017-18,33,Tamilnadu,3313,DINDIGUL,331304,GUZILIAMPARAI,1,PS (I-V),3,Local body,Rural,3,Co-Ed,76,76,65,16,76,75,76,76,76,76,0,0,0,0,59,8,0,1,0,11,0,76,76,17,71,75,65,0,5,21,0
2017-18,33,Tamilnadu,3313,DINDIGUL,331304,GUZILIAMPARAI,1,PS (I-V),4,Government Aided,Rural,3,Co-Ed,6,6,3,1,6,6,6,6,6,6,0,0,0,0,5,3,0,0,0,4,0,6,6,2,6,6,5,0,1,3,0
2017-18,33,Tamilnadu,3313,DINDIGUL,331304,GUZILIAMPARAI,1,PS (I-V),5,Private Unaided (Recognized),Rural,3,Co-Ed,2,2,1,2,2,2,2,2,2,2,0,0,0,0,2,2,0,1,0,2,0,2,2,2,2,1,0,0,2,1,0
2017-18,33,Tamilnadu,3313,DINDIGUL,331304,GUZILIAMPARAI,1,PS (I-V),8,Unrecognized,Rural,3,Co-Ed,1,1,0,0,1,0,1,1,1,1,0,0,0,0,1,0,0,0,0,0,0,0,0,0,1,0,0,0,1,0,0
2017-18,33,Tamilnadu,3313,DINDIGUL,331304,GUZILIAMPARAI,6,SS (I-X),5,Private Unaided (Recognized),Rural,3,Co-Ed,1,1,1,1,1,1,1,1,1,1,0,0,0,0,1,1,0,1,0,1,1,1,1,1,1,1,1,0,1,0,0
2017-18,33,Tamilnadu,3313,DINDIGUL,331304,GUZILIAMPARAI,7,SS (VI-X),1,Department of Education,Rural,3,Co-Ed,4,4,4,1,4,3,4,4,4,4,0,0,0,0,4,2,0,1,0,3,0,4,4,3,4,2,2,0,2,1,0
2017-18,33,Tamilnadu,3313,DINDIGUL,331304,GUZILIAMPARAI,7,SS (VI-X),4,Government Aided,Rural,3,Co-Ed,2,2,2,2,2,2,2,2,2,2,0,0,0,0,1,2,0,2,0,2,0,2,2,2,2,2,1,0,2,0,0
2017-18,33,Tamilnadu,3313,DINDIGUL,331304,GUZILIAMPARAI,7,SS (VI-X),5,Private Unaided (Recognized),Rural,3,Co-Ed,2,2,2,2,2,2,2,2,2,2,0,0,0,0,2,2,0,2,0,2,1,2,2,2,2,2,0,0,2,0,0
2017-18,33,Tamilnadu,3313,DINDIGUL,331304,GUZILIAMPARAI,2,UPS (I-VIII),3,Local body,Rural,3,Co-Ed,14,14,14,14,14,14,14,14,14,14,0,0,0,0,10,9,0,0,0,4,0,14,14,9,12,14,12,0,14,5,0
2017-18,33,Tamilnadu,3313,DINDIGUL,331304,GUZILIAMPARAI,2,UPS (I-VIII),4,Government Aided,Rural,3,Co-Ed,2,2,2,2,2,2,2,2,2,2,0,0,0,0,2,2,0,0,0,0,0,2,2,1,2,2,2,0,2,1,0
2017-18,33,Tamilnadu,3313,DINDIGUL,331304,GUZILIAMPARAI,2,UPS (I-VIII),5,Private Unaided (Recognized),Rural,3,Co-Ed,1,1,1,1,1,1,1,1,1,1,0,0,0,0,1,1,0,1,0,1,0,1,1,1,1,1,1,0,1,0,0
2017-18,33,Tamilnadu,3313,DINDIGUL,331304,GUZILIAMPARAI,2,UPS (I-VIII),8,Unrecognized,Rural,3,Co-Ed,1,1,0,1,1,0,1,1,1,1,0,0,0,0,1,1,0,1,0,1,0,1,1,1,1,1,0,0,1,1,0
2017-18,33,Tamilnadu,3313,DINDIGUL,331305,KODIKANAL,3,HSS (I-XII),5,Private Unaided (Recognized),Rural,3,Co-Ed,2,2,1,2,2,2,2,2,2,2,0,0,0,0,2,2,0,2,0,2,1,2,1,2,2,2,0,0,2,2,0
2017-18,33,Tamilnadu,3313,DINDIGUL,331305,KODIKANAL,3,HSS (I-XII),6,Other Govt. managed schools,Rural,3,Co-Ed,1,1,0,1,1,1,1,1,1,1,0,0,0,0,1,1,0,1,0,1,0,1,1,1,1,1,1,0,1,0,0
2017-18,33,Tamilnadu,3313,DINDIGUL,331305,KODIKANAL,3,HSS (I-XII),5,Private Unaided (Recognized),Urban,3,Co-Ed,7,7,3,7,7,7,7,7,7,7,0,0,0,0,7,7,0,7,0,7,7,7,7,7,7,7,2,0,7,5,0
2017-18,33,Tamilnadu,3313,DINDIGUL,331305,KODIKANAL,3,HSS (I-XII),6,Other Govt. managed schools,Urban,3,Co-Ed,2,2,0,2,2,2,2,2,2,2,0,0,0,0,2,2,0,2,0,2,2,2,2,2,2,2,0,0,2,2,0
2017-18,33,Tamilnadu,3313,DINDIGUL,331305,KODIKANAL,5,HSS (VI-XII),4,Government Aided,Urban,1,Boys,1,1,0,1,1,1,1,1,0,1,0,0,0,0,1,1,0,1,0,1,0,1,1,1,1,1,1,0,1,0,0
2017-18,33,Tamilnadu,3313,DINDIGUL,331305,KODIKANAL,5,HSS (VI-XII),4,Government Aided,Urban,2,Girls,1,1,1,1,1,1,1,0,1,1,0,0,0,0,1,1,0,1,0,1,0,1,1,1,1,1,1,0,1,0,0
2017-18,33,Tamilnadu,3313,DINDIGUL,331305,KODIKANAL,5,HSS (VI-XII),1,Department of Education,Rural,3,Co-Ed,2,2,1,2,2,2,2,2,2,2,0,0,0,0,2,0,0,2,0,2,0,2,2,2,2,0,0,0,2,0,0
2017-18,33,Tamilnadu,3313,DINDIGUL,331305,KODIKANAL,5,HSS (VI-XII),1,Department of Education,Urban,3,Co-Ed,2,2,0,2,2,2,2,2,2,2,0,0,0,0,1,2,0,2,0,1,0,2,2,2,2,0,2,0,2,0,0
2017-18,33,Tamilnadu,3313,DINDIGUL,331305,KODIKANAL,5,HSS (VI-XII),4,Government Aided,Urban,3,Co-Ed,2,2,2,2,2,2,2,2,2,2,0,0,0,0,2,2,0,2,0,2,0,2,2,2,2,2,0,0,2,0,0
2017-18,33,Tamilnadu,3313,DINDIGUL,331305,KODIKANAL,1,PS (I-V),1,Department of Education,Rural,3,Co-Ed,1,1,0,0,1,1,1,1,1,1,0,0,0,0,1,0,0,0,0,0,0,1,1,0,1,0,1,0,1,1,0
2017-18,33,Tamilnadu,3313,DINDIGUL,331305,KODIKANAL,1,PS (I-V),2,Tribal Welfare Department,Rural,3,Co-Ed,4,4,4,0,4,4,3,4,4,4,0,0,0,0,1,1,0,1,0,1,0,4,4,1,3,2,1,0,3,0,0
2017-18,33,Tamilnadu,3313,DINDIGUL,331305,KODIKANAL,1,PS (I-V),3,Local body,Rural,3,Co-Ed,35,35,23,9,35,34,35,35,35,35,0,0,0,0,18,1,0,3,0,10,0,35,35,8,24,26,24,0,28,19,0
2017-18,33,Tamilnadu,3313,DINDIGUL,331305,KODIKANAL,1,PS (I-V),4,Government Aided,Rural,3,Co-Ed,11,11,7,4,11,11,11,11,11,11,0,0,0,0,6,5,0,1,0,4,0,11,11,6,11,11,6,0,8,9,0
2017-18,33,Tamilnadu,3313,DINDIGUL,331305,KODIKANAL,1,PS (I-V),5,Private Unaided (Recognized),Rural,3,Co-Ed,8,8,3,6,8,7,8,8,8,8,0,0,0,0,7,4,0,1,0,6,1,8,8,7,8,6,1,0,7,2,0
2017-18,33,Tamilnadu,3313,DINDIGUL,331305,KODIKANAL,1,PS (I-V),3,Local body,Urban,3,Co-Ed,7,7,4,2,7,6,7,7,7,7,0,0,0,0,4,1,0,1,0,1,0,7,7,1,5,6,6,0,6,6,0
2017-18,33,Tamilnadu,3313,DINDIGUL,331305,KODIKANAL,1,PS (I-V),4,Government Aided,Urban,3,Co-Ed,5,5,2,3,5,5,5,5,5,5,0,0,0,0,4,5,0,0,0,4,0,5,5,5,5,4,5,0,5,4,0
2017-18,33,Tamilnadu,3313,DINDIGUL,331305,KODIKANAL,1,PS (I-V),5,Private Unaided (Recognized),Urban,3,Co-Ed,6,6,1,6,6,5,6,6,6,6,0,0,0,0,6,6,0,4,0,2,1,6,3,4,6,5,0,0,6,4,0
2017-18,33,Tamilnadu,3313,DINDIGUL,331305,KODIKANAL,6,SS (I-X),5,Private Unaided (Recognized),Urban,3,Co-Ed,2,2,1,2,2,2,2,2,2,2,0,0,0,0,2,2,0,2,0,2,1,2,2,2,2,2,0,0,2,1,0
2017-18,33,Tamilnadu,3313,DINDIGUL,331305,KODIKANAL,7,SS (VI-X),1,Department of Education,Urban,2,Girls,1,1,1,1,1,1,1,0,1,1,0,0,0,0,0,1,0,1,0,1,0,1,1,1,1,1,0,0,1,0,0
2017-18,33,Tamilnadu,3313,DINDIGUL,331305,KODIKANAL,7,SS (VI-X),1,Department of Education,Rural,3,Co-Ed,5,5,5,4,5,5,5,5,5,5,0,0,0,0,5,2,0,4,0,4,0,5,5,5,4,3,4,0,5,0,0
2017-18,33,Tamilnadu,3313,DINDIGUL,331305,KODIKANAL,7,SS (VI-X),4,Government Aided,Rural,3,Co-Ed,2,2,2,0,2,2,2,2,2,2,0,0,0,0,2,2,0,1,0,1,0,2,2,2,2,2,0,0,2,1,0
2017-18,33,Tamilnadu,3313,DINDIGUL,331305,KODIKANAL,7,SS (VI-X),4,Government Aided,Urban,3,Co-Ed,1,1,1,1,1,1,1,1,1,1,0,0,0,0,1,1,0,1,0,1,0,1,1,1,1,1,1,0,1,0,0
2017-18,33,Tamilnadu,3313,DINDIGUL,331305,KODIKANAL,2,UPS (I-VIII),3,Local body,Rural,3,Co-Ed,11,11,11,11,11,10,11,11,11,11,0,0,0,0,7,2,0,2,0,5,0,11,11,2,8,10,9,0,11,5,0
2017-18,33,Tamilnadu,3313,DINDIGUL,331305,KODIKANAL,2,UPS (I-VIII),5,Private Unaided (Recognized),Rural,3,Co-Ed,3,3,3,1,3,2,3,3,3,3,0,0,0,0,3,1,0,1,0,2,0,2,3,1,2,1,0,0,3,1,0
2017-18,33,Tamilnadu,3313,DINDIGUL,331305,KODIKANAL,2,UPS (I-VIII),4,Government Aided,Urban,3,Co-Ed,2,2,2,0,2,2,2,2,2,2,0,0,0,0,2,2,0,0,0,1,0,2,2,2,2,2,1,0,1,1,0
2017-18,33,Tamilnadu,3313,DINDIGUL,331306,NATHAM,3,HSS (I-XII),5,Private Unaided (Recognized),Rural,3,Co-Ed,3,3,1,3,3,3,3,3,3,3,0,0,0,0,3,3,0,2,0,3,2,3,2,3,3,3,1,0,3,2,0
2017-18,33,Tamilnadu,3313,DINDIGUL,331306,NATHAM,5,HSS (VI-XII),1,Department of Education,Rural,1,Boys,1,1,1,1,1,1,1,1,0,1,0,0,0,0,1,1,0,1,0,1,0,1,1,1,1,1,1,0,1,0,0
2017-18,33,Tamilnadu,3313,DINDIGUL,331306,NATHAM,5,HSS (VI-XII),1,Department of Education,Rural,2,Girls,1,1,1,1,1,1,1,0,1,1,0,0,0,0,1,1,0,1,0,1,0,1,1,1,0,1,1,0,1,0,0
2017-18,33,Tamilnadu,3313,DINDIGUL,331306,NATHAM,5,HSS (VI-XII),1,Department of Education,Rural,3,Co-Ed,5,5,3,4,5,5,5,5,5,5,0,0,0,0,3,4,0,5,0,4,0,5,5,5,5,5,3,0,5,4,0
2017-18,33,Tamilnadu,3313,DINDIGUL,331306,NATHAM,5,HSS (VI-XII),4,Government Aided,Rural,3,Co-Ed,2,2,2,2,2,2,2,2,2,2,0,0,0,0,2,2,0,2,0,2,0,2,2,2,2,2,1,0,2,1,0
2017-18,33,Tamilnadu,3313,DINDIGUL,331306,NATHAM,5,HSS (VI-XII),5,Private Unaided (Recognized),Rural,3,Co-Ed,1,1,0,1,1,1,1,1,1,1,0,0,0,0,1,1,0,1,0,1,0,1,0,1,1,1,0,0,1,1,0
2017-18,33,Tamilnadu,3313,DINDIGUL,331306,NATHAM,1,PS (I-V),3,Local body,Rural,1,Boys,1,1,0,0,1,1,1,1,0,1,0,0,0,0,1,0,0,0,0,0,0,1,1,0,0,1,1,0,0,0,0
2017-18,33,Tamilnadu,3313,DINDIGUL,331306,NATHAM,1,PS (I-V),3,Local body,Rural,2,Girls,1,1,0,0,1,1,1,0,1,1,0,0,0,0,1,0,0,0,0,0,0,1,1,1,1,1,1,0,0,0,0
2017-18,33,Tamilnadu,3313,DINDIGUL,331306,NATHAM,1,PS (I-V),2,Tribal Welfare Department,Rural,3,Co-Ed,1,1,0,0,1,1,1,1,1,1,0,0,0,0,1,0,0,0,0,1,0,1,0,1,1,0,0,0,0,0,0
2017-18,33,Tamilnadu,3313,DINDIGUL,331306,NATHAM,1,PS (I-V),3,Local body,Rural,3,Co-Ed,87,87,33,19,87,84,87,87,87,87,0,0,0,0,83,18,0,7,0,27,0,87,86,66,60,71,81,0,8,37,0
2017-18,33,Tamilnadu,3313,DINDIGUL,331306,NATHAM,1,PS (I-V),4,Government Aided,Rural,3,Co-Ed,9,9,4,1,9,9,9,9,9,9,0,0,0,0,7,7,0,0,0,3,0,9,9,9,9,8,4,0,2,4,0
2017-18,33,Tamilnadu,3313,DINDIGUL,331306,NATHAM,1,PS (I-V),5,Private Unaided (Recognized),Rural,3,Co-Ed,10,10,2,8,10,10,10,10,10,10,0,0,0,0,9,8,0,1,0,7,2,9,7,8,9,5,2,0,10,7,0
2017-18,33,Tamilnadu,3313,DINDIGUL,331306,NATHAM,6,SS (I-X),5,Private Unaided (Recognized),Rural,3,Co-Ed,5,5,3,5,5,4,5,5,5,5,0,0,0,0,5,5,0,3,0,3,0,5,5,5,5,4,3,0,5,1,0
2017-18,33,Tamilnadu,3313,DINDIGUL,331306,NATHAM,7,SS (VI-X),1,Department of Education,Rural,3,Co-Ed,15,15,10,2,15,11,15,15,15,15,0,0,0,0,12,6,0,2,0,11,0,13,14,13,8,9,12,0,13,9,0
2017-18,33,Tamilnadu,3313,DINDIGUL,331306,NATHAM,7,SS (VI-X),5,Private Unaided (Recognized),Rural,3,Co-Ed,2,2,1,0,2,2,2,2,2,2,0,0,0,0,2,1,0,0,0,2,0,2,2,2,2,1,0,0,1,0,0
2017-18,33,Tamilnadu,3313,DINDIGUL,331306,NATHAM,2,UPS (I-VIII),3,Local body,Rural,3,Co-Ed,16,16,9,16,16,16,16,16,16,16,0,0,0,0,15,10,0,0,0,9,0,16,16,10,12,14,15,0,15,10,0
2017-18,33,Tamilnadu,3313,DINDIGUL,331306,NATHAM,2,UPS (I-VIII),4,Government Aided,Rural,3,Co-Ed,3,3,2,0,3,3,3,3,3,3,0,0,0,0,2,3,0,0,0,2,0,3,3,3,3,3,1,0,2,1,0
2017-18,33,Tamilnadu,3313,DINDIGUL,331306,NATHAM,2,UPS (I-VIII),5,Private Unaided (Recognized),Rural,3,Co-Ed,1,1,0,0,1,1,1,1,1,1,0,0,0,0,1,0,0,0,0,1,0,0,0,0,1,0,1,0,1,1,0
2017-18,33,Tamilnadu,3313,DINDIGUL,331307,NILAKOTTAI,3,HSS (I-XII),5,Private Unaided (Recognized),Urban,3,Co-Ed,2,2,1,2,2,2,2,2,2,2,0,0,0,0,2,2,0,2,0,2,2,2,1,2,2,2,0,0,2,2,0
2017-18,33,Tamilnadu,3313,DINDIGUL,331307,NILAKOTTAI,5,HSS (VI-XII),4,Government Aided,Rural,2,Girls,1,1,1,1,1,1,1,0,1,1,0,0,0,0,1,1,0,1,0,1,0,1,1,1,1,1,1,0,1,1,0
2017-18,33,Tamilnadu,3313,DINDIGUL,331307,NILAKOTTAI,5,HSS (VI-XII),4,Government Aided,Urban,2,Girls,1,1,1,1,1,1,1,0,1,1,0,0,0,0,1,1,0,1,0,1,0,1,1,1,1,1,1,0,1,1,0
2017-18,33,Tamilnadu,3313,DINDIGUL,331307,NILAKOTTAI,5,HSS (VI-XII),1,Department of Education,Rural,3,Co-Ed,2,2,2,2,2,2,2,2,2,2,0,0,0,0,2,1,0,1,0,2,0,2,2,2,2,2,2,0,2,1,0
2017-18,33,Tamilnadu,3313,DINDIGUL,331307,NILAKOTTAI,5,HSS (VI-XII),2,Tribal Welfare Department,Rural,3,Co-Ed,3,3,3,3,3,3,3,3,3,3,0,0,0,0,1,2,0,3,0,3,0,3,3,3,2,1,3,0,3,3,0
2017-18,33,Tamilnadu,3313,DINDIGUL,331307,NILAKOTTAI,5,HSS (VI-XII),4,Government Aided,Rural,3,Co-Ed,3,3,3,3,3,3,3,3,3,3,0,0,0,0,3,3,0,3,0,3,0,3,3,3,3,3,2,0,3,2,0
2017-18,33,Tamilnadu,3313,DINDIGUL,331307,NILAKOTTAI,5,HSS (VI-XII),1,Department of Education,Urban,3,Co-Ed,2,2,1,2,2,2,2,2,2,2,0,0,0,0,1,1,0,2,0,1,0,2,2,2,1,2,2,0,2,0,0
2017-18,33,Tamilnadu,3313,DINDIGUL,331307,NILAKOTTAI,1,PS (I-V),4,Government Aided,Rural,1,Boys,1,1,0,0,1,1,1,1,0,1,0,0,0,0,1,1,0,0,0,1,0,1,1,0,1,1,1,0,0,0,0
2017-18,33,Tamilnadu,3313,DINDIGUL,331307,NILAKOTTAI,1,PS (I-V),1,Department of Education,Rural,3,Co-Ed,1,1,1,0,1,1,1,1,1,1,0,0,0,0,1,0,0,0,0,1,0,1,1,0,1,1,0,0,1,1,0
2017-18,33,Tamilnadu,3313,DINDIGUL,331307,NILAKOTTAI,1,PS (I-V),2,Tribal Welfare Department,Rural,3,Co-Ed,3,3,0,0,3,3,3,3,3,3,0,0,0,0,2,0,0,0,0,2,0,3,3,2,2,3,2,0,1,2,0
2017-18,33,Tamilnadu,3313,DINDIGUL,331307,NILAKOTTAI,1,PS (I-V),3,Local body,Rural,3,Co-Ed,50,50,16,12,50,50,50,50,50,50,0,0,0,0,48,7,0,3,0,14,0,50,50,28,29,42,37,0,25,26,0
2017-18,33,Tamilnadu,3313,DINDIGUL,331307,NILAKOTTAI,1,PS (I-V),4,Government Aided,Rural,3,Co-Ed,22,22,8,2,22,21,22,22,22,22,0,0,0,0,20,7,0,3,0,6,0,22,22,12,19,17,13,0,10,9,0
2017-18,33,Tamilnadu,3313,DINDIGUL,331307,NILAKOTTAI,1,PS (I-V),5,Private Unaided (Recognized),Rural,3,Co-Ed,6,6,1,4,6,5,6,6,6,6,0,0,0,0,6,5,0,3,0,4,1,5,2,5,6,3,1,0,6,3,0
2017-18,33,Tamilnadu,3313,DINDIGUL,331307,NILAKOTTAI,1,PS (I-V),6,Other Govt. managed schools,Rural,3,Co-Ed,8,8,2,0,8,8,8,8,8,8,0,0,0,0,8,3,0,0,0,0,0,8,8,3,3,7,7,0,4,3,0
2017-18,33,Tamilnadu,3313,DINDIGUL,331307,NILAKOTTAI,1,PS (I-V),3,Local body,Urban,3,Co-Ed,3,3,0,2,3,2,3,3,3,3,0,0,0,0,3,2,0,0,0,1,0,2,2,0,1,3,2,0,1,1,0
2017-18,33,Tamilnadu,3313,DINDIGUL,331307,NILAKOTTAI,1,PS (I-V),4,Government Aided,Urban,3,Co-Ed,1,1,1,1,1,1,1,1,1,1,0,0,0,0,1,1,0,0,0,0,0,1,1,1,1,1,1,0,1,0,0
2017-18,33,Tamilnadu,3313,DINDIGUL,331307,NILAKOTTAI,1,PS (I-V),5,Private Unaided (Recognized),Urban,3,Co-Ed,4,4,0,4,4,4,4,4,4,4,0,0,0,0,4,4,0,4,0,3,1,4,2,4,4,4,3,0,4,3,0
2017-18,33,Tamilnadu,3313,DINDIGUL,331307,NILAKOTTAI,6,SS (I-X),2,Tribal Welfare Department,Rural,3,Co-Ed,1,1,1,1,1,1,1,1,1,1,0,0,0,0,1,1,0,1,0,1,0,1,1,1,1,1,1,0,1,0,0
2017-18,33,Tamilnadu,3313,DINDIGUL,331307,NILAKOTTAI,6,SS (I-X),5,Private Unaided (Recognized),Rural,3,Co-Ed,1,1,0,1,1,1,1,1,1,1,0,0,0,0,1,1,0,1,0,1,0,1,0,1,1,1,0,0,1,1,0
2017-18,33,Tamilnadu,3313,DINDIGUL,331307,NILAKOTTAI,7,SS (VI-X),1,Department of Education,Rural,3,Co-Ed,1,1,0,0,1,0,1,1,1,1,0,0,0,0,1,0,0,0,0,1,0,0,0,0,0,0,0,0,0,0,0
2017-18,33,Tamilnadu,3313,DINDIGUL,331307,NILAKOTTAI,7,SS (VI-X),2,Tribal Welfare Department,Rural,3,Co-Ed,2,2,1,1,2,2,2,2,2,2,0,0,0,0,2,2,0,1,0,1,0,2,2,2,0,2,1,0,2,0,0
2017-18,33,Tamilnadu,3313,DINDIGUL,331307,NILAKOTTAI,7,SS (VI-X),4,Government Aided,Urban,3,Co-Ed,1,1,1,1,1,1,1,1,1,1,0,0,0,0,1,1,0,1,0,0,0,1,1,1,1,1,1,0,1,1,0
2017-18,33,Tamilnadu,3313,DINDIGUL,331307,NILAKOTTAI,2,UPS (I-VIII),4,Government Aided,Rural,2,Girls,1,1,0,0,1,1,1,0,1,1,0,0,0,0,1,1,0,1,0,0,0,1,1,1,1,1,0,0,0,0,0
2017-18,33,Tamilnadu,3313,DINDIGUL,331307,NILAKOTTAI,2,UPS (I-VIII),2,Tribal Welfare Department,Rural,3,Co-Ed,1,1,1,1,1,1,1,1,1,1,0,0,0,0,1,1,0,0,0,1,0,1,1,0,1,1,1,0,1,0,0
2017-18,33,Tamilnadu,3313,DINDIGUL,331307,NILAKOTTAI,2,UPS (I-VIII),3,Local body,Rural,3,Co-Ed,13,13,7,13,13,13,13,13,13,13,0,0,0,0,13,6,0,1,0,3,0,13,13,6,10,11,13,0,13,10,0
2017-18,33,Tamilnadu,3313,DINDIGUL,331307,NILAKOTTAI,2,UPS (I-VIII),4,Government Aided,Rural,3,Co-Ed,3,3,3,1,3,3,3,3,3,3,0,0,0,0,3,3,0,0,0,2,0,3,3,3,3,3,2,0,3,1,0
2017-18,33,Tamilnadu,3313,DINDIGUL,331307,NILAKOTTAI,2,UPS (I-VIII),5,Private Unaided (Recognized),Rural,3,Co-Ed,4,4,0,3,4,4,4,4,4,4,0,0,0,0,4,4,0,1,0,3,0,3,0,2,4,1,3,0,4,0,0
2017-18,33,Tamilnadu,3313,DINDIGUL,331307,NILAKOTTAI,2,UPS (I-VIII),6,Other Govt. managed schools,Rural,3,Co-Ed,2,2,2,2,2,2,2,2,2,2,0,0,0,0,2,0,0,0,0,0,0,2,2,1,1,2,1,0,2,1,0
2017-18,33,Tamilnadu,3313,DINDIGUL,331307,NILAKOTTAI,2,UPS (I-VIII),4,Government Aided,Urban,3,Co-Ed,1,1,1,0,1,1,1,1,1,1,0,0,0,0,1,1,0,1,0,1,0,1,1,1,1,1,1,0,1,1,0
2017-18,33,Tamilnadu,3313,DINDIGUL,331308,ODDANCHATRAM,3,HSS (I-XII),5,Private Unaided (Recognized),Rural,3,Co-Ed,6,6,4,6,6,6,6,6,6,6,0,0,0,0,6,6,0,6,0,5,5,6,5,6,6,6,1,0,6,4,0
2017-18,33,Tamilnadu,3313,DINDIGUL,331308,ODDANCHATRAM,3,HSS (I-XII),5,Private Unaided (Recognized),Urban,3,Co-Ed,3,3,2,3,3,3,3,3,3,3,0,0,0,0,3,3,0,3,0,2,2,3,3,3,3,3,2,0,3,3,0
2017-18,33,Tamilnadu,3313,DINDIGUL,331308,ODDANCHATRAM,5,HSS (VI-XII),1,Department of Education,Rural,1,Boys,2,2,2,2,2,2,2,2,0,2,0,0,0,0,1,1,0,2,0,2,0,2,2,2,2,2,1,0,2,1,0
2017-18,33,Tamilnadu,3313,DINDIGUL,331308,ODDANCHATRAM,5,HSS (VI-XII),4,Government Aided,Rural,2,Girls,1,1,1,1,1,1,1,0,1,1,0,0,0,0,1,1,0,0,0,0,0,1,1,1,1,1,0,0,1,0,0
2017-18,33,Tamilnadu,3313,DINDIGUL,331308,ODDANCHATRAM,5,HSS (VI-XII),1,Department of Education,Urban,2,Girls,1,1,1,1,1,1,1,0,1,1,0,0,0,0,1,1,0,1,0,1,0,1,1,1,1,1,1,0,1,1,0
2017-18,33,Tamilnadu,3313,DINDIGUL,331308,ODDANCHATRAM,5,HSS (VI-XII),1,Department of Education,Rural,3,Co-Ed,5,5,4,5,5,5,5,5,5,5,0,0,0,0,5,4,0,4,0,4,0,5,5,5,5,5,5,0,5,0,0
2017-18,33,Tamilnadu,3313,DINDIGUL,331308,ODDANCHATRAM,5,HSS (VI-XII),4,Government Aided,Rural,3,Co-Ed,1,1,1,1,1,1,1,1,1,1,0,0,0,0,1,1,0,1,0,1,0,1,1,1,1,1,0,0,1,0,0
2017-18,33,Tamilnadu,3313,DINDIGUL,331308,ODDANCHATRAM,5,HSS (VI-XII),5,Private Unaided (Recognized),Rural,3,Co-Ed,1,1,1,1,1,1,1,1,1,1,0,0,0,0,1,1,0,1,0,1,1,1,1,1,1,1,0,0,1,1,0
2017-18,33,Tamilnadu,3313,DINDIGUL,331308,ODDANCHATRAM,1,PS (I-V),3,Local body,Rural,3,Co-Ed,74,74,22,15,74,73,74,74,74,74,0,0,0,0,73,9,0,1,0,12,0,74,73,22,56,67,64,0,19,31,0
2017-18,33,Tamilnadu,3313,DINDIGUL,331308,ODDANCHATRAM,1,PS (I-V),4,Government Aided,Rural,3,Co-Ed,7,7,2,1,7,7,6,7,7,7,0,0,0,0,6,0,0,0,0,1,0,7,7,1,6,7,5,0,4,4,0
2017-18,33,Tamilnadu,3313,DINDIGUL,331308,ODDANCHATRAM,1,PS (I-V),5,Private Unaided (Recognized),Rural,3,Co-Ed,3,3,0,3,3,3,3,3,3,3,0,0,0,0,3,3,0,1,0,2,1,3,3,3,3,3,1,0,3,3,0
2017-18,33,Tamilnadu,3313,DINDIGUL,331308,ODDANCHATRAM,1,PS (I-V),6,Other Govt. managed schools,Rural,3,Co-Ed,1,1,1,0,1,1,1,1,1,1,0,0,0,0,1,0,0,0,0,0,0,1,1,0,1,1,0,0,1,0,0
2017-18,33,Tamilnadu,3313,DINDIGUL,331308,ODDANCHATRAM,1,PS (I-V),8,Unrecognized,Rural,3,Co-Ed,1,1,0,0,1,1,1,1,1,1,0,0,0,0,1,1,0,0,0,0,0,1,1,1,1,1,0,0,1,0,0
2017-18,33,Tamilnadu,3313,DINDIGUL,331308,ODDANCHATRAM,1,PS (I-V),3,Local body,Urban,3,Co-Ed,1,1,1,0,1,1,1,1,1,1,0,0,0,0,1,0,0,0,0,0,0,1,1,0,0,1,1,0,0,0,0
2017-18,33,Tamilnadu,3313,DINDIGUL,331308,ODDANCHATRAM,1,PS (I-V),5,Private Unaided (Recognized),Urban,3,Co-Ed,1,1,0,1,1,1,1,1,1,1,0,0,0,0,1,1,0,0,0,1,1,1,1,1,1,1,0,0,1,1,0
2017-18,33,Tamilnadu,3313,DINDIGUL,331308,ODDANCHATRAM,6,SS (I-X),5,Private Unaided (Recognized),Urban,3,Co-Ed,1,1,1,1,1,1,1,1,1,1,0,0,0,0,1,1,0,1,0,1,0,1,1,1,1,1,0,0,1,1,0
2017-18,33,Tamilnadu,3313,DINDIGUL,331308,ODDANCHATRAM,7,SS (VI-X),1,Department of Education,Rural,3,Co-Ed,4,4,4,0,4,4,4,4,4,4,0,0,0,0,4,3,0,1,0,3,0,4,4,4,3,4,4,0,3,3,0
2017-18,33,Tamilnadu,3313,DINDIGUL,331308,ODDANCHATRAM,7,SS (VI-X),4,Government Aided,Rural,3,Co-Ed,1,1,1,1,1,1,1,1,1,1,0,0,0,0,1,1,0,1,0,1,0,1,1,1,1,0,1,0,1,0,0
2017-18,33,Tamilnadu,3313,DINDIGUL,331308,ODDANCHATRAM,2,UPS (I-VIII),3,Local body,Rural,3,Co-Ed,11,11,11,9,11,11,11,11,11,11,0,0,0,0,11,6,0,2,0,1,0,11,11,4,8,10,9,0,10,6,0
2017-18,33,Tamilnadu,3313,DINDIGUL,331308,ODDANCHATRAM,2,UPS (I-VIII),4,Government Aided,Rural,3,Co-Ed,2,2,1,0,2,2,2,2,2,2,0,0,0,0,2,0,0,0,0,0,0,2,2,0,2,2,2,0,2,0,0
2017-18,33,Tamilnadu,3313,DINDIGUL,331308,ODDANCHATRAM,2,UPS (I-VIII),5,Private Unaided (Recognized),Rural,3,Co-Ed,1,1,0,1,1,1,1,1,1,1,0,0,0,0,1,1,0,1,0,1,0,1,1,1,1,1,1,0,1,1,0
2017-18,33,Tamilnadu,3313,DINDIGUL,331308,ODDANCHATRAM,2,UPS (I-VIII),3,Local body,Urban,3,Co-Ed,2,2,2,2,2,2,2,2,2,2,0,0,0,0,2,2,0,0,0,1,0,2,2,2,2,2,2,0,0,0,0
2017-18,33,Tamilnadu,3313,DINDIGUL,331308,ODDANCHATRAM,2,UPS (I-VIII),4,Government Aided,Urban,3,Co-Ed,2,2,2,2,2,2,2,2,2,2,0,0,0,0,2,2,0,2,0,1,0,2,2,1,2,2,2,0,1,1,0
2017-18,33,Tamilnadu,3313,DINDIGUL,331309,PALANI,3,HSS (I-XII),5,Private Unaided (Recognized),Rural,3,Co-Ed,8,8,8,8,8,8,8,8,8,8,0,0,0,0,8,8,0,8,0,8,7,8,8,8,8,7,2,0,8,5,0
2017-18,33,Tamilnadu,3313,DINDIGUL,331309,PALANI,5,HSS (VI-XII),1,Department of Education,Rural,3,Co-Ed,2,2,2,2,2,2,2,2,2,2,0,0,0,0,2,2,0,2,0,1,0,2,2,2,2,2,1,0,2,0,0
2017-18,33,Tamilnadu,3313,DINDIGUL,331309,PALANI,5,HSS (VI-XII),4,Government Aided,Rural,3,Co-Ed,3,3,3,3,3,3,3,3,3,3,0,0,0,0,3,3,0,3,0,3,0,3,3,3,3,2,1,0,3,0,0
2017-18,33,Tamilnadu,3313,DINDIGUL,331309,PALANI,5,HSS (VI-XII),5,Private Unaided (Recognized),Rural,3,Co-Ed,1,1,0,1,1,1,1,1,1,1,0,0,0,0,1,1,0,0,0,1,0,1,1,1,1,1,0,0,1,1,0
2017-18,33,Tamilnadu,3313,DINDIGUL,331309,PALANI,1,PS (I-V),3,Local body,Rural,3,Co-Ed,47,47,32,12,47,47,47,47,47,47,0,0,0,0,42,7,0,4,0,11,0,47,47,38,40,38,38,0,11,25,0
2017-18,33,Tamilnadu,3313,DINDIGUL,331309,PALANI,1,PS (I-V),4,Government Aided,Rural,3,Co-Ed,9,9,5,0,9,9,9,9,9,9,0,0,0,0,5,3,0,1,0,4,0,9,9,7,6,6,6,0,2,2,0
2017-18,33,Tamilnadu,3313,DINDIGUL,331309,PALANI,1,PS (I-V),5,Private Unaided (Recognized),Rural,3,Co-Ed,17,17,10,13,16,15,17,17,17,17,0,0,0,0,16,15,0,6,0,8,1,16,15,13,16,6,4,0,17,11,0
2017-18,33,Tamilnadu,3313,DINDIGUL,331309,PALANI,1,PS (I-V),6,Other Govt. managed schools,Rural,3,Co-Ed,1,1,1,0,1,1,1,1,1,1,0,0,0,0,1,0,0,0,0,1,0,1,1,1,1,1,1,0,1,1,0
2017-18,33,Tamilnadu,3313,DINDIGUL,331309,PALANI,6,SS (I-X),5,Private Unaided (Recognized),Rural,3,Co-Ed,3,3,3,3,3,3,3,3,3,3,0,0,0,0,3,3,0,3,0,3,2,3,3,3,3,3,2,0,3,2,0
2017-18,33,Tamilnadu,3313,DINDIGUL,331309,PALANI,7,SS (VI-X),5,Private Unaided (Recognized),Rural,2,Girls,1,1,1,1,1,1,1,0,1,1,0,0,0,0,0,0,0,0,0,1,0,1,1,1,1,1,0,0,1,0,0
2017-18,33,Tamilnadu,3313,DINDIGUL,331309,PALANI,7,SS (VI-X),1,Department of Education,Rural,3,Co-Ed,4,4,2,2,4,4,4,4,4,4,0,0,0,0,3,3,0,2,0,3,0,4,4,4,2,4,3,0,3,0,0
2017-18,33,Tamilnadu,3313,DINDIGUL,331309,PALANI,7,SS (VI-X),4,Government Aided,Rural,3,Co-Ed,1,1,1,0,1,1,1,1,1,1,0,0,0,0,0,1,0,0,0,1,0,1,1,1,1,0,0,0,1,0,0
2017-18,33,Tamilnadu,3313,DINDIGUL,331309,PALANI,2,UPS (I-VIII),3,Local body,Rural,3,Co-Ed,19,19,16,19,19,19,19,19,19,19,0,0,0,0,17,13,0,4,0,6,0,19,19,17,14,17,16,0,19,10,0
2017-18,33,Tamilnadu,3313,DINDIGUL,331309,PALANI,2,UPS (I-VIII),4,Government Aided,Rural,3,Co-Ed,1,1,1,1,1,1,1,1,1,1,0,0,0,0,1,1,0,0,0,1,0,1,1,1,1,1,1,0,1,1,0
2017-18,33,Tamilnadu,3313,DINDIGUL,331309,PALANI,2,UPS (I-VIII),5,Private Unaided (Recognized),Rural,3,Co-Ed,2,2,1,2,2,1,2,2,2,2,0,0,0,0,2,2,0,1,0,2,0,2,1,2,2,2,0,0,1,2,0
2017-18,33,Tamilnadu,3313,DINDIGUL,331310,REDDIARCHATRAM,3,HSS (I-XII),5,Private Unaided (Recognized),Rural,3,Co-Ed,3,3,1,2,3,3,3,3,3,3,0,0,0,0,3,3,0,3,0,3,3,3,3,3,3,3,0,0,3,3,0
2017-18,33,Tamilnadu,3313,DINDIGUL,331310,REDDIARCHATRAM,3,HSS (I-XII),5,Private Unaided (Recognized),Urban,3,Co-Ed,1,1,1,1,1,1,1,1,1,1,0,0,0,0,1,1,0,1,0,1,1,1,1,1,1,1,0,0,1,1,0
2017-18,33,Tamilnadu,3313,DINDIGUL,331310,REDDIARCHATRAM,5,HSS (VI-XII),1,Department of Education,Urban,1,Boys,1,1,0,1,1,1,1,1,0,1,0,0,0,0,0,1,0,1,0,1,0,1,1,1,1,1,0,0,1,0,0
2017-18,33,Tamilnadu,3313,DINDIGUL,331310,REDDIARCHATRAM,5,HSS (VI-XII),1,Department of Education,Urban,2,Girls,1,1,1,1,1,1,1,0,1,1,0,0,0,0,1,0,0,1,0,1,0,1,1,1,1,1,1,0,1,0,0
2017-18,33,Tamilnadu,3313,DINDIGUL,331310,REDDIARCHATRAM,5,HSS (VI-XII),1,Department of Education,Rural,3,Co-Ed,4,4,4,4,4,4,4,4,4,4,0,0,0,0,3,1,0,2,0,4,0,4,4,4,4,4,3,0,4,2,0
2017-18,33,Tamilnadu,3313,DINDIGUL,331310,REDDIARCHATRAM,5,HSS (VI-XII),4,Government Aided,Rural,3,Co-Ed,1,1,1,1,1,1,1,1,1,1,0,0,0,0,0,1,0,1,0,1,0,1,1,1,1,1,1,0,1,1,0
2017-18,33,Tamilnadu,3313,DINDIGUL,331310,REDDIARCHATRAM,5,HSS (VI-XII),5,Private Unaided (Recognized),Rural,3,Co-Ed,1,1,0,1,1,1,1,1,1,1,0,0,0,0,1,1,0,1,0,0,0,1,1,1,1,1,0,0,1,0,0
2017-18,33,Tamilnadu,3313,DINDIGUL,331310,REDDIARCHATRAM,5,HSS (VI-XII),6,Other Govt. managed schools,Rural,3,Co-Ed,1,1,1,1,1,1,1,1,1,1,0,0,0,0,1,1,0,0,0,1,0,1,1,1,1,1,1,0,1,0,0
2017-18,33,Tamilnadu,3313,DINDIGUL,331310,REDDIARCHATRAM,5,HSS (VI-XII),1,Department of Education,Urban,3,Co-Ed,1,1,1,1,1,1,1,1,1,1,0,0,0,0,0,0,0,0,0,1,0,1,1,1,1,1,1,0,1,0,0
2017-18,33,Tamilnadu,3313,DINDIGUL,331310,REDDIARCHATRAM,1,PS (I-V),4,Government Aided,Rural,1,Boys,1,1,1,0,1,1,1,1,0,1,0,0,0,0,1,1,0,0,0,1,0,1,1,1,1,1,1,0,1,0,0
2017-18,33,Tamilnadu,3313,DINDIGUL,331310,REDDIARCHATRAM,1,PS (I-V),4,Government Aided,Rural,2,Girls,1,1,1,0,1,1,1,0,1,1,0,0,0,0,1,1,0,0,0,0,0,1,1,1,1,1,1,0,0,0,0
2017-18,33,Tamilnadu,3313,DINDIGUL,331310,REDDIARCHATRAM,1,PS (I-V),1,Department of Education,Rural,3,Co-Ed,1,1,1,0,1,1,1,1,1,1,0,0,0,0,1,0,0,0,0,1,0,1,1,0,0,1,1,0,0,0,0
2017-18,33,Tamilnadu,3313,DINDIGUL,331310,REDDIARCHATRAM,1,PS (I-V),3,Local body,Rural,3,Co-Ed,48,48,32,9,48,48,48,48,48,48,0,0,0,0,36,6,0,0,0,10,0,48,48,10,28,47,36,0,21,6,0
2017-18,33,Tamilnadu,3313,DINDIGUL,331310,REDDIARCHATRAM,1,PS (I-V),4,Government Aided,Rural,3,Co-Ed,15,15,7,0,15,14,14,15,15,15,0,0,0,0,8,6,0,0,0,6,0,15,15,9,13,14,9,0,6,2,0
2017-18,33,Tamilnadu,3313,DINDIGUL,331310,REDDIARCHATRAM,1,PS (I-V),5,Private Unaided (Recognized),Rural,3,Co-Ed,4,4,4,3,4,4,4,4,4,4,0,0,0,0,3,2,0,2,0,2,1,4,4,3,4,4,0,0,4,3,0
2017-18,33,Tamilnadu,3313,DINDIGUL,331310,REDDIARCHATRAM,1,PS (I-V),6,Other Govt. managed schools,Rural,3,Co-Ed,8,8,4,0,8,8,8,8,8,8,0,0,0,0,7,1,0,0,0,1,0,8,8,2,3,7,8,0,5,2,0
2017-18,33,Tamilnadu,3313,DINDIGUL,331310,REDDIARCHATRAM,1,PS (I-V),3,Local body,Urban,3,Co-Ed,7,7,4,3,7,7,7,7,7,7,0,0,0,0,7,0,0,0,0,0,0,7,7,1,4,6,5,0,6,4,0
2017-18,33,Tamilnadu,3313,DINDIGUL,331310,REDDIARCHATRAM,1,PS (I-V),4,Government Aided,Urban,3,Co-Ed,1,1,0,0,1,1,1,1,1,1,0,0,0,0,1,0,0,0,0,0,0,1,1,0,1,1,1,0,0,0,0
2017-18,33,Tamilnadu,3313,DINDIGUL,331310,REDDIARCHATRAM,1,PS (I-V),5,Private Unaided (Recognized),Urban,3,Co-Ed,1,1,1,1,1,1,1,1,1,1,0,0,0,0,1,1,0,1,0,0,0,1,1,1,1,1,1,0,1,1,0
2017-18,33,Tamilnadu,3313,DINDIGUL,331310,REDDIARCHATRAM,6,SS (I-X),5,Private Unaided (Recognized),Rural,3,Co-Ed,2,2,1,2,2,2,2,2,2,2,0,0,0,0,2,2,0,1,0,1,0,2,2,2,2,2,0,0,2,0,0
2017-18,33,Tamilnadu,3313,DINDIGUL,331310,REDDIARCHATRAM,7,SS (VI-X),1,Department of Education,Rural,3,Co-Ed,3,3,3,1,3,3,3,3,3,3,0,0,0,0,2,2,0,1,0,2,0,3,3,2,2,3,2,0,3,0,0
2017-18,33,Tamilnadu,3313,DINDIGUL,331310,REDDIARCHATRAM,7,SS (VI-X),4,Government Aided,Rural,3,Co-Ed,2,2,2,2,2,2,2,2,2,2,0,0,0,0,2,2,0,2,0,2,0,2,2,1,2,2,1,0,2,1,0
2017-18,33,Tamilnadu,3313,DINDIGUL,331310,REDDIARCHATRAM,2,UPS (I-VIII),3,Local body,Rural,3,Co-Ed,16,16,16,16,16,15,16,16,16,16,0,0,0,0,9,7,0,0,0,4,0,16,16,3,9,16,15,0,15,3,0
2017-18,33,Tamilnadu,3313,DINDIGUL,331310,REDDIARCHATRAM,2,UPS (I-VIII),4,Government Aided,Rural,3,Co-Ed,2,2,2,0,2,2,2,2,2,2,0,0,0,0,1,2,0,0,0,1,0,2,2,2,2,2,2,0,1,0,0
2017-18,33,Tamilnadu,3313,DINDIGUL,331310,REDDIARCHATRAM,2,UPS (I-VIII),3,Local body,Urban,3,Co-Ed,3,3,3,3,3,3,3,3,3,3,0,0,0,0,3,3,0,0,0,0,0,3,3,2,1,3,3,0,3,0,0
2017-18,33,Tamilnadu,3313,DINDIGUL,331310,REDDIARCHATRAM,2,UPS (I-VIII),4,Government Aided,Urban,3,Co-Ed,1,1,1,0,1,1,1,1,1,1,0,0,0,0,0,1,0,0,0,1,0,1,1,1,1,1,1,0,0,1,0
2017-18,33,Tamilnadu,3313,DINDIGUL,331311,SANARPATTY,5,HSS (VI-XII),1,Department of Education,Rural,1,Boys,1,1,0,1,1,1,1,1,0,1,0,0,0,0,1,1,0,1,0,1,0,1,1,1,1,1,1,0,1,1,0
2017-18,33,Tamilnadu,3313,DINDIGUL,331311,SANARPATTY,5,HSS (VI-XII),1,Department of Education,Rural,2,Girls,1,1,1,1,1,1,1,0,1,1,0,0,0,0,1,1,0,1,0,1,0,1,1,1,1,1,1,0,1,1,0
2017-18,33,Tamilnadu,3313,DINDIGUL,331311,SANARPATTY,5,HSS (VI-XII),1,Department of Education,Rural,3,Co-Ed,3,3,3,3,3,3,3,3,3,3,0,0,0,0,2,2,0,2,0,3,0,3,3,3,1,3,3,0,3,2,0
2017-18,33,Tamilnadu,3313,DINDIGUL,331311,SANARPATTY,5,HSS (VI-XII),4,Government Aided,Rural,3,Co-Ed,2,2,2,2,2,2,2,2,2,2,0,0,0,0,1,2,0,1,0,2,0,2,2,2,2,2,1,0,2,1,0
2017-18,33,Tamilnadu,3313,DINDIGUL,331311,SANARPATTY,1,PS (I-V),4,Government Aided,Rural,1,Boys,1,1,0,0,1,1,1,1,0,1,0,0,0,0,1,1,0,0,0,0,0,1,1,0,1,1,1,0,0,0,0
2017-18,33,Tamilnadu,3313,DINDIGUL,331311,SANARPATTY,1,PS (I-V),3,Local body,Rural,3,Co-Ed,61,61,37,15,61,61,61,61,61,61,0,0,0,0,55,8,0,0,0,16,0,61,61,12,47,59,57,0,0,14,0
2017-18,33,Tamilnadu,3313,DINDIGUL,331311,SANARPATTY,1,PS (I-V),4,Government Aided,Rural,3,Co-Ed,11,11,5,0,11,11,10,11,11,11,0,0,0,0,7,1,0,0,0,6,0,11,11,3,10,11,9,0,1,0,0
2017-18,33,Tamilnadu,3313,DINDIGUL,331311,SANARPATTY,1,PS (I-V),5,Private Unaided (Recognized),Rural,3,Co-Ed,2,2,0,2,2,2,2,2,2,2,0,0,0,0,2,2,0,2,0,1,0,2,0,1,2,2,0,0,1,0,0
2017-18,33,Tamilnadu,3313,DINDIGUL,331311,SANARPATTY,6,SS (I-X),5,Private Unaided (Recognized),Rural,3,Co-Ed,3,3,2,3,3,3,3,3,3,3,0,0,0,0,3,3,0,3,0,3,1,3,3,3,3,3,0,0,3,2,0
2017-18,33,Tamilnadu,3313,DINDIGUL,331311,SANARPATTY,7,SS (VI-X),1,Department of Education,Rural,3,Co-Ed,8,8,8,1,8,7,8,8,8,8,0,0,0,0,7,7,0,3,0,7,0,7,8,7,6,7,8,0,8,4,0
2017-18,33,Tamilnadu,3313,DINDIGUL,331311,SANARPATTY,7,SS (VI-X),4,Government Aided,Rural,3,Co-Ed,1,1,0,0,1,1,1,1,1,1,0,0,0,0,1,1,0,0,0,0,0,1,1,1,1,1,1,0,1,0,0
2017-18,33,Tamilnadu,3313,DINDIGUL,331311,SANARPATTY,2,UPS (I-VIII),4,Government Aided,Rural,2,Girls,1,1,1,1,1,1,1,0,1,1,0,0,0,0,1,1,0,0,0,1,0,1,1,1,1,1,1,0,1,0,0
2017-18,33,Tamilnadu,3313,DINDIGUL,331311,SANARPATTY,2,UPS (I-VIII),3,Local body,Rural,3,Co-Ed,18,18,17,18,18,18,18,18,18,18,0,0,0,0,15,9,0,4,0,11,0,18,18,2,14,16,18,0,17,9,0
2017-18,33,Tamilnadu,3313,DINDIGUL,331311,SANARPATTY,2,UPS (I-VIII),4,Government Aided,Rural,3,Co-Ed,3,3,3,1,3,3,3,3,3,3,0,0,0,0,2,3,0,0,0,2,0,3,3,2,2,2,2,0,2,2,0
2017-18,33,Tamilnadu,3313,DINDIGUL,331311,SANARPATTY,2,UPS (I-VIII),5,Private Unaided (Recognized),Rural,3,Co-Ed,1,1,0,1,1,1,1,1,1,1,0,0,0,0,1,1,0,1,0,1,0,1,1,1,1,1,0,0,1,1,0
2017-18,33,Tamilnadu,3313,DINDIGUL,331312,THOPPAMPATTY,3,HSS (I-XII),5,Private Unaided (Recognized),Rural,3,Co-Ed,2,2,2,2,2,2,2,2,2,2,0,0,0,0,2,2,0,2,0,2,0,2,2,2,2,2,2,0,2,2,0
2017-18,33,Tamilnadu,3313,DINDIGUL,331312,THOPPAMPATTY,5,HSS (VI-XII),1,Department of Education,Rural,3,Co-Ed,3,3,3,2,3,3,3,3,3,3,0,0,0,0,3,3,0,2,0,2,0,3,3,3,3,3,3,0,3,3,0
2017-18,33,Tamilnadu,3313,DINDIGUL,331312,THOPPAMPATTY,5,HSS (VI-XII),4,Government Aided,Rural,3,Co-Ed,4,4,4,4,4,4,4,4,4,4,0,0,0,0,4,4,0,4,0,4,0,4,4,4,4,4,3,0,4,4,0
2017-18,33,Tamilnadu,3313,DINDIGUL,331312,THOPPAMPATTY,5,HSS (VI-XII),5,Private Unaided (Recognized),Rural,3,Co-Ed,2,2,2,2,2,2,2,2,2,2,0,0,0,0,2,2,0,2,0,2,0,2,2,2,2,2,1,0,2,1,0
2017-18,33,Tamilnadu,3313,DINDIGUL,331312,THOPPAMPATTY,5,HSS (VI-XII),1,Department of Education,Urban,3,Co-Ed,1,1,1,1,1,1,1,1,1,1,0,0,0,0,1,1,0,1,0,1,0,1,1,1,1,1,1,0,1,1,0
2017-18,33,Tamilnadu,3313,DINDIGUL,331312,THOPPAMPATTY,1,PS (I-V),3,Local body,Urban,1,Boys,1,1,0,1,1,1,1,1,0,1,0,0,0,0,1,1,0,0,0,0,0,1,1,1,1,1,1,0,1,1,0
2017-18,33,Tamilnadu,3313,DINDIGUL,331312,THOPPAMPATTY,1,PS (I-V),3,Local body,Urban,2,Girls,1,1,1,0,1,1,1,0,1,1,0,0,0,0,1,0,0,0,0,1,0,1,1,0,0,1,1,0,0,1,0
2017-18,33,Tamilnadu,3313,DINDIGUL,331312,THOPPAMPATTY,1,PS (I-V),3,Local body,Rural,3,Co-Ed,93,93,84,15,93,91,93,93,93,93,0,0,0,0,74,9,0,1,0,2,0,93,93,21,79,91,87,0,47,85,0
2017-18,33,Tamilnadu,3313,DINDIGUL,331312,THOPPAMPATTY,1,PS (I-V),4,Government Aided,Rural,3,Co-Ed,7,7,7,5,7,7,7,7,7,7,0,0,0,0,5,1,0,1,0,4,0,7,7,4,7,7,5,0,4,7,0
2017-18,33,Tamilnadu,3313,DINDIGUL,331312,THOPPAMPATTY,1,PS (I-V),5,Private Unaided (Recognized),Rural,3,Co-Ed,6,6,6,6,6,6,6,6,6,6,0,0,0,0,6,5,0,3,0,2,1,6,6,5,6,6,1,0,6,5,0
2017-18,33,Tamilnadu,3313,DINDIGUL,331312,THOPPAMPATTY,1,PS (I-V),6,Other Govt. managed schools,Rural,3,Co-Ed,1,1,1,0,1,1,1,1,1,1,0,0,0,0,0,0,0,0,0,1,0,1,1,0,1,1,1,0,0,1,0
2017-18,33,Tamilnadu,3313,DINDIGUL,331312,THOPPAMPATTY,6,SS (I-X),5,Private Unaided (Recognized),Rural,3,Co-Ed,3,3,2,3,3,2,3,3,3,3,0,0,0,0,3,3,0,3,0,3,2,3,3,3,3,3,1,0,3,2,0
2017-18,33,Tamilnadu,3313,DINDIGUL,331312,THOPPAMPATTY,7,SS (VI-X),1,Department of Education,Rural,3,Co-Ed,9,9,9,3,9,9,9,9,9,9,0,0,0,0,6,5,0,6,0,7,0,9,9,9,6,7,8,0,8,7,0
2017-18,33,Tamilnadu,3313,DINDIGUL,331312,THOPPAMPATTY,7,SS (VI-X),4,Government Aided,Rural,3,Co-Ed,1,1,1,1,1,1,1,1,1,1,0,0,0,0,1,1,0,1,0,1,0,1,1,1,1,1,1,0,1,0,0
2017-18,33,Tamilnadu,3313,DINDIGUL,331312,THOPPAMPATTY,2,UPS (I-VIII),3,Local body,Rural,3,Co-Ed,8,8,8,8,8,8,8,8,8,8,0,0,0,0,7,4,0,3,0,0,0,8,8,4,7,8,8,0,5,7,0
2017-18,33,Tamilnadu,3313,DINDIGUL,331312,THOPPAMPATTY,2,UPS (I-VIII),4,Government Aided,Rural,3,Co-Ed,1,1,1,1,1,1,1,1,1,1,0,0,0,0,1,1,0,1,0,0,0,1,1,1,1,1,1,0,1,1,0
2017-18,33,Tamilnadu,3313,DINDIGUL,331313,VADAMADURAI,3,HSS (I-XII),5,Private Unaided (Recognized),Urban,3,Co-Ed,1,1,0,1,1,1,1,1,1,1,0,0,0,0,1,1,0,1,0,1,1,1,1,1,1,1,1,0,1,1,0
2017-18,33,Tamilnadu,3313,DINDIGUL,331313,VADAMADURAI,5,HSS (VI-XII),1,Department of Education,Urban,1,Boys,1,1,0,1,1,1,1,1,0,1,0,0,0,0,1,1,0,1,0,0,0,1,1,1,1,1,1,0,1,0,0
2017-18,33,Tamilnadu,3313,DINDIGUL,331313,VADAMADURAI,5,HSS (VI-XII),1,Department of Education,Urban,2,Girls,1,1,1,1,1,1,1,0,1,1,0,0,0,0,1,1,0,1,0,1,0,1,1,1,1,1,1,0,1,1,0
2017-18,33,Tamilnadu,3313,DINDIGUL,331313,VADAMADURAI,5,HSS (VI-XII),1,Department of Education,Rural,3,Co-Ed,1,1,1,1,1,1,1,1,1,1,0,0,0,0,1,0,0,1,0,0,0,1,1,1,1,1,1,0,1,0,0
2017-18,33,Tamilnadu,3313,DINDIGUL,331313,VADAMADURAI,5,HSS (VI-XII),1,Department of Education,Urban,3,Co-Ed,1,1,1,1,1,1,1,1,1,1,0,0,0,0,1,1,0,1,0,1,0,1,1,1,1,1,1,0,1,1,0
2017-18,33,Tamilnadu,3313,DINDIGUL,331313,VADAMADURAI,5,HSS (VI-XII),4,Government Aided,Urban,3,Co-Ed,1,1,1,1,1,1,1,1,1,1,0,0,0,0,1,1,0,1,0,1,0,1,1,1,1,1,0,0,1,0,0
2017-18,33,Tamilnadu,3313,DINDIGUL,331313,VADAMADURAI,1,PS (I-V),3,Local body,Rural,3,Co-Ed,47,47,23,13,47,47,47,47,47,47,0,0,0,0,41,12,0,2,0,9,0,47,47,4,34,46,41,0,29,20,0
2017-18,33,Tamilnadu,3313,DINDIGUL,331313,VADAMADURAI,1,PS (I-V),4,Government Aided,Rural,3,Co-Ed,3,3,1,0,3,3,2,3,3,3,0,0,0,0,3,0,0,0,0,1,0,3,3,0,3,3,2,0,0,1,0
2017-18,33,Tamilnadu,3313,DINDIGUL,331313,VADAMADURAI,1,PS (I-V),5,Private Unaided (Recognized),Rural,3,Co-Ed,2,2,0,0,2,2,2,2,2,2,0,0,0,0,2,2,0,0,0,0,0,1,2,0,2,2,1,0,2,0,0
2017-18,33,Tamilnadu,3313,DINDIGUL,331313,VADAMADURAI,1,PS (I-V),6,Other Govt. managed schools,Rural,3,Co-Ed,1,1,0,0,1,1,1,1,1,1,0,0,0,0,1,0,0,0,0,0,0,1,1,0,0,1,1,0,1,0,0
2017-18,33,Tamilnadu,3313,DINDIGUL,331313,VADAMADURAI,1,PS (I-V),3,Local body,Urban,3,Co-Ed,16,16,4,3,16,15,16,16,16,16,0,0,0,0,15,5,0,0,0,5,0,16,16,0,8,15,13,0,6,4,0
2017-18,33,Tamilnadu,3313,DINDIGUL,331313,VADAMADURAI,1,PS (I-V),4,Government Aided,Urban,3,Co-Ed,1,1,0,0,1,1,1,1,1,1,0,0,0,0,1,1,0,0,0,0,0,1,1,1,1,1,0,0,0,1,0
2017-18,33,Tamilnadu,3313,DINDIGUL,331313,VADAMADURAI,1,PS (I-V),5,Private Unaided (Recognized),Urban,3,Co-Ed,6,6,1,5,6,6,6,6,6,6,0,0,0,0,4,6,0,2,0,3,0,6,6,4,6,6,1,0,6,6,0
2017-18,33,Tamilnadu,3313,DINDIGUL,331313,VADAMADURAI,7,SS (VI-X),1,Department of Education,Rural,3,Co-Ed,7,7,7,2,7,4,7,7,7,7,0,0,0,0,5,6,0,4,0,5,0,6,7,6,6,4,5,0,6,3,0
2017-18,33,Tamilnadu,3313,DINDIGUL,331313,VADAMADURAI,2,UPS (I-VIII),3,Local body,Rural,3,Co-Ed,16,16,15,16,16,14,16,16,16,16,0,0,0,0,15,12,0,0,0,6,0,16,16,8,10,16,15,0,16,6,0
2017-18,33,Tamilnadu,3313,DINDIGUL,331313,VADAMADURAI,2,UPS (I-VIII),5,Private Unaided (Recognized),Rural,3,Co-Ed,4,4,0,3,4,4,4,4,4,4,0,0,0,0,4,4,0,3,0,3,1,3,4,2,3,2,3,0,4,3,0
2017-18,33,Tamilnadu,3313,DINDIGUL,331313,VADAMADURAI,2,UPS (I-VIII),8,Unrecognized,Rural,3,Co-Ed,1,1,0,1,1,1,1,1,1,1,0,0,0,0,1,1,0,1,0,1,0,1,1,1,1,1,0,0,1,0,0
2017-18,33,Tamilnadu,3313,DINDIGUL,331313,VADAMADURAI,2,UPS (I-VIII),3,Local body,Urban,3,Co-Ed,5,5,3,5,5,5,5,5,5,5,0,0,0,0,4,1,0,0,0,2,0,5,5,1,3,5,5,0,5,2,0
2017-18,33,Tamilnadu,3313,DINDIGUL,331314,VEDASANDUR,3,HSS (I-XII),5,Private Unaided (Recognized),Rural,3,Co-Ed,1,1,0,1,1,1,1,1,1,1,0,0,0,0,1,1,0,1,0,1,0,1,0,1,1,1,1,0,1,1,0
2017-18,33,Tamilnadu,3313,DINDIGUL,331314,VEDASANDUR,5,HSS (VI-XII),1,Department of Education,Rural,1,Boys,1,1,1,1,1,1,1,1,0,1,0,0,0,0,1,1,0,1,0,1,0,1,1,1,1,1,1,0,1,1,0
2017-18,33,Tamilnadu,3313,DINDIGUL,331314,VEDASANDUR,5,HSS (VI-XII),1,Department of Education,Rural,2,Girls,1,1,1,1,1,1,1,0,1,1,0,0,0,0,1,1,0,1,0,1,0,1,1,1,0,1,1,0,1,1,0
2017-18,33,Tamilnadu,3313,DINDIGUL,331314,VEDASANDUR,5,HSS (VI-XII),4,Government Aided,Rural,2,Girls,1,1,1,0,1,1,1,0,1,1,0,0,0,0,1,1,0,0,0,1,1,1,1,1,1,0,1,0,1,0,0
2017-18,33,Tamilnadu,3313,DINDIGUL,331314,VEDASANDUR,5,HSS (VI-XII),1,Department of Education,Rural,3,Co-Ed,4,4,3,4,4,4,4,4,4,4,0,0,0,0,4,4,0,4,0,4,0,4,4,4,4,4,4,0,4,1,0
2017-18,33,Tamilnadu,3313,DINDIGUL,331314,VEDASANDUR,1,PS (I-V),4,Government Aided,Rural,1,Boys,1,1,0,0,1,1,1,1,0,1,0,0,0,0,1,1,0,0,0,1,0,1,1,1,1,0,0,0,0,1,0
2017-18,33,Tamilnadu,3313,DINDIGUL,331314,VEDASANDUR,1,PS (I-V),4,Government Aided,Rural,2,Girls,1,1,1,0,1,1,1,0,1,1,0,0,0,0,1,1,0,0,0,0,0,1,1,1,1,1,0,0,1,0,0
2017-18,33,Tamilnadu,3313,DINDIGUL,331314,VEDASANDUR,1,PS (I-V),3,Local body,Rural,3,Co-Ed,74,74,31,10,74,74,74,74,74,74,0,0,0,0,72,8,0,0,0,18,0,74,74,14,59,72,65,0,25,34,0
2017-18,33,Tamilnadu,3313,DINDIGUL,331314,VEDASANDUR,1,PS (I-V),4,Government Aided,Rural,3,Co-Ed,11,11,5,0,11,11,10,11,11,11,0,0,0,0,11,1,0,0,0,4,0,11,11,5,9,8,9,0,5,2,0
2017-18,33,Tamilnadu,3313,DINDIGUL,331314,VEDASANDUR,1,PS (I-V),5,Private Unaided (Recognized),Rural,3,Co-Ed,10,10,2,8,10,10,10,10,10,10,0,0,0,0,10,8,0,6,0,7,2,8,10,9,9,7,1,0,9,5,0
2017-18,33,Tamilnadu,3313,DINDIGUL,331314,VEDASANDUR,1,PS (I-V),6,Other Govt. managed schools,Rural,3,Co-Ed,3,3,1,0,3,3,3,3,3,3,0,0,0,0,3,0,0,0,0,0,0,3,3,0,1,2,1,0,0,0,0
2017-18,33,Tamilnadu,3313,DINDIGUL,331314,VEDASANDUR,6,SS (I-X),5,Private Unaided (Recognized),Rural,3,Co-Ed,1,1,0,1,1,1,1,1,1,1,0,0,0,0,1,1,0,1,0,1,1,1,1,1,1,1,1,0,1,0,0
2017-18,33,Tamilnadu,3313,DINDIGUL,331314,VEDASANDUR,7,SS (VI-X),1,Department of Education,Rural,3,Co-Ed,8,8,7,4,8,8,8,8,8,8,0,0,0,0,8,8,0,5,0,6,0,8,7,7,6,8,7,0,7,5,0
2017-18,33,Tamilnadu,3313,DINDIGUL,331314,VEDASANDUR,7,SS (VI-X),4,Government Aided,Rural,3,Co-Ed,1,1,1,0,1,1,1,1,1,1,0,0,0,0,0,1,0,1,0,0,0,1,1,1,1,1,0,0,0,0,0
2017-18,33,Tamilnadu,3313,DINDIGUL,331314,VEDASANDUR,7,SS (VI-X),5,Private Unaided (Recognized),Rural,3,Co-Ed,1,1,1,1,1,1,1,1,1,1,0,0,0,0,1,1,0,1,0,0,1,1,1,1,1,1,1,0,1,0,0
2017-18,33,Tamilnadu,3313,DINDIGUL,331314,VEDASANDUR,2,UPS (I-VIII),3,Local body,Rural,3,Co-Ed,14,14,14,14,14,14,14,14,14,14,0,0,0,0,13,10,0,0,0,7,0,14,14,10,13,14,14,0,11,11,0
2017-18,33,Tamilnadu,3313,DINDIGUL,331314,VEDASANDUR,2,UPS (I-VIII),4,Government Aided,Rural,3,Co-Ed,2,2,2,1,2,2,2,2,2,2,0,0,0,0,2,2,0,0,0,2,0,2,2,1,2,2,2,0,1,1,0
2017-18,33,Tamilnadu,3313,DINDIGUL,331314,VEDASANDUR,2,UPS (I-VIII),5,Private Unaided (Recognized),Rural,3,Co-Ed,2,2,1,2,2,2,2,2,2,2,0,0,0,0,2,2,0,1,0,2,0,2,2,2,2,2,2,0,2,1,0
2017-18,33,Tamilnadu,3313,DINDIGUL,331315,DINDIGUL URBAN,3,HSS (I-XII),1,Department of Education,Urban,3,Co-Ed,1,1,1,1,1,1,1,1,1,1,0,0,0,0,0,1,0,1,0,0,0,1,1,1,1,1,1,0,1,0,0
2017-18,33,Tamilnadu,3313,DINDIGUL,331315,DINDIGUL URBAN,3,HSS (I-XII),5,Private Unaided (Recognized),Urban,3,Co-Ed,8,8,7,8,8,8,8,8,8,8,0,0,0,0,8,8,0,8,0,6,6,8,7,8,8,8,3,0,8,8,0
2017-18,33,Tamilnadu,3313,DINDIGUL,331315,DINDIGUL URBAN,5,HSS (VI-XII),3,Local body,Urban,1,Boys,1,1,1,1,1,1,1,1,0,1,0,0,0,0,1,1,0,1,0,1,1,1,1,1,1,1,1,0,1,1,0
2017-18,33,Tamilnadu,3313,DINDIGUL,331315,DINDIGUL URBAN,5,HSS (VI-XII),4,Government Aided,Urban,1,Boys,3,3,3,3,3,3,3,3,0,3,0,0,0,0,2,3,0,3,0,3,1,3,3,3,3,3,3,0,3,3,0
2017-18,33,Tamilnadu,3313,DINDIGUL,331315,DINDIGUL URBAN,5,HSS (VI-XII),1,Department of Education,Urban,2,Girls,1,1,1,1,1,1,1,0,1,1,0,0,0,0,1,1,0,0,0,0,0,1,1,1,0,1,0,0,1,0,0
2017-18,33,Tamilnadu,3313,DINDIGUL,331315,DINDIGUL URBAN,5,HSS (VI-XII),4,Government Aided,Urban,2,Girls,4,4,4,4,4,4,4,0,4,4,0,0,0,0,4,4,0,4,0,1,1,4,4,4,4,4,3,0,4,4,0
2017-18,33,Tamilnadu,3313,DINDIGUL,331315,DINDIGUL URBAN,5,HSS (VI-XII),4,Government Aided,Urban,3,Co-Ed,5,5,4,5,5,5,5,5,5,5,0,0,0,0,5,5,0,5,0,5,0,5,5,5,5,5,5,0,5,5,0
2017-18,33,Tamilnadu,3313,DINDIGUL,331315,DINDIGUL URBAN,1,PS (I-V),4,Government Aided,Urban,1,Boys,1,1,1,0,1,1,1,1,0,1,0,0,0,0,1,1,0,1,0,1,0,1,1,1,1,1,0,0,0,1,0
2017-18,33,Tamilnadu,3313,DINDIGUL,331315,DINDIGUL URBAN,1,PS (I-V),3,Local body,Urban,3,Co-Ed,14,14,14,12,14,14,14,14,14,14,0,0,0,0,9,1,0,0,0,3,0,14,14,9,9,14,9,0,8,9,0
2017-18,33,Tamilnadu,3313,DINDIGUL,331315,DINDIGUL URBAN,1,PS (I-V),4,Government Aided,Urban,3,Co-Ed,18,18,16,3,18,18,17,18,18,18,0,0,0,0,15,17,0,2,0,4,0,18,18,12,14,15,7,0,6,6,0
2017-18,33,Tamilnadu,3313,DINDIGUL,331315,DINDIGUL URBAN,1,PS (I-V),5,Private Unaided (Recognized),Urban,3,Co-Ed,14,14,4,10,14,12,14,14,14,14,0,0,0,0,13,11,0,3,0,5,1,14,4,12,11,13,2,0,14,12,0
2017-18,33,Tamilnadu,3313,DINDIGUL,331315,DINDIGUL URBAN,6,SS (I-X),5,Private Unaided (Recognized),Urban,3,Co-Ed,6,6,6,6,6,5,6,6,6,6,0,0,0,0,6,6,0,5,0,3,2,6,6,6,6,6,1,0,6,4,0
2017-18,33,Tamilnadu,3313,DINDIGUL,331315,DINDIGUL URBAN,7,SS (VI-X),3,Local body,Urban,3,Co-Ed,1,1,1,1,1,1,1,1,1,1,0,0,0,0,1,1,0,1,0,0,0,1,1,1,0,1,1,0,1,0,0
2017-18,33,Tamilnadu,3313,DINDIGUL,331315,DINDIGUL URBAN,7,SS (VI-X),4,Government Aided,Urban,3,Co-Ed,3,3,3,2,3,3,3,3,3,3,0,0,0,0,2,3,0,2,0,3,0,3,3,3,3,3,1,0,3,3,0
2017-18,33,Tamilnadu,3313,DINDIGUL,331315,DINDIGUL URBAN,7,SS (VI-X),5,Private Unaided (Recognized),Urban,3,Co-Ed,1,1,0,0,1,1,1,1,1,1,0,0,0,0,1,1,0,1,0,1,0,1,0,1,1,1,0,0,1,0,0
2017-18,33,Tamilnadu,3313,DINDIGUL,331315,DINDIGUL URBAN,2,UPS (I-VIII),4,Government Aided,Urban,2,Girls,1,1,1,1,1,1,1,0,1,1,0,0,0,0,1,0,0,1,0,0,1,1,1,1,1,1,0,0,1,0,0
2017-18,33,Tamilnadu,3313,DINDIGUL,331315,DINDIGUL URBAN,2,UPS (I-VIII),3,Local body,Urban,3,Co-Ed,1,1,1,1,1,1,1,1,1,1,0,0,0,0,1,1,0,0,0,0,0,1,1,0,1,1,1,0,1,1,0
2017-18,33,Tamilnadu,3313,DINDIGUL,331315,DINDIGUL URBAN,2,UPS (I-VIII),4,Government Aided,Urban,3,Co-Ed,9,9,8,4,9,9,9,9,9,9,0,0,0,0,6,9,0,2,0,0,0,9,9,8,8,8,5,0,7,3,0
2017-18,33,Tamilnadu,3313,DINDIGUL,331315,DINDIGUL URBAN,2,UPS (I-VIII),5,Private Unaided (Recognized),Urban,3,Co-Ed,4,4,0,2,4,2,4,4,4,4,0,0,0,0,4,3,0,2,0,1,1,3,1,3,3,4,1,0,4,3,0
2017-18,33,Tamilnadu,3313,DINDIGUL,331315,DINDIGUL URBAN,4,UPS (VI-VIII),4,Government Aided,Urban,1,Boys,1,1,1,0,1,1,1,1,0,1,0,0,0,0,1,1,0,0,0,0,0,1,1,1,1,1,0,0,0,1,0
2017-18,33,Tamilnadu,3313,DINDIGUL,331316,PALANI-URBAN,3,HSS (I-XII),5,Private Unaided (Recognized),Urban,3,Co-Ed,4,4,4,4,4,4,4,4,4,4,0,0,0,0,4,4,0,4,0,4,3,4,4,3,4,4,1,0,4,3,0
2017-18,33,Tamilnadu,3313,DINDIGUL,331316,PALANI-URBAN,5,HSS (VI-XII),3,Local body,Urban,1,Boys,1,1,0,1,1,1,1,1,0,1,0,0,0,0,1,1,0,1,0,0,0,1,1,1,1,1,1,0,1,1,0
2017-18,33,Tamilnadu,3313,DINDIGUL,331316,PALANI-URBAN,5,HSS (VI-XII),1,Department of Education,Urban,2,Girls,1,1,1,1,1,1,1,0,1,1,0,0,0,0,1,1,0,1,0,1,0,1,1,1,1,1,1,0,1,1,0
2017-18,33,Tamilnadu,3313,DINDIGUL,331316,PALANI-URBAN,1,PS (I-V),3,Local body,Urban,3,Co-Ed,2,2,0,2,2,2,2,2,2,2,0,0,0,0,2,2,0,0,0,1,0,2,2,0,1,2,2,0,0,2,0
2017-18,33,Tamilnadu,3313,DINDIGUL,331316,PALANI-URBAN,1,PS (I-V),4,Government Aided,Urban,3,Co-Ed,9,9,5,3,9,9,8,9,9,9,0,0,0,0,8,6,0,0,0,3,0,9,9,5,6,6,5,0,6,5,0
2017-18,33,Tamilnadu,3313,DINDIGUL,331316,PALANI-URBAN,1,PS (I-V),5,Private Unaided (Recognized),Urban,3,Co-Ed,7,7,7,6,7,7,7,7,7,7,0,0,0,0,7,7,0,4,0,2,1,7,7,5,6,6,0,0,7,6,0
2017-18,33,Tamilnadu,3313,DINDIGUL,331316,PALANI-URBAN,6,SS (I-X),5,Private Unaided (Recognized),Urban,3,Co-Ed,3,3,1,3,3,3,3,3,3,3,0,0,0,0,3,3,0,3,0,2,0,3,3,3,3,3,0,0,3,1,0
2017-18,33,Tamilnadu,3313,DINDIGUL,331316,PALANI-URBAN,7,SS (VI-X),4,Government Aided,Urban,3,Co-Ed,2,2,2,2,2,2,2,2,2,2,0,0,0,0,2,2,0,2,0,1,0,2,2,2,2,2,1,0,2,0,0
2017-18,33,Tamilnadu,3313,DINDIGUL,331316,PALANI-URBAN,2,UPS (I-VIII),3,Local body,Urban,3,Co-Ed,3,3,3,3,3,3,3,3,3,3,0,0,0,0,3,3,0,0,0,1,0,3,3,0,2,3,3,0,3,3,0
2017-18,33,Tamilnadu,3313,DINDIGUL,331316,PALANI-URBAN,2,UPS (I-VIII),4,Government Aided,Urban,3,Co-Ed,2,2,2,1,2,2,2,2,2,2,0,0,0,0,2,2,0,1,0,0,0,2,2,1,1,2,1,0,2,2,0
