Academic_Year,State_Code,State_Name,District_Code,District_Name,Block_Code,Udise_Block_Name,School_Category_Id,School_Category_Name,School_Management_Id,School_Management_Name,Location,School_Type_Id,School_Type,Total_Number_of_Schools,Building,Complete_Medical_Checkup,Computer_Available,Functional_Drinking_Water,Drinking_Water,Functional_Electricity,Functional_Boy_Toilet,Functional_Girl_Toilet,Functional_Toilet_Facility,Functional_Toilet_and_Urinal,Functional_Urinal,Functional_Urinal_Boy,Functional_Urinal_Girl,Handwash,Separate_Room_for_Headmaster,Incinerator,Internet,Kitchen_Garden,Land_Available,Librarian,Library_or_Reading_Corner_or_Book_Bank,Medical_Checkup,Newspaper,Playground,Rain_Water_Harvesting,Ramps,Solar_Panel,Furniture,Water_Purifier,Water_Tested
2017-18,33,Tamilnadu,3306,TIRUVANNAMALAI,330601,VEMBAKKAM,3,HSS (I-XII),5,Private Unaided (Recognized),Rural,3,Co-Ed,2,2,2,2,2,2,2,2,2,2,0,0,0,0,2,2,0,2,0,2,0,2,2,2,2,2,2,0,2,1,0
2017-18,33,Tamilnadu,3306,TIRUVANNAMALAI,330601,VEMBAKKAM,5,HSS (VI-XII),1,Department of Education,Rural,1,Boys,1,1,1,1,1,1,1,1,0,1,0,0,0,0,1,1,0,1,0,1,0,1,1,1,1,1,1,0,1,1,0
2017-18,33,Tamilnadu,3306,TIRUVANNAMALAI,330601,VEMBAKKAM,5,HSS (VI-XII),1,Department of Education,Rural,2,Girls,2,2,1,0,2,2,2,0,2,2,0,0,0,0,1,1,0,1,0,2,0,2,2,2,2,2,1,0,2,1,0
2017-18,33,Tamilnadu,3306,TIRUVANNAMALAI,330601,VEMBAKKAM,5,HSS (VI-XII),1,Department of Education,Rural,3,Co-Ed,9,9,8,9,9,9,9,9,9,9,0,0,0,0,8,5,0,7,0,8,0,9,9,9,8,9,9,0,9,5,0
2017-18,33,Tamilnadu,3306,TIRUVANNAMALAI,330601,VEMBAKKAM,1,PS (I-V),2,Tribal Welfare Department,Rural,3,Co-Ed,6,6,6,0,6,6,6,6,6,6,0,0,0,0,5,1,0,0,0,4,0,6,6,1,6,5,1,0,2,1,0
2017-18,33,Tamilnadu,3306,TIRUVANNAMALAI,330601,VEMBAKKAM,1,PS (I-V),3,Local body,Rural,3,Co-Ed,88,88,82,19,87,88,88,88,88,88,0,0,0,0,69,14,0,2,0,56,0,88,88,34,67,81,64,0,65,67,0
2017-18,33,Tamilnadu,3306,TIRUVANNAMALAI,330601,VEMBAKKAM,1,PS (I-V),5,Private Unaided (Recognized),Rural,3,Co-Ed,7,7,2,7,7,6,7,7,7,7,0,0,0,0,7,7,0,3,0,6,1,7,7,7,6,7,3,0,7,6,0
2017-18,33,Tamilnadu,3306,TIRUVANNAMALAI,330601,VEMBAKKAM,6,SS (I-X),5,Private Unaided (Recognized),Rural,3,Co-Ed,2,1,1,2,2,2,2,2,2,2,0,0,0,0,2,2,0,2,0,2,0,2,2,0,2,1,1,0,2,2,0
2017-18,33,Tamilnadu,3306,TIRUVANNAMALAI,330601,VEMBAKKAM,7,SS (VI-X),1,Department of Education,Rural,3,Co-Ed,10,10,7,6,10,9,10,10,10,10,0,0,0,0,7,4,0,3,0,9,0,9,9,9,8,7,7,0,8,8,0
2017-18,33,Tamilnadu,3306,TIRUVANNAMALAI,330601,VEMBAKKAM,7,SS (VI-X),2,Tribal Welfare Department,Rural,3,Co-Ed,1,1,0,0,1,1,1,1,1,1,0,0,0,0,0,0,0,0,0,1,0,1,1,0,1,1,0,0,1,0,0
2017-18,33,Tamilnadu,3306,TIRUVANNAMALAI,330601,VEMBAKKAM,2,UPS (I-VIII),2,Tribal Welfare Department,Rural,3,Co-Ed,1,1,1,1,1,1,1,1,1,1,0,0,0,0,1,1,0,0,0,1,0,1,1,0,1,1,1,0,1,1,0
2017-18,33,Tamilnadu,3306,TIRUVANNAMALAI,330601,VEMBAKKAM,2,UPS (I-VIII),3,Local body,Rural,3,Co-Ed,17,17,17,15,17,17,17,17,17,17,0,0,0,0,12,3,0,0,0,13,0,17,17,9,16,17,14,0,16,17,0
2017-18,33,Tamilnadu,3306,TIRUVANNAMALAI,330602,CHEYYAR,3,HSS (I-XII),5,Private Unaided (Recognized),Urban,3,Co-Ed,4,4,1,4,4,4,4,4,4,4,0,0,0,0,4,4,0,4,0,3,0,4,4,4,4,4,1,0,4,2,0
2017-18,33,Tamilnadu,3306,TIRUVANNAMALAI,330602,CHEYYAR,5,HSS (VI-XII),1,Department of Education,Urban,1,Boys,1,1,1,1,1,1,1,1,0,1,0,0,0,0,1,1,0,1,0,1,1,1,1,1,1,1,1,0,1,0,0
2017-18,33,Tamilnadu,3306,TIRUVANNAMALAI,330602,CHEYYAR,5,HSS (VI-XII),1,Department of Education,Urban,2,Girls,1,1,1,1,1,1,1,0,1,1,0,0,0,0,1,1,0,1,0,1,0,1,1,1,1,1,1,0,1,0,0
2017-18,33,Tamilnadu,3306,TIRUVANNAMALAI,330602,CHEYYAR,5,HSS (VI-XII),1,Department of Education,Rural,3,Co-Ed,4,4,4,3,4,4,4,4,4,4,0,0,0,0,4,3,0,3,0,4,0,4,4,4,4,4,4,0,4,3,0
2017-18,33,Tamilnadu,3306,TIRUVANNAMALAI,330602,CHEYYAR,1,PS (I-V),2,Tribal Welfare Department,Rural,3,Co-Ed,5,5,3,1,5,5,5,5,5,5,0,0,0,0,5,0,0,0,0,2,0,5,5,3,4,5,2,0,5,1,0
2017-18,33,Tamilnadu,3306,TIRUVANNAMALAI,330602,CHEYYAR,1,PS (I-V),3,Local body,Rural,3,Co-Ed,71,71,28,17,70,69,71,71,71,71,0,0,0,0,71,10,0,1,0,36,0,70,71,20,49,68,61,0,62,34,0
2017-18,33,Tamilnadu,3306,TIRUVANNAMALAI,330602,CHEYYAR,1,PS (I-V),4,Government Aided,Rural,3,Co-Ed,1,1,0,0,1,1,1,1,1,1,0,0,0,0,1,1,0,0,0,1,0,1,1,1,1,0,1,0,1,0,0
2017-18,33,Tamilnadu,3306,TIRUVANNAMALAI,330602,CHEYYAR,1,PS (I-V),5,Private Unaided (Recognized),Rural,3,Co-Ed,5,5,1,5,5,5,5,5,5,5,0,0,0,0,5,5,0,1,0,3,1,5,5,5,4,4,2,0,5,4,0
2017-18,33,Tamilnadu,3306,TIRUVANNAMALAI,330602,CHEYYAR,1,PS (I-V),3,Local body,Urban,3,Co-Ed,7,7,2,1,7,7,7,7,7,7,0,0,0,0,7,2,0,0,0,1,0,7,7,1,5,7,7,0,3,7,0
2017-18,33,Tamilnadu,3306,TIRUVANNAMALAI,330602,CHEYYAR,1,PS (I-V),4,Government Aided,Urban,3,Co-Ed,1,1,1,0,1,1,1,1,1,1,0,0,0,0,1,1,0,0,0,1,0,1,1,1,1,1,1,0,1,0,0
2017-18,33,Tamilnadu,3306,TIRUVANNAMALAI,330602,CHEYYAR,1,PS (I-V),5,Private Unaided (Recognized),Urban,3,Co-Ed,7,7,2,7,7,7,7,7,7,7,0,0,0,0,7,7,0,4,0,4,0,7,7,7,7,6,0,0,7,6,0
2017-18,33,Tamilnadu,3306,TIRUVANNAMALAI,330602,CHEYYAR,6,SS (I-X),5,Private Unaided (Recognized),Rural,3,Co-Ed,3,3,3,3,3,3,3,3,3,3,0,0,0,0,3,3,0,2,0,3,2,3,3,3,3,2,2,0,3,1,0
2017-18,33,Tamilnadu,3306,TIRUVANNAMALAI,330602,CHEYYAR,6,SS (I-X),5,Private Unaided (Recognized),Urban,3,Co-Ed,3,3,2,3,3,3,3,3,3,3,0,0,0,0,3,3,0,3,0,3,1,3,3,3,3,3,1,0,3,0,0
2017-18,33,Tamilnadu,3306,TIRUVANNAMALAI,330602,CHEYYAR,7,SS (VI-X),1,Department of Education,Rural,3,Co-Ed,12,12,9,6,12,12,12,12,12,12,0,0,0,0,12,9,0,3,0,7,1,11,12,11,9,12,11,0,8,3,0
2017-18,33,Tamilnadu,3306,TIRUVANNAMALAI,330602,CHEYYAR,7,SS (VI-X),2,Tribal Welfare Department,Rural,3,Co-Ed,1,1,0,1,1,1,1,1,1,1,0,0,0,0,1,0,0,0,0,1,0,1,1,1,1,1,1,0,1,1,0
2017-18,33,Tamilnadu,3306,TIRUVANNAMALAI,330602,CHEYYAR,7,SS (VI-X),1,Department of Education,Urban,3,Co-Ed,1,1,1,1,1,1,1,1,1,1,0,0,0,0,1,1,0,1,0,1,0,1,1,1,1,1,1,0,1,1,0
2017-18,33,Tamilnadu,3306,TIRUVANNAMALAI,330602,CHEYYAR,7,SS (VI-X),3,Local body,Urban,3,Co-Ed,1,1,1,1,1,1,1,1,1,1,0,0,0,0,1,0,0,1,0,0,0,1,1,1,1,1,1,0,1,1,0
2017-18,33,Tamilnadu,3306,TIRUVANNAMALAI,330602,CHEYYAR,7,SS (VI-X),4,Government Aided,Urban,3,Co-Ed,1,1,1,1,1,1,1,1,1,1,0,0,0,0,1,1,0,0,0,1,0,1,1,1,1,0,1,0,1,0,0
2017-18,33,Tamilnadu,3306,TIRUVANNAMALAI,330602,CHEYYAR,2,UPS (I-VIII),3,Local body,Rural,3,Co-Ed,10,10,10,8,10,10,10,10,10,10,0,0,0,0,10,4,0,0,0,6,0,10,10,2,7,10,10,0,10,9,0
2017-18,33,Tamilnadu,3306,TIRUVANNAMALAI,330602,CHEYYAR,2,UPS (I-VIII),5,Private Unaided (Recognized),Rural,3,Co-Ed,1,1,0,1,1,1,1,1,1,1,0,0,0,0,1,1,0,1,0,1,0,1,1,1,1,1,1,0,1,1,0
2017-18,33,Tamilnadu,3306,TIRUVANNAMALAI,330602,CHEYYAR,2,UPS (I-VIII),8,Unrecognized,Rural,3,Co-Ed,1,1,0,1,1,1,1,1,1,1,0,0,0,0,1,1,0,0,0,1,1,1,1,1,1,0,1,0,1,0,0
2017-18,33,Tamilnadu,3306,TIRUVANNAMALAI,330602,CHEYYAR,2,UPS (I-VIII),3,Local body,Urban,3,Co-Ed,3,3,3,3,3,3,3,3,3,3,0,0,0,0,3,1,0,0,0,1,0,3,3,0,0,3,3,0,3,3,0
2017-18,33,Tamilnadu,3306,TIRUVANNAMALAI,330602,CHEYYAR,2,UPS (I-VIII),5,Private Unaided (Recognized),Urban,3,Co-Ed,2,2,2,2,2,2,2,2,2,2,0,0,0,0,2,2,0,2,0,1,1,2,2,2,2,2,1,0,2,2,0
2017-18,33,Tamilnadu,3306,TIRUVANNAMALAI,330603,ANAKKAVUR,3,HSS (I-XII),5,Private Unaided (Recognized),Rural,3,Co-Ed,1,1,1,1,1,1,1,1,1,1,0,0,0,0,1,1,0,1,0,1,1,1,1,1,1,1,0,0,1,1,0
2017-18,33,Tamilnadu,3306,TIRUVANNAMALAI,330603,ANAKKAVUR,5,HSS (VI-XII),1,Department of Education,Rural,3,Co-Ed,5,5,5,5,5,5,5,5,5,5,0,0,0,0,5,2,0,2,0,5,0,5,5,5,5,5,5,0,5,3,0
2017-18,33,Tamilnadu,3306,TIRUVANNAMALAI,330603,ANAKKAVUR,1,PS (I-V),2,Tribal Welfare Department,Rural,3,Co-Ed,2,2,0,0,2,2,2,2,2,2,0,0,0,0,2,0,0,0,0,2,0,2,2,0,2,1,1,0,2,2,0
2017-18,33,Tamilnadu,3306,TIRUVANNAMALAI,330603,ANAKKAVUR,1,PS (I-V),3,Local body,Rural,3,Co-Ed,75,75,3,12,73,75,75,73,75,75,0,0,0,0,75,8,0,5,0,51,0,75,74,9,54,66,54,0,53,66,0
2017-18,33,Tamilnadu,3306,TIRUVANNAMALAI,330603,ANAKKAVUR,1,PS (I-V),4,Government Aided,Rural,3,Co-Ed,2,2,0,1,2,2,2,2,2,2,0,0,0,0,2,1,0,1,0,1,0,2,2,1,1,2,1,0,2,1,0
2017-18,33,Tamilnadu,3306,TIRUVANNAMALAI,330603,ANAKKAVUR,1,PS (I-V),5,Private Unaided (Recognized),Rural,3,Co-Ed,3,3,0,3,3,3,3,3,3,3,0,0,0,0,3,3,0,3,0,3,1,3,3,3,3,3,2,0,3,3,0
2017-18,33,Tamilnadu,3306,TIRUVANNAMALAI,330603,ANAKKAVUR,6,SS (I-X),5,Private Unaided (Recognized),Rural,3,Co-Ed,1,1,0,1,1,1,1,1,1,1,0,0,0,0,1,1,0,1,0,1,0,1,1,1,1,1,1,0,1,1,0
2017-18,33,Tamilnadu,3306,TIRUVANNAMALAI,330603,ANAKKAVUR,7,SS (VI-X),1,Department of Education,Rural,3,Co-Ed,8,8,8,6,8,8,8,8,8,8,0,0,0,0,8,3,0,1,0,8,0,8,8,8,8,6,7,0,7,6,0
2017-18,33,Tamilnadu,3306,TIRUVANNAMALAI,330603,ANAKKAVUR,2,UPS (I-VIII),3,Local body,Rural,3,Co-Ed,9,9,9,7,9,9,9,9,9,9,0,0,0,0,9,7,0,1,0,7,0,9,9,7,9,9,9,0,9,9,0
2017-18,33,Tamilnadu,3306,TIRUVANNAMALAI,330604,PERNAMALLUR,3,HSS (I-XII),5,Private Unaided (Recognized),Rural,3,Co-Ed,2,2,1,2,2,2,2,2,2,2,0,0,0,0,2,2,0,2,0,2,0,2,2,2,2,2,2,0,2,1,0
2017-18,33,Tamilnadu,3306,TIRUVANNAMALAI,330604,PERNAMALLUR,5,HSS (VI-XII),1,Department of Education,Rural,1,Boys,2,2,2,2,2,2,2,2,0,2,0,0,0,0,2,1,0,2,0,2,0,2,2,1,2,2,1,0,2,1,0
2017-18,33,Tamilnadu,3306,TIRUVANNAMALAI,330604,PERNAMALLUR,5,HSS (VI-XII),1,Department of Education,Rural,2,Girls,2,2,2,2,2,2,2,0,2,2,0,0,0,0,2,2,0,2,0,2,0,2,2,2,1,2,2,0,2,1,0
2017-18,33,Tamilnadu,3306,TIRUVANNAMALAI,330604,PERNAMALLUR,5,HSS (VI-XII),1,Department of Education,Rural,3,Co-Ed,2,2,2,2,2,2,2,2,2,2,0,0,0,0,1,2,0,0,0,2,0,2,2,2,2,2,2,0,2,0,0
2017-18,33,Tamilnadu,3306,TIRUVANNAMALAI,330604,PERNAMALLUR,1,PS (I-V),2,Tribal Welfare Department,Rural,3,Co-Ed,1,1,1,0,1,1,1,1,1,1,0,0,0,0,1,0,0,0,0,1,0,1,1,0,1,1,1,0,0,0,0
2017-18,33,Tamilnadu,3306,TIRUVANNAMALAI,330604,PERNAMALLUR,1,PS (I-V),3,Local body,Rural,3,Co-Ed,67,67,64,12,67,67,67,67,67,67,0,0,0,0,64,7,0,0,0,56,0,67,67,28,62,67,61,0,62,50,0
2017-18,33,Tamilnadu,3306,TIRUVANNAMALAI,330604,PERNAMALLUR,1,PS (I-V),4,Government Aided,Rural,3,Co-Ed,5,5,4,0,5,5,5,5,5,5,0,0,0,0,5,1,0,0,0,4,0,5,5,0,4,5,2,0,4,1,0
2017-18,33,Tamilnadu,3306,TIRUVANNAMALAI,330604,PERNAMALLUR,1,PS (I-V),5,Private Unaided (Recognized),Rural,3,Co-Ed,2,2,1,2,2,2,2,2,2,2,0,0,0,0,2,2,0,2,0,2,0,2,1,2,2,2,0,0,2,2,0
2017-18,33,Tamilnadu,3306,TIRUVANNAMALAI,330604,PERNAMALLUR,6,SS (I-X),5,Private Unaided (Recognized),Rural,3,Co-Ed,2,2,1,2,2,2,2,2,2,2,0,0,0,0,2,2,0,2,0,2,1,2,2,2,2,2,0,0,2,2,0
2017-18,33,Tamilnadu,3306,TIRUVANNAMALAI,330604,PERNAMALLUR,7,SS (VI-X),1,Department of Education,Rural,3,Co-Ed,8,8,8,8,8,8,8,8,8,8,0,0,0,0,6,6,0,3,0,7,0,8,8,8,7,6,7,0,8,4,0
2017-18,33,Tamilnadu,3306,TIRUVANNAMALAI,330604,PERNAMALLUR,2,UPS (I-VIII),3,Local body,Rural,3,Co-Ed,16,16,16,16,16,16,16,16,16,16,0,0,0,0,16,9,0,3,0,14,0,16,16,9,15,16,16,0,16,14,0
2017-18,33,Tamilnadu,3306,TIRUVANNAMALAI,330604,PERNAMALLUR,2,UPS (I-VIII),4,Government Aided,Rural,3,Co-Ed,2,2,2,1,2,2,2,2,2,2,0,0,0,0,2,1,0,0,0,2,0,2,2,1,2,2,1,0,1,1,0
2017-18,33,Tamilnadu,3306,TIRUVANNAMALAI,330604,PERNAMALLUR,2,UPS (I-VIII),5,Private Unaided (Recognized),Rural,3,Co-Ed,2,2,2,2,2,2,2,2,2,2,0,0,0,0,2,2,0,1,0,2,0,2,2,2,2,2,1,0,2,2,0
2017-18,33,Tamilnadu,3306,TIRUVANNAMALAI,330605,VANDAVASI,3,HSS (I-XII),5,Private Unaided (Recognized),Rural,3,Co-Ed,2,2,2,2,2,2,2,2,2,2,0,0,0,0,2,2,0,2,0,2,2,2,2,2,2,2,2,0,2,2,0
2017-18,33,Tamilnadu,3306,TIRUVANNAMALAI,330605,VANDAVASI,3,HSS (I-XII),5,Private Unaided (Recognized),Urban,3,Co-Ed,2,2,2,2,2,2,2,2,2,2,0,0,0,0,2,2,0,2,0,2,1,2,2,2,2,2,1,0,1,2,0
2017-18,33,Tamilnadu,3306,TIRUVANNAMALAI,330605,VANDAVASI,5,HSS (VI-XII),1,Department of Education,Urban,1,Boys,1,1,1,1,1,1,1,1,0,1,0,0,0,0,1,1,0,1,0,1,0,1,1,1,1,1,1,0,1,1,0
2017-18,33,Tamilnadu,3306,TIRUVANNAMALAI,330605,VANDAVASI,5,HSS (VI-XII),4,Government Aided,Rural,2,Girls,1,1,1,1,1,1,1,0,1,1,0,0,0,0,1,1,0,1,0,1,0,1,1,1,1,1,0,0,1,0,0
2017-18,33,Tamilnadu,3306,TIRUVANNAMALAI,330605,VANDAVASI,5,HSS (VI-XII),1,Department of Education,Urban,2,Girls,1,1,1,1,1,1,1,0,1,1,0,0,0,0,1,1,0,1,0,1,0,1,1,1,0,1,1,0,1,1,0
2017-18,33,Tamilnadu,3306,TIRUVANNAMALAI,330605,VANDAVASI,5,HSS (VI-XII),1,Department of Education,Rural,3,Co-Ed,4,4,4,4,4,4,4,4,4,4,0,0,0,0,4,4,0,4,0,4,1,4,4,4,4,4,4,0,4,3,0
2017-18,33,Tamilnadu,3306,TIRUVANNAMALAI,330605,VANDAVASI,5,HSS (VI-XII),4,Government Aided,Urban,3,Co-Ed,1,1,1,1,1,1,1,1,1,1,0,0,0,0,1,1,0,1,0,1,0,1,1,1,1,1,1,0,1,1,0
2017-18,33,Tamilnadu,3306,TIRUVANNAMALAI,330605,VANDAVASI,1,PS (I-V),2,Tribal Welfare Department,Rural,3,Co-Ed,2,2,2,0,2,2,2,2,2,2,0,0,0,0,2,0,0,0,0,2,0,2,2,0,2,1,1,0,1,2,0
2017-18,33,Tamilnadu,3306,TIRUVANNAMALAI,330605,VANDAVASI,1,PS (I-V),3,Local body,Rural,3,Co-Ed,67,67,63,12,66,67,67,67,67,67,0,0,0,0,67,12,0,0,0,63,1,67,66,27,58,66,47,0,51,37,0
2017-18,33,Tamilnadu,3306,TIRUVANNAMALAI,330605,VANDAVASI,1,PS (I-V),4,Government Aided,Rural,3,Co-Ed,8,8,8,0,8,8,8,8,8,8,0,0,0,0,8,3,0,0,0,8,1,8,8,4,7,8,4,0,4,5,0
2017-18,33,Tamilnadu,3306,TIRUVANNAMALAI,330605,VANDAVASI,1,PS (I-V),5,Private Unaided (Recognized),Rural,3,Co-Ed,5,5,5,5,5,5,5,5,5,5,0,0,0,0,5,5,0,4,0,4,2,5,5,4,5,5,4,0,5,4,0
2017-18,33,Tamilnadu,3306,TIRUVANNAMALAI,330605,VANDAVASI,1,PS (I-V),3,Local body,Urban,3,Co-Ed,6,6,6,1,6,6,6,6,6,6,0,0,0,0,6,1,0,0,0,5,0,6,6,1,4,6,5,0,5,2,0
2017-18,33,Tamilnadu,3306,TIRUVANNAMALAI,330605,VANDAVASI,1,PS (I-V),4,Government Aided,Urban,3,Co-Ed,4,4,4,0,4,4,4,4,4,4,0,0,0,0,4,1,0,1,0,4,1,4,4,2,4,4,3,0,2,1,0
2017-18,33,Tamilnadu,3306,TIRUVANNAMALAI,330605,VANDAVASI,1,PS (I-V),5,Private Unaided (Recognized),Urban,3,Co-Ed,1,0,1,1,1,1,1,1,1,1,0,0,0,0,1,1,0,0,0,1,0,1,1,1,1,1,1,0,1,0,0
2017-18,33,Tamilnadu,3306,TIRUVANNAMALAI,330605,VANDAVASI,6,SS (I-X),5,Private Unaided (Recognized),Rural,3,Co-Ed,3,3,3,3,3,3,3,3,3,3,0,0,0,0,3,3,0,3,0,3,0,3,3,3,3,3,3,0,3,3,0
2017-18,33,Tamilnadu,3306,TIRUVANNAMALAI,330605,VANDAVASI,6,SS (I-X),5,Private Unaided (Recognized),Urban,3,Co-Ed,1,1,1,1,1,1,1,1,1,1,0,0,0,0,1,1,0,1,0,1,0,1,1,1,1,1,0,0,1,1,0
2017-18,33,Tamilnadu,3306,TIRUVANNAMALAI,330605,VANDAVASI,7,SS (VI-X),1,Department of Education,Rural,2,Girls,1,1,1,1,1,1,1,0,1,1,0,0,0,0,1,1,0,1,0,1,0,1,1,1,1,1,1,0,1,0,0
2017-18,33,Tamilnadu,3306,TIRUVANNAMALAI,330605,VANDAVASI,7,SS (VI-X),1,Department of Education,Rural,3,Co-Ed,8,8,8,6,8,8,8,8,8,8,0,0,0,0,8,4,0,5,0,7,0,8,8,8,8,7,8,0,5,5,0
2017-18,33,Tamilnadu,3306,TIRUVANNAMALAI,330605,VANDAVASI,7,SS (VI-X),4,Government Aided,Urban,3,Co-Ed,1,1,1,1,1,1,1,1,1,1,0,0,0,0,1,1,0,1,0,1,0,1,1,1,1,1,1,0,1,1,0
2017-18,33,Tamilnadu,3306,TIRUVANNAMALAI,330605,VANDAVASI,2,UPS (I-VIII),3,Local body,Rural,3,Co-Ed,15,15,15,13,15,15,15,15,15,15,0,0,0,0,15,6,0,1,0,14,0,15,15,4,13,14,14,0,15,15,0
2017-18,33,Tamilnadu,3306,TIRUVANNAMALAI,330606,THELLAR,5,HSS (VI-XII),1,Department of Education,Rural,1,Boys,1,1,1,1,0,1,1,1,0,1,0,0,0,0,1,1,0,1,0,1,0,1,1,1,1,1,1,0,1,1,0
2017-18,33,Tamilnadu,3306,TIRUVANNAMALAI,330606,THELLAR,5,HSS (VI-XII),1,Department of Education,Rural,2,Girls,1,1,1,1,1,1,1,0,1,1,0,0,0,0,1,0,0,1,0,1,0,1,1,1,1,1,1,0,1,0,0
2017-18,33,Tamilnadu,3306,TIRUVANNAMALAI,330606,THELLAR,5,HSS (VI-XII),1,Department of Education,Rural,3,Co-Ed,6,6,3,6,6,6,6,6,6,6,0,0,0,0,6,5,0,3,0,5,0,6,6,6,6,6,6,0,6,1,0
2017-18,33,Tamilnadu,3306,TIRUVANNAMALAI,330606,THELLAR,1,PS (I-V),1,Department of Education,Rural,3,Co-Ed,1,1,1,0,1,1,1,1,1,1,0,0,0,0,0,0,0,0,0,0,0,1,1,0,1,1,1,0,0,1,0
2017-18,33,Tamilnadu,3306,TIRUVANNAMALAI,330606,THELLAR,1,PS (I-V),2,Tribal Welfare Department,Rural,3,Co-Ed,3,3,3,1,3,3,3,3,3,3,0,0,0,0,3,2,0,0,0,3,1,3,3,1,3,2,3,0,3,1,0
2017-18,33,Tamilnadu,3306,TIRUVANNAMALAI,330606,THELLAR,1,PS (I-V),3,Local body,Rural,3,Co-Ed,79,79,47,15,79,79,79,78,79,79,0,0,0,0,73,5,0,0,0,43,0,79,79,25,67,68,62,0,70,64,0
2017-18,33,Tamilnadu,3306,TIRUVANNAMALAI,330606,THELLAR,1,PS (I-V),4,Government Aided,Rural,3,Co-Ed,9,9,5,0,8,9,9,9,9,9,0,0,0,0,8,4,0,0,0,6,0,9,9,5,9,8,8,0,5,2,0
2017-18,33,Tamilnadu,3306,TIRUVANNAMALAI,330606,THELLAR,1,PS (I-V),5,Private Unaided (Recognized),Rural,3,Co-Ed,6,6,2,6,3,6,6,6,6,6,0,0,0,0,6,5,0,3,0,4,2,6,5,5,6,4,1,0,5,6,0
2017-18,33,Tamilnadu,3306,TIRUVANNAMALAI,330606,THELLAR,6,SS (I-X),5,Private Unaided (Recognized),Rural,3,Co-Ed,1,1,1,1,1,1,1,1,1,1,0,0,0,0,1,1,0,1,0,1,1,1,1,1,1,1,0,0,1,0,0
2017-18,33,Tamilnadu,3306,TIRUVANNAMALAI,330606,THELLAR,7,SS (VI-X),1,Department of Education,Rural,2,Girls,2,2,2,1,2,2,2,0,2,2,0,0,0,0,2,2,0,1,0,1,0,2,2,2,1,2,2,0,2,1,0
2017-18,33,Tamilnadu,3306,TIRUVANNAMALAI,330606,THELLAR,7,SS (VI-X),1,Department of Education,Rural,3,Co-Ed,10,10,9,8,10,10,10,10,10,10,0,0,0,0,10,6,0,4,0,8,2,10,10,10,9,9,9,0,9,6,0
2017-18,33,Tamilnadu,3306,TIRUVANNAMALAI,330606,THELLAR,7,SS (VI-X),5,Private Unaided (Recognized),Rural,3,Co-Ed,1,1,0,1,1,1,1,1,1,1,0,0,0,0,1,0,0,0,0,0,1,1,0,1,1,1,0,0,0,0,0
2017-18,33,Tamilnadu,3306,TIRUVANNAMALAI,330606,THELLAR,2,UPS (I-VIII),3,Local body,Rural,3,Co-Ed,18,18,13,16,18,17,18,17,18,18,0,0,0,0,16,7,0,2,0,14,1,18,18,10,13,15,18,0,18,18,0
2017-18,33,Tamilnadu,3306,TIRUVANNAMALAI,330606,THELLAR,2,UPS (I-VIII),4,Government Aided,Rural,3,Co-Ed,1,1,0,0,1,1,1,1,1,1,0,0,0,0,1,1,0,0,0,1,0,1,1,1,1,1,0,0,1,1,0
2017-18,33,Tamilnadu,3306,TIRUVANNAMALAI,330606,THELLAR,2,UPS (I-VIII),5,Private Unaided (Recognized),Rural,3,Co-Ed,1,1,0,1,0,1,1,1,1,1,0,0,0,0,1,1,0,1,0,1,1,1,1,1,1,1,1,0,1,1,0
2017-18,33,Tamilnadu,3306,TIRUVANNAMALAI,330607,ARNI,3,HSS (I-XII),5,Private Unaided (Recognized),Rural,3,Co-Ed,5,5,5,5,5,5,5,5,5,5,0,0,0,0,5,5,0,5,0,5,4,5,5,5,5,5,3,0,5,5,0
2017-18,33,Tamilnadu,3306,TIRUVANNAMALAI,330607,ARNI,3,HSS (I-XII),5,Private Unaided (Recognized),Urban,3,Co-Ed,1,1,1,1,1,1,1,1,1,1,0,0,0,0,1,1,0,1,0,1,0,1,1,1,1,1,1,0,1,1,0
2017-18,33,Tamilnadu,3306,TIRUVANNAMALAI,330607,ARNI,5,HSS (VI-XII),1,Department of Education,Urban,1,Boys,1,1,1,1,1,1,1,1,0,1,0,0,0,0,1,1,0,1,0,1,0,1,1,1,1,1,1,0,1,1,0
2017-18,33,Tamilnadu,3306,TIRUVANNAMALAI,330607,ARNI,5,HSS (VI-XII),1,Department of Education,Urban,2,Girls,1,1,1,1,1,1,1,0,1,1,0,0,0,0,1,1,0,1,0,1,0,1,1,1,1,1,1,0,1,0,0
2017-18,33,Tamilnadu,3306,TIRUVANNAMALAI,330607,ARNI,5,HSS (VI-XII),4,Government Aided,Urban,2,Girls,1,1,1,1,1,1,1,0,1,1,0,0,0,0,1,1,0,1,0,0,0,1,1,1,1,1,1,0,1,0,0
2017-18,33,Tamilnadu,3306,TIRUVANNAMALAI,330607,ARNI,5,HSS (VI-XII),1,Department of Education,Rural,3,Co-Ed,4,4,4,3,3,4,4,4,4,4,0,0,0,0,4,3,0,4,0,4,0,4,4,4,3,4,4,0,4,2,0
2017-18,33,Tamilnadu,3306,TIRUVANNAMALAI,330607,ARNI,5,HSS (VI-XII),4,Government Aided,Urban,3,Co-Ed,2,2,1,2,2,2,2,2,2,2,0,0,0,0,2,2,0,1,0,1,1,2,2,2,2,2,2,0,2,1,0
2017-18,33,Tamilnadu,3306,TIRUVANNAMALAI,330607,ARNI,1,PS (I-V),4,Government Aided,Urban,2,Girls,1,1,0,1,1,1,1,0,1,1,0,0,0,0,1,1,0,1,0,1,0,1,1,1,1,1,0,0,1,0,0
2017-18,33,Tamilnadu,3306,TIRUVANNAMALAI,330607,ARNI,1,PS (I-V),2,Tribal Welfare Department,Rural,3,Co-Ed,2,2,0,0,2,2,2,2,2,2,0,0,0,0,2,1,0,0,0,0,0,2,2,0,1,0,2,0,2,0,0
2017-18,33,Tamilnadu,3306,TIRUVANNAMALAI,330607,ARNI,1,PS (I-V),3,Local body,Rural,3,Co-Ed,53,53,22,11,53,53,53,53,53,53,0,0,0,0,47,9,0,2,0,16,0,53,53,23,33,50,45,0,36,21,0
2017-18,33,Tamilnadu,3306,TIRUVANNAMALAI,330607,ARNI,1,PS (I-V),4,Government Aided,Rural,3,Co-Ed,4,4,0,0,3,4,4,4,4,4,0,0,0,0,3,3,0,0,0,3,0,4,4,4,4,3,2,0,2,2,0
2017-18,33,Tamilnadu,3306,TIRUVANNAMALAI,330607,ARNI,1,PS (I-V),5,Private Unaided (Recognized),Rural,3,Co-Ed,15,15,5,10,14,15,15,15,15,15,0,0,0,0,14,14,0,7,0,11,2,15,13,13,15,15,3,0,14,13,0
2017-18,33,Tamilnadu,3306,TIRUVANNAMALAI,330607,ARNI,1,PS (I-V),8,Unrecognized,Rural,3,Co-Ed,1,1,0,1,1,1,1,1,1,1,0,0,0,0,1,1,0,1,0,0,0,1,1,1,1,1,0,0,1,0,0
2017-18,33,Tamilnadu,3306,TIRUVANNAMALAI,330607,ARNI,1,PS (I-V),3,Local body,Urban,3,Co-Ed,5,5,3,1,5,5,5,5,5,5,0,0,0,0,4,1,0,0,0,2,0,5,4,2,2,5,4,0,4,3,0
2017-18,33,Tamilnadu,3306,TIRUVANNAMALAI,330607,ARNI,1,PS (I-V),4,Government Aided,Urban,3,Co-Ed,3,3,1,2,3,3,3,3,3,3,0,0,0,0,3,2,0,0,0,1,0,3,3,2,3,3,3,0,1,1,0
2017-18,33,Tamilnadu,3306,TIRUVANNAMALAI,330607,ARNI,1,PS (I-V),5,Private Unaided (Recognized),Urban,3,Co-Ed,11,11,4,11,11,11,11,11,11,11,0,0,0,0,11,11,0,9,0,4,0,11,8,10,11,9,4,0,11,11,0
2017-18,33,Tamilnadu,3306,TIRUVANNAMALAI,330607,ARNI,6,SS (I-X),5,Private Unaided (Recognized),Rural,3,Co-Ed,1,1,1,1,1,1,1,1,1,1,0,0,0,0,1,1,0,1,0,1,0,1,1,1,1,1,1,0,1,1,0
2017-18,33,Tamilnadu,3306,TIRUVANNAMALAI,330607,ARNI,6,SS (I-X),5,Private Unaided (Recognized),Urban,3,Co-Ed,1,1,1,1,1,1,1,1,1,1,0,0,0,0,1,1,0,1,0,1,1,1,1,1,1,1,0,0,1,1,0
2017-18,33,Tamilnadu,3306,TIRUVANNAMALAI,330607,ARNI,7,SS (VI-X),1,Department of Education,Rural,3,Co-Ed,15,15,12,10,14,14,15,15,15,15,0,0,0,0,14,5,0,8,0,12,1,14,14,14,9,14,12,0,13,8,0
2017-18,33,Tamilnadu,3306,TIRUVANNAMALAI,330607,ARNI,7,SS (VI-X),1,Department of Education,Urban,3,Co-Ed,1,1,1,0,1,1,1,1,1,1,0,0,0,0,1,1,0,0,0,1,0,1,1,1,1,1,1,0,1,1,0
2017-18,33,Tamilnadu,3306,TIRUVANNAMALAI,330607,ARNI,2,UPS (I-VIII),2,Tribal Welfare Department,Rural,3,Co-Ed,2,2,2,2,2,2,2,2,2,2,0,0,0,0,2,2,0,0,0,2,0,2,2,1,2,2,2,0,2,1,0
2017-18,33,Tamilnadu,3306,TIRUVANNAMALAI,330607,ARNI,2,UPS (I-VIII),3,Local body,Rural,3,Co-Ed,18,18,17,15,17,17,18,18,18,18,0,0,0,0,17,10,0,2,0,10,0,18,17,12,10,18,17,0,18,10,0
2017-18,33,Tamilnadu,3306,TIRUVANNAMALAI,330607,ARNI,2,UPS (I-VIII),5,Private Unaided (Recognized),Rural,3,Co-Ed,1,1,0,1,1,1,1,1,1,1,0,0,0,0,1,1,0,0,0,1,0,1,0,1,1,1,0,0,0,1,0
2017-18,33,Tamilnadu,3306,TIRUVANNAMALAI,330607,ARNI,2,UPS (I-VIII),3,Local body,Urban,3,Co-Ed,4,4,4,4,4,4,4,4,4,4,0,0,0,0,3,1,0,0,0,2,0,4,4,0,3,4,4,0,4,3,0
2017-18,33,Tamilnadu,3306,TIRUVANNAMALAI,330607,ARNI,2,UPS (I-VIII),5,Private Unaided (Recognized),Urban,3,Co-Ed,1,1,0,1,1,1,1,1,1,1,0,0,0,0,1,1,0,1,0,1,1,1,0,1,1,1,0,0,1,0,0
2017-18,33,Tamilnadu,3306,TIRUVANNAMALAI,330608,WEST ARNI,3,HSS (I-XII),5,Private Unaided (Recognized),Rural,3,Co-Ed,6,6,6,6,6,6,6,6,6,6,0,0,0,0,6,6,0,6,0,6,5,6,6,6,6,6,2,0,6,6,0
2017-18,33,Tamilnadu,3306,TIRUVANNAMALAI,330608,WEST ARNI,5,HSS (VI-XII),1,Department of Education,Rural,1,Boys,1,1,1,1,1,1,1,1,0,1,0,0,0,0,1,0,0,1,0,1,0,1,1,1,1,1,1,0,1,1,0
2017-18,33,Tamilnadu,3306,TIRUVANNAMALAI,330608,WEST ARNI,5,HSS (VI-XII),1,Department of Education,Rural,2,Girls,1,1,1,1,1,1,1,0,1,1,0,0,0,0,1,0,0,1,0,1,0,1,1,1,1,1,1,0,1,1,0
2017-18,33,Tamilnadu,3306,TIRUVANNAMALAI,330608,WEST ARNI,5,HSS (VI-XII),1,Department of Education,Rural,3,Co-Ed,3,3,3,3,3,3,3,3,3,3,0,0,0,0,3,2,0,3,0,3,0,3,3,3,3,3,3,0,3,3,0
2017-18,33,Tamilnadu,3306,TIRUVANNAMALAI,330608,WEST ARNI,1,PS (I-V),1,Department of Education,Rural,3,Co-Ed,1,1,1,0,1,1,1,1,1,1,0,0,0,0,1,0,0,0,0,1,0,1,1,1,0,0,1,0,1,0,0
2017-18,33,Tamilnadu,3306,TIRUVANNAMALAI,330608,WEST ARNI,1,PS (I-V),2,Tribal Welfare Department,Rural,3,Co-Ed,1,1,1,0,1,1,1,1,1,1,0,0,0,0,1,1,0,0,0,1,0,1,1,1,1,1,1,0,1,1,0
2017-18,33,Tamilnadu,3306,TIRUVANNAMALAI,330608,WEST ARNI,1,PS (I-V),3,Local body,Rural,3,Co-Ed,52,52,48,16,51,52,52,52,52,52,0,0,0,0,51,8,0,1,0,28,0,52,52,28,37,44,41,0,41,27,0
2017-18,33,Tamilnadu,3306,TIRUVANNAMALAI,330608,WEST ARNI,1,PS (I-V),4,Government Aided,Rural,3,Co-Ed,6,6,6,1,6,6,6,6,6,6,0,0,0,0,5,2,0,0,0,5,0,6,6,1,5,3,2,0,4,2,0
2017-18,33,Tamilnadu,3306,TIRUVANNAMALAI,330608,WEST ARNI,1,PS (I-V),5,Private Unaided (Recognized),Rural,3,Co-Ed,4,4,4,3,4,4,4,4,4,4,0,0,0,0,4,3,0,3,0,2,0,4,4,4,3,3,0,0,4,2,0
2017-18,33,Tamilnadu,3306,TIRUVANNAMALAI,330608,WEST ARNI,6,SS (I-X),5,Private Unaided (Recognized),Rural,3,Co-Ed,2,2,2,2,2,2,2,2,2,2,0,0,0,0,2,2,0,2,0,2,1,2,2,2,2,2,0,0,2,2,0
2017-18,33,Tamilnadu,3306,TIRUVANNAMALAI,330608,WEST ARNI,7,SS (VI-X),1,Department of Education,Rural,2,Girls,1,1,1,1,1,1,1,0,1,1,0,0,0,0,1,1,0,1,0,1,0,1,1,1,0,1,0,0,1,1,0
2017-18,33,Tamilnadu,3306,TIRUVANNAMALAI,330608,WEST ARNI,7,SS (VI-X),1,Department of Education,Rural,3,Co-Ed,8,8,8,4,8,8,8,8,8,8,0,0,0,0,8,5,0,2,0,6,0,8,8,8,5,8,7,0,7,6,0
2017-18,33,Tamilnadu,3306,TIRUVANNAMALAI,330608,WEST ARNI,2,UPS (I-VIII),3,Local body,Rural,3,Co-Ed,16,16,16,15,16,16,16,16,16,16,0,0,0,0,15,6,0,0,0,11,0,16,16,9,12,15,15,0,14,9,0
2017-18,33,Tamilnadu,3306,TIRUVANNAMALAI,330608,WEST ARNI,2,UPS (I-VIII),4,Government Aided,Rural,3,Co-Ed,1,1,1,0,1,1,1,1,1,1,0,0,0,0,1,1,0,0,0,1,0,1,1,1,1,1,0,0,1,0,0
2017-18,33,Tamilnadu,3306,TIRUVANNAMALAI,330608,WEST ARNI,2,UPS (I-VIII),5,Private Unaided (Recognized),Rural,3,Co-Ed,1,1,1,1,1,1,1,1,1,1,0,0,0,0,1,1,0,1,0,1,0,1,1,1,1,1,1,0,1,1,0
2017-18,33,Tamilnadu,3306,TIRUVANNAMALAI,330609,POLUR,3,HSS (I-XII),5,Private Unaided (Recognized),Rural,3,Co-Ed,8,8,1,8,0,8,8,8,8,8,0,0,0,0,8,8,0,8,0,6,2,8,8,8,8,8,3,0,8,7,0
2017-18,33,Tamilnadu,3306,TIRUVANNAMALAI,330609,POLUR,5,HSS (VI-XII),1,Department of Education,Rural,1,Boys,2,2,2,2,2,2,2,2,0,2,0,0,0,0,2,2,0,2,0,2,0,2,2,2,2,2,2,0,2,1,0
2017-18,33,Tamilnadu,3306,TIRUVANNAMALAI,330609,POLUR,5,HSS (VI-XII),1,Department of Education,Rural,2,Girls,2,2,0,2,1,2,2,0,2,2,0,0,0,0,1,2,0,2,0,2,0,2,2,2,2,2,2,0,2,2,0
2017-18,33,Tamilnadu,3306,TIRUVANNAMALAI,330609,POLUR,5,HSS (VI-XII),1,Department of Education,Rural,3,Co-Ed,8,8,6,8,7,8,8,8,8,8,0,0,0,0,8,6,0,6,0,6,0,8,8,8,7,8,8,0,8,4,0
2017-18,33,Tamilnadu,3306,TIRUVANNAMALAI,330609,POLUR,5,HSS (VI-XII),4,Government Aided,Rural,3,Co-Ed,1,1,1,1,1,1,1,1,1,1,0,0,0,0,1,1,0,1,0,0,0,1,1,1,1,1,1,0,1,1,0
2017-18,33,Tamilnadu,3306,TIRUVANNAMALAI,330609,POLUR,1,PS (I-V),4,Government Aided,Rural,2,Girls,1,1,1,1,0,1,1,0,1,1,0,0,0,0,1,1,0,0,0,1,0,1,1,1,1,1,0,0,1,1,0
2017-18,33,Tamilnadu,3306,TIRUVANNAMALAI,330609,POLUR,1,PS (I-V),2,Tribal Welfare Department,Rural,3,Co-Ed,3,3,2,0,1,3,3,3,3,3,0,0,0,0,3,0,0,0,0,2,0,3,3,3,3,3,2,0,3,1,0
2017-18,33,Tamilnadu,3306,TIRUVANNAMALAI,330609,POLUR,1,PS (I-V),3,Local body,Rural,3,Co-Ed,78,78,58,21,30,77,78,78,78,78,0,0,0,0,78,7,0,8,0,45,0,78,76,63,54,61,63,0,39,43,0
2017-18,33,Tamilnadu,3306,TIRUVANNAMALAI,330609,POLUR,1,PS (I-V),4,Government Aided,Rural,3,Co-Ed,7,7,6,1,4,7,7,7,7,7,0,0,0,0,7,4,0,1,0,2,0,7,7,7,6,4,3,0,4,2,0
2017-18,33,Tamilnadu,3306,TIRUVANNAMALAI,330609,POLUR,1,PS (I-V),5,Private Unaided (Recognized),Rural,3,Co-Ed,13,13,6,11,5,13,13,13,13,13,0,0,0,0,13,11,0,9,0,5,0,12,13,10,12,11,1,0,13,10,0
2017-18,33,Tamilnadu,3306,TIRUVANNAMALAI,330609,POLUR,1,PS (I-V),8,Unrecognized,Rural,3,Co-Ed,2,2,0,2,0,2,2,2,2,2,0,0,0,0,2,1,0,0,0,2,0,2,2,2,2,0,2,0,2,1,0
2017-18,33,Tamilnadu,3306,TIRUVANNAMALAI,330609,POLUR,6,SS (I-X),5,Private Unaided (Recognized),Rural,3,Co-Ed,1,1,1,1,1,1,1,1,1,1,0,0,0,0,1,1,0,1,0,1,0,1,1,1,1,1,0,0,1,0,0
2017-18,33,Tamilnadu,3306,TIRUVANNAMALAI,330609,POLUR,7,SS (VI-X),1,Department of Education,Rural,2,Girls,1,1,0,0,1,1,1,0,1,1,0,0,0,0,1,0,0,0,0,1,0,1,1,0,1,1,1,0,1,0,0
2017-18,33,Tamilnadu,3306,TIRUVANNAMALAI,330609,POLUR,7,SS (VI-X),1,Department of Education,Rural,3,Co-Ed,10,10,9,4,7,10,10,10,10,10,0,0,0,0,10,6,0,4,0,8,0,10,10,10,6,9,9,0,8,7,0
2017-18,33,Tamilnadu,3306,TIRUVANNAMALAI,330609,POLUR,7,SS (VI-X),2,Tribal Welfare Department,Rural,3,Co-Ed,1,1,1,0,1,1,1,1,1,1,0,0,0,0,1,1,0,0,0,0,0,1,1,1,1,1,1,0,1,1,0
2017-18,33,Tamilnadu,3306,TIRUVANNAMALAI,330609,POLUR,7,SS (VI-X),4,Government Aided,Rural,3,Co-Ed,1,1,1,1,1,1,1,1,1,1,0,0,0,0,1,1,0,1,0,1,0,1,1,1,1,1,0,0,1,1,0
2017-18,33,Tamilnadu,3306,TIRUVANNAMALAI,330609,POLUR,2,UPS (I-VIII),2,Tribal Welfare Department,Rural,3,Co-Ed,1,1,0,1,1,1,1,1,1,1,0,0,0,0,1,0,0,0,0,1,0,1,1,0,1,1,1,0,1,1,0
2017-18,33,Tamilnadu,3306,TIRUVANNAMALAI,330609,POLUR,2,UPS (I-VIII),3,Local body,Rural,3,Co-Ed,16,16,6,15,11,16,16,16,16,16,0,0,0,0,16,8,0,0,0,10,0,16,16,9,9,13,16,0,15,15,0
2017-18,33,Tamilnadu,3306,TIRUVANNAMALAI,330609,POLUR,2,UPS (I-VIII),4,Government Aided,Rural,3,Co-Ed,1,1,0,1,0,1,1,1,1,1,0,0,0,0,1,1,0,0,0,1,0,1,1,0,1,1,0,0,1,1,0
2017-18,33,Tamilnadu,3306,TIRUVANNAMALAI,330610,KALASAPAKKAM,3,HSS (I-XII),5,Private Unaided (Recognized),Rural,3,Co-Ed,2,2,0,2,2,2,2,2,2,2,0,0,0,0,2,2,0,2,0,2,2,2,2,2,2,2,0,0,2,1,0
2017-18,33,Tamilnadu,3306,TIRUVANNAMALAI,330610,KALASAPAKKAM,5,HSS (VI-XII),1,Department of Education,Rural,1,Boys,2,2,2,2,2,2,2,2,0,2,0,0,0,0,1,1,0,2,0,1,1,2,2,2,1,2,2,0,2,1,0
2017-18,33,Tamilnadu,3306,TIRUVANNAMALAI,330610,KALASAPAKKAM,5,HSS (VI-XII),1,Department of Education,Rural,2,Girls,2,2,2,2,2,2,2,0,2,2,0,0,0,0,2,2,0,2,0,1,0,2,2,2,2,2,2,0,2,0,0
2017-18,33,Tamilnadu,3306,TIRUVANNAMALAI,330610,KALASAPAKKAM,5,HSS (VI-XII),1,Department of Education,Rural,3,Co-Ed,4,4,4,4,4,4,4,4,4,4,0,0,0,0,4,3,0,3,0,3,0,4,4,4,3,3,3,0,4,2,0
2017-18,33,Tamilnadu,3306,TIRUVANNAMALAI,330610,KALASAPAKKAM,1,PS (I-V),2,Tribal Welfare Department,Rural,3,Co-Ed,6,6,3,1,6,6,6,6,6,6,0,0,0,0,3,2,0,0,0,2,0,6,6,2,5,4,5,0,2,2,0
2017-18,33,Tamilnadu,3306,TIRUVANNAMALAI,330610,KALASAPAKKAM,1,PS (I-V),3,Local body,Rural,3,Co-Ed,60,60,18,13,60,60,60,60,59,60,0,0,0,0,51,8,0,1,0,25,0,60,60,14,37,57,44,0,35,26,0
2017-18,33,Tamilnadu,3306,TIRUVANNAMALAI,330610,KALASAPAKKAM,1,PS (I-V),4,Government Aided,Rural,3,Co-Ed,5,5,3,0,5,5,5,5,5,5,0,0,0,0,3,4,0,0,0,3,0,5,5,3,4,4,1,0,3,0,0
2017-18,33,Tamilnadu,3306,TIRUVANNAMALAI,330610,KALASAPAKKAM,1,PS (I-V),5,Private Unaided (Recognized),Rural,3,Co-Ed,9,9,2,7,9,9,9,9,9,9,0,0,0,0,8,8,0,3,0,6,0,9,8,7,8,7,5,0,9,6,0
2017-18,33,Tamilnadu,3306,TIRUVANNAMALAI,330610,KALASAPAKKAM,6,SS (I-X),5,Private Unaided (Recognized),Rural,3,Co-Ed,2,2,1,2,2,2,2,2,2,2,0,0,0,0,2,2,0,1,0,2,0,2,2,1,2,1,1,0,2,0,0
2017-18,33,Tamilnadu,3306,TIRUVANNAMALAI,330610,KALASAPAKKAM,7,SS (VI-X),1,Department of Education,Rural,3,Co-Ed,8,8,8,3,8,8,8,8,8,8,0,0,0,0,5,3,0,0,0,8,0,8,8,8,7,7,7,0,7,5,0
2017-18,33,Tamilnadu,3306,TIRUVANNAMALAI,330610,KALASAPAKKAM,7,SS (VI-X),2,Tribal Welfare Department,Rural,3,Co-Ed,1,1,1,0,0,1,1,1,1,1,0,0,0,0,1,0,0,0,0,1,0,1,1,0,0,1,0,0,1,0,0
2017-18,33,Tamilnadu,3306,TIRUVANNAMALAI,330610,KALASAPAKKAM,2,UPS (I-VIII),1,Department of Education,Rural,3,Co-Ed,1,1,1,1,0,1,1,1,1,1,0,0,0,0,1,0,0,0,0,0,0,1,1,0,1,1,1,0,0,1,0
2017-18,33,Tamilnadu,3306,TIRUVANNAMALAI,330610,KALASAPAKKAM,2,UPS (I-VIII),2,Tribal Welfare Department,Rural,3,Co-Ed,2,2,2,1,2,2,2,2,2,2,0,0,0,0,0,1,0,0,0,1,0,2,2,2,1,2,1,0,2,1,0
2017-18,33,Tamilnadu,3306,TIRUVANNAMALAI,330610,KALASAPAKKAM,2,UPS (I-VIII),3,Local body,Rural,3,Co-Ed,14,14,14,14,14,14,14,14,14,14,0,0,0,0,12,10,0,1,0,8,0,14,14,10,9,14,14,0,12,11,0
2017-18,33,Tamilnadu,3306,TIRUVANNAMALAI,330610,KALASAPAKKAM,2,UPS (I-VIII),4,Government Aided,Rural,3,Co-Ed,2,2,2,1,2,2,2,2,2,2,0,0,0,0,2,2,0,0,0,1,0,2,2,1,2,2,0,0,1,1,0
2017-18,33,Tamilnadu,3306,TIRUVANNAMALAI,330610,KALASAPAKKAM,2,UPS (I-VIII),5,Private Unaided (Recognized),Rural,3,Co-Ed,1,1,1,1,1,1,1,1,1,1,0,0,0,0,1,1,0,1,0,1,1,1,1,1,1,1,0,0,1,1,0
2017-18,33,Tamilnadu,3306,TIRUVANNAMALAI,330611,CHETPET,3,HSS (I-XII),4,Government Aided,Rural,3,Co-Ed,1,1,1,1,1,1,1,1,1,1,0,0,0,0,1,1,0,1,0,1,0,1,1,1,1,1,1,0,1,0,0
2017-18,33,Tamilnadu,3306,TIRUVANNAMALAI,330611,CHETPET,3,HSS (I-XII),5,Private Unaided (Recognized),Rural,3,Co-Ed,4,4,4,4,2,4,4,4,4,4,0,0,0,0,4,4,0,4,0,4,3,4,4,4,4,4,2,0,4,1,0
2017-18,33,Tamilnadu,3306,TIRUVANNAMALAI,330611,CHETPET,5,HSS (VI-XII),4,Government Aided,Rural,1,Boys,2,2,2,2,2,2,2,2,0,2,0,0,0,0,2,2,0,2,0,2,0,2,2,2,1,2,2,0,2,1,0
2017-18,33,Tamilnadu,3306,TIRUVANNAMALAI,330611,CHETPET,5,HSS (VI-XII),4,Government Aided,Rural,2,Girls,2,2,2,2,1,2,2,0,2,2,0,0,0,0,2,2,0,2,0,0,0,2,2,2,2,2,1,0,2,1,0
2017-18,33,Tamilnadu,3306,TIRUVANNAMALAI,330611,CHETPET,5,HSS (VI-XII),1,Department of Education,Rural,3,Co-Ed,8,8,8,8,8,8,8,8,8,8,0,0,0,0,5,6,0,5,0,8,0,8,8,7,8,8,8,0,8,0,0
2017-18,33,Tamilnadu,3306,TIRUVANNAMALAI,330611,CHETPET,5,HSS (VI-XII),5,Private Unaided (Recognized),Rural,3,Co-Ed,1,1,1,1,1,1,1,1,1,1,0,0,0,0,1,1,0,1,0,1,0,1,1,1,1,1,0,0,1,0,0
2017-18,33,Tamilnadu,3306,TIRUVANNAMALAI,330611,CHETPET,1,PS (I-V),1,Department of Education,Rural,3,Co-Ed,1,1,1,0,1,1,1,1,1,1,0,0,0,0,0,1,0,0,0,0,0,1,1,1,1,1,1,0,0,1,0
2017-18,33,Tamilnadu,3306,TIRUVANNAMALAI,330611,CHETPET,1,PS (I-V),2,Tribal Welfare Department,Rural,3,Co-Ed,1,1,1,0,1,1,1,1,1,1,0,0,0,0,1,0,0,0,0,0,0,1,1,1,1,1,1,0,0,1,0
2017-18,33,Tamilnadu,3306,TIRUVANNAMALAI,330611,CHETPET,1,PS (I-V),3,Local body,Rural,3,Co-Ed,46,46,21,17,43,46,46,46,46,46,0,0,0,0,34,9,0,0,0,18,0,46,46,42,33,46,35,0,20,40,0
2017-18,33,Tamilnadu,3306,TIRUVANNAMALAI,330611,CHETPET,1,PS (I-V),4,Government Aided,Rural,3,Co-Ed,15,15,8,1,15,15,15,15,15,15,0,0,0,0,13,7,0,0,0,10,0,15,15,12,13,14,4,0,9,9,0
2017-18,33,Tamilnadu,3306,TIRUVANNAMALAI,330611,CHETPET,1,PS (I-V),5,Private Unaided (Recognized),Rural,3,Co-Ed,5,5,2,4,4,5,5,5,5,5,0,0,0,0,5,3,0,1,0,5,0,5,5,5,5,4,3,0,5,5,0
2017-18,33,Tamilnadu,3306,TIRUVANNAMALAI,330611,CHETPET,1,PS (I-V),8,Unrecognized,Rural,3,Co-Ed,1,1,0,1,1,0,1,1,1,1,0,0,0,0,1,1,0,0,0,1,0,1,0,1,1,1,0,0,1,1,0
2017-18,33,Tamilnadu,3306,TIRUVANNAMALAI,330611,CHETPET,6,SS (I-X),5,Private Unaided (Recognized),Rural,3,Co-Ed,2,2,2,2,1,2,2,2,2,2,0,0,0,0,2,1,0,2,0,1,0,2,2,2,2,2,1,0,2,1,0
2017-18,33,Tamilnadu,3306,TIRUVANNAMALAI,330611,CHETPET,7,SS (VI-X),1,Department of Education,Rural,3,Co-Ed,7,7,7,3,7,7,7,7,7,7,0,0,0,0,6,4,0,2,0,6,0,7,7,7,7,6,7,0,7,5,0
2017-18,33,Tamilnadu,3306,TIRUVANNAMALAI,330611,CHETPET,7,SS (VI-X),5,Private Unaided (Recognized),Rural,3,Co-Ed,1,1,1,1,1,1,1,1,1,1,0,0,0,0,1,1,0,1,0,1,0,1,1,1,1,1,1,0,1,1,0
2017-18,33,Tamilnadu,3306,TIRUVANNAMALAI,330611,CHETPET,7,SS (VI-X),8,Unrecognized,Rural,3,Co-Ed,1,1,1,1,1,1,1,1,1,1,0,0,0,0,1,1,0,1,0,1,1,1,1,1,0,1,1,0,1,1,0
2017-18,33,Tamilnadu,3306,TIRUVANNAMALAI,330611,CHETPET,2,UPS (I-VIII),3,Local body,Rural,3,Co-Ed,18,18,16,16,11,18,18,18,18,18,0,0,0,0,14,5,0,0,0,14,0,18,18,18,17,18,18,0,17,18,0
2017-18,33,Tamilnadu,3306,TIRUVANNAMALAI,330611,CHETPET,2,UPS (I-VIII),4,Government Aided,Rural,3,Co-Ed,2,2,2,2,2,2,2,2,2,2,0,0,0,0,2,2,0,0,0,1,0,2,2,2,2,2,2,0,2,2,0
2017-18,33,Tamilnadu,3306,TIRUVANNAMALAI,330612,THURINJAPURAM,3,HSS (I-XII),5,Private Unaided (Recognized),Rural,3,Co-Ed,3,3,1,3,3,3,3,3,3,3,0,0,0,0,3,3,0,3,0,1,3,3,3,3,3,3,0,0,2,2,0
2017-18,33,Tamilnadu,3306,TIRUVANNAMALAI,330612,THURINJAPURAM,5,HSS (VI-XII),1,Department of Education,Rural,1,Boys,1,1,0,1,1,1,1,1,0,1,0,0,0,0,1,1,0,1,0,1,0,1,1,1,1,1,1,0,1,0,0
2017-18,33,Tamilnadu,3306,TIRUVANNAMALAI,330612,THURINJAPURAM,5,HSS (VI-XII),1,Department of Education,Rural,2,Girls,1,1,0,1,0,1,1,0,1,1,0,0,0,0,0,0,0,1,0,1,0,1,1,0,1,1,1,0,1,1,0
2017-18,33,Tamilnadu,3306,TIRUVANNAMALAI,330612,THURINJAPURAM,5,HSS (VI-XII),1,Department of Education,Rural,3,Co-Ed,5,5,5,5,5,5,5,5,5,5,0,0,0,0,4,4,0,5,0,5,0,5,5,5,5,5,3,0,4,3,0
2017-18,33,Tamilnadu,3306,TIRUVANNAMALAI,330612,THURINJAPURAM,1,PS (I-V),2,Tribal Welfare Department,Rural,3,Co-Ed,4,4,2,1,3,4,4,4,4,4,0,0,0,0,3,0,0,0,0,2,0,4,4,4,3,4,4,0,4,2,0
2017-18,33,Tamilnadu,3306,TIRUVANNAMALAI,330612,THURINJAPURAM,1,PS (I-V),3,Local body,Rural,3,Co-Ed,71,71,37,17,63,71,71,71,71,71,0,0,0,0,59,13,0,2,0,40,0,71,70,48,41,63,52,0,60,43,0
2017-18,33,Tamilnadu,3306,TIRUVANNAMALAI,330612,THURINJAPURAM,1,PS (I-V),4,Government Aided,Rural,3,Co-Ed,11,11,8,0,11,11,11,11,11,11,0,0,0,0,6,7,0,0,0,4,0,11,11,10,10,9,6,0,7,8,0
2017-18,33,Tamilnadu,3306,TIRUVANNAMALAI,330612,THURINJAPURAM,1,PS (I-V),5,Private Unaided (Recognized),Rural,3,Co-Ed,4,4,1,3,4,4,4,4,4,4,0,0,0,0,3,3,0,1,0,2,0,4,4,3,4,2,1,0,4,2,0
2017-18,33,Tamilnadu,3306,TIRUVANNAMALAI,330612,THURINJAPURAM,6,SS (I-X),5,Private Unaided (Recognized),Rural,3,Co-Ed,4,4,2,4,3,4,4,4,4,4,0,0,0,0,4,4,0,3,0,4,0,4,4,3,3,4,3,0,4,4,0
2017-18,33,Tamilnadu,3306,TIRUVANNAMALAI,330612,THURINJAPURAM,7,SS (VI-X),1,Department of Education,Rural,3,Co-Ed,10,10,5,8,8,10,10,10,10,10,0,0,0,0,8,4,0,4,0,7,0,10,10,10,8,7,7,0,7,5,0
2017-18,33,Tamilnadu,3306,TIRUVANNAMALAI,330612,THURINJAPURAM,7,SS (VI-X),4,Government Aided,Rural,3,Co-Ed,2,2,0,2,2,2,2,2,2,2,0,0,0,0,2,1,0,0,0,1,0,2,2,2,2,2,2,0,2,1,0
2017-18,33,Tamilnadu,3306,TIRUVANNAMALAI,330612,THURINJAPURAM,2,UPS (I-VIII),3,Local body,Rural,3,Co-Ed,16,16,7,16,11,16,16,16,16,16,0,0,0,0,11,10,0,0,0,8,0,16,16,13,10,15,15,0,15,15,0
2017-18,33,Tamilnadu,3306,TIRUVANNAMALAI,330612,THURINJAPURAM,2,UPS (I-VIII),4,Government Aided,Rural,3,Co-Ed,1,1,0,0,0,1,1,1,1,1,0,0,0,0,1,1,0,0,0,1,0,1,1,0,1,1,1,0,1,1,0
2017-18,33,Tamilnadu,3306,TIRUVANNAMALAI,330612,THURINJAPURAM,2,UPS (I-VIII),5,Private Unaided (Recognized),Rural,3,Co-Ed,1,1,1,1,1,0,1,1,1,1,0,0,0,0,1,1,0,1,0,1,1,1,1,1,1,1,1,0,1,1,0
2017-18,33,Tamilnadu,3306,TIRUVANNAMALAI,330613,KILPENNATHUR,3,HSS (I-XII),5,Private Unaided (Recognized),Rural,3,Co-Ed,5,5,2,5,4,5,5,5,5,5,0,0,0,0,5,5,0,5,0,5,5,5,5,5,5,4,2,0,5,5,0
2017-18,33,Tamilnadu,3306,TIRUVANNAMALAI,330613,KILPENNATHUR,5,HSS (VI-XII),1,Department of Education,Rural,1,Boys,2,2,2,2,2,2,2,2,0,2,0,0,0,0,1,2,0,2,0,2,0,2,2,2,2,2,2,0,2,0,0
2017-18,33,Tamilnadu,3306,TIRUVANNAMALAI,330613,KILPENNATHUR,5,HSS (VI-XII),4,Government Aided,Rural,1,Boys,1,1,0,1,1,1,1,1,0,1,0,0,0,0,1,1,0,1,0,1,0,1,1,1,1,1,0,0,1,0,0
2017-18,33,Tamilnadu,3306,TIRUVANNAMALAI,330613,KILPENNATHUR,5,HSS (VI-XII),1,Department of Education,Rural,2,Girls,2,2,2,2,2,2,2,0,2,2,0,0,0,0,2,2,0,2,0,1,0,2,2,2,2,2,2,0,2,2,0
2017-18,33,Tamilnadu,3306,TIRUVANNAMALAI,330613,KILPENNATHUR,5,HSS (VI-XII),4,Government Aided,Rural,2,Girls,1,1,0,1,1,1,1,0,1,1,0,0,0,0,1,1,0,1,0,1,0,1,1,1,1,0,0,0,1,1,0
2017-18,33,Tamilnadu,3306,TIRUVANNAMALAI,330613,KILPENNATHUR,5,HSS (VI-XII),1,Department of Education,Rural,3,Co-Ed,4,4,4,4,4,4,4,4,4,4,0,0,0,0,4,4,0,3,0,4,0,4,4,3,4,4,4,0,4,3,0
2017-18,33,Tamilnadu,3306,TIRUVANNAMALAI,330613,KILPENNATHUR,5,HSS (VI-XII),4,Government Aided,Rural,3,Co-Ed,1,1,1,1,1,1,1,1,1,1,0,0,0,0,1,1,0,0,0,1,0,1,1,1,1,1,0,0,1,0,0
2017-18,33,Tamilnadu,3306,TIRUVANNAMALAI,330613,KILPENNATHUR,1,PS (I-V),4,Government Aided,Rural,1,Boys,1,1,0,0,1,1,1,1,0,1,0,0,0,0,1,1,0,0,0,0,0,1,1,1,1,1,0,0,0,0,0
2017-18,33,Tamilnadu,3306,TIRUVANNAMALAI,330613,KILPENNATHUR,1,PS (I-V),4,Government Aided,Rural,2,Girls,1,1,0,1,1,1,1,0,1,1,0,0,0,0,1,1,0,1,0,1,0,1,1,1,1,1,1,0,0,0,0
2017-18,33,Tamilnadu,3306,TIRUVANNAMALAI,330613,KILPENNATHUR,1,PS (I-V),2,Tribal Welfare Department,Rural,3,Co-Ed,1,1,0,0,1,1,1,1,1,1,0,0,0,0,1,0,0,0,0,1,0,1,1,1,1,1,1,0,1,0,0
2017-18,33,Tamilnadu,3306,TIRUVANNAMALAI,330613,KILPENNATHUR,1,PS (I-V),3,Local body,Rural,3,Co-Ed,68,68,7,20,61,68,68,68,68,68,0,0,0,0,61,12,0,2,0,31,0,68,68,46,46,65,48,0,49,31,0
2017-18,33,Tamilnadu,3306,TIRUVANNAMALAI,330613,KILPENNATHUR,1,PS (I-V),4,Government Aided,Rural,3,Co-Ed,14,14,0,0,13,14,14,13,13,13,0,0,0,0,11,9,0,0,0,8,0,14,14,8,14,14,3,0,11,0,0
2017-18,33,Tamilnadu,3306,TIRUVANNAMALAI,330613,KILPENNATHUR,1,PS (I-V),5,Private Unaided (Recognized),Rural,3,Co-Ed,5,5,0,5,5,5,5,5,5,5,0,0,0,0,5,5,0,3,0,3,0,5,4,5,5,5,1,0,4,4,0
2017-18,33,Tamilnadu,3306,TIRUVANNAMALAI,330613,KILPENNATHUR,1,PS (I-V),8,Unrecognized,Rural,3,Co-Ed,2,2,0,2,2,2,2,2,2,2,0,0,0,0,2,2,0,1,0,1,0,1,1,2,2,1,0,0,2,2,0
2017-18,33,Tamilnadu,3306,TIRUVANNAMALAI,330613,KILPENNATHUR,6,SS (I-X),5,Private Unaided (Recognized),Rural,3,Co-Ed,6,6,2,6,6,6,6,6,6,6,0,0,0,0,5,6,0,6,0,4,3,6,6,6,6,6,3,0,6,5,0
2017-18,33,Tamilnadu,3306,TIRUVANNAMALAI,330613,KILPENNATHUR,7,SS (VI-X),1,Department of Education,Rural,3,Co-Ed,12,12,12,3,12,12,12,12,12,12,0,0,0,0,9,6,0,3,0,10,2,12,12,12,11,12,12,0,10,9,0
2017-18,33,Tamilnadu,3306,TIRUVANNAMALAI,330613,KILPENNATHUR,7,SS (VI-X),4,Government Aided,Rural,3,Co-Ed,4,4,3,2,4,4,4,4,4,4,0,0,0,0,3,4,0,2,0,3,1,4,4,3,4,4,2,0,4,2,0
2017-18,33,Tamilnadu,3306,TIRUVANNAMALAI,330613,KILPENNATHUR,2,UPS (I-VIII),2,Tribal Welfare Department,Rural,3,Co-Ed,2,2,2,1,2,2,2,2,2,2,0,0,0,0,2,2,0,0,0,2,0,2,2,2,2,2,2,0,1,0,0
2017-18,33,Tamilnadu,3306,TIRUVANNAMALAI,330613,KILPENNATHUR,2,UPS (I-VIII),3,Local body,Rural,3,Co-Ed,15,15,10,13,15,15,15,15,15,15,0,0,0,0,14,8,0,0,0,10,0,15,15,10,12,14,13,0,10,9,0
2017-18,33,Tamilnadu,3306,TIRUVANNAMALAI,330613,KILPENNATHUR,2,UPS (I-VIII),5,Private Unaided (Recognized),Rural,3,Co-Ed,2,2,1,2,2,2,2,2,2,2,0,0,0,0,2,2,0,2,0,2,2,2,2,2,2,2,1,0,2,2,0
2017-18,33,Tamilnadu,3306,TIRUVANNAMALAI,330614,TIRUVANNAMALAI,3,HSS (I-XII),4,Government Aided,Rural,3,Co-Ed,1,1,0,1,1,1,1,1,1,1,0,0,0,0,1,1,0,1,0,1,0,1,1,1,1,1,1,0,1,0,0
2017-18,33,Tamilnadu,3306,TIRUVANNAMALAI,330614,TIRUVANNAMALAI,3,HSS (I-XII),5,Private Unaided (Recognized),Rural,3,Co-Ed,10,10,5,10,10,10,10,10,10,10,0,0,0,0,10,10,0,10,0,9,8,10,10,10,10,10,2,0,10,7,0
2017-18,33,Tamilnadu,3306,TIRUVANNAMALAI,330614,TIRUVANNAMALAI,3,HSS (I-XII),6,Other Govt. managed schools,Rural,3,Co-Ed,1,1,1,1,1,1,1,1,1,1,0,0,0,0,1,1,0,1,0,1,0,1,1,1,1,1,1,0,1,1,0
2017-18,33,Tamilnadu,3306,TIRUVANNAMALAI,330614,TIRUVANNAMALAI,3,HSS (I-XII),5,Private Unaided (Recognized),Urban,3,Co-Ed,4,4,2,4,4,4,4,4,4,4,0,0,0,0,4,4,0,4,0,4,3,4,4,4,4,4,1,0,4,3,0
2017-18,33,Tamilnadu,3306,TIRUVANNAMALAI,330614,TIRUVANNAMALAI,3,HSS (I-XII),92,Kendriya Vidyalaya / Central School,Urban,3,Co-Ed,1,1,0,1,1,1,1,1,1,1,0,0,0,0,1,1,0,1,0,0,0,1,1,1,1,1,1,0,1,1,0
2017-18,33,Tamilnadu,3306,TIRUVANNAMALAI,330614,TIRUVANNAMALAI,5,HSS (VI-XII),4,Government Aided,Rural,1,Boys,1,1,1,1,1,1,1,1,0,1,0,0,0,0,1,1,0,1,0,1,0,1,1,1,1,1,0,0,1,0,0
2017-18,33,Tamilnadu,3306,TIRUVANNAMALAI,330614,TIRUVANNAMALAI,5,HSS (VI-XII),4,Government Aided,Rural,2,Girls,1,1,0,1,1,1,1,0,1,1,0,0,0,0,1,1,0,1,0,1,0,1,1,1,1,1,1,0,1,0,0
2017-18,33,Tamilnadu,3306,TIRUVANNAMALAI,330614,TIRUVANNAMALAI,5,HSS (VI-XII),3,Local body,Urban,2,Girls,1,1,1,1,1,1,1,0,1,1,0,0,0,0,1,1,0,1,0,1,1,1,1,1,1,1,1,0,1,1,0
2017-18,33,Tamilnadu,3306,TIRUVANNAMALAI,330614,TIRUVANNAMALAI,5,HSS (VI-XII),1,Department of Education,Rural,3,Co-Ed,7,7,5,6,7,7,7,7,7,7,0,0,0,0,6,6,0,6,0,7,0,7,7,7,7,7,6,0,7,1,0
2017-18,33,Tamilnadu,3306,TIRUVANNAMALAI,330614,TIRUVANNAMALAI,5,HSS (VI-XII),5,Private Unaided (Recognized),Rural,3,Co-Ed,3,3,3,3,3,3,3,3,3,3,0,0,0,0,3,3,0,3,0,3,2,3,3,3,3,3,3,0,3,3,0
2017-18,33,Tamilnadu,3306,TIRUVANNAMALAI,330614,TIRUVANNAMALAI,5,HSS (VI-XII),1,Department of Education,Urban,3,Co-Ed,2,2,1,2,2,2,2,2,2,2,0,0,0,0,2,2,0,2,0,2,0,2,2,1,2,2,1,0,2,1,0
2017-18,33,Tamilnadu,3306,TIRUVANNAMALAI,330614,TIRUVANNAMALAI,5,HSS (VI-XII),3,Local body,Urban,3,Co-Ed,1,1,1,1,1,1,1,1,1,1,0,0,0,0,0,1,0,1,0,1,0,1,1,1,1,1,1,0,1,1,0
2017-18,33,Tamilnadu,3306,TIRUVANNAMALAI,330614,TIRUVANNAMALAI,5,HSS (VI-XII),4,Government Aided,Urban,3,Co-Ed,3,3,2,3,3,3,3,3,3,3,0,0,0,0,3,3,0,3,0,2,0,3,3,3,3,3,2,0,3,2,0
2017-18,33,Tamilnadu,3306,TIRUVANNAMALAI,330614,TIRUVANNAMALAI,1,PS (I-V),3,Local body,Urban,1,Boys,1,1,1,1,1,1,1,1,0,1,0,0,0,0,1,0,0,0,0,0,0,1,1,1,0,1,1,0,0,1,0
2017-18,33,Tamilnadu,3306,TIRUVANNAMALAI,330614,TIRUVANNAMALAI,1,PS (I-V),3,Local body,Urban,2,Girls,1,1,0,1,1,1,1,0,1,1,0,0,0,0,1,0,0,0,0,0,0,1,1,0,1,1,0,0,1,1,0
2017-18,33,Tamilnadu,3306,TIRUVANNAMALAI,330614,TIRUVANNAMALAI,1,PS (I-V),2,Tribal Welfare Department,Rural,3,Co-Ed,4,4,2,0,4,4,4,4,4,4,0,0,0,0,2,0,0,0,0,3,0,4,4,2,3,1,2,0,1,1,0
2017-18,33,Tamilnadu,3306,TIRUVANNAMALAI,330614,TIRUVANNAMALAI,1,PS (I-V),3,Local body,Rural,3,Co-Ed,77,77,20,15,69,77,76,77,77,77,0,0,0,0,68,7,0,13,0,28,6,76,75,41,47,52,51,0,49,39,0
2017-18,33,Tamilnadu,3306,TIRUVANNAMALAI,330614,TIRUVANNAMALAI,1,PS (I-V),4,Government Aided,Rural,3,Co-Ed,8,8,1,0,7,8,8,8,8,8,0,0,0,0,6,6,0,0,0,3,0,8,8,4,8,4,3,0,5,4,0
2017-18,33,Tamilnadu,3306,TIRUVANNAMALAI,330614,TIRUVANNAMALAI,1,PS (I-V),5,Private Unaided (Recognized),Rural,3,Co-Ed,21,21,4,20,19,20,21,21,21,21,0,0,0,0,21,20,0,14,0,15,2,21,16,18,20,20,8,0,21,18,0
2017-18,33,Tamilnadu,3306,TIRUVANNAMALAI,330614,TIRUVANNAMALAI,1,PS (I-V),8,Unrecognized,Rural,3,Co-Ed,2,2,0,2,2,1,2,2,2,2,0,0,0,0,2,2,0,1,0,2,0,2,2,0,2,1,1,0,2,2,0
2017-18,33,Tamilnadu,3306,TIRUVANNAMALAI,330614,TIRUVANNAMALAI,1,PS (I-V),3,Local body,Urban,3,Co-Ed,12,12,3,11,12,12,12,12,12,12,0,0,0,0,4,3,0,0,0,3,0,12,12,10,7,9,5,0,10,11,0
2017-18,33,Tamilnadu,3306,TIRUVANNAMALAI,330614,TIRUVANNAMALAI,1,PS (I-V),4,Government Aided,Urban,3,Co-Ed,8,8,0,1,8,8,8,8,8,8,0,0,0,0,6,7,0,0,0,1,0,8,8,7,8,6,4,0,8,2,0
2017-18,33,Tamilnadu,3306,TIRUVANNAMALAI,330614,TIRUVANNAMALAI,1,PS (I-V),5,Private Unaided (Recognized),Urban,3,Co-Ed,25,25,4,21,24,25,25,25,25,25,0,0,0,0,24,23,0,19,0,12,0,25,22,23,25,20,4,0,25,22,0
2017-18,33,Tamilnadu,3306,TIRUVANNAMALAI,330614,TIRUVANNAMALAI,6,SS (I-X),5,Private Unaided (Recognized),Rural,3,Co-Ed,8,8,2,8,8,6,8,8,8,8,0,0,0,0,8,8,0,8,0,8,2,8,5,6,8,7,3,0,7,8,0
2017-18,33,Tamilnadu,3306,TIRUVANNAMALAI,330614,TIRUVANNAMALAI,6,SS (I-X),5,Private Unaided (Recognized),Urban,3,Co-Ed,2,2,1,2,2,2,2,2,2,2,0,0,0,0,2,2,0,2,0,1,1,2,1,2,2,2,1,0,2,1,0
2017-18,33,Tamilnadu,3306,TIRUVANNAMALAI,330614,TIRUVANNAMALAI,7,SS (VI-X),3,Local body,Urban,2,Girls,1,1,0,1,1,1,1,0,1,1,0,0,0,0,1,1,0,1,0,0,0,1,1,1,1,1,1,0,1,0,0
2017-18,33,Tamilnadu,3306,TIRUVANNAMALAI,330614,TIRUVANNAMALAI,7,SS (VI-X),1,Department of Education,Rural,3,Co-Ed,10,10,5,7,10,10,10,10,10,10,0,0,0,0,9,6,0,3,0,8,1,10,10,9,7,8,9,0,10,7,0
2017-18,33,Tamilnadu,3306,TIRUVANNAMALAI,330614,TIRUVANNAMALAI,7,SS (VI-X),2,Tribal Welfare Department,Rural,3,Co-Ed,2,2,1,1,2,2,2,2,2,2,0,0,0,0,2,1,0,0,0,2,0,2,2,2,2,2,1,0,1,1,0
2017-18,33,Tamilnadu,3306,TIRUVANNAMALAI,330614,TIRUVANNAMALAI,7,SS (VI-X),4,Government Aided,Rural,3,Co-Ed,4,4,0,3,4,4,4,4,4,4,0,0,0,0,4,4,0,2,0,3,1,4,4,3,4,4,3,0,4,4,0
2017-18,33,Tamilnadu,3306,TIRUVANNAMALAI,330614,TIRUVANNAMALAI,7,SS (VI-X),3,Local body,Urban,3,Co-Ed,1,1,0,1,1,1,1,1,1,1,0,0,0,0,0,1,0,1,0,0,0,1,1,1,0,1,1,0,1,0,0
2017-18,33,Tamilnadu,3306,TIRUVANNAMALAI,330614,TIRUVANNAMALAI,7,SS (VI-X),4,Government Aided,Urban,3,Co-Ed,2,2,1,2,2,2,2,2,2,2,0,0,0,0,2,2,0,1,0,2,0,2,2,2,2,2,2,0,1,0,0
2017-18,33,Tamilnadu,3306,TIRUVANNAMALAI,330614,TIRUVANNAMALAI,2,UPS (I-VIII),2,Tribal Welfare Department,Rural,3,Co-Ed,3,3,2,3,3,3,3,3,3,3,0,0,0,0,3,2,0,0,0,3,0,3,3,1,2,3,3,0,3,3,0
2017-18,33,Tamilnadu,3306,TIRUVANNAMALAI,330614,TIRUVANNAMALAI,2,UPS (I-VIII),3,Local body,Rural,3,Co-Ed,35,35,19,32,34,35,35,35,35,35,0,0,0,0,31,23,0,6,0,26,1,35,35,24,27,29,29,0,32,30,0
2017-18,33,Tamilnadu,3306,TIRUVANNAMALAI,330614,TIRUVANNAMALAI,2,UPS (I-VIII),4,Government Aided,Rural,3,Co-Ed,1,1,0,0,1,1,1,1,1,1,0,0,0,0,1,1,0,0,0,1,0,1,1,1,1,1,1,0,1,0,0
2017-18,33,Tamilnadu,3306,TIRUVANNAMALAI,330614,TIRUVANNAMALAI,2,UPS (I-VIII),5,Private Unaided (Recognized),Rural,3,Co-Ed,2,2,0,2,2,2,2,2,2,2,0,0,0,0,2,2,0,1,0,2,0,2,1,2,2,1,1,0,2,1,0
2017-18,33,Tamilnadu,3306,TIRUVANNAMALAI,330614,TIRUVANNAMALAI,2,UPS (I-VIII),3,Local body,Urban,3,Co-Ed,3,3,3,3,3,3,3,3,3,3,0,0,0,0,1,2,0,0,0,2,0,3,3,2,2,3,3,0,3,3,0
2017-18,33,Tamilnadu,3306,TIRUVANNAMALAI,330614,TIRUVANNAMALAI,2,UPS (I-VIII),4,Government Aided,Urban,3,Co-Ed,1,1,0,1,1,1,1,1,1,1,0,0,0,0,1,1,0,1,0,0,0,1,1,1,1,1,1,0,0,1,0
2017-18,33,Tamilnadu,3306,TIRUVANNAMALAI,330614,TIRUVANNAMALAI,2,UPS (I-VIII),5,Private Unaided (Recognized),Urban,3,Co-Ed,1,1,0,1,1,1,1,1,1,1,0,0,0,0,1,1,0,0,0,1,0,1,1,1,1,1,0,0,1,1,0
2017-18,33,Tamilnadu,3306,TIRUVANNAMALAI,330615,PUDUPALAYAM,3,HSS (I-XII),5,Private Unaided (Recognized),Rural,3,Co-Ed,1,1,1,1,1,1,1,1,1,1,0,0,0,0,1,1,0,1,0,1,0,1,1,1,1,1,0,0,1,1,0
2017-18,33,Tamilnadu,3306,TIRUVANNAMALAI,330615,PUDUPALAYAM,5,HSS (VI-XII),1,Department of Education,Rural,1,Boys,2,2,2,2,2,2,2,2,0,2,0,0,0,0,2,1,0,2,0,2,0,2,2,2,2,1,2,0,2,2,0
2017-18,33,Tamilnadu,3306,TIRUVANNAMALAI,330615,PUDUPALAYAM,5,HSS (VI-XII),1,Department of Education,Rural,2,Girls,2,2,2,2,2,2,2,0,2,2,0,0,0,0,2,2,0,2,0,2,0,2,2,2,2,2,2,0,2,1,0
2017-18,33,Tamilnadu,3306,TIRUVANNAMALAI,330615,PUDUPALAYAM,5,HSS (VI-XII),1,Department of Education,Rural,3,Co-Ed,4,4,4,3,4,4,4,4,4,4,0,0,0,0,4,4,0,3,0,4,0,4,4,4,4,4,3,0,4,3,0
2017-18,33,Tamilnadu,3306,TIRUVANNAMALAI,330615,PUDUPALAYAM,1,PS (I-V),2,Tribal Welfare Department,Rural,3,Co-Ed,1,1,1,1,1,1,1,1,1,1,0,0,0,0,1,0,0,0,0,1,0,1,1,1,1,0,0,0,0,0,0
2017-18,33,Tamilnadu,3306,TIRUVANNAMALAI,330615,PUDUPALAYAM,1,PS (I-V),3,Local body,Rural,3,Co-Ed,54,54,42,21,54,54,54,54,54,54,0,0,0,0,54,15,0,2,0,32,0,54,54,19,43,39,42,0,37,28,0
2017-18,33,Tamilnadu,3306,TIRUVANNAMALAI,330615,PUDUPALAYAM,1,PS (I-V),4,Government Aided,Rural,3,Co-Ed,5,5,4,0,5,5,5,5,5,5,0,0,0,0,5,5,0,0,0,4,0,5,5,3,5,3,3,0,3,1,0
2017-18,33,Tamilnadu,3306,TIRUVANNAMALAI,330615,PUDUPALAYAM,1,PS (I-V),5,Private Unaided (Recognized),Rural,3,Co-Ed,5,5,1,5,5,5,5,5,5,5,0,0,0,0,5,4,0,3,0,3,0,5,4,4,5,2,2,0,3,3,0
2017-18,33,Tamilnadu,3306,TIRUVANNAMALAI,330615,PUDUPALAYAM,6,SS (I-X),5,Private Unaided (Recognized),Rural,3,Co-Ed,4,4,1,4,4,4,4,4,4,4,0,0,0,0,4,4,0,2,0,4,0,4,3,4,4,3,1,0,3,1,0
2017-18,33,Tamilnadu,3306,TIRUVANNAMALAI,330615,PUDUPALAYAM,7,SS (VI-X),1,Department of Education,Rural,3,Co-Ed,13,13,11,5,13,13,13,12,12,12,0,0,0,0,13,5,0,5,0,11,0,12,12,12,12,9,11,0,11,8,0
2017-18,33,Tamilnadu,3306,TIRUVANNAMALAI,330615,PUDUPALAYAM,7,SS (VI-X),4,Government Aided,Rural,3,Co-Ed,1,1,1,1,1,1,1,1,1,1,0,0,0,0,1,1,0,1,0,0,0,1,1,1,1,1,0,0,1,0,0
2017-18,33,Tamilnadu,3306,TIRUVANNAMALAI,330615,PUDUPALAYAM,2,UPS (I-VIII),3,Local body,Rural,3,Co-Ed,14,14,11,13,14,14,14,14,14,14,0,0,0,0,14,8,0,3,0,8,0,14,14,3,9,12,13,0,9,11,0
2017-18,33,Tamilnadu,3306,TIRUVANNAMALAI,330616,CHENGAM,3,HSS (I-XII),5,Private Unaided (Recognized),Rural,3,Co-Ed,5,5,5,5,5,5,5,5,5,5,0,0,0,0,5,5,0,5,0,2,3,5,5,5,5,4,1,0,5,5,0
2017-18,33,Tamilnadu,3306,TIRUVANNAMALAI,330616,CHENGAM,5,HSS (VI-XII),1,Department of Education,Rural,1,Boys,2,2,0,2,2,2,2,2,0,2,0,0,0,0,2,2,0,2,0,2,0,2,2,2,2,2,2,0,2,2,0
2017-18,33,Tamilnadu,3306,TIRUVANNAMALAI,330616,CHENGAM,5,HSS (VI-XII),1,Department of Education,Rural,2,Girls,2,2,2,2,2,2,2,0,2,2,0,0,0,0,2,2,0,2,0,0,0,2,2,2,1,1,1,0,2,2,0
2017-18,33,Tamilnadu,3306,TIRUVANNAMALAI,330616,CHENGAM,5,HSS (VI-XII),1,Department of Education,Rural,3,Co-Ed,5,5,5,5,5,5,5,5,5,5,0,0,0,0,5,4,0,3,0,3,0,5,5,5,5,4,5,0,5,4,0
2017-18,33,Tamilnadu,3306,TIRUVANNAMALAI,330616,CHENGAM,5,HSS (VI-XII),5,Private Unaided (Recognized),Rural,3,Co-Ed,2,2,2,2,2,2,2,2,2,2,0,0,0,0,2,2,0,2,0,1,1,2,2,2,2,2,0,0,2,2,0
2017-18,33,Tamilnadu,3306,TIRUVANNAMALAI,330616,CHENGAM,1,PS (I-V),2,Tribal Welfare Department,Rural,3,Co-Ed,3,3,3,1,3,3,3,3,3,3,0,0,0,0,3,1,0,0,0,2,0,3,3,2,2,3,3,0,2,2,0
2017-18,33,Tamilnadu,3306,TIRUVANNAMALAI,330616,CHENGAM,1,PS (I-V),3,Local body,Rural,3,Co-Ed,83,83,79,18,83,83,83,83,83,83,0,0,0,0,83,18,0,0,0,46,1,83,83,68,65,82,70,0,61,52,0
2017-18,33,Tamilnadu,3306,TIRUVANNAMALAI,330616,CHENGAM,1,PS (I-V),4,Government Aided,Rural,3,Co-Ed,2,2,2,0,2,2,2,2,2,2,0,0,0,0,2,1,0,0,0,0,0,2,2,2,1,2,2,0,1,1,0
2017-18,33,Tamilnadu,3306,TIRUVANNAMALAI,330616,CHENGAM,1,PS (I-V),5,Private Unaided (Recognized),Rural,3,Co-Ed,10,10,0,6,10,9,10,10,10,10,0,0,0,0,10,10,0,3,0,10,0,10,9,5,10,8,6,0,10,9,0
2017-18,33,Tamilnadu,3306,TIRUVANNAMALAI,330616,CHENGAM,1,PS (I-V),8,Unrecognized,Rural,3,Co-Ed,3,3,0,3,3,2,3,3,3,3,0,0,0,0,3,3,0,0,0,3,0,3,2,3,3,1,2,0,3,1,0
2017-18,33,Tamilnadu,3306,TIRUVANNAMALAI,330616,CHENGAM,6,SS (I-X),5,Private Unaided (Recognized),Rural,3,Co-Ed,2,2,2,2,2,2,2,2,2,2,0,0,0,0,2,2,0,2,0,2,1,2,2,2,2,2,2,0,2,2,0
2017-18,33,Tamilnadu,3306,TIRUVANNAMALAI,330616,CHENGAM,7,SS (VI-X),1,Department of Education,Rural,3,Co-Ed,15,15,15,4,15,15,15,15,15,15,0,0,0,0,15,11,0,5,0,12,0,15,15,14,9,10,11,0,12,5,0
2017-18,33,Tamilnadu,3306,TIRUVANNAMALAI,330616,CHENGAM,7,SS (VI-X),2,Tribal Welfare Department,Rural,3,Co-Ed,1,1,1,1,1,1,1,1,1,1,0,0,0,0,1,0,0,0,0,1,0,1,1,1,1,1,1,0,1,0,0
2017-18,33,Tamilnadu,3306,TIRUVANNAMALAI,330616,CHENGAM,7,SS (VI-X),8,Unrecognized,Rural,3,Co-Ed,1,1,1,1,1,0,1,1,1,1,0,0,0,0,1,1,0,0,0,1,0,1,1,1,1,1,1,0,1,1,0
2017-18,33,Tamilnadu,3306,TIRUVANNAMALAI,330616,CHENGAM,2,UPS (I-VIII),2,Tribal Welfare Department,Rural,3,Co-Ed,1,1,1,1,1,1,1,1,1,1,0,0,0,0,1,1,0,0,0,1,0,1,1,1,0,1,1,0,1,1,0
2017-18,33,Tamilnadu,3306,TIRUVANNAMALAI,330616,CHENGAM,2,UPS (I-VIII),3,Local body,Rural,3,Co-Ed,22,22,22,20,21,22,22,22,22,22,0,0,0,0,22,16,0,1,0,11,0,22,22,22,21,22,22,0,20,22,0
2017-18,33,Tamilnadu,3306,TIRUVANNAMALAI,330616,CHENGAM,2,UPS (I-VIII),5,Private Unaided (Recognized),Rural,3,Co-Ed,1,1,0,1,1,0,1,1,1,1,0,0,0,0,1,1,0,0,0,1,0,1,0,1,1,0,0,0,1,0,0
2017-18,33,Tamilnadu,3306,TIRUVANNAMALAI,330616,CHENGAM,2,UPS (I-VIII),8,Unrecognized,Rural,3,Co-Ed,1,1,0,1,1,0,1,1,1,1,0,0,0,0,1,1,0,0,0,1,0,1,0,1,1,0,1,0,1,0,0
2017-18,33,Tamilnadu,3306,TIRUVANNAMALAI,330617,THANDRAMPET,3,HSS (I-XII),5,Private Unaided (Recognized),Rural,3,Co-Ed,5,5,4,5,5,5,5,5,5,5,0,0,0,0,5,5,0,5,0,5,1,5,5,5,5,5,2,0,5,4,0
2017-18,33,Tamilnadu,3306,TIRUVANNAMALAI,330617,THANDRAMPET,5,HSS (VI-XII),1,Department of Education,Rural,1,Boys,2,2,2,2,2,2,2,2,0,2,0,0,0,0,2,1,0,2,0,2,0,2,2,2,2,2,2,0,1,2,0
2017-18,33,Tamilnadu,3306,TIRUVANNAMALAI,330617,THANDRAMPET,5,HSS (VI-XII),1,Department of Education,Rural,2,Girls,2,2,1,2,2,2,2,0,2,2,0,0,0,0,2,2,0,2,0,2,0,2,2,2,2,2,2,0,2,0,0
2017-18,33,Tamilnadu,3306,TIRUVANNAMALAI,330617,THANDRAMPET,5,HSS (VI-XII),1,Department of Education,Rural,3,Co-Ed,6,6,4,6,6,6,6,6,6,6,0,0,0,0,4,3,0,4,0,6,1,6,6,5,6,4,5,0,6,3,0
2017-18,33,Tamilnadu,3306,TIRUVANNAMALAI,330617,THANDRAMPET,5,HSS (VI-XII),4,Government Aided,Rural,3,Co-Ed,1,1,0,1,1,1,1,1,1,1,0,0,0,0,1,1,0,1,0,1,0,1,1,1,1,1,0,0,1,0,0
2017-18,33,Tamilnadu,3306,TIRUVANNAMALAI,330617,THANDRAMPET,1,PS (I-V),2,Tribal Welfare Department,Rural,3,Co-Ed,3,3,3,0,3,3,3,3,3,3,0,0,0,0,1,0,0,0,0,2,0,3,3,2,1,2,2,0,1,0,0
2017-18,33,Tamilnadu,3306,TIRUVANNAMALAI,330617,THANDRAMPET,1,PS (I-V),3,Local body,Rural,3,Co-Ed,70,70,45,22,62,70,70,70,70,70,0,0,0,0,60,21,0,0,0,38,1,70,70,12,47,65,52,0,30,45,0
2017-18,33,Tamilnadu,3306,TIRUVANNAMALAI,330617,THANDRAMPET,1,PS (I-V),4,Government Aided,Rural,3,Co-Ed,3,3,3,0,3,3,3,3,3,3,0,0,0,0,3,2,0,0,0,2,0,3,3,0,3,3,2,0,1,2,0
2017-18,33,Tamilnadu,3306,TIRUVANNAMALAI,330617,THANDRAMPET,1,PS (I-V),5,Private Unaided (Recognized),Rural,3,Co-Ed,7,7,5,5,6,7,7,7,7,7,0,0,0,0,7,6,0,2,0,5,2,7,7,5,7,7,1,0,7,7,0
2017-18,33,Tamilnadu,3306,TIRUVANNAMALAI,330617,THANDRAMPET,6,SS (I-X),5,Private Unaided (Recognized),Rural,3,Co-Ed,2,2,2,2,2,2,2,2,2,2,0,0,0,0,1,2,0,2,0,2,0,2,2,2,2,2,0,0,2,1,0
2017-18,33,Tamilnadu,3306,TIRUVANNAMALAI,330617,THANDRAMPET,7,SS (VI-X),1,Department of Education,Rural,2,Girls,2,2,2,2,2,2,2,0,2,2,0,0,0,0,2,1,0,2,0,1,0,2,2,2,2,2,2,0,2,2,0
2017-18,33,Tamilnadu,3306,TIRUVANNAMALAI,330617,THANDRAMPET,7,SS (VI-X),1,Department of Education,Rural,3,Co-Ed,14,14,9,6,14,13,14,14,14,14,0,0,0,0,10,6,0,3,0,11,0,14,14,10,10,10,10,0,11,4,0
2017-18,33,Tamilnadu,3306,TIRUVANNAMALAI,330617,THANDRAMPET,7,SS (VI-X),5,Private Unaided (Recognized),Rural,3,Co-Ed,1,1,0,1,1,1,1,1,1,1,0,0,0,0,1,1,0,1,0,1,1,1,1,1,1,1,0,0,1,1,0
2017-18,33,Tamilnadu,3306,TIRUVANNAMALAI,330617,THANDRAMPET,2,UPS (I-VIII),3,Local body,Rural,3,Co-Ed,26,26,26,24,26,26,26,26,26,26,0,0,0,0,22,13,0,0,0,18,0,26,26,14,21,25,24,0,19,18,0
2017-18,33,Tamilnadu,3306,TIRUVANNAMALAI,330617,THANDRAMPET,2,UPS (I-VIII),4,Government Aided,Rural,3,Co-Ed,1,1,1,0,1,1,1,1,1,1,0,0,0,0,1,1,0,0,0,0,0,1,1,1,1,1,1,0,1,1,0
2017-18,33,Tamilnadu,3306,TIRUVANNAMALAI,330617,THANDRAMPET,2,UPS (I-VIII),5,Private Unaided (Recognized),Rural,3,Co-Ed,3,3,1,1,3,2,3,3,3,3,0,0,0,0,3,3,0,0,0,3,0,3,2,2,3,3,2,0,3,3,0
2017-18,33,Tamilnadu,3306,TIRUVANNAMALAI,330617,THANDRAMPET,4,UPS (VI-VIII),6,Other Govt. managed schools,Rural,2,Girls,1,1,1,1,1,1,1,0,1,1,0,0,0,0,0,0,0,0,0,1,0,1,1,1,1,1,0,0,1,1,0
2017-18,33,Tamilnadu,3306,TIRUVANNAMALAI,330618,JAWADHU HILLS,3,HSS (I-XII),2,Tribal Welfare Department,Rural,3,Co-Ed,1,1,1,1,1,0,1,1,1,1,0,0,0,0,1,0,0,0,0,0,1,1,1,1,1,1,0,0,1,1,0
2017-18,33,Tamilnadu,3306,TIRUVANNAMALAI,330618,JAWADHU HILLS,5,HSS (VI-XII),1,Department of Education,Rural,3,Co-Ed,1,1,1,1,1,1,1,1,1,1,0,0,0,0,1,1,0,0,0,1,1,1,1,1,1,1,1,0,1,1,0
2017-18,33,Tamilnadu,3306,TIRUVANNAMALAI,330618,JAWADHU HILLS,5,HSS (VI-XII),2,Tribal Welfare Department,Rural,3,Co-Ed,2,2,0,2,2,2,2,2,2,2,0,0,0,0,2,1,0,2,0,2,0,2,2,2,1,1,0,0,2,1,0
2017-18,33,Tamilnadu,3306,TIRUVANNAMALAI,330618,JAWADHU HILLS,5,HSS (VI-XII),4,Government Aided,Rural,3,Co-Ed,2,2,1,2,2,2,2,2,2,2,0,0,0,0,2,2,0,2,0,2,0,2,2,2,2,1,1,0,2,1,0
2017-18,33,Tamilnadu,3306,TIRUVANNAMALAI,330618,JAWADHU HILLS,1,PS (I-V),2,Tribal Welfare Department,Rural,3,Co-Ed,23,23,21,5,23,23,23,23,23,23,0,0,0,0,9,7,0,0,0,11,0,23,23,4,9,18,5,0,16,23,0
2017-18,33,Tamilnadu,3306,TIRUVANNAMALAI,330618,JAWADHU HILLS,1,PS (I-V),3,Local body,Rural,3,Co-Ed,46,46,38,7,44,46,46,46,46,46,0,0,0,0,25,8,0,1,0,18,1,46,46,4,20,35,21,0,21,46,0
2017-18,33,Tamilnadu,3306,TIRUVANNAMALAI,330618,JAWADHU HILLS,1,PS (I-V),4,Government Aided,Rural,3,Co-Ed,1,1,0,1,0,1,1,1,1,1,0,0,0,0,1,1,0,1,0,1,0,1,1,1,1,1,0,0,0,1,0
2017-18,33,Tamilnadu,3306,TIRUVANNAMALAI,330618,JAWADHU HILLS,1,PS (I-V),5,Private Unaided (Recognized),Rural,3,Co-Ed,3,3,2,2,3,3,3,3,3,3,0,0,0,0,2,3,0,2,0,2,0,3,3,2,2,2,1,0,3,2,0
2017-18,33,Tamilnadu,3306,TIRUVANNAMALAI,330618,JAWADHU HILLS,1,PS (I-V),8,Unrecognized,Rural,3,Co-Ed,1,1,0,0,1,0,1,1,1,1,0,0,0,0,1,1,0,0,0,0,0,0,0,0,0,0,0,0,1,0,0
2017-18,33,Tamilnadu,3306,TIRUVANNAMALAI,330618,JAWADHU HILLS,7,SS (VI-X),1,Department of Education,Rural,3,Co-Ed,2,2,2,1,2,2,2,2,2,2,0,0,0,0,2,0,0,0,0,1,0,2,2,2,1,0,2,0,1,0,0
2017-18,33,Tamilnadu,3306,TIRUVANNAMALAI,330618,JAWADHU HILLS,7,SS (VI-X),2,Tribal Welfare Department,Rural,3,Co-Ed,3,3,0,3,3,3,3,3,3,3,0,0,0,0,2,1,0,0,0,3,1,3,2,0,1,0,0,0,3,3,0
2017-18,33,Tamilnadu,3306,TIRUVANNAMALAI,330618,JAWADHU HILLS,2,UPS (I-VIII),2,Tribal Welfare Department,Rural,3,Co-Ed,10,10,8,9,10,10,10,10,10,10,0,0,0,0,7,7,0,0,0,6,0,10,10,3,7,7,9,0,7,10,0
2017-18,33,Tamilnadu,3306,TIRUVANNAMALAI,330618,JAWADHU HILLS,2,UPS (I-VIII),3,Local body,Rural,3,Co-Ed,14,14,13,13,14,14,14,14,14,14,0,0,0,0,7,4,0,0,0,5,0,14,14,5,8,10,8,0,10,13,0
2017-18,33,Tamilnadu,3306,TIRUVANNAMALAI,330618,JAWADHU HILLS,4,UPS (VI-VIII),6,Other Govt. managed schools,Rural,2,Girls,4,4,4,4,4,4,4,0,4,4,0,0,0,0,4,3,0,0,0,4,3,4,4,4,3,1,3,0,2,4,0
