Academic_Year,State_Code,State_Name,District_Code,District_Name,Block_Code,Udise_Block_Name,School_Category_Id,School_Category_Name,School_Management_Id,School_Management_Name,Location,School_Type_Id,School_Type,Total_Number_of_Schools,Building,Complete_Medical_Checkup,Computer_Available,Functional_Drinking_Water,Drinking_Water,Functional_Electricity,Functional_Boy_Toilet,Functional_Girl_Toilet,Functional_Toilet_Facility,Functional_Toilet_and_Urinal,Functional_Urinal,Functional_Urinal_Boy,Functional_Urinal_Girl,Handwash,Separate_Room_for_Headmaster,Incinerator,Internet,Kitchen_Garden,Land_Available,Librarian,Library_or_Reading_Corner_or_Book_Bank,Medical_Checkup,Newspaper,Playground,Rain_Water_Harvesting,Ramps,Solar_Panel,Furniture,Water_Purifier,Water_Tested
2017-18,33,Tamilnadu,3315,TIRUCHIRAPPALLI,331511,THIRUVERUMBUR,1,PS (I-V),3,Local body,Rural,3,Co-Ed,28,28,13,9,27,28,28,28,28,28,0,0,0,0,23,6,0,1,0,10,1,28,27,8,16,21,24,0,25,17,0
2017-18,33,Tamilnadu,3315,TIRUCHIRAPPALLI,331501,ANDHANALLUR,3,HSS (I-XII),5,Private Unaided (Recognized),Rural,3,Co-Ed,3,3,0,3,3,3,3,3,3,3,0,0,0,0,0,3,0,3,0,3,0,3,3,3,3,3,2,0,3,3,0
2017-18,33,Tamilnadu,3315,TIRUCHIRAPPALLI,331501,ANDHANALLUR,3,HSS (I-XII),5,Private Unaided (Recognized),Urban,3,Co-Ed,3,3,0,3,3,3,3,3,3,3,0,0,0,0,0,3,0,3,0,2,0,3,3,3,3,3,0,0,3,3,0
2017-18,33,Tamilnadu,3315,TIRUCHIRAPPALLI,331501,ANDHANALLUR,5,HSS (VI-XII),4,Government Aided,Urban,1,Boys,1,1,0,1,1,1,1,1,0,1,0,0,0,0,0,1,0,1,0,1,0,1,1,1,1,1,0,0,1,1,0
2017-18,33,Tamilnadu,3315,TIRUCHIRAPPALLI,331501,ANDHANALLUR,5,HSS (VI-XII),4,Government Aided,Urban,2,Girls,1,1,1,1,1,1,1,0,1,1,0,0,0,0,0,1,0,1,0,0,0,1,1,1,1,1,1,0,1,1,0
2017-18,33,Tamilnadu,3315,TIRUCHIRAPPALLI,331501,ANDHANALLUR,5,HSS (VI-XII),1,Department of Education,Rural,3,Co-Ed,3,3,2,3,3,3,3,3,3,3,0,0,0,0,0,2,0,3,0,2,0,3,3,3,3,3,2,0,3,2,0
2017-18,33,Tamilnadu,3315,TIRUCHIRAPPALLI,331501,ANDHANALLUR,5,HSS (VI-XII),4,Government Aided,Rural,3,Co-Ed,3,3,3,3,3,3,3,3,3,3,0,0,0,0,0,3,0,3,0,3,0,3,3,2,3,3,2,0,3,3,0
2017-18,33,Tamilnadu,3315,TIRUCHIRAPPALLI,331501,ANDHANALLUR,5,HSS (VI-XII),1,Department of Education,Urban,3,Co-Ed,1,1,1,0,1,1,1,1,1,1,0,0,0,0,0,0,0,1,0,1,0,1,1,1,1,0,1,0,1,0,0
2017-18,33,Tamilnadu,3315,TIRUCHIRAPPALLI,331501,ANDHANALLUR,1,PS (I-V),4,Government Aided,Rural,1,Boys,1,1,0,1,1,1,1,1,0,1,0,0,0,0,0,1,0,0,0,0,0,1,1,0,1,1,0,0,1,0,0
2017-18,33,Tamilnadu,3315,TIRUCHIRAPPALLI,331501,ANDHANALLUR,1,PS (I-V),3,Local body,Urban,1,Boys,1,1,1,0,1,1,1,1,0,1,0,0,0,0,0,0,0,0,0,0,0,1,1,0,0,0,0,0,1,0,0
2017-18,33,Tamilnadu,3315,TIRUCHIRAPPALLI,331501,ANDHANALLUR,1,PS (I-V),3,Local body,Urban,2,Girls,1,1,0,1,1,1,1,0,1,1,0,0,0,0,0,1,0,1,0,0,0,1,1,1,0,0,1,0,1,0,0
2017-18,33,Tamilnadu,3315,TIRUCHIRAPPALLI,331501,ANDHANALLUR,1,PS (I-V),2,Tribal Welfare Department,Rural,3,Co-Ed,4,4,3,1,4,4,4,4,4,4,0,0,0,0,1,1,0,1,0,1,0,4,4,0,2,2,2,0,2,0,0
2017-18,33,Tamilnadu,3315,TIRUCHIRAPPALLI,331501,ANDHANALLUR,1,PS (I-V),3,Local body,Rural,3,Co-Ed,38,38,19,17,37,38,38,38,38,38,0,0,0,0,4,7,0,9,0,4,0,38,37,5,17,18,34,0,32,7,0
2017-18,33,Tamilnadu,3315,TIRUCHIRAPPALLI,331501,ANDHANALLUR,1,PS (I-V),4,Government Aided,Rural,3,Co-Ed,6,6,4,1,5,6,6,6,6,6,0,0,0,0,0,3,0,2,0,1,0,6,6,2,6,5,3,0,5,1,0
2017-18,33,Tamilnadu,3315,TIRUCHIRAPPALLI,331501,ANDHANALLUR,1,PS (I-V),5,Private Unaided (Recognized),Rural,3,Co-Ed,8,8,1,8,8,8,8,8,8,8,0,0,0,0,0,8,0,4,0,6,0,8,7,7,7,8,2,0,8,3,0
2017-18,33,Tamilnadu,3315,TIRUCHIRAPPALLI,331501,ANDHANALLUR,1,PS (I-V),2,Tribal Welfare Department,Urban,3,Co-Ed,1,1,0,1,1,1,1,1,1,1,0,0,0,0,0,1,0,0,0,1,0,1,1,0,1,0,1,0,1,0,0
2017-18,33,Tamilnadu,3315,TIRUCHIRAPPALLI,331501,ANDHANALLUR,1,PS (I-V),3,Local body,Urban,3,Co-Ed,8,8,7,3,8,8,8,8,8,8,0,0,0,0,0,2,0,1,0,1,0,8,8,0,3,4,6,0,6,2,0
2017-18,33,Tamilnadu,3315,TIRUCHIRAPPALLI,331501,ANDHANALLUR,1,PS (I-V),4,Government Aided,Urban,3,Co-Ed,1,1,1,0,1,1,1,1,1,1,0,0,0,0,0,1,0,0,0,0,0,1,1,0,0,0,1,0,1,0,0
2017-18,33,Tamilnadu,3315,TIRUCHIRAPPALLI,331501,ANDHANALLUR,1,PS (I-V),5,Private Unaided (Recognized),Urban,3,Co-Ed,11,11,2,11,11,11,11,11,11,11,0,0,0,0,0,10,0,7,0,2,0,11,11,7,11,9,1,0,11,6,0
2017-18,33,Tamilnadu,3315,TIRUCHIRAPPALLI,331501,ANDHANALLUR,6,SS (I-X),4,Government Aided,Rural,1,Boys,1,1,0,1,1,1,1,1,0,1,0,0,0,0,0,1,0,1,0,1,0,1,1,1,1,1,0,0,1,0,0
2017-18,33,Tamilnadu,3315,TIRUCHIRAPPALLI,331501,ANDHANALLUR,6,SS (I-X),5,Private Unaided (Recognized),Rural,3,Co-Ed,2,2,0,2,2,2,2,2,2,2,0,0,0,0,0,2,0,2,0,2,0,2,1,1,2,2,1,0,2,1,0
2017-18,33,Tamilnadu,3315,TIRUCHIRAPPALLI,331501,ANDHANALLUR,6,SS (I-X),5,Private Unaided (Recognized),Urban,3,Co-Ed,2,2,1,2,2,2,2,2,2,2,0,0,0,0,0,2,0,2,0,1,0,2,2,2,2,2,2,0,2,2,0
2017-18,33,Tamilnadu,3315,TIRUCHIRAPPALLI,331501,ANDHANALLUR,6,SS (I-X),6,Other Govt. managed schools,Urban,3,Co-Ed,1,1,1,1,1,1,1,1,1,1,0,0,0,0,0,1,0,1,0,1,0,1,1,1,1,1,1,0,1,0,0
2017-18,33,Tamilnadu,3315,TIRUCHIRAPPALLI,331501,ANDHANALLUR,7,SS (VI-X),4,Government Aided,Rural,1,Boys,1,1,0,1,1,1,1,1,0,1,0,0,0,0,0,1,0,1,0,1,0,1,1,1,1,1,0,0,1,0,0
2017-18,33,Tamilnadu,3315,TIRUCHIRAPPALLI,331501,ANDHANALLUR,7,SS (VI-X),1,Department of Education,Rural,3,Co-Ed,9,9,9,4,8,9,9,9,8,9,0,0,0,0,2,1,0,7,0,7,0,9,9,8,5,9,6,0,7,4,0
2017-18,33,Tamilnadu,3315,TIRUCHIRAPPALLI,331501,ANDHANALLUR,7,SS (VI-X),2,Tribal Welfare Department,Rural,3,Co-Ed,1,1,1,1,1,1,1,1,1,1,0,0,0,0,0,1,0,1,0,1,0,1,1,1,1,1,1,0,1,0,0
2017-18,33,Tamilnadu,3315,TIRUCHIRAPPALLI,331501,ANDHANALLUR,7,SS (VI-X),2,Tribal Welfare Department,Urban,3,Co-Ed,1,1,1,1,1,1,1,1,1,1,0,0,0,0,0,1,0,1,0,0,0,1,1,1,0,1,1,0,0,0,0
2017-18,33,Tamilnadu,3315,TIRUCHIRAPPALLI,331501,ANDHANALLUR,7,SS (VI-X),3,Local body,Urban,3,Co-Ed,2,2,2,0,2,2,2,2,2,2,0,0,0,0,1,0,0,2,0,1,0,2,2,2,0,1,0,0,2,1,0
2017-18,33,Tamilnadu,3315,TIRUCHIRAPPALLI,331501,ANDHANALLUR,7,SS (VI-X),4,Government Aided,Urban,3,Co-Ed,1,1,1,1,1,1,1,1,1,1,0,0,0,0,0,1,0,1,0,0,0,1,1,1,1,1,1,0,1,1,0
2017-18,33,Tamilnadu,3315,TIRUCHIRAPPALLI,331501,ANDHANALLUR,2,UPS (I-VIII),3,Local body,Rural,3,Co-Ed,4,4,4,4,4,4,4,4,4,4,0,0,0,0,0,4,0,3,0,0,0,4,4,2,2,3,3,0,4,2,0
2017-18,33,Tamilnadu,3315,TIRUCHIRAPPALLI,331501,ANDHANALLUR,2,UPS (I-VIII),5,Private Unaided (Recognized),Rural,3,Co-Ed,1,1,1,1,1,1,1,1,1,1,0,0,0,0,0,1,0,1,0,0,0,1,1,1,1,1,0,0,1,1,0
2017-18,33,Tamilnadu,3315,TIRUCHIRAPPALLI,331501,ANDHANALLUR,2,UPS (I-VIII),3,Local body,Urban,3,Co-Ed,4,4,3,4,4,4,4,3,3,3,0,0,0,0,0,3,0,1,0,1,0,4,4,1,2,2,4,0,3,3,0
2017-18,33,Tamilnadu,3315,TIRUCHIRAPPALLI,331501,ANDHANALLUR,2,UPS (I-VIII),4,Government Aided,Urban,3,Co-Ed,3,3,3,3,3,3,3,3,3,3,0,0,0,0,0,2,0,2,0,1,0,3,3,1,3,1,0,0,2,0,0
2017-18,33,Tamilnadu,3315,TIRUCHIRAPPALLI,331501,ANDHANALLUR,2,UPS (I-VIII),5,Private Unaided (Recognized),Urban,3,Co-Ed,2,2,1,2,2,2,2,2,2,2,0,0,0,0,0,2,0,1,0,1,0,2,2,1,2,2,0,0,2,1,0
2017-18,33,Tamilnadu,3315,TIRUCHIRAPPALLI,331502,LALGUDI,3,HSS (I-XII),5,Private Unaided (Recognized),Rural,3,Co-Ed,1,1,0,1,1,1,1,1,1,1,0,0,0,0,1,1,0,1,0,1,0,1,1,1,1,0,0,0,1,0,0
2017-18,33,Tamilnadu,3315,TIRUCHIRAPPALLI,331502,LALGUDI,3,HSS (I-XII),5,Private Unaided (Recognized),Urban,3,Co-Ed,1,1,1,1,1,1,1,1,1,1,0,0,0,0,0,1,0,1,0,1,1,1,1,1,1,1,0,0,1,1,0
2017-18,33,Tamilnadu,3315,TIRUCHIRAPPALLI,331502,LALGUDI,5,HSS (VI-XII),1,Department of Education,Urban,1,Boys,1,1,1,1,1,1,1,1,0,1,0,0,0,0,1,1,0,1,0,1,0,1,1,1,1,1,1,0,1,1,0
2017-18,33,Tamilnadu,3315,TIRUCHIRAPPALLI,331502,LALGUDI,5,HSS (VI-XII),4,Government Aided,Urban,2,Girls,1,0,1,1,1,1,1,0,1,1,0,0,0,0,1,1,0,1,0,1,0,1,1,1,1,1,0,0,1,1,0
2017-18,33,Tamilnadu,3315,TIRUCHIRAPPALLI,331502,LALGUDI,5,HSS (VI-XII),1,Department of Education,Rural,3,Co-Ed,2,2,1,2,2,2,2,2,2,2,0,0,0,0,0,0,0,2,0,1,0,2,2,2,2,2,2,0,2,2,0
2017-18,33,Tamilnadu,3315,TIRUCHIRAPPALLI,331502,LALGUDI,5,HSS (VI-XII),2,Tribal Welfare Department,Rural,3,Co-Ed,1,1,1,1,1,1,1,1,1,1,0,0,0,0,0,1,0,1,0,1,0,1,1,1,1,1,1,0,1,0,0
2017-18,33,Tamilnadu,3315,TIRUCHIRAPPALLI,331502,LALGUDI,5,HSS (VI-XII),4,Government Aided,Rural,3,Co-Ed,2,2,1,2,2,2,2,2,2,2,0,0,0,0,1,2,0,1,0,2,0,2,2,2,2,2,1,0,2,0,0
2017-18,33,Tamilnadu,3315,TIRUCHIRAPPALLI,331502,LALGUDI,5,HSS (VI-XII),1,Department of Education,Urban,3,Co-Ed,1,1,1,1,1,1,1,1,1,1,0,0,0,0,1,0,0,1,0,1,0,1,1,1,1,1,1,0,1,1,0
2017-18,33,Tamilnadu,3315,TIRUCHIRAPPALLI,331502,LALGUDI,5,HSS (VI-XII),4,Government Aided,Urban,3,Co-Ed,1,1,1,1,1,1,1,1,1,1,0,0,0,0,1,1,0,1,0,0,0,1,1,1,1,1,0,0,1,1,0
2017-18,33,Tamilnadu,3315,TIRUCHIRAPPALLI,331502,LALGUDI,1,PS (I-V),4,Government Aided,Rural,2,Girls,1,1,1,0,1,1,1,0,1,1,0,0,0,0,1,1,0,0,0,0,0,1,1,1,1,1,0,0,1,0,0
2017-18,33,Tamilnadu,3315,TIRUCHIRAPPALLI,331502,LALGUDI,1,PS (I-V),2,Tribal Welfare Department,Rural,3,Co-Ed,7,7,4,1,7,7,7,7,7,7,0,0,0,0,1,1,0,1,0,3,0,7,7,2,3,6,4,0,4,1,0
2017-18,33,Tamilnadu,3315,TIRUCHIRAPPALLI,331502,LALGUDI,1,PS (I-V),3,Local body,Rural,3,Co-Ed,35,35,21,10,35,35,35,35,35,35,0,0,0,0,13,6,0,0,0,8,0,35,35,16,22,32,24,0,24,10,0
2017-18,33,Tamilnadu,3315,TIRUCHIRAPPALLI,331502,LALGUDI,1,PS (I-V),4,Government Aided,Rural,3,Co-Ed,16,16,9,2,16,16,16,16,16,16,0,0,0,0,8,9,0,0,0,6,0,16,16,8,16,16,8,0,13,2,0
2017-18,33,Tamilnadu,3315,TIRUCHIRAPPALLI,331502,LALGUDI,1,PS (I-V),5,Private Unaided (Recognized),Rural,3,Co-Ed,11,11,3,7,11,11,11,11,11,11,0,0,0,0,3,10,0,0,0,7,0,11,10,7,10,7,1,0,11,3,0
2017-18,33,Tamilnadu,3315,TIRUCHIRAPPALLI,331502,LALGUDI,1,PS (I-V),8,Unrecognized,Rural,3,Co-Ed,1,1,0,1,1,1,1,1,1,1,0,0,0,0,0,1,0,1,0,1,0,1,1,1,1,1,1,0,1,1,0
2017-18,33,Tamilnadu,3315,TIRUCHIRAPPALLI,331502,LALGUDI,1,PS (I-V),2,Tribal Welfare Department,Urban,3,Co-Ed,1,1,1,0,1,1,1,1,1,1,0,0,0,0,0,0,0,0,0,0,0,1,1,0,1,1,1,0,1,0,0
2017-18,33,Tamilnadu,3315,TIRUCHIRAPPALLI,331502,LALGUDI,1,PS (I-V),3,Local body,Urban,3,Co-Ed,10,10,5,6,10,10,10,10,10,10,0,0,0,0,4,2,0,0,0,4,0,10,10,2,7,9,7,0,6,2,0
2017-18,33,Tamilnadu,3315,TIRUCHIRAPPALLI,331502,LALGUDI,1,PS (I-V),4,Government Aided,Urban,3,Co-Ed,2,2,2,1,2,2,2,2,2,2,0,0,0,0,1,2,0,0,0,0,0,2,2,1,2,1,0,0,2,1,0
2017-18,33,Tamilnadu,3315,TIRUCHIRAPPALLI,331502,LALGUDI,1,PS (I-V),5,Private Unaided (Recognized),Urban,3,Co-Ed,8,8,4,7,8,8,8,8,8,8,0,0,0,0,3,6,0,1,0,3,1,7,6,6,7,8,0,0,8,4,0
2017-18,33,Tamilnadu,3315,TIRUCHIRAPPALLI,331502,LALGUDI,6,SS (I-X),5,Private Unaided (Recognized),Rural,3,Co-Ed,1,1,0,1,1,1,1,1,1,1,0,0,0,0,0,1,0,1,0,1,0,1,1,1,1,1,0,0,1,0,0
2017-18,33,Tamilnadu,3315,TIRUCHIRAPPALLI,331502,LALGUDI,6,SS (I-X),5,Private Unaided (Recognized),Urban,3,Co-Ed,3,3,0,3,3,3,3,3,3,3,0,0,0,0,1,3,0,3,0,3,0,3,3,3,3,3,1,0,3,2,0
2017-18,33,Tamilnadu,3315,TIRUCHIRAPPALLI,331502,LALGUDI,7,SS (VI-X),5,Private Unaided (Recognized),Urban,1,Boys,1,1,1,1,1,1,1,1,0,1,0,0,0,0,0,1,0,1,0,1,0,1,1,1,1,1,0,0,1,1,0
2017-18,33,Tamilnadu,3315,TIRUCHIRAPPALLI,331502,LALGUDI,7,SS (VI-X),1,Department of Education,Rural,3,Co-Ed,5,5,3,4,5,5,5,5,5,5,0,0,0,0,3,2,0,4,0,3,0,5,5,5,3,5,5,0,5,4,0
2017-18,33,Tamilnadu,3315,TIRUCHIRAPPALLI,331502,LALGUDI,7,SS (VI-X),2,Tribal Welfare Department,Rural,3,Co-Ed,1,1,1,0,1,1,1,1,1,1,0,0,0,0,0,0,0,1,0,0,0,1,1,1,0,1,1,0,1,0,0
2017-18,33,Tamilnadu,3315,TIRUCHIRAPPALLI,331502,LALGUDI,7,SS (VI-X),4,Government Aided,Rural,3,Co-Ed,2,2,1,2,2,2,2,2,2,2,0,0,0,0,1,2,0,2,0,2,0,2,2,1,2,2,1,0,2,0,0
2017-18,33,Tamilnadu,3315,TIRUCHIRAPPALLI,331502,LALGUDI,7,SS (VI-X),1,Department of Education,Urban,3,Co-Ed,1,1,1,0,1,1,1,1,1,1,0,0,0,0,0,0,0,0,0,0,0,0,1,0,1,0,0,0,1,0,0
2017-18,33,Tamilnadu,3315,TIRUCHIRAPPALLI,331502,LALGUDI,2,UPS (I-VIII),2,Tribal Welfare Department,Rural,3,Co-Ed,1,1,0,1,1,1,1,1,1,1,0,0,0,0,0,0,0,0,0,0,0,1,1,1,0,1,0,0,1,0,0
2017-18,33,Tamilnadu,3315,TIRUCHIRAPPALLI,331502,LALGUDI,2,UPS (I-VIII),3,Local body,Rural,3,Co-Ed,14,14,14,14,14,14,14,14,14,14,0,0,0,0,8,8,0,1,0,7,0,14,14,10,8,13,14,0,14,10,0
2017-18,33,Tamilnadu,3315,TIRUCHIRAPPALLI,331502,LALGUDI,2,UPS (I-VIII),4,Government Aided,Rural,3,Co-Ed,5,5,4,2,5,5,5,5,5,5,0,0,0,0,2,5,0,0,0,2,0,5,5,5,5,5,4,0,4,0,0
2017-18,33,Tamilnadu,3315,TIRUCHIRAPPALLI,331502,LALGUDI,2,UPS (I-VIII),5,Private Unaided (Recognized),Rural,3,Co-Ed,2,2,0,2,2,2,2,2,2,2,0,0,0,0,1,2,0,1,0,2,0,2,2,2,2,0,0,0,2,0,0
2017-18,33,Tamilnadu,3315,TIRUCHIRAPPALLI,331503,MANNACHANNALLUR,3,HSS (I-XII),5,Private Unaided (Recognized),Rural,3,Co-Ed,7,7,0,7,7,7,7,7,7,7,0,0,0,0,0,7,0,7,0,7,0,7,7,7,7,7,2,0,7,7,0
2017-18,33,Tamilnadu,3315,TIRUCHIRAPPALLI,331503,MANNACHANNALLUR,7,SS (VI-X),4,Government Aided,Rural,3,Co-Ed,3,3,0,3,3,3,3,3,3,3,0,0,0,0,0,3,0,3,0,2,0,3,3,3,3,3,2,0,3,0,0
2017-18,33,Tamilnadu,3315,TIRUCHIRAPPALLI,331503,MANNACHANNALLUR,3,HSS (I-XII),5,Private Unaided (Recognized),Urban,3,Co-Ed,1,1,0,1,1,1,1,1,1,1,0,0,0,0,0,1,0,1,0,1,0,1,1,1,1,1,1,0,1,1,0
2017-18,33,Tamilnadu,3315,TIRUCHIRAPPALLI,331503,MANNACHANNALLUR,5,HSS (VI-XII),1,Department of Education,Urban,1,Boys,1,1,0,1,1,1,1,1,0,1,0,0,0,0,0,1,0,1,0,1,0,1,1,1,1,1,1,0,1,1,0
2017-18,33,Tamilnadu,3315,TIRUCHIRAPPALLI,331503,MANNACHANNALLUR,5,HSS (VI-XII),1,Department of Education,Urban,2,Girls,1,1,0,1,1,1,1,0,1,1,0,0,0,0,0,1,0,1,0,1,0,1,1,1,1,1,1,0,1,1,0
2017-18,33,Tamilnadu,3315,TIRUCHIRAPPALLI,331503,MANNACHANNALLUR,5,HSS (VI-XII),1,Department of Education,Rural,3,Co-Ed,7,7,0,7,7,7,7,7,7,7,0,0,0,0,0,3,0,5,0,7,0,7,7,7,7,6,7,0,6,3,0
2017-18,33,Tamilnadu,3315,TIRUCHIRAPPALLI,331503,MANNACHANNALLUR,5,HSS (VI-XII),2,Tribal Welfare Department,Rural,3,Co-Ed,2,2,0,2,2,2,2,2,2,2,0,0,0,0,0,1,0,2,0,1,0,2,2,2,1,2,2,0,2,1,0
2017-18,33,Tamilnadu,3315,TIRUCHIRAPPALLI,331503,MANNACHANNALLUR,5,HSS (VI-XII),4,Government Aided,Rural,3,Co-Ed,2,2,0,2,2,2,2,2,2,2,0,0,0,0,0,2,0,2,0,2,0,2,2,2,2,2,1,0,2,1,0
2017-18,33,Tamilnadu,3315,TIRUCHIRAPPALLI,331503,MANNACHANNALLUR,5,HSS (VI-XII),4,Government Aided,Urban,3,Co-Ed,1,1,0,1,1,1,1,1,1,1,0,0,0,0,0,1,0,1,0,1,0,1,1,1,1,1,0,0,1,0,0
2017-18,33,Tamilnadu,3315,TIRUCHIRAPPALLI,331503,MANNACHANNALLUR,1,PS (I-V),4,Government Aided,Rural,1,Boys,1,1,0,1,1,1,1,1,0,1,0,0,0,0,0,1,0,0,0,1,0,1,1,0,1,0,1,0,1,0,0
2017-18,33,Tamilnadu,3315,TIRUCHIRAPPALLI,331503,MANNACHANNALLUR,1,PS (I-V),4,Government Aided,Rural,2,Girls,1,1,0,1,1,1,1,0,1,1,0,0,0,0,0,1,0,0,0,1,0,1,1,1,1,0,1,0,0,0,0
2017-18,33,Tamilnadu,3315,TIRUCHIRAPPALLI,331503,MANNACHANNALLUR,1,PS (I-V),2,Tribal Welfare Department,Rural,3,Co-Ed,6,6,0,2,6,6,6,6,6,6,0,0,0,0,0,0,0,0,0,3,0,6,6,1,3,0,5,0,4,0,0
2017-18,33,Tamilnadu,3315,TIRUCHIRAPPALLI,331503,MANNACHANNALLUR,1,PS (I-V),3,Local body,Rural,3,Co-Ed,59,59,0,16,59,59,59,59,59,59,0,0,0,0,0,4,0,0,0,31,0,59,58,17,48,2,55,0,42,1,0
2017-18,33,Tamilnadu,3315,TIRUCHIRAPPALLI,331503,MANNACHANNALLUR,1,PS (I-V),4,Government Aided,Rural,3,Co-Ed,14,14,0,3,14,14,14,14,14,14,0,0,0,0,0,10,0,1,0,8,0,14,14,3,13,0,9,0,13,0,0
2017-18,33,Tamilnadu,3315,TIRUCHIRAPPALLI,331503,MANNACHANNALLUR,1,PS (I-V),5,Private Unaided (Recognized),Rural,3,Co-Ed,11,11,0,10,11,11,11,11,11,11,0,0,0,0,0,11,0,3,0,7,0,11,8,10,10,3,1,0,11,0,0
2017-18,33,Tamilnadu,3315,TIRUCHIRAPPALLI,331503,MANNACHANNALLUR,1,PS (I-V),2,Tribal Welfare Department,Urban,3,Co-Ed,1,1,0,0,1,1,1,1,1,1,0,0,0,0,0,0,0,0,0,1,0,1,1,1,1,0,1,0,0,0,0
2017-18,33,Tamilnadu,3315,TIRUCHIRAPPALLI,331503,MANNACHANNALLUR,1,PS (I-V),3,Local body,Urban,3,Co-Ed,6,6,0,3,6,6,6,6,6,6,0,0,0,0,0,2,0,0,0,1,0,6,6,3,3,0,6,0,5,0,0
2017-18,33,Tamilnadu,3315,TIRUCHIRAPPALLI,331503,MANNACHANNALLUR,1,PS (I-V),4,Government Aided,Urban,3,Co-Ed,1,1,0,0,1,1,1,1,1,1,0,0,0,0,0,0,0,0,0,1,0,1,1,0,1,0,0,0,1,0,0
2017-18,33,Tamilnadu,3315,TIRUCHIRAPPALLI,331503,MANNACHANNALLUR,1,PS (I-V),5,Private Unaided (Recognized),Urban,3,Co-Ed,5,5,1,4,5,5,5,5,5,5,0,0,0,0,1,4,0,1,0,1,1,5,5,3,5,1,1,0,5,0,0
2017-18,33,Tamilnadu,3315,TIRUCHIRAPPALLI,331503,MANNACHANNALLUR,6,SS (I-X),5,Private Unaided (Recognized),Rural,3,Co-Ed,4,4,0,4,4,4,4,4,4,4,0,0,0,0,0,4,0,4,0,3,0,4,3,4,4,4,1,0,4,4,0
2017-18,33,Tamilnadu,3315,TIRUCHIRAPPALLI,331503,MANNACHANNALLUR,7,SS (VI-X),1,Department of Education,Rural,3,Co-Ed,4,4,0,3,4,4,4,4,4,4,0,0,0,0,0,1,0,2,0,4,0,4,4,4,4,4,4,0,4,2,0
2017-18,33,Tamilnadu,3315,TIRUCHIRAPPALLI,331503,MANNACHANNALLUR,7,SS (VI-X),2,Tribal Welfare Department,Rural,3,Co-Ed,1,1,0,1,1,1,1,1,1,1,0,0,0,0,0,0,0,1,0,0,0,1,1,1,0,1,1,0,0,0,0
2017-18,33,Tamilnadu,3315,TIRUCHIRAPPALLI,331503,MANNACHANNALLUR,7,SS (VI-X),1,Department of Education,Urban,3,Co-Ed,1,1,0,1,1,1,1,1,1,1,0,0,0,0,0,1,0,1,0,0,0,1,1,1,0,1,1,0,1,0,0
2017-18,33,Tamilnadu,3315,TIRUCHIRAPPALLI,331503,MANNACHANNALLUR,2,UPS (I-VIII),3,Local body,Rural,3,Co-Ed,16,16,0,16,16,16,16,16,16,16,0,0,0,0,0,12,0,0,0,11,0,16,16,7,13,2,16,0,15,0,0
2017-18,33,Tamilnadu,3315,TIRUCHIRAPPALLI,331503,MANNACHANNALLUR,2,UPS (I-VIII),4,Government Aided,Rural,3,Co-Ed,1,1,0,1,1,1,1,1,1,1,0,0,0,0,0,1,0,0,0,1,0,1,1,1,1,0,1,0,1,0,0
2017-18,33,Tamilnadu,3315,TIRUCHIRAPPALLI,331503,MANNACHANNALLUR,2,UPS (I-VIII),5,Private Unaided (Recognized),Rural,3,Co-Ed,1,1,0,1,1,1,1,1,1,1,0,0,0,0,0,1,0,0,0,1,0,1,1,0,1,0,0,0,1,0,0
2017-18,33,Tamilnadu,3315,TIRUCHIRAPPALLI,331503,MANNACHANNALLUR,2,UPS (I-VIII),2,Tribal Welfare Department,Urban,3,Co-Ed,1,1,0,1,1,1,1,1,1,1,0,0,0,0,0,1,0,0,0,0,0,1,1,0,0,0,1,0,1,0,0
2017-18,33,Tamilnadu,3315,TIRUCHIRAPPALLI,331503,MANNACHANNALLUR,2,UPS (I-VIII),4,Government Aided,Urban,3,Co-Ed,1,1,0,0,1,1,1,1,1,1,0,0,0,0,0,1,0,0,0,0,0,1,1,1,1,0,1,0,1,0,0
2017-18,33,Tamilnadu,3315,TIRUCHIRAPPALLI,331504,MANIKANDAM,3,HSS (I-XII),4,Government Aided,Rural,3,Co-Ed,2,2,2,2,2,2,2,2,2,2,0,0,0,0,2,2,0,2,0,2,0,2,2,2,2,2,2,0,2,1,0
2017-18,33,Tamilnadu,3315,TIRUCHIRAPPALLI,331504,MANIKANDAM,3,HSS (I-XII),5,Private Unaided (Recognized),Rural,3,Co-Ed,7,7,0,7,7,7,7,7,7,7,0,0,0,0,7,7,0,7,0,7,5,7,7,7,7,6,3,0,7,7,0
2017-18,33,Tamilnadu,3315,TIRUCHIRAPPALLI,331504,MANIKANDAM,3,HSS (I-XII),5,Private Unaided (Recognized),Urban,3,Co-Ed,6,6,0,6,6,6,6,6,6,6,0,0,0,0,6,6,0,6,0,5,3,6,6,6,6,6,5,0,6,6,0
2017-18,33,Tamilnadu,3315,TIRUCHIRAPPALLI,331504,MANIKANDAM,3,HSS (I-XII),6,Other Govt. managed schools,Urban,3,Co-Ed,1,1,0,1,1,1,1,1,1,1,0,0,0,0,1,1,0,1,0,1,0,1,1,1,1,1,0,0,1,1,0
2017-18,33,Tamilnadu,3315,TIRUCHIRAPPALLI,331504,MANIKANDAM,5,HSS (VI-XII),1,Department of Education,Rural,3,Co-Ed,4,4,3,3,4,4,4,4,4,4,0,0,0,0,2,3,0,3,0,4,0,4,4,4,4,4,4,0,4,3,0
2017-18,33,Tamilnadu,3315,TIRUCHIRAPPALLI,331504,MANIKANDAM,5,HSS (VI-XII),4,Government Aided,Rural,3,Co-Ed,3,3,3,2,3,3,3,3,3,3,0,0,0,0,3,3,0,3,0,3,0,3,3,3,3,3,0,0,3,1,0
2017-18,33,Tamilnadu,3315,TIRUCHIRAPPALLI,331504,MANIKANDAM,5,HSS (VI-XII),4,Government Aided,Urban,3,Co-Ed,1,1,1,1,1,1,1,1,1,1,0,0,0,0,1,1,0,1,0,1,0,1,1,1,1,1,1,0,1,1,0
2017-18,33,Tamilnadu,3315,TIRUCHIRAPPALLI,331504,MANIKANDAM,5,HSS (VI-XII),5,Private Unaided (Recognized),Urban,3,Co-Ed,1,1,0,1,1,1,1,1,1,1,0,0,0,0,1,1,0,1,0,1,0,1,1,1,1,1,0,0,1,1,0
2017-18,33,Tamilnadu,3315,TIRUCHIRAPPALLI,331504,MANIKANDAM,1,PS (I-V),3,Local body,Rural,1,Boys,1,1,0,1,1,1,1,1,0,1,0,0,0,0,1,0,0,0,0,0,0,1,1,0,1,1,1,0,1,0,0
2017-18,33,Tamilnadu,3315,TIRUCHIRAPPALLI,331504,MANIKANDAM,1,PS (I-V),3,Local body,Rural,2,Girls,1,1,0,1,1,1,1,0,1,1,0,0,0,0,1,1,0,0,0,0,0,1,1,0,1,1,1,0,1,0,0
2017-18,33,Tamilnadu,3315,TIRUCHIRAPPALLI,331504,MANIKANDAM,1,PS (I-V),3,Local body,Rural,3,Co-Ed,36,36,4,13,36,36,36,36,36,36,0,0,0,0,33,9,0,0,0,10,0,36,36,0,20,31,33,0,34,12,0
2017-18,33,Tamilnadu,3315,TIRUCHIRAPPALLI,331504,MANIKANDAM,1,PS (I-V),4,Government Aided,Rural,3,Co-Ed,17,17,0,1,17,17,17,17,17,17,0,0,0,0,10,9,0,1,0,9,0,17,17,4,15,14,11,0,14,1,0
2017-18,33,Tamilnadu,3315,TIRUCHIRAPPALLI,331504,MANIKANDAM,1,PS (I-V),5,Private Unaided (Recognized),Rural,3,Co-Ed,11,11,0,4,11,11,11,11,11,11,0,0,0,0,6,8,0,6,0,4,0,11,10,9,10,10,1,0,11,5,0
2017-18,33,Tamilnadu,3315,TIRUCHIRAPPALLI,331504,MANIKANDAM,1,PS (I-V),3,Local body,Urban,3,Co-Ed,4,4,0,2,4,4,4,4,4,4,0,0,0,0,4,2,0,0,0,2,0,4,4,1,4,4,4,0,4,1,0
2017-18,33,Tamilnadu,3315,TIRUCHIRAPPALLI,331504,MANIKANDAM,1,PS (I-V),4,Government Aided,Urban,3,Co-Ed,1,1,0,0,1,1,1,1,1,1,0,0,0,0,1,1,0,1,0,1,0,1,1,1,1,1,0,0,1,0,0
2017-18,33,Tamilnadu,3315,TIRUCHIRAPPALLI,331504,MANIKANDAM,1,PS (I-V),5,Private Unaided (Recognized),Urban,3,Co-Ed,5,5,0,3,5,5,5,5,5,5,0,0,0,0,2,4,0,4,0,2,0,5,5,4,5,4,0,0,5,3,0
2017-18,33,Tamilnadu,3315,TIRUCHIRAPPALLI,331504,MANIKANDAM,6,SS (I-X),5,Private Unaided (Recognized),Rural,3,Co-Ed,7,7,0,7,7,7,7,7,7,7,0,0,0,0,7,7,0,7,0,7,5,7,7,7,7,7,3,0,7,6,0
2017-18,33,Tamilnadu,3315,TIRUCHIRAPPALLI,331504,MANIKANDAM,6,SS (I-X),5,Private Unaided (Recognized),Urban,3,Co-Ed,2,2,1,2,2,2,2,2,2,2,0,0,0,0,2,2,0,2,0,2,2,2,2,2,2,2,1,0,2,2,0
2017-18,33,Tamilnadu,3315,TIRUCHIRAPPALLI,331504,MANIKANDAM,6,SS (I-X),6,Other Govt. managed schools,Urban,3,Co-Ed,1,1,0,1,1,1,1,1,1,1,0,0,0,0,1,1,0,1,0,1,1,1,1,1,1,1,1,0,1,1,0
2017-18,33,Tamilnadu,3315,TIRUCHIRAPPALLI,331504,MANIKANDAM,7,SS (VI-X),1,Department of Education,Rural,2,Girls,1,1,1,0,1,1,1,0,1,1,0,0,0,0,1,0,0,1,0,1,0,1,1,1,0,0,0,0,1,0,0
2017-18,33,Tamilnadu,3315,TIRUCHIRAPPALLI,331504,MANIKANDAM,7,SS (VI-X),1,Department of Education,Rural,3,Co-Ed,5,5,3,0,5,5,5,5,5,5,0,0,0,0,3,1,0,3,0,4,0,5,3,3,3,4,3,0,5,1,0
2017-18,33,Tamilnadu,3315,TIRUCHIRAPPALLI,331504,MANIKANDAM,7,SS (VI-X),5,Private Unaided (Recognized),Rural,3,Co-Ed,2,2,2,1,2,2,2,2,2,2,0,0,0,0,2,2,0,2,0,2,0,2,2,2,2,2,0,0,2,1,0
2017-18,33,Tamilnadu,3315,TIRUCHIRAPPALLI,331504,MANIKANDAM,7,SS (VI-X),1,Department of Education,Urban,3,Co-Ed,2,2,0,0,2,2,2,2,2,2,0,0,0,0,1,1,0,1,0,1,0,2,1,1,1,1,1,0,2,2,0
2017-18,33,Tamilnadu,3315,TIRUCHIRAPPALLI,331504,MANIKANDAM,7,SS (VI-X),4,Government Aided,Urban,3,Co-Ed,1,1,1,0,1,1,1,1,1,1,0,0,0,0,1,1,0,1,0,0,0,1,1,1,1,1,0,0,1,0,0
2017-18,33,Tamilnadu,3315,TIRUCHIRAPPALLI,331504,MANIKANDAM,2,UPS (I-VIII),3,Local body,Rural,3,Co-Ed,5,5,3,5,5,5,5,5,5,5,0,0,0,0,5,4,0,0,0,2,0,5,5,0,4,5,5,0,5,3,0
2017-18,33,Tamilnadu,3315,TIRUCHIRAPPALLI,331504,MANIKANDAM,2,UPS (I-VIII),4,Government Aided,Rural,3,Co-Ed,3,3,1,0,3,3,3,3,3,3,0,0,0,0,2,2,0,0,0,0,0,3,3,3,3,3,2,0,3,1,0
2017-18,33,Tamilnadu,3315,TIRUCHIRAPPALLI,331504,MANIKANDAM,2,UPS (I-VIII),5,Private Unaided (Recognized),Rural,3,Co-Ed,1,1,0,1,1,1,1,1,1,1,0,0,0,0,1,1,0,1,0,1,1,1,0,1,1,1,0,0,1,1,0
2017-18,33,Tamilnadu,3315,TIRUCHIRAPPALLI,331504,MANIKANDAM,2,UPS (I-VIII),3,Local body,Urban,3,Co-Ed,3,3,1,3,3,3,3,3,3,3,0,0,0,0,3,3,0,0,0,0,0,3,3,1,2,3,3,0,3,3,0
2017-18,33,Tamilnadu,3315,TIRUCHIRAPPALLI,331504,MANIKANDAM,2,UPS (I-VIII),4,Government Aided,Urban,3,Co-Ed,2,2,1,2,2,2,2,2,2,2,0,0,0,0,1,2,0,1,0,2,0,2,2,2,2,2,2,0,2,0,0
2017-18,33,Tamilnadu,3315,TIRUCHIRAPPALLI,331505,MANAPPARAI,3,HSS (I-XII),5,Private Unaided (Recognized),Urban,3,Co-Ed,7,7,4,7,7,7,7,7,7,7,0,0,0,0,6,7,0,7,0,5,2,7,6,7,7,7,2,0,7,7,0
2017-18,33,Tamilnadu,3315,TIRUCHIRAPPALLI,331505,MANAPPARAI,5,HSS (VI-XII),1,Department of Education,Urban,1,Boys,1,1,1,1,1,1,1,1,0,1,0,0,0,0,1,0,0,1,0,1,0,1,1,1,1,1,1,0,1,1,0
2017-18,33,Tamilnadu,3315,TIRUCHIRAPPALLI,331505,MANAPPARAI,5,HSS (VI-XII),1,Department of Education,Urban,2,Girls,1,1,1,1,1,1,1,0,1,1,0,0,0,0,1,0,0,1,0,1,0,1,1,1,1,1,1,0,1,1,0
2017-18,33,Tamilnadu,3315,TIRUCHIRAPPALLI,331505,MANAPPARAI,5,HSS (VI-XII),4,Government Aided,Urban,2,Girls,1,1,0,1,1,1,1,0,1,1,0,0,0,0,0,1,0,1,0,0,0,1,0,1,1,1,1,0,1,1,0
2017-18,33,Tamilnadu,3315,TIRUCHIRAPPALLI,331505,MANAPPARAI,5,HSS (VI-XII),1,Department of Education,Urban,3,Co-Ed,3,3,3,3,3,3,3,3,3,3,0,0,0,0,2,1,0,3,0,3,0,3,3,3,3,3,3,0,3,2,0
2017-18,33,Tamilnadu,3315,TIRUCHIRAPPALLI,331505,MANAPPARAI,5,HSS (VI-XII),2,Tribal Welfare Department,Urban,3,Co-Ed,2,2,1,2,2,2,2,2,2,2,0,0,0,0,1,0,0,2,0,2,0,2,2,2,2,2,1,0,2,0,0
2017-18,33,Tamilnadu,3315,TIRUCHIRAPPALLI,331505,MANAPPARAI,5,HSS (VI-XII),4,Government Aided,Urban,3,Co-Ed,5,5,5,5,5,5,5,5,5,5,0,0,0,0,5,5,0,5,0,5,0,5,5,5,5,5,3,0,5,4,0
2017-18,33,Tamilnadu,3315,TIRUCHIRAPPALLI,331505,MANAPPARAI,5,HSS (VI-XII),5,Private Unaided (Recognized),Urban,3,Co-Ed,1,1,0,1,1,1,1,1,1,1,0,0,0,0,1,1,0,1,0,1,0,1,1,1,1,1,0,0,1,0,0
2017-18,33,Tamilnadu,3315,TIRUCHIRAPPALLI,331505,MANAPPARAI,1,PS (I-V),3,Local body,Urban,1,Boys,1,1,0,1,1,1,1,1,0,1,0,0,0,0,0,1,0,0,0,0,0,1,1,1,0,1,0,0,1,0,0
2017-18,33,Tamilnadu,3315,TIRUCHIRAPPALLI,331505,MANAPPARAI,1,PS (I-V),4,Government Aided,Urban,1,Boys,1,1,0,0,1,1,1,1,0,1,0,0,0,0,0,1,0,0,0,0,0,1,1,1,1,1,1,0,1,1,0
2017-18,33,Tamilnadu,3315,TIRUCHIRAPPALLI,331505,MANAPPARAI,1,PS (I-V),3,Local body,Urban,2,Girls,1,1,0,0,1,1,1,0,1,1,0,0,0,0,0,1,0,0,0,0,0,1,1,1,0,0,0,0,0,0,0
2017-18,33,Tamilnadu,3315,TIRUCHIRAPPALLI,331505,MANAPPARAI,1,PS (I-V),4,Government Aided,Urban,2,Girls,1,1,0,1,1,1,1,0,1,1,0,0,0,0,0,1,0,0,0,1,0,1,1,1,1,1,1,0,1,1,0
2017-18,33,Tamilnadu,3315,TIRUCHIRAPPALLI,331505,MANAPPARAI,1,PS (I-V),3,Local body,Rural,3,Co-Ed,1,1,0,0,1,1,1,1,1,1,0,0,0,0,0,0,0,0,0,0,0,1,1,0,0,1,1,0,0,0,0
2017-18,33,Tamilnadu,3315,TIRUCHIRAPPALLI,331505,MANAPPARAI,1,PS (I-V),2,Tribal Welfare Department,Urban,3,Co-Ed,3,3,0,2,3,3,3,3,3,3,0,0,0,0,0,0,0,0,0,3,0,3,3,0,2,3,1,0,0,1,0
2017-18,33,Tamilnadu,3315,TIRUCHIRAPPALLI,331505,MANAPPARAI,1,PS (I-V),3,Local body,Urban,3,Co-Ed,69,69,19,9,69,69,69,69,69,69,0,0,0,0,13,17,0,2,0,14,0,69,69,14,58,56,36,0,45,28,0
2017-18,33,Tamilnadu,3315,TIRUCHIRAPPALLI,331505,MANAPPARAI,1,PS (I-V),4,Government Aided,Urban,3,Co-Ed,11,11,1,1,11,11,11,11,11,11,0,0,0,0,2,7,0,1,0,5,0,11,10,6,11,11,3,0,8,4,0
2017-18,33,Tamilnadu,3315,TIRUCHIRAPPALLI,331505,MANAPPARAI,1,PS (I-V),5,Private Unaided (Recognized),Urban,3,Co-Ed,8,8,0,5,8,8,8,8,8,8,0,0,0,0,0,6,0,3,0,4,0,8,4,5,8,6,0,0,7,3,0
2017-18,33,Tamilnadu,3315,TIRUCHIRAPPALLI,331505,MANAPPARAI,6,SS (I-X),5,Private Unaided (Recognized),Urban,3,Co-Ed,2,2,0,2,2,2,2,2,2,2,0,0,0,0,2,2,0,2,0,2,0,2,2,2,2,2,0,0,2,2,0
2017-18,33,Tamilnadu,3315,TIRUCHIRAPPALLI,331505,MANAPPARAI,7,SS (VI-X),1,Department of Education,Urban,2,Girls,1,1,1,0,1,1,1,0,1,1,0,0,0,0,0,0,0,0,0,1,0,1,1,1,1,0,0,0,1,1,0
2017-18,33,Tamilnadu,3315,TIRUCHIRAPPALLI,331505,MANAPPARAI,7,SS (VI-X),1,Department of Education,Urban,3,Co-Ed,7,7,7,3,7,7,7,7,7,7,0,0,0,0,4,1,0,7,0,6,0,7,7,7,5,6,5,0,7,3,0
2017-18,33,Tamilnadu,3315,TIRUCHIRAPPALLI,331505,MANAPPARAI,7,SS (VI-X),2,Tribal Welfare Department,Urban,3,Co-Ed,1,1,0,1,1,1,1,1,1,1,0,0,0,0,0,0,0,1,0,1,0,1,1,1,1,1,1,0,1,0,0
2017-18,33,Tamilnadu,3315,TIRUCHIRAPPALLI,331505,MANAPPARAI,7,SS (VI-X),4,Government Aided,Urban,3,Co-Ed,1,1,1,1,1,1,1,1,1,1,0,0,0,0,1,1,0,1,0,1,0,1,1,1,1,1,0,0,1,0,0
2017-18,33,Tamilnadu,3315,TIRUCHIRAPPALLI,331505,MANAPPARAI,2,UPS (I-VIII),2,Tribal Welfare Department,Urban,3,Co-Ed,1,1,1,1,1,1,1,1,1,1,0,0,0,0,1,1,0,0,0,1,0,1,1,1,1,1,0,0,1,1,0
2017-18,33,Tamilnadu,3315,TIRUCHIRAPPALLI,331505,MANAPPARAI,2,UPS (I-VIII),3,Local body,Urban,3,Co-Ed,17,17,17,15,17,17,17,17,17,17,0,0,0,0,7,14,0,1,0,5,0,17,17,6,11,17,9,0,17,8,0
2017-18,33,Tamilnadu,3315,TIRUCHIRAPPALLI,331505,MANAPPARAI,2,UPS (I-VIII),4,Government Aided,Urban,3,Co-Ed,3,3,1,2,3,3,3,3,3,3,0,0,0,0,0,3,0,1,0,3,0,3,3,3,3,3,1,0,2,2,0
2017-18,33,Tamilnadu,3315,TIRUCHIRAPPALLI,331505,MANAPPARAI,2,UPS (I-VIII),5,Private Unaided (Recognized),Urban,3,Co-Ed,3,3,1,3,3,3,3,3,3,3,0,0,0,0,1,3,0,3,0,3,0,3,3,3,3,3,1,0,3,3,0
2017-18,33,Tamilnadu,3315,TIRUCHIRAPPALLI,331506,MARUNGAPURI,3,HSS (I-XII),5,Private Unaided (Recognized),Rural,3,Co-Ed,2,2,1,2,2,2,2,2,2,2,0,0,0,0,0,2,0,2,0,2,0,2,2,2,2,2,1,0,2,1,0
2017-18,33,Tamilnadu,3315,TIRUCHIRAPPALLI,331506,MARUNGAPURI,3,HSS (I-XII),8,Unrecognized,Urban,3,Co-Ed,1,1,0,1,1,1,1,1,1,1,0,0,0,0,0,1,0,1,0,1,0,1,1,1,1,1,1,0,1,0,0
2017-18,33,Tamilnadu,3315,TIRUCHIRAPPALLI,331506,MARUNGAPURI,5,HSS (VI-XII),4,Government Aided,Rural,2,Girls,1,1,1,1,1,1,1,0,1,1,0,0,0,0,0,1,0,1,0,1,0,1,1,1,1,1,0,0,1,1,0
2017-18,33,Tamilnadu,3315,TIRUCHIRAPPALLI,331506,MARUNGAPURI,5,HSS (VI-XII),1,Department of Education,Urban,2,Girls,1,1,1,1,1,1,1,0,1,1,0,0,0,0,0,0,0,1,0,1,0,1,1,1,1,1,1,0,1,1,0
2017-18,33,Tamilnadu,3315,TIRUCHIRAPPALLI,331506,MARUNGAPURI,5,HSS (VI-XII),1,Department of Education,Rural,3,Co-Ed,7,7,6,7,7,7,7,7,7,7,0,0,0,0,0,3,0,6,0,7,0,7,7,7,7,7,7,0,7,6,0
2017-18,33,Tamilnadu,3315,TIRUCHIRAPPALLI,331506,MARUNGAPURI,5,HSS (VI-XII),4,Government Aided,Rural,3,Co-Ed,1,1,1,1,1,1,1,1,1,1,0,0,0,0,0,1,0,1,0,1,0,1,1,1,1,1,0,0,1,1,0
2017-18,33,Tamilnadu,3315,TIRUCHIRAPPALLI,331506,MARUNGAPURI,5,HSS (VI-XII),1,Department of Education,Urban,3,Co-Ed,1,1,1,1,1,1,1,1,1,1,0,0,0,0,0,1,0,1,0,1,0,1,1,1,1,1,1,0,1,1,0
2017-18,33,Tamilnadu,3315,TIRUCHIRAPPALLI,331506,MARUNGAPURI,1,PS (I-V),2,Tribal Welfare Department,Rural,3,Co-Ed,2,2,2,1,2,2,2,2,2,2,0,0,0,0,2,0,0,0,0,2,0,2,2,2,1,2,1,0,2,0,0
2017-18,33,Tamilnadu,3315,TIRUCHIRAPPALLI,331506,MARUNGAPURI,1,PS (I-V),3,Local body,Rural,3,Co-Ed,94,94,70,23,94,94,94,94,94,94,0,0,0,0,2,14,0,0,0,54,0,93,92,38,79,88,78,0,27,14,0
2017-18,33,Tamilnadu,3315,TIRUCHIRAPPALLI,331506,MARUNGAPURI,1,PS (I-V),4,Government Aided,Rural,3,Co-Ed,2,2,1,1,2,2,2,2,2,2,0,0,0,0,0,1,0,1,0,1,0,2,2,2,2,1,1,0,1,1,0
2017-18,33,Tamilnadu,3315,TIRUCHIRAPPALLI,331506,MARUNGAPURI,1,PS (I-V),5,Private Unaided (Recognized),Rural,3,Co-Ed,8,8,6,4,8,8,8,8,8,8,0,0,0,0,1,7,0,1,0,6,0,8,7,8,8,8,1,0,8,5,0
2017-18,33,Tamilnadu,3315,TIRUCHIRAPPALLI,331506,MARUNGAPURI,1,PS (I-V),3,Local body,Urban,3,Co-Ed,4,4,2,1,4,4,4,4,4,4,0,0,0,0,0,1,0,0,0,3,0,4,4,4,4,3,4,0,1,1,0
2017-18,33,Tamilnadu,3315,TIRUCHIRAPPALLI,331506,MARUNGAPURI,1,PS (I-V),5,Private Unaided (Recognized),Urban,3,Co-Ed,2,2,1,2,2,2,2,2,2,2,0,0,0,0,0,2,0,0,0,0,0,2,1,2,2,2,0,0,2,2,0
2017-18,33,Tamilnadu,3315,TIRUCHIRAPPALLI,331506,MARUNGAPURI,6,SS (I-X),5,Private Unaided (Recognized),Rural,3,Co-Ed,2,2,1,2,2,2,2,2,2,2,0,0,0,0,1,1,0,1,0,1,0,1,1,2,2,2,1,0,2,1,0
2017-18,33,Tamilnadu,3315,TIRUCHIRAPPALLI,331506,MARUNGAPURI,6,SS (I-X),5,Private Unaided (Recognized),Urban,3,Co-Ed,2,2,2,2,1,2,2,2,2,2,0,0,0,0,0,2,0,2,0,2,0,2,2,2,2,2,0,0,2,1,0
2017-18,33,Tamilnadu,3315,TIRUCHIRAPPALLI,331506,MARUNGAPURI,7,SS (VI-X),1,Department of Education,Rural,3,Co-Ed,13,13,13,5,13,13,13,13,13,13,0,0,0,0,1,7,0,5,0,11,0,12,13,12,9,12,12,0,12,10,0
2017-18,33,Tamilnadu,3315,TIRUCHIRAPPALLI,331506,MARUNGAPURI,7,SS (VI-X),2,Tribal Welfare Department,Rural,3,Co-Ed,1,1,1,1,1,1,1,1,1,1,0,0,0,0,0,1,0,0,0,1,0,1,1,1,1,1,1,0,1,1,0
2017-18,33,Tamilnadu,3315,TIRUCHIRAPPALLI,331506,MARUNGAPURI,7,SS (VI-X),5,Private Unaided (Recognized),Rural,3,Co-Ed,1,1,1,1,1,1,1,1,1,1,0,0,0,0,0,1,0,0,0,1,1,1,1,1,1,1,1,0,1,1,0
2017-18,33,Tamilnadu,3315,TIRUCHIRAPPALLI,331506,MARUNGAPURI,2,UPS (I-VIII),3,Local body,Rural,3,Co-Ed,32,32,30,31,32,32,32,32,32,32,0,0,0,0,1,13,0,1,0,20,0,32,32,23,31,31,31,0,30,20,0
2017-18,33,Tamilnadu,3315,TIRUCHIRAPPALLI,331506,MARUNGAPURI,2,UPS (I-VIII),5,Private Unaided (Recognized),Rural,3,Co-Ed,1,1,0,1,1,1,1,1,1,1,0,0,0,0,0,1,0,0,0,1,0,1,0,1,1,0,1,0,1,1,0
2017-18,33,Tamilnadu,3315,TIRUCHIRAPPALLI,331506,MARUNGAPURI,2,UPS (I-VIII),3,Local body,Urban,3,Co-Ed,2,2,2,2,2,2,2,2,2,2,0,0,0,0,1,1,0,1,0,0,0,2,2,0,2,2,2,0,2,0,0
2017-18,33,Tamilnadu,3315,TIRUCHIRAPPALLI,331507,MUSIRI,3,HSS (I-XII),5,Private Unaided (Recognized),Rural,3,Co-Ed,1,1,0,1,1,1,1,1,1,1,0,0,0,0,1,1,0,1,0,1,0,1,1,1,1,1,0,0,1,0,0
2017-18,33,Tamilnadu,3315,TIRUCHIRAPPALLI,331507,MUSIRI,3,HSS (I-XII),5,Private Unaided (Recognized),Urban,3,Co-Ed,1,1,1,1,1,1,1,1,1,1,0,0,0,0,0,1,0,1,0,1,0,1,1,1,1,1,0,0,1,0,0
2017-18,33,Tamilnadu,3315,TIRUCHIRAPPALLI,331507,MUSIRI,5,HSS (VI-XII),1,Department of Education,Urban,1,Boys,1,1,1,1,1,1,1,1,0,1,0,0,0,0,1,1,0,1,0,1,0,1,1,1,1,1,1,0,1,1,0
2017-18,33,Tamilnadu,3315,TIRUCHIRAPPALLI,331507,MUSIRI,5,HSS (VI-XII),1,Department of Education,Urban,2,Girls,1,1,1,1,1,1,1,0,1,1,0,0,0,0,0,1,0,1,0,1,0,1,1,1,1,1,1,0,1,0,0
2017-18,33,Tamilnadu,3315,TIRUCHIRAPPALLI,331507,MUSIRI,5,HSS (VI-XII),4,Government Aided,Urban,2,Girls,1,1,1,1,1,1,1,0,1,1,0,0,0,0,0,1,0,1,0,0,0,1,1,1,1,1,0,0,1,1,0
2017-18,33,Tamilnadu,3315,TIRUCHIRAPPALLI,331507,MUSIRI,5,HSS (VI-XII),1,Department of Education,Rural,3,Co-Ed,6,6,5,6,6,6,6,6,6,6,0,0,0,0,3,4,0,6,0,6,0,6,6,6,6,5,6,0,6,1,0
2017-18,33,Tamilnadu,3315,TIRUCHIRAPPALLI,331507,MUSIRI,5,HSS (VI-XII),2,Tribal Welfare Department,Rural,3,Co-Ed,1,1,1,1,1,1,1,1,1,1,0,0,0,0,0,0,0,1,0,1,0,1,1,1,1,1,1,0,1,1,0
2017-18,33,Tamilnadu,3315,TIRUCHIRAPPALLI,331507,MUSIRI,5,HSS (VI-XII),4,Government Aided,Rural,3,Co-Ed,2,2,2,2,2,2,2,2,2,2,0,0,0,0,1,2,0,2,0,2,0,2,2,1,2,2,1,0,2,2,0
2017-18,33,Tamilnadu,3315,TIRUCHIRAPPALLI,331507,MUSIRI,1,PS (I-V),2,Tribal Welfare Department,Rural,3,Co-Ed,4,4,2,1,4,4,4,4,4,4,0,0,0,0,1,1,0,0,0,1,0,4,4,0,3,3,2,0,1,0,0
2017-18,33,Tamilnadu,3315,TIRUCHIRAPPALLI,331507,MUSIRI,1,PS (I-V),3,Local body,Rural,3,Co-Ed,57,57,23,20,57,57,57,57,57,57,0,0,0,0,34,9,0,0,0,22,0,57,56,12,44,47,50,0,36,7,0
2017-18,33,Tamilnadu,3315,TIRUCHIRAPPALLI,331507,MUSIRI,1,PS (I-V),4,Government Aided,Rural,3,Co-Ed,6,6,4,1,6,6,6,6,6,6,0,0,0,0,1,3,0,0,0,1,0,6,6,0,3,3,4,0,6,1,0
2017-18,33,Tamilnadu,3315,TIRUCHIRAPPALLI,331507,MUSIRI,1,PS (I-V),5,Private Unaided (Recognized),Rural,3,Co-Ed,7,7,3,7,7,7,7,7,7,7,0,0,0,0,5,7,0,0,0,4,0,7,6,5,7,3,1,0,6,0,0
2017-18,33,Tamilnadu,3315,TIRUCHIRAPPALLI,331507,MUSIRI,1,PS (I-V),8,Unrecognized,Rural,3,Co-Ed,2,2,0,1,2,2,2,2,2,2,0,0,0,0,2,1,0,0,0,1,0,2,0,1,2,1,0,0,2,0,0
2017-18,33,Tamilnadu,3315,TIRUCHIRAPPALLI,331507,MUSIRI,1,PS (I-V),3,Local body,Urban,3,Co-Ed,3,3,1,3,3,3,3,3,3,3,0,0,0,0,1,2,0,0,0,1,0,3,3,1,3,3,3,0,2,1,0
2017-18,33,Tamilnadu,3315,TIRUCHIRAPPALLI,331507,MUSIRI,1,PS (I-V),4,Government Aided,Urban,3,Co-Ed,3,3,1,2,3,3,3,3,3,3,0,0,0,0,2,3,0,1,0,0,0,3,3,3,2,2,2,0,2,0,0
2017-18,33,Tamilnadu,3315,TIRUCHIRAPPALLI,331507,MUSIRI,1,PS (I-V),5,Private Unaided (Recognized),Urban,3,Co-Ed,5,5,2,5,5,5,5,5,5,5,0,0,0,0,3,5,0,1,0,4,0,5,5,5,4,5,1,0,5,2,0
2017-18,33,Tamilnadu,3315,TIRUCHIRAPPALLI,331507,MUSIRI,6,SS (I-X),5,Private Unaided (Recognized),Rural,3,Co-Ed,1,1,1,1,1,1,1,1,1,1,0,0,0,0,1,1,0,1,0,1,0,1,1,1,1,1,0,0,1,0,0
2017-18,33,Tamilnadu,3315,TIRUCHIRAPPALLI,331507,MUSIRI,7,SS (VI-X),1,Department of Education,Rural,3,Co-Ed,12,12,11,7,12,12,12,12,12,12,0,0,0,0,11,5,0,10,0,8,0,12,11,10,8,11,12,0,9,4,0
2017-18,33,Tamilnadu,3315,TIRUCHIRAPPALLI,331507,MUSIRI,7,SS (VI-X),2,Tribal Welfare Department,Rural,3,Co-Ed,1,1,1,1,1,1,1,1,1,1,0,0,0,0,1,0,0,0,0,1,0,1,1,0,1,1,1,0,0,0,0
2017-18,33,Tamilnadu,3315,TIRUCHIRAPPALLI,331507,MUSIRI,2,UPS (I-VIII),3,Local body,Rural,3,Co-Ed,14,14,14,13,14,14,14,14,14,14,0,0,0,0,9,8,0,0,0,8,0,14,14,3,12,13,14,0,14,6,0
2017-18,33,Tamilnadu,3315,TIRUCHIRAPPALLI,331507,MUSIRI,2,UPS (I-VIII),4,Government Aided,Rural,3,Co-Ed,1,1,1,0,1,1,1,1,1,1,0,0,0,0,0,0,0,0,0,1,0,1,1,0,1,1,1,0,1,0,0
2017-18,33,Tamilnadu,3315,TIRUCHIRAPPALLI,331507,MUSIRI,2,UPS (I-VIII),3,Local body,Urban,3,Co-Ed,2,2,2,2,2,2,2,2,2,2,0,0,0,0,0,1,0,0,0,1,0,2,2,0,1,2,2,0,2,0,0
2017-18,33,Tamilnadu,3315,TIRUCHIRAPPALLI,331507,MUSIRI,2,UPS (I-VIII),5,Private Unaided (Recognized),Urban,3,Co-Ed,1,1,0,1,1,1,1,1,1,1,0,0,0,0,1,1,0,0,0,1,0,1,1,1,1,1,0,0,1,0,0
2017-18,33,Tamilnadu,3315,TIRUCHIRAPPALLI,331508,PULLAMBADI,3,HSS (I-XII),5,Private Unaided (Recognized),Rural,3,Co-Ed,2,2,1,2,1,2,2,2,2,2,0,0,0,0,0,2,0,2,0,2,0,2,2,2,2,2,1,0,2,1,0
2017-18,33,Tamilnadu,3315,TIRUCHIRAPPALLI,331508,PULLAMBADI,3,HSS (I-XII),4,Government Aided,Urban,3,Co-Ed,1,1,0,1,0,1,1,1,1,1,0,0,0,0,0,1,0,1,0,1,0,1,1,1,1,1,1,0,1,0,0
2017-18,33,Tamilnadu,3315,TIRUCHIRAPPALLI,331508,PULLAMBADI,5,HSS (VI-XII),4,Government Aided,Rural,2,Girls,1,1,0,1,0,1,1,0,1,1,0,0,0,0,0,1,0,1,0,0,0,1,1,1,1,1,1,0,1,1,0
2017-18,33,Tamilnadu,3315,TIRUCHIRAPPALLI,331508,PULLAMBADI,5,HSS (VI-XII),1,Department of Education,Rural,3,Co-Ed,4,4,3,4,0,4,4,4,4,4,0,0,0,0,0,2,0,4,0,4,0,4,4,4,4,4,3,0,4,4,0
2017-18,33,Tamilnadu,3315,TIRUCHIRAPPALLI,331508,PULLAMBADI,5,HSS (VI-XII),4,Government Aided,Rural,3,Co-Ed,1,1,1,1,0,1,1,1,1,1,0,0,0,0,0,1,0,1,0,1,0,1,1,1,1,1,0,0,1,0,0
2017-18,33,Tamilnadu,3315,TIRUCHIRAPPALLI,331508,PULLAMBADI,5,HSS (VI-XII),5,Private Unaided (Recognized),Rural,3,Co-Ed,1,1,1,1,0,1,1,1,1,1,0,0,0,0,0,1,0,1,0,1,0,1,1,1,1,1,0,0,1,1,0
2017-18,33,Tamilnadu,3315,TIRUCHIRAPPALLI,331508,PULLAMBADI,5,HSS (VI-XII),1,Department of Education,Urban,3,Co-Ed,1,1,1,1,0,1,1,1,1,1,0,0,0,0,0,1,0,1,0,1,0,1,1,1,1,1,1,0,1,1,0
2017-18,33,Tamilnadu,3315,TIRUCHIRAPPALLI,331508,PULLAMBADI,1,PS (I-V),4,Government Aided,Rural,1,Boys,1,1,0,0,1,1,1,1,0,1,0,0,0,0,0,1,0,0,0,1,0,1,1,0,1,1,1,0,1,0,0
2017-18,33,Tamilnadu,3315,TIRUCHIRAPPALLI,331508,PULLAMBADI,1,PS (I-V),4,Government Aided,Rural,2,Girls,1,1,0,1,0,1,1,0,1,1,0,0,0,0,0,1,0,0,0,0,0,1,1,0,1,1,1,0,1,0,0
2017-18,33,Tamilnadu,3315,TIRUCHIRAPPALLI,331508,PULLAMBADI,1,PS (I-V),2,Tribal Welfare Department,Rural,3,Co-Ed,3,3,1,0,1,3,3,3,3,3,0,0,0,0,1,0,0,0,0,0,0,3,3,0,2,3,2,0,3,2,0
2017-18,33,Tamilnadu,3315,TIRUCHIRAPPALLI,331508,PULLAMBADI,1,PS (I-V),3,Local body,Rural,3,Co-Ed,28,28,3,13,7,28,28,28,28,28,0,0,0,0,4,9,0,3,0,22,0,28,27,6,27,16,24,0,28,12,0
2017-18,33,Tamilnadu,3315,TIRUCHIRAPPALLI,331508,PULLAMBADI,1,PS (I-V),4,Government Aided,Rural,3,Co-Ed,3,3,0,0,1,3,3,3,3,3,0,0,0,0,0,1,0,0,0,2,0,3,3,0,3,1,2,0,3,0,0
2017-18,33,Tamilnadu,3315,TIRUCHIRAPPALLI,331508,PULLAMBADI,1,PS (I-V),5,Private Unaided (Recognized),Rural,3,Co-Ed,6,6,0,4,1,6,6,6,6,6,0,0,0,0,1,6,0,1,0,5,1,6,6,4,5,1,1,0,6,2,0
2017-18,33,Tamilnadu,3315,TIRUCHIRAPPALLI,331508,PULLAMBADI,1,PS (I-V),2,Tribal Welfare Department,Urban,3,Co-Ed,1,1,0,0,0,1,1,1,1,1,0,0,0,0,0,0,0,0,0,1,0,1,1,0,1,1,0,0,1,0,0
2017-18,33,Tamilnadu,3315,TIRUCHIRAPPALLI,331508,PULLAMBADI,1,PS (I-V),3,Local body,Urban,3,Co-Ed,3,3,0,2,0,3,3,3,3,3,0,0,0,0,0,2,0,0,0,1,0,3,3,3,2,3,2,0,3,2,0
2017-18,33,Tamilnadu,3315,TIRUCHIRAPPALLI,331508,PULLAMBADI,1,PS (I-V),4,Government Aided,Urban,3,Co-Ed,1,1,0,0,0,1,1,1,1,1,0,0,0,0,0,1,0,0,0,1,0,1,1,1,1,1,0,0,1,0,0
2017-18,33,Tamilnadu,3315,TIRUCHIRAPPALLI,331508,PULLAMBADI,1,PS (I-V),5,Private Unaided (Recognized),Urban,3,Co-Ed,5,5,0,4,2,5,5,5,5,5,0,0,0,0,0,4,0,5,0,3,1,5,5,5,4,4,0,0,5,2,0
2017-18,33,Tamilnadu,3315,TIRUCHIRAPPALLI,331508,PULLAMBADI,6,SS (I-X),5,Private Unaided (Recognized),Rural,3,Co-Ed,2,2,0,2,1,2,2,2,2,2,0,0,0,0,1,2,0,2,0,2,0,2,2,2,2,2,2,0,2,1,0
2017-18,33,Tamilnadu,3315,TIRUCHIRAPPALLI,331508,PULLAMBADI,6,SS (I-X),5,Private Unaided (Recognized),Urban,3,Co-Ed,3,3,0,3,1,3,3,3,3,3,0,0,0,0,0,3,0,3,0,3,0,3,3,3,3,3,0,0,3,1,0
2017-18,33,Tamilnadu,3315,TIRUCHIRAPPALLI,331508,PULLAMBADI,7,SS (VI-X),1,Department of Education,Rural,3,Co-Ed,5,5,3,3,1,5,5,5,5,5,0,0,0,0,1,2,0,3,0,5,0,5,5,5,5,5,5,0,5,2,0
2017-18,33,Tamilnadu,3315,TIRUCHIRAPPALLI,331508,PULLAMBADI,7,SS (VI-X),4,Government Aided,Rural,3,Co-Ed,1,1,1,0,0,1,1,1,1,1,0,0,0,0,0,1,0,1,0,0,0,1,1,1,1,1,0,0,1,0,0
2017-18,33,Tamilnadu,3315,TIRUCHIRAPPALLI,331508,PULLAMBADI,7,SS (VI-X),2,Tribal Welfare Department,Urban,3,Co-Ed,1,1,0,0,0,1,1,1,1,1,0,0,0,0,0,1,0,1,0,1,0,1,0,1,0,0,0,0,1,0,0
2017-18,33,Tamilnadu,3315,TIRUCHIRAPPALLI,331508,PULLAMBADI,2,UPS (I-VIII),3,Local body,Rural,3,Co-Ed,14,14,8,14,1,14,14,14,14,14,0,0,0,0,0,10,0,1,0,6,0,14,14,3,13,14,11,0,14,13,0
2017-18,33,Tamilnadu,3315,TIRUCHIRAPPALLI,331508,PULLAMBADI,2,UPS (I-VIII),4,Government Aided,Rural,3,Co-Ed,3,3,0,2,1,3,3,3,3,3,0,0,0,0,0,3,0,0,0,3,0,3,3,0,3,3,3,0,3,2,0
2017-18,33,Tamilnadu,3315,TIRUCHIRAPPALLI,331508,PULLAMBADI,2,UPS (I-VIII),4,Government Aided,Urban,3,Co-Ed,2,2,2,1,0,2,2,2,2,2,0,0,0,0,0,2,0,0,0,0,0,2,2,2,2,2,2,0,2,2,0
2017-18,33,Tamilnadu,3315,TIRUCHIRAPPALLI,331509,TRICHY URBAN,3,HSS (I-XII),4,Government Aided,Urban,2,Girls,1,1,0,1,1,1,1,0,1,1,0,0,0,0,1,1,0,1,0,1,1,1,1,1,1,1,1,0,1,1,0
2017-18,33,Tamilnadu,3315,TIRUCHIRAPPALLI,331509,TRICHY URBAN,3,HSS (I-XII),5,Private Unaided (Recognized),Urban,2,Girls,1,1,0,1,1,1,1,0,1,1,0,0,0,0,1,1,0,1,0,1,1,1,1,1,1,1,0,0,1,1,0
2017-18,33,Tamilnadu,3315,TIRUCHIRAPPALLI,331509,TRICHY URBAN,3,HSS (I-XII),90,Social welfare Department,Urban,2,Girls,1,1,0,1,1,1,1,0,1,1,0,0,0,0,1,0,0,1,0,0,0,1,1,0,1,1,0,0,1,1,0
2017-18,33,Tamilnadu,3315,TIRUCHIRAPPALLI,331509,TRICHY URBAN,3,HSS (I-XII),5,Private Unaided (Recognized),Urban,3,Co-Ed,8,8,4,8,8,8,8,8,8,8,0,0,0,0,4,8,0,8,0,5,4,8,8,8,8,8,3,0,8,7,0
2017-18,33,Tamilnadu,3315,TIRUCHIRAPPALLI,331509,TRICHY URBAN,5,HSS (VI-XII),4,Government Aided,Urban,1,Boys,5,5,3,5,5,5,5,5,0,5,0,0,0,0,3,5,0,5,0,3,1,5,5,5,5,5,5,0,5,5,0
2017-18,33,Tamilnadu,3315,TIRUCHIRAPPALLI,331509,TRICHY URBAN,5,HSS (VI-XII),1,Department of Education,Urban,2,Girls,1,1,0,1,1,1,1,0,1,1,0,0,0,0,0,1,0,1,0,0,0,1,1,1,0,1,1,0,1,1,0
2017-18,33,Tamilnadu,3315,TIRUCHIRAPPALLI,331509,TRICHY URBAN,5,HSS (VI-XII),4,Government Aided,Urban,2,Girls,3,3,3,3,3,3,3,0,3,3,0,0,0,0,1,3,0,3,0,2,0,3,3,3,3,3,2,0,3,3,0
2017-18,33,Tamilnadu,3315,TIRUCHIRAPPALLI,331509,TRICHY URBAN,5,HSS (VI-XII),3,Local body,Urban,3,Co-Ed,1,1,1,1,1,1,1,1,1,1,0,0,0,0,0,1,0,1,0,0,0,1,1,1,1,1,1,0,1,1,0
2017-18,33,Tamilnadu,3315,TIRUCHIRAPPALLI,331509,TRICHY URBAN,5,HSS (VI-XII),4,Government Aided,Urban,3,Co-Ed,4,4,2,4,4,4,4,4,4,4,0,0,0,0,3,4,0,4,0,1,0,4,4,3,4,4,2,0,4,4,0
2017-18,33,Tamilnadu,3315,TIRUCHIRAPPALLI,331509,TRICHY URBAN,1,PS (I-V),5,Private Unaided (Recognized),Urban,1,Boys,1,1,1,1,1,1,1,1,0,1,0,0,0,0,0,1,0,0,0,0,0,1,1,0,1,1,0,0,1,1,0
2017-18,33,Tamilnadu,3315,TIRUCHIRAPPALLI,331509,TRICHY URBAN,1,PS (I-V),4,Government Aided,Urban,2,Girls,1,1,1,1,1,1,1,0,1,1,0,0,0,0,1,1,0,0,0,0,0,1,1,1,1,1,1,0,1,1,0
2017-18,33,Tamilnadu,3315,TIRUCHIRAPPALLI,331509,TRICHY URBAN,1,PS (I-V),3,Local body,Urban,3,Co-Ed,18,18,12,12,18,18,18,18,18,18,0,0,0,0,2,8,0,3,0,0,0,18,18,1,8,13,15,0,11,17,0
2017-18,33,Tamilnadu,3315,TIRUCHIRAPPALLI,331509,TRICHY URBAN,1,PS (I-V),4,Government Aided,Urban,3,Co-Ed,15,15,11,7,15,15,15,15,15,15,0,0,0,0,0,11,0,7,0,7,0,15,15,7,10,9,11,0,13,14,0
2017-18,33,Tamilnadu,3315,TIRUCHIRAPPALLI,331509,TRICHY URBAN,1,PS (I-V),5,Private Unaided (Recognized),Urban,3,Co-Ed,33,33,11,28,33,33,33,33,33,33,0,0,0,0,2,30,0,17,0,11,0,33,31,24,23,27,3,0,33,30,0
2017-18,33,Tamilnadu,3315,TIRUCHIRAPPALLI,331509,TRICHY URBAN,6,SS (I-X),1,Department of Education,Urban,2,Girls,1,1,1,1,1,1,1,0,1,1,0,0,0,0,1,1,0,1,0,0,0,1,1,1,0,1,1,0,1,0,0
2017-18,33,Tamilnadu,3315,TIRUCHIRAPPALLI,331509,TRICHY URBAN,6,SS (I-X),5,Private Unaided (Recognized),Urban,3,Co-Ed,9,9,2,9,9,9,9,9,9,9,0,0,0,0,2,8,0,9,0,4,2,9,8,9,8,9,7,0,9,7,0
2017-18,33,Tamilnadu,3315,TIRUCHIRAPPALLI,331509,TRICHY URBAN,6,SS (I-X),6,Other Govt. managed schools,Urban,3,Co-Ed,1,1,1,1,1,1,1,1,1,1,0,0,0,0,1,1,0,1,0,0,0,1,1,1,1,1,0,0,1,1,0
2017-18,33,Tamilnadu,3315,TIRUCHIRAPPALLI,331509,TRICHY URBAN,7,SS (VI-X),1,Department of Education,Urban,3,Co-Ed,1,1,0,1,1,1,1,1,1,1,0,0,0,0,0,1,0,1,0,1,0,1,1,1,1,1,1,0,1,0,0
2017-18,33,Tamilnadu,3315,TIRUCHIRAPPALLI,331509,TRICHY URBAN,7,SS (VI-X),4,Government Aided,Urban,3,Co-Ed,2,2,1,2,2,2,2,2,2,2,0,0,0,0,1,2,0,2,0,1,0,2,2,1,2,2,1,0,2,2,0
2017-18,33,Tamilnadu,3315,TIRUCHIRAPPALLI,331509,TRICHY URBAN,2,UPS (I-VIII),4,Government Aided,Urban,1,Boys,1,1,1,0,1,1,1,1,0,1,0,0,0,0,0,1,0,0,0,0,0,1,1,1,1,1,1,0,1,1,0
2017-18,33,Tamilnadu,3315,TIRUCHIRAPPALLI,331509,TRICHY URBAN,2,UPS (I-VIII),3,Local body,Urban,3,Co-Ed,8,8,5,8,8,8,8,8,8,8,0,0,0,0,1,6,0,1,0,1,0,8,8,4,3,8,7,0,6,8,0
2017-18,33,Tamilnadu,3315,TIRUCHIRAPPALLI,331509,TRICHY URBAN,2,UPS (I-VIII),4,Government Aided,Urban,3,Co-Ed,22,22,14,12,22,22,22,22,22,22,0,0,0,0,7,17,0,7,0,8,0,22,22,14,14,20,17,0,20,20,0
2017-18,33,Tamilnadu,3315,TIRUCHIRAPPALLI,331509,TRICHY URBAN,2,UPS (I-VIII),5,Private Unaided (Recognized),Urban,3,Co-Ed,1,1,1,1,1,1,1,1,1,1,0,0,0,0,0,1,0,0,0,0,0,1,1,1,1,1,0,0,1,1,0
2017-18,33,Tamilnadu,3315,TIRUCHIRAPPALLI,331510,TRICHY-WEST,3,HSS (I-XII),4,Government Aided,Urban,2,Girls,2,2,1,2,2,2,2,0,2,2,0,0,0,0,1,2,0,2,0,0,1,2,1,2,2,2,1,0,2,1,0
2017-18,33,Tamilnadu,3315,TIRUCHIRAPPALLI,331510,TRICHY-WEST,3,HSS (I-XII),4,Government Aided,Urban,3,Co-Ed,2,2,0,2,2,2,2,2,2,2,0,0,0,0,1,2,0,2,0,1,0,2,2,2,2,2,1,0,2,2,0
2017-18,33,Tamilnadu,3315,TIRUCHIRAPPALLI,331510,TRICHY-WEST,3,HSS (I-XII),5,Private Unaided (Recognized),Urban,3,Co-Ed,4,4,1,4,4,4,4,4,4,4,0,0,0,0,3,4,0,4,0,3,0,4,4,4,4,4,0,0,4,4,0
2017-18,33,Tamilnadu,3315,TIRUCHIRAPPALLI,331510,TRICHY-WEST,5,HSS (VI-XII),4,Government Aided,Urban,1,Boys,1,1,0,1,1,1,1,1,0,1,0,0,0,0,0,1,0,1,0,0,0,1,1,1,1,1,1,0,1,1,0
2017-18,33,Tamilnadu,3315,TIRUCHIRAPPALLI,331510,TRICHY-WEST,5,HSS (VI-XII),4,Government Aided,Urban,2,Girls,3,3,1,3,3,3,3,0,3,3,0,0,0,0,2,3,0,3,0,0,0,3,3,2,2,3,1,0,3,2,0
2017-18,33,Tamilnadu,3315,TIRUCHIRAPPALLI,331510,TRICHY-WEST,5,HSS (VI-XII),2,Tribal Welfare Department,Urban,3,Co-Ed,1,1,1,1,1,1,1,1,1,1,0,0,0,0,0,1,0,1,0,0,0,1,1,1,0,1,0,0,1,1,0
2017-18,33,Tamilnadu,3315,TIRUCHIRAPPALLI,331510,TRICHY-WEST,5,HSS (VI-XII),4,Government Aided,Urban,3,Co-Ed,4,4,0,4,4,4,4,4,4,4,0,0,0,0,4,4,0,4,0,4,0,4,4,3,4,4,3,0,4,2,0
2017-18,33,Tamilnadu,3315,TIRUCHIRAPPALLI,331510,TRICHY-WEST,1,PS (I-V),2,Tribal Welfare Department,Urban,3,Co-Ed,2,2,2,2,2,2,2,2,2,2,0,0,0,0,2,1,0,0,0,0,0,2,2,1,1,2,2,0,2,1,0
2017-18,33,Tamilnadu,3315,TIRUCHIRAPPALLI,331510,TRICHY-WEST,1,PS (I-V),3,Local body,Urban,3,Co-Ed,2,2,0,2,2,2,2,2,2,2,0,0,0,0,1,2,0,0,0,2,0,2,2,2,2,2,2,0,1,1,0
2017-18,33,Tamilnadu,3315,TIRUCHIRAPPALLI,331510,TRICHY-WEST,1,PS (I-V),4,Government Aided,Urban,3,Co-Ed,17,17,5,6,17,17,17,17,17,17,0,0,0,0,14,16,0,0,0,8,0,17,17,16,17,17,8,0,15,9,0
2017-18,33,Tamilnadu,3315,TIRUCHIRAPPALLI,331510,TRICHY-WEST,1,PS (I-V),5,Private Unaided (Recognized),Urban,3,Co-Ed,17,17,0,16,17,17,17,17,17,17,0,0,0,0,11,16,0,8,0,8,0,17,13,15,15,16,2,0,17,10,0
2017-18,33,Tamilnadu,3315,TIRUCHIRAPPALLI,331510,TRICHY-WEST,6,SS (I-X),4,Government Aided,Urban,3,Co-Ed,1,1,0,1,1,1,1,1,1,1,0,0,0,0,1,1,0,1,0,1,1,1,1,1,1,1,0,0,1,0,0
2017-18,33,Tamilnadu,3315,TIRUCHIRAPPALLI,331510,TRICHY-WEST,6,SS (I-X),5,Private Unaided (Recognized),Urban,3,Co-Ed,10,10,2,10,10,10,10,10,10,10,0,0,0,0,5,10,0,10,0,8,0,10,8,10,10,10,1,0,10,9,0
2017-18,33,Tamilnadu,3315,TIRUCHIRAPPALLI,331510,TRICHY-WEST,6,SS (I-X),6,Other Govt. managed schools,Urban,3,Co-Ed,1,1,0,1,1,1,1,1,1,1,0,0,0,0,0,1,0,1,0,0,0,1,0,1,1,1,1,0,1,0,0
2017-18,33,Tamilnadu,3315,TIRUCHIRAPPALLI,331510,TRICHY-WEST,7,SS (VI-X),3,Local body,Urban,3,Co-Ed,2,2,1,0,2,2,2,2,2,2,0,0,0,0,0,1,0,0,0,2,0,2,2,2,2,2,2,0,2,1,0
2017-18,33,Tamilnadu,3315,TIRUCHIRAPPALLI,331510,TRICHY-WEST,7,SS (VI-X),4,Government Aided,Urban,3,Co-Ed,4,4,2,4,4,4,4,4,4,4,0,0,0,0,4,4,0,4,0,3,0,4,4,3,4,4,2,0,4,0,0
2017-18,33,Tamilnadu,3315,TIRUCHIRAPPALLI,331510,TRICHY-WEST,7,SS (VI-X),5,Private Unaided (Recognized),Urban,3,Co-Ed,1,1,1,1,1,1,1,1,1,1,0,0,0,0,1,1,0,1,0,1,0,1,1,1,1,1,0,0,1,1,0
2017-18,33,Tamilnadu,3315,TIRUCHIRAPPALLI,331510,TRICHY-WEST,2,UPS (I-VIII),2,Tribal Welfare Department,Urban,3,Co-Ed,1,1,0,1,1,1,1,1,1,1,0,0,0,0,1,1,0,0,0,0,0,1,1,1,1,1,1,0,1,1,0
2017-18,33,Tamilnadu,3315,TIRUCHIRAPPALLI,331510,TRICHY-WEST,2,UPS (I-VIII),3,Local body,Urban,3,Co-Ed,1,1,1,1,1,1,1,1,1,1,0,0,0,0,1,1,0,0,0,0,0,1,1,1,1,1,1,0,1,1,0
2017-18,33,Tamilnadu,3315,TIRUCHIRAPPALLI,331510,TRICHY-WEST,2,UPS (I-VIII),4,Government Aided,Urban,3,Co-Ed,10,10,1,6,10,10,10,10,10,10,0,0,0,0,8,9,0,2,0,3,0,10,10,9,9,10,5,0,10,5,0
2017-18,33,Tamilnadu,3315,TIRUCHIRAPPALLI,331510,TRICHY-WEST,2,UPS (I-VIII),5,Private Unaided (Recognized),Urban,3,Co-Ed,1,1,0,1,1,1,1,1,1,1,0,0,0,0,0,1,0,1,0,1,0,1,1,1,1,1,1,0,1,0,0
2017-18,33,Tamilnadu,3315,TIRUCHIRAPPALLI,331511,THIRUVERUMBUR,3,HSS (I-XII),5,Private Unaided (Recognized),Rural,1,Boys,1,1,0,1,1,1,1,1,0,1,0,0,0,0,1,1,0,1,0,1,0,1,1,1,1,1,0,0,1,0,0
2017-18,33,Tamilnadu,3315,TIRUCHIRAPPALLI,331511,THIRUVERUMBUR,3,HSS (I-XII),5,Private Unaided (Recognized),Rural,2,Girls,1,1,1,1,1,1,1,0,1,1,0,0,0,0,1,1,0,1,0,1,0,1,1,1,1,1,1,0,1,0,0
2017-18,33,Tamilnadu,3315,TIRUCHIRAPPALLI,331511,THIRUVERUMBUR,3,HSS (I-XII),5,Private Unaided (Recognized),Urban,2,Girls,1,1,1,1,1,1,1,0,1,1,0,0,0,0,1,1,0,1,0,1,0,1,1,1,1,1,0,0,1,1,0
2017-18,33,Tamilnadu,3315,TIRUCHIRAPPALLI,331511,THIRUVERUMBUR,3,HSS (I-XII),5,Private Unaided (Recognized),Rural,3,Co-Ed,3,3,3,3,3,3,3,3,3,3,0,0,0,0,3,2,0,3,0,2,1,3,3,3,3,3,0,0,3,1,0
2017-18,33,Tamilnadu,3315,TIRUCHIRAPPALLI,331511,THIRUVERUMBUR,3,HSS (I-XII),92,Kendriya Vidyalaya / Central School,Rural,3,Co-Ed,2,2,0,2,2,2,2,2,2,2,0,0,0,0,2,2,0,2,0,1,0,2,2,2,2,1,2,0,2,1,0
2017-18,33,Tamilnadu,3315,TIRUCHIRAPPALLI,331511,THIRUVERUMBUR,3,HSS (I-XII),5,Private Unaided (Recognized),Urban,3,Co-Ed,15,15,6,14,14,14,14,14,14,14,0,0,0,0,13,14,0,15,0,10,1,14,13,14,14,15,8,0,14,13,0
2017-18,33,Tamilnadu,3315,TIRUCHIRAPPALLI,331511,THIRUVERUMBUR,3,HSS (I-XII),92,Kendriya Vidyalaya / Central School,Urban,3,Co-Ed,1,1,1,1,1,1,1,1,1,1,0,0,0,0,1,1,0,1,0,0,0,1,1,1,1,1,0,0,1,0,0
2017-18,33,Tamilnadu,3315,TIRUCHIRAPPALLI,331511,THIRUVERUMBUR,5,HSS (VI-XII),2,Tribal Welfare Department,Urban,1,Boys,1,1,0,1,1,1,1,1,0,1,0,0,0,0,1,1,0,1,0,1,0,1,1,1,1,1,1,0,1,0,0
2017-18,33,Tamilnadu,3315,TIRUCHIRAPPALLI,331511,THIRUVERUMBUR,5,HSS (VI-XII),4,Government Aided,Urban,1,Boys,2,2,1,2,2,2,2,2,0,2,0,0,0,0,2,2,0,2,0,2,0,2,2,2,2,2,0,0,2,0,0
2017-18,33,Tamilnadu,3315,TIRUCHIRAPPALLI,331511,THIRUVERUMBUR,5,HSS (VI-XII),2,Tribal Welfare Department,Urban,2,Girls,1,1,1,1,1,1,1,0,1,1,0,0,0,0,1,0,0,1,0,1,0,1,1,1,1,1,1,0,1,0,0
2017-18,33,Tamilnadu,3315,TIRUCHIRAPPALLI,331511,THIRUVERUMBUR,5,HSS (VI-XII),4,Government Aided,Urban,2,Girls,4,4,0,4,4,4,4,0,4,4,0,0,0,0,3,4,0,4,0,3,0,4,4,4,4,4,3,0,4,2,0
2017-18,33,Tamilnadu,3315,TIRUCHIRAPPALLI,331511,THIRUVERUMBUR,5,HSS (VI-XII),1,Department of Education,Rural,3,Co-Ed,2,2,1,2,2,2,2,2,2,2,0,0,0,0,2,0,0,2,0,2,0,2,2,2,2,2,2,0,2,1,0
2017-18,33,Tamilnadu,3315,TIRUCHIRAPPALLI,331511,THIRUVERUMBUR,5,HSS (VI-XII),2,Tribal Welfare Department,Rural,3,Co-Ed,1,1,1,0,1,1,1,1,1,1,0,0,0,0,1,1,0,0,0,1,0,1,1,1,1,1,1,0,1,1,0
2017-18,33,Tamilnadu,3315,TIRUCHIRAPPALLI,331511,THIRUVERUMBUR,5,HSS (VI-XII),1,Department of Education,Urban,3,Co-Ed,1,1,1,1,1,1,1,1,1,1,0,0,0,0,1,0,0,1,0,1,0,1,1,1,1,1,1,0,1,1,0
2017-18,33,Tamilnadu,3315,TIRUCHIRAPPALLI,331511,THIRUVERUMBUR,5,HSS (VI-XII),4,Government Aided,Urban,3,Co-Ed,3,3,2,3,3,3,3,3,3,3,0,0,0,0,2,3,0,3,0,2,0,3,3,3,3,3,2,0,3,2,0
2017-18,33,Tamilnadu,3315,TIRUCHIRAPPALLI,331511,THIRUVERUMBUR,5,HSS (VI-XII),5,Private Unaided (Recognized),Urban,3,Co-Ed,1,1,0,1,1,1,1,1,1,1,0,0,0,0,1,1,0,1,0,1,0,1,0,1,1,1,0,0,1,1,0
2017-18,33,Tamilnadu,3315,TIRUCHIRAPPALLI,331511,THIRUVERUMBUR,11,HSS (XI-XII),92,Kendriya Vidyalaya / Central School,Rural,3,Co-Ed,1,1,1,1,1,1,1,1,1,1,0,0,0,0,1,1,0,1,0,1,0,1,1,1,1,1,0,0,1,1,0
2017-18,33,Tamilnadu,3315,TIRUCHIRAPPALLI,331511,THIRUVERUMBUR,1,PS (I-V),1,Department of Education,Rural,3,Co-Ed,2,2,0,0,2,2,2,2,2,2,0,0,0,0,1,1,0,0,0,2,0,2,2,1,2,2,1,0,1,0,0
2017-18,33,Tamilnadu,3315,TIRUCHIRAPPALLI,331511,THIRUVERUMBUR,1,PS (I-V),2,Tribal Welfare Department,Rural,3,Co-Ed,1,1,1,1,1,1,1,1,1,1,0,0,0,0,1,1,0,0,0,0,0,1,1,0,0,0,0,0,0,0,0
2017-18,33,Tamilnadu,3315,TIRUCHIRAPPALLI,331511,THIRUVERUMBUR,1,PS (I-V),4,Government Aided,Rural,3,Co-Ed,6,6,4,1,6,6,6,6,6,6,0,0,0,0,6,5,0,0,0,2,0,6,6,1,6,5,3,0,5,3,0
2017-18,33,Tamilnadu,3315,TIRUCHIRAPPALLI,331511,THIRUVERUMBUR,1,PS (I-V),5,Private Unaided (Recognized),Rural,3,Co-Ed,6,6,0,5,6,6,6,6,6,6,0,0,0,0,5,6,0,1,0,2,0,6,5,4,6,6,1,0,6,3,0
2017-18,33,Tamilnadu,3315,TIRUCHIRAPPALLI,331511,THIRUVERUMBUR,1,PS (I-V),92,Kendriya Vidyalaya / Central School,Rural,3,Co-Ed,1,1,1,1,1,1,1,1,1,1,0,0,0,0,1,1,0,0,0,1,0,1,1,0,1,1,1,0,1,0,0
2017-18,33,Tamilnadu,3315,TIRUCHIRAPPALLI,331511,THIRUVERUMBUR,1,PS (I-V),2,Tribal Welfare Department,Urban,3,Co-Ed,3,3,1,0,3,3,3,3,3,3,0,0,0,0,2,2,0,0,0,1,0,3,3,1,3,3,3,0,2,1,0
2017-18,33,Tamilnadu,3315,TIRUCHIRAPPALLI,331511,THIRUVERUMBUR,1,PS (I-V),3,Local body,Urban,3,Co-Ed,12,12,8,3,12,12,12,12,12,12,0,0,0,0,11,2,0,1,0,5,0,12,12,7,6,9,10,0,8,8,0
2017-18,33,Tamilnadu,3315,TIRUCHIRAPPALLI,331511,THIRUVERUMBUR,1,PS (I-V),4,Government Aided,Urban,3,Co-Ed,11,11,5,3,11,11,11,11,11,11,0,0,0,0,9,9,0,1,0,5,0,11,11,9,10,9,3,0,8,4,0
2017-18,33,Tamilnadu,3315,TIRUCHIRAPPALLI,331511,THIRUVERUMBUR,1,PS (I-V),5,Private Unaided (Recognized),Urban,3,Co-Ed,15,14,5,13,15,15,15,15,15,15,0,0,0,0,13,14,0,8,0,8,0,15,13,11,14,11,2,0,14,10,0
2017-18,33,Tamilnadu,3315,TIRUCHIRAPPALLI,331511,THIRUVERUMBUR,6,SS (I-X),5,Private Unaided (Recognized),Rural,3,Co-Ed,3,3,0,3,3,3,3,3,3,3,0,0,0,0,3,3,0,3,0,1,0,3,2,2,3,3,2,0,3,2,0
2017-18,33,Tamilnadu,3315,TIRUCHIRAPPALLI,331511,THIRUVERUMBUR,6,SS (I-X),5,Private Unaided (Recognized),Urban,3,Co-Ed,7,7,2,7,6,7,7,7,7,7,0,0,0,0,7,7,0,7,0,5,0,7,6,7,7,7,1,0,7,5,0
2017-18,33,Tamilnadu,3315,TIRUCHIRAPPALLI,331511,THIRUVERUMBUR,7,SS (VI-X),1,Department of Education,Rural,1,Boys,1,1,0,1,1,1,1,1,0,1,0,0,0,0,1,1,0,1,0,1,0,1,1,1,1,1,0,0,1,1,0
2017-18,33,Tamilnadu,3315,TIRUCHIRAPPALLI,331511,THIRUVERUMBUR,7,SS (VI-X),1,Department of Education,Rural,2,Girls,1,1,0,1,0,1,1,0,1,1,0,0,0,0,1,0,0,1,0,1,0,1,1,1,0,1,0,0,1,1,0
2017-18,33,Tamilnadu,3315,TIRUCHIRAPPALLI,331511,THIRUVERUMBUR,7,SS (VI-X),1,Department of Education,Rural,3,Co-Ed,2,2,2,1,2,2,2,2,2,2,0,0,0,0,2,0,0,1,0,1,0,2,2,2,0,2,1,0,2,0,0
2017-18,33,Tamilnadu,3315,TIRUCHIRAPPALLI,331511,THIRUVERUMBUR,7,SS (VI-X),4,Government Aided,Rural,3,Co-Ed,2,2,1,2,2,2,2,2,2,2,0,0,0,0,1,2,0,2,0,1,0,2,2,2,2,2,1,0,2,1,0
2017-18,33,Tamilnadu,3315,TIRUCHIRAPPALLI,331511,THIRUVERUMBUR,7,SS (VI-X),92,Kendriya Vidyalaya / Central School,Rural,3,Co-Ed,1,1,1,1,1,1,1,1,1,1,0,0,0,0,1,1,0,1,0,1,0,1,1,1,1,1,0,0,1,1,0
2017-18,33,Tamilnadu,3315,TIRUCHIRAPPALLI,331511,THIRUVERUMBUR,7,SS (VI-X),1,Department of Education,Urban,3,Co-Ed,2,2,0,2,1,2,2,2,2,2,0,0,0,0,0,1,0,1,0,1,0,2,2,2,1,2,2,0,2,1,0
2017-18,33,Tamilnadu,3315,TIRUCHIRAPPALLI,331511,THIRUVERUMBUR,2,UPS (I-VIII),3,Local body,Rural,3,Co-Ed,10,10,7,9,10,10,10,10,10,10,0,0,0,0,8,7,0,1,0,5,0,10,10,2,7,6,10,0,9,6,0
2017-18,33,Tamilnadu,3315,TIRUCHIRAPPALLI,331511,THIRUVERUMBUR,2,UPS (I-VIII),4,Government Aided,Rural,3,Co-Ed,1,1,1,0,1,1,1,1,1,1,0,0,0,0,1,0,0,0,0,0,0,1,1,1,1,1,0,0,1,0,0
2017-18,33,Tamilnadu,3315,TIRUCHIRAPPALLI,331511,THIRUVERUMBUR,2,UPS (I-VIII),3,Local body,Urban,3,Co-Ed,9,9,5,9,9,9,9,9,9,9,0,0,0,0,9,7,0,0,0,2,2,9,9,5,3,8,8,0,9,6,0
2017-18,33,Tamilnadu,3315,TIRUCHIRAPPALLI,331511,THIRUVERUMBUR,2,UPS (I-VIII),4,Government Aided,Urban,3,Co-Ed,9,9,3,8,9,9,9,9,9,9,0,0,0,0,9,9,0,4,0,5,0,9,9,9,9,8,2,0,9,6,0
2017-18,33,Tamilnadu,3315,TIRUCHIRAPPALLI,331511,THIRUVERUMBUR,2,UPS (I-VIII),5,Private Unaided (Recognized),Urban,3,Co-Ed,1,1,0,1,1,1,1,1,1,1,0,0,0,0,1,0,0,1,0,0,0,1,1,1,1,1,1,0,1,1,0
2017-18,33,Tamilnadu,3315,TIRUCHIRAPPALLI,331511,THIRUVERUMBUR,2,UPS (I-VIII),92,Kendriya Vidyalaya / Central School,Urban,3,Co-Ed,1,1,0,1,1,1,1,1,1,1,0,0,0,0,1,1,0,0,0,1,0,1,1,1,1,0,0,0,1,1,0
2017-18,33,Tamilnadu,3315,TIRUCHIRAPPALLI,331512,THOTTIAM,3,HSS (I-XII),5,Private Unaided (Recognized),Rural,3,Co-Ed,1,1,1,1,1,1,1,1,1,1,0,0,0,0,0,1,0,1,0,1,0,1,1,1,1,1,1,0,1,1,0
2017-18,33,Tamilnadu,3315,TIRUCHIRAPPALLI,331512,THOTTIAM,5,HSS (VI-XII),1,Department of Education,Rural,1,Boys,1,1,1,1,1,1,1,1,0,1,0,0,0,0,0,1,0,1,0,1,0,1,1,1,1,1,1,0,1,1,0
2017-18,33,Tamilnadu,3315,TIRUCHIRAPPALLI,331512,THOTTIAM,5,HSS (VI-XII),1,Department of Education,Rural,2,Girls,1,1,1,1,1,1,1,0,1,1,0,0,0,0,0,1,0,1,0,1,0,1,1,1,0,1,1,0,1,1,0
2017-18,33,Tamilnadu,3315,TIRUCHIRAPPALLI,331512,THOTTIAM,5,HSS (VI-XII),1,Department of Education,Rural,3,Co-Ed,4,4,3,4,4,4,4,4,4,4,0,0,0,0,2,1,0,3,0,3,0,4,4,4,4,2,4,0,4,1,0
2017-18,33,Tamilnadu,3315,TIRUCHIRAPPALLI,331512,THOTTIAM,5,HSS (VI-XII),5,Private Unaided (Recognized),Rural,3,Co-Ed,1,1,0,1,1,1,1,1,1,1,0,0,0,0,0,1,0,1,0,1,0,1,1,1,1,1,0,0,1,1,0
2017-18,33,Tamilnadu,3315,TIRUCHIRAPPALLI,331512,THOTTIAM,5,HSS (VI-XII),1,Department of Education,Urban,3,Co-Ed,1,1,1,1,1,1,1,1,1,1,0,0,0,0,1,0,0,1,0,1,0,1,1,1,1,1,1,0,1,1,0
2017-18,33,Tamilnadu,3315,TIRUCHIRAPPALLI,331512,THOTTIAM,5,HSS (VI-XII),4,Government Aided,Urban,3,Co-Ed,1,1,1,1,1,1,1,1,1,1,0,0,0,0,0,1,0,0,0,1,0,1,1,1,1,1,1,0,1,1,0
2017-18,33,Tamilnadu,3315,TIRUCHIRAPPALLI,331512,THOTTIAM,1,PS (I-V),2,Tribal Welfare Department,Rural,3,Co-Ed,10,10,3,2,10,10,10,10,10,10,0,0,0,0,0,0,0,0,0,4,0,10,10,2,3,5,5,0,10,0,0
2017-18,33,Tamilnadu,3315,TIRUCHIRAPPALLI,331512,THOTTIAM,1,PS (I-V),3,Local body,Rural,3,Co-Ed,59,59,13,14,59,59,59,59,59,59,0,0,0,0,4,11,0,0,0,19,1,59,59,16,41,13,50,0,48,3,0
2017-18,33,Tamilnadu,3315,TIRUCHIRAPPALLI,331512,THOTTIAM,1,PS (I-V),4,Government Aided,Rural,3,Co-Ed,6,6,3,0,6,6,6,6,6,6,0,0,0,0,0,3,0,0,0,3,0,6,6,2,4,2,5,0,6,0,0
2017-18,33,Tamilnadu,3315,TIRUCHIRAPPALLI,331512,THOTTIAM,1,PS (I-V),5,Private Unaided (Recognized),Rural,3,Co-Ed,11,11,6,9,11,11,11,11,11,11,0,0,0,0,2,9,0,6,0,4,0,11,10,9,10,7,4,0,11,5,0
2017-18,33,Tamilnadu,3315,TIRUCHIRAPPALLI,331512,THOTTIAM,1,PS (I-V),2,Tribal Welfare Department,Urban,3,Co-Ed,2,2,2,0,2,2,2,2,2,2,0,0,0,0,0,0,0,0,0,1,0,2,2,0,2,0,2,0,2,0,0
2017-18,33,Tamilnadu,3315,TIRUCHIRAPPALLI,331512,THOTTIAM,1,PS (I-V),3,Local body,Urban,3,Co-Ed,5,5,2,3,5,5,5,5,5,5,0,0,0,0,0,2,0,0,0,2,0,5,5,1,3,1,4,0,5,2,0
2017-18,33,Tamilnadu,3315,TIRUCHIRAPPALLI,331512,THOTTIAM,1,PS (I-V),4,Government Aided,Urban,3,Co-Ed,2,2,1,0,2,2,2,2,2,2,0,0,0,0,0,1,0,1,0,1,0,2,2,2,2,1,1,0,2,0,0
2017-18,33,Tamilnadu,3315,TIRUCHIRAPPALLI,331512,THOTTIAM,1,PS (I-V),5,Private Unaided (Recognized),Urban,3,Co-Ed,5,5,4,4,5,5,5,5,5,5,0,0,0,0,0,3,0,4,0,2,1,5,5,5,4,4,3,0,5,4,0
2017-18,33,Tamilnadu,3315,TIRUCHIRAPPALLI,331512,THOTTIAM,6,SS (I-X),5,Private Unaided (Recognized),Rural,3,Co-Ed,3,3,2,3,3,3,3,3,3,3,0,0,0,0,0,3,0,3,0,3,0,3,3,3,3,3,1,0,3,3,0
2017-18,33,Tamilnadu,3315,TIRUCHIRAPPALLI,331512,THOTTIAM,6,SS (I-X),5,Private Unaided (Recognized),Urban,3,Co-Ed,3,3,2,3,3,3,3,3,3,3,0,0,0,0,0,3,0,2,0,2,0,3,3,3,3,2,0,0,3,3,0
2017-18,33,Tamilnadu,3315,TIRUCHIRAPPALLI,331512,THOTTIAM,7,SS (VI-X),1,Department of Education,Rural,3,Co-Ed,6,6,6,3,6,6,6,6,6,6,0,0,0,0,1,1,0,6,0,6,0,6,6,6,4,6,6,0,6,1,0
2017-18,33,Tamilnadu,3315,TIRUCHIRAPPALLI,331512,THOTTIAM,7,SS (VI-X),2,Tribal Welfare Department,Rural,3,Co-Ed,2,2,2,1,2,2,2,2,2,2,0,0,0,0,1,0,0,0,0,2,0,2,2,1,2,2,2,0,2,0,0
2017-18,33,Tamilnadu,3315,TIRUCHIRAPPALLI,331512,THOTTIAM,7,SS (VI-X),5,Private Unaided (Recognized),Rural,3,Co-Ed,1,1,1,1,1,1,1,1,1,1,0,0,0,0,0,1,0,1,0,1,0,1,1,1,1,1,0,0,1,1,0
2017-18,33,Tamilnadu,3315,TIRUCHIRAPPALLI,331512,THOTTIAM,7,SS (VI-X),4,Government Aided,Urban,3,Co-Ed,1,1,0,1,1,1,1,1,1,1,0,0,0,0,0,1,0,1,0,1,0,1,1,1,1,1,0,0,1,0,0
2017-18,33,Tamilnadu,3315,TIRUCHIRAPPALLI,331512,THOTTIAM,2,UPS (I-VIII),3,Local body,Rural,3,Co-Ed,8,8,4,8,8,8,8,8,8,8,0,0,0,0,0,3,0,2,0,4,0,8,8,5,4,4,8,0,7,2,0
2017-18,33,Tamilnadu,3315,TIRUCHIRAPPALLI,331512,THOTTIAM,2,UPS (I-VIII),4,Government Aided,Rural,3,Co-Ed,2,2,2,0,2,2,2,2,2,2,0,0,0,0,0,2,0,0,0,2,0,2,2,0,2,1,2,0,1,0,0
2017-18,33,Tamilnadu,3315,TIRUCHIRAPPALLI,331512,THOTTIAM,2,UPS (I-VIII),5,Private Unaided (Recognized),Rural,3,Co-Ed,1,1,0,1,1,1,1,1,1,1,0,0,0,0,1,1,0,0,0,1,0,1,0,1,1,0,1,0,1,1,0
2017-18,33,Tamilnadu,3315,TIRUCHIRAPPALLI,331512,THOTTIAM,2,UPS (I-VIII),3,Local body,Urban,3,Co-Ed,1,1,1,1,1,1,1,1,1,1,0,0,0,0,0,1,0,0,0,0,0,1,1,0,0,1,1,0,1,0,0
2017-18,33,Tamilnadu,3315,TIRUCHIRAPPALLI,331513,THURAIYUR,3,HSS (I-XII),5,Private Unaided (Recognized),Urban,1,Boys,1,1,1,1,1,1,1,1,0,1,0,0,0,0,1,1,0,1,0,1,1,1,1,1,1,1,1,0,1,1,0
2017-18,33,Tamilnadu,3315,TIRUCHIRAPPALLI,331513,THURAIYUR,3,HSS (I-XII),5,Private Unaided (Recognized),Urban,2,Girls,1,1,1,1,1,1,1,0,1,1,0,0,0,0,1,1,0,1,0,1,1,1,1,1,1,1,1,0,1,1,0
2017-18,33,Tamilnadu,3315,TIRUCHIRAPPALLI,331513,THURAIYUR,3,HSS (I-XII),4,Government Aided,Urban,3,Co-Ed,1,1,1,1,1,1,1,1,1,1,0,0,0,0,1,1,0,1,0,1,1,1,1,1,1,1,1,0,1,1,0
2017-18,33,Tamilnadu,3315,TIRUCHIRAPPALLI,331513,THURAIYUR,3,HSS (I-XII),5,Private Unaided (Recognized),Urban,3,Co-Ed,5,5,3,5,5,5,5,5,5,5,0,0,0,0,5,5,0,5,0,5,5,5,5,5,5,5,1,0,5,4,0
2017-18,33,Tamilnadu,3315,TIRUCHIRAPPALLI,331513,THURAIYUR,5,HSS (VI-XII),1,Department of Education,Urban,2,Girls,1,1,0,1,1,1,1,0,1,1,0,0,0,0,1,1,0,1,0,0,0,1,1,1,1,1,1,0,1,1,0
2017-18,33,Tamilnadu,3315,TIRUCHIRAPPALLI,331513,THURAIYUR,5,HSS (VI-XII),1,Department of Education,Urban,3,Co-Ed,3,3,3,3,3,3,3,3,3,3,0,0,0,0,3,1,0,3,0,2,0,3,3,3,3,3,3,0,3,3,0
2017-18,33,Tamilnadu,3315,TIRUCHIRAPPALLI,331513,THURAIYUR,5,HSS (VI-XII),2,Tribal Welfare Department,Urban,3,Co-Ed,2,2,2,2,2,2,2,2,2,2,0,0,0,0,2,0,0,2,0,1,0,2,2,2,2,1,1,0,2,2,0
2017-18,33,Tamilnadu,3315,TIRUCHIRAPPALLI,331513,THURAIYUR,5,HSS (VI-XII),4,Government Aided,Urban,3,Co-Ed,2,2,2,2,2,2,2,2,2,2,0,0,0,0,2,2,0,2,0,2,1,2,2,2,2,2,1,0,2,2,0
2017-18,33,Tamilnadu,3315,TIRUCHIRAPPALLI,331513,THURAIYUR,1,PS (I-V),2,Tribal Welfare Department,Urban,3,Co-Ed,25,25,14,1,25,25,25,25,25,25,0,0,0,0,17,3,0,2,0,13,0,25,25,2,17,20,4,0,14,1,0
2017-18,33,Tamilnadu,3315,TIRUCHIRAPPALLI,331513,THURAIYUR,1,PS (I-V),3,Local body,Urban,3,Co-Ed,43,43,11,6,43,43,43,43,43,43,0,0,0,0,40,11,0,0,0,22,0,43,43,6,35,42,32,0,27,15,0
2017-18,33,Tamilnadu,3315,TIRUCHIRAPPALLI,331513,THURAIYUR,1,PS (I-V),4,Government Aided,Urban,3,Co-Ed,10,10,3,3,10,10,10,10,10,10,0,0,0,0,9,7,0,0,0,5,0,10,10,2,8,8,3,0,6,0,0
2017-18,33,Tamilnadu,3315,TIRUCHIRAPPALLI,331513,THURAIYUR,1,PS (I-V),5,Private Unaided (Recognized),Urban,3,Co-Ed,12,12,1,11,12,12,12,12,12,12,0,0,0,0,12,11,0,5,0,11,0,12,11,12,12,11,1,0,12,6,0
2017-18,33,Tamilnadu,3315,TIRUCHIRAPPALLI,331513,THURAIYUR,6,SS (I-X),5,Private Unaided (Recognized),Urban,2,Girls,1,1,1,1,1,1,1,0,1,1,0,0,0,0,1,1,0,1,0,1,1,1,1,1,1,1,0,0,1,1,0
2017-18,33,Tamilnadu,3315,TIRUCHIRAPPALLI,331513,THURAIYUR,6,SS (I-X),5,Private Unaided (Recognized),Urban,3,Co-Ed,2,2,1,2,2,2,2,2,2,2,0,0,0,0,2,2,0,2,0,2,2,2,2,2,2,2,1,0,2,1,0
2017-18,33,Tamilnadu,3315,TIRUCHIRAPPALLI,331513,THURAIYUR,7,SS (VI-X),1,Department of Education,Urban,3,Co-Ed,4,4,3,3,4,4,4,4,4,4,0,0,0,0,4,1,0,3,0,4,0,4,3,3,4,3,2,0,4,3,0
2017-18,33,Tamilnadu,3315,TIRUCHIRAPPALLI,331513,THURAIYUR,7,SS (VI-X),2,Tribal Welfare Department,Urban,3,Co-Ed,4,4,4,4,4,4,4,4,4,4,0,0,0,0,4,3,0,2,0,3,0,4,4,4,3,4,3,0,4,2,0
2017-18,33,Tamilnadu,3315,TIRUCHIRAPPALLI,331513,THURAIYUR,7,SS (VI-X),3,Local body,Urban,3,Co-Ed,1,1,1,1,1,1,1,1,1,1,0,0,0,0,1,1,0,1,0,1,0,1,1,1,0,1,1,0,1,1,0
2017-18,33,Tamilnadu,3315,TIRUCHIRAPPALLI,331513,THURAIYUR,7,SS (VI-X),4,Government Aided,Urban,3,Co-Ed,2,2,2,2,2,2,2,2,2,2,0,0,0,0,2,2,0,2,0,1,0,2,2,1,2,2,1,0,2,1,0
2017-18,33,Tamilnadu,3315,TIRUCHIRAPPALLI,331513,THURAIYUR,2,UPS (I-VIII),2,Tribal Welfare Department,Urban,3,Co-Ed,2,2,1,2,2,2,2,2,2,2,0,0,0,0,2,0,0,1,0,1,0,2,2,1,1,2,0,0,2,1,0
2017-18,33,Tamilnadu,3315,TIRUCHIRAPPALLI,331513,THURAIYUR,2,UPS (I-VIII),3,Local body,Urban,3,Co-Ed,14,14,13,11,14,14,14,14,14,14,0,0,0,0,11,12,0,0,0,8,0,14,14,1,10,14,12,0,13,8,0
2017-18,33,Tamilnadu,3315,TIRUCHIRAPPALLI,331513,THURAIYUR,2,UPS (I-VIII),4,Government Aided,Urban,3,Co-Ed,7,7,6,2,7,7,7,7,7,7,0,0,0,0,6,5,0,1,0,6,0,7,6,3,6,7,6,0,7,3,0
2017-18,33,Tamilnadu,3315,TIRUCHIRAPPALLI,331513,THURAIYUR,2,UPS (I-VIII),5,Private Unaided (Recognized),Urban,3,Co-Ed,2,2,0,2,2,2,2,2,2,2,0,0,0,0,1,2,0,2,0,2,1,2,0,2,2,2,1,0,2,2,0
2017-18,33,Tamilnadu,3315,TIRUCHIRAPPALLI,331514,THATHIENGARPET,3,HSS (I-XII),5,Private Unaided (Recognized),Rural,3,Co-Ed,2,2,1,2,2,2,2,2,2,2,0,0,0,0,2,2,0,2,0,2,2,2,2,2,2,2,2,0,2,2,0
2017-18,33,Tamilnadu,3315,TIRUCHIRAPPALLI,331514,THATHIENGARPET,3,HSS (I-XII),5,Private Unaided (Recognized),Urban,3,Co-Ed,1,1,0,1,1,1,1,1,1,1,0,0,0,0,1,1,0,1,0,1,1,1,1,1,1,1,1,0,1,1,0
2017-18,33,Tamilnadu,3315,TIRUCHIRAPPALLI,331514,THATHIENGARPET,5,HSS (VI-XII),1,Department of Education,Urban,1,Boys,2,2,2,2,2,2,2,2,0,2,0,0,0,0,2,2,0,2,0,2,1,2,2,2,2,2,2,0,2,1,0
2017-18,33,Tamilnadu,3315,TIRUCHIRAPPALLI,331514,THATHIENGARPET,5,HSS (VI-XII),1,Department of Education,Urban,2,Girls,2,2,2,2,2,2,2,0,2,2,0,0,0,0,2,1,0,2,0,2,0,2,2,2,2,2,2,0,2,2,0
2017-18,33,Tamilnadu,3315,TIRUCHIRAPPALLI,331514,THATHIENGARPET,5,HSS (VI-XII),1,Department of Education,Rural,3,Co-Ed,4,4,4,4,4,4,4,4,4,4,0,0,0,0,3,1,0,4,0,4,0,4,4,4,4,4,4,0,4,3,0
2017-18,33,Tamilnadu,3315,TIRUCHIRAPPALLI,331514,THATHIENGARPET,5,HSS (VI-XII),2,Tribal Welfare Department,Rural,3,Co-Ed,1,1,1,1,1,1,1,1,1,1,0,0,0,0,1,1,0,1,0,1,0,1,1,1,1,1,1,0,1,0,0
2017-18,33,Tamilnadu,3315,TIRUCHIRAPPALLI,331514,THATHIENGARPET,1,PS (I-V),2,Tribal Welfare Department,Rural,3,Co-Ed,2,2,0,1,2,2,2,2,2,2,0,0,0,0,1,0,0,0,0,1,0,2,2,0,2,1,0,0,2,1,0
2017-18,33,Tamilnadu,3315,TIRUCHIRAPPALLI,331514,THATHIENGARPET,1,PS (I-V),3,Local body,Rural,3,Co-Ed,41,41,16,15,41,41,41,41,41,41,0,0,0,0,13,9,0,1,0,15,0,41,41,7,34,33,32,0,35,21,0
2017-18,33,Tamilnadu,3315,TIRUCHIRAPPALLI,331514,THATHIENGARPET,1,PS (I-V),4,Government Aided,Rural,3,Co-Ed,6,6,2,0,6,6,6,6,6,6,0,0,0,0,3,0,0,0,0,2,0,6,6,2,5,4,3,0,4,0,0
2017-18,33,Tamilnadu,3315,TIRUCHIRAPPALLI,331514,THATHIENGARPET,1,PS (I-V),5,Private Unaided (Recognized),Rural,3,Co-Ed,4,4,1,4,4,4,4,4,4,4,0,0,0,0,4,4,0,1,0,4,0,4,3,4,4,1,2,0,4,3,0
2017-18,33,Tamilnadu,3315,TIRUCHIRAPPALLI,331514,THATHIENGARPET,1,PS (I-V),3,Local body,Urban,3,Co-Ed,3,3,0,3,3,3,3,3,3,3,0,0,0,0,3,1,0,0,0,1,0,3,3,0,3,3,3,0,1,3,0
2017-18,33,Tamilnadu,3315,TIRUCHIRAPPALLI,331514,THATHIENGARPET,1,PS (I-V),4,Government Aided,Urban,3,Co-Ed,1,1,0,1,1,1,1,1,1,1,0,0,0,0,0,0,0,0,0,0,0,1,1,0,1,1,1,0,1,0,0
2017-18,33,Tamilnadu,3315,TIRUCHIRAPPALLI,331514,THATHIENGARPET,1,PS (I-V),5,Private Unaided (Recognized),Urban,3,Co-Ed,6,6,4,6,5,6,6,6,6,6,0,0,0,0,6,4,0,2,0,3,0,6,6,6,5,6,0,0,6,5,0
2017-18,33,Tamilnadu,3315,TIRUCHIRAPPALLI,331514,THATHIENGARPET,6,SS (I-X),5,Private Unaided (Recognized),Urban,3,Co-Ed,1,1,1,1,1,1,1,1,1,1,0,0,0,0,1,1,0,1,0,1,0,1,1,0,1,1,0,0,1,1,0
2017-18,33,Tamilnadu,3315,TIRUCHIRAPPALLI,331514,THATHIENGARPET,7,SS (VI-X),1,Department of Education,Rural,3,Co-Ed,6,6,5,3,5,6,6,6,6,6,0,0,0,0,4,3,0,3,0,6,0,5,5,5,6,5,4,0,6,5,0
2017-18,33,Tamilnadu,3315,TIRUCHIRAPPALLI,331514,THATHIENGARPET,2,UPS (I-VIII),3,Local body,Rural,3,Co-Ed,6,6,6,5,6,6,6,6,6,6,0,0,0,0,5,3,0,1,0,1,0,6,6,1,4,6,5,0,6,6,0
2017-18,33,Tamilnadu,3315,TIRUCHIRAPPALLI,331514,THATHIENGARPET,2,UPS (I-VIII),4,Government Aided,Rural,3,Co-Ed,4,4,3,0,4,4,4,4,4,4,0,0,0,0,2,4,0,2,0,4,0,4,4,3,3,4,4,0,4,2,0
2017-18,33,Tamilnadu,3315,TIRUCHIRAPPALLI,331514,THATHIENGARPET,2,UPS (I-VIII),5,Private Unaided (Recognized),Rural,3,Co-Ed,1,1,0,1,1,1,1,1,1,1,0,0,0,0,1,1,0,1,0,1,0,1,1,1,1,1,1,0,1,1,0
2017-18,33,Tamilnadu,3315,TIRUCHIRAPPALLI,331514,THATHIENGARPET,2,UPS (I-VIII),4,Government Aided,Urban,3,Co-Ed,1,1,1,1,1,1,1,1,1,1,0,0,0,0,1,0,0,0,0,0,0,1,1,1,1,1,1,0,1,0,0
2017-18,33,Tamilnadu,3315,TIRUCHIRAPPALLI,331515,UPPILIAPURAM,5,HSS (VI-XII),4,Government Aided,Rural,2,Girls,1,1,1,1,1,1,1,0,1,1,0,0,0,0,1,1,0,1,0,1,1,1,1,1,1,1,0,0,1,0,0
2017-18,33,Tamilnadu,3315,TIRUCHIRAPPALLI,331515,UPPILIAPURAM,5,HSS (VI-XII),1,Department of Education,Rural,3,Co-Ed,4,4,4,4,4,4,4,4,4,4,0,0,0,0,3,2,0,4,0,4,0,4,4,3,4,4,4,0,4,3,0
2017-18,33,Tamilnadu,3315,TIRUCHIRAPPALLI,331515,UPPILIAPURAM,5,HSS (VI-XII),2,Tribal Welfare Department,Rural,3,Co-Ed,1,1,1,1,1,1,1,1,1,1,0,0,0,0,1,1,0,1,0,1,0,1,1,1,0,1,1,0,1,1,0
2017-18,33,Tamilnadu,3315,TIRUCHIRAPPALLI,331515,UPPILIAPURAM,5,HSS (VI-XII),4,Government Aided,Rural,3,Co-Ed,2,2,1,2,2,2,2,2,2,2,0,0,0,0,0,2,0,2,0,2,0,2,2,2,2,2,2,0,2,2,0
2017-18,33,Tamilnadu,3315,TIRUCHIRAPPALLI,331515,UPPILIAPURAM,1,PS (I-V),4,Government Aided,Rural,2,Girls,1,1,0,1,1,1,1,0,1,1,0,0,0,0,1,1,0,0,0,1,0,1,1,1,1,1,0,0,0,0,0
2017-18,33,Tamilnadu,3315,TIRUCHIRAPPALLI,331515,UPPILIAPURAM,1,PS (I-V),2,Tribal Welfare Department,Rural,3,Co-Ed,16,16,1,1,16,16,16,16,16,16,0,0,0,0,14,2,0,1,0,2,0,16,16,3,10,8,11,0,5,2,0
2017-18,33,Tamilnadu,3315,TIRUCHIRAPPALLI,331515,UPPILIAPURAM,1,PS (I-V),3,Local body,Rural,3,Co-Ed,31,31,5,11,27,31,31,31,31,31,0,0,0,0,23,9,0,1,0,7,0,31,30,4,20,24,26,0,18,4,0
2017-18,33,Tamilnadu,3315,TIRUCHIRAPPALLI,331515,UPPILIAPURAM,1,PS (I-V),4,Government Aided,Rural,3,Co-Ed,4,4,0,1,4,4,4,4,4,4,0,0,0,0,2,3,0,0,0,2,0,4,4,0,4,1,3,0,2,0,0
2017-18,33,Tamilnadu,3315,TIRUCHIRAPPALLI,331515,UPPILIAPURAM,1,PS (I-V),5,Private Unaided (Recognized),Rural,3,Co-Ed,13,13,0,9,13,13,13,13,13,13,0,0,0,0,10,10,0,7,0,8,0,13,12,10,13,8,3,0,13,5,0
2017-18,33,Tamilnadu,3315,TIRUCHIRAPPALLI,331515,UPPILIAPURAM,6,SS (I-X),5,Private Unaided (Recognized),Rural,3,Co-Ed,2,2,1,0,2,2,2,2,2,2,0,0,0,0,2,2,0,1,0,2,0,2,2,2,2,2,1,0,2,1,0
2017-18,33,Tamilnadu,3315,TIRUCHIRAPPALLI,331515,UPPILIAPURAM,7,SS (VI-X),1,Department of Education,Rural,3,Co-Ed,4,4,4,4,4,4,4,4,4,4,0,0,0,0,4,4,0,3,0,4,0,4,4,4,4,3,3,0,4,2,0
2017-18,33,Tamilnadu,3315,TIRUCHIRAPPALLI,331515,UPPILIAPURAM,7,SS (VI-X),2,Tribal Welfare Department,Rural,3,Co-Ed,2,2,2,2,2,2,2,2,2,2,0,0,0,0,2,2,0,1,0,1,0,2,2,2,2,2,1,0,2,1,0
2017-18,33,Tamilnadu,3315,TIRUCHIRAPPALLI,331515,UPPILIAPURAM,2,UPS (I-VIII),4,Government Aided,Rural,1,Boys,1,1,0,0,0,1,1,1,0,1,0,0,0,0,1,1,0,0,0,0,0,1,1,1,1,0,1,0,1,0,0
2017-18,33,Tamilnadu,3315,TIRUCHIRAPPALLI,331515,UPPILIAPURAM,2,UPS (I-VIII),2,Tribal Welfare Department,Rural,3,Co-Ed,1,1,1,1,1,1,1,1,1,1,0,0,0,0,1,1,0,0,0,0,0,1,1,0,1,0,1,0,1,0,0
2017-18,33,Tamilnadu,3315,TIRUCHIRAPPALLI,331515,UPPILIAPURAM,2,UPS (I-VIII),3,Local body,Rural,3,Co-Ed,6,6,5,6,6,6,6,6,6,6,0,0,0,0,4,3,0,0,0,0,0,6,6,3,4,4,6,0,6,1,0
2017-18,33,Tamilnadu,3315,TIRUCHIRAPPALLI,331515,UPPILIAPURAM,2,UPS (I-VIII),4,Government Aided,Rural,3,Co-Ed,3,3,3,1,3,3,3,3,3,3,0,0,0,0,2,2,0,1,0,2,0,3,3,3,3,3,3,0,3,0,0
2017-18,33,Tamilnadu,3315,TIRUCHIRAPPALLI,331516,VAIYAMPATTY,5,HSS (VI-XII),1,Department of Education,Rural,3,Co-Ed,8,8,8,8,8,8,8,8,8,8,0,0,0,0,7,4,0,6,0,6,1,8,8,8,7,7,7,0,8,6,0
2017-18,33,Tamilnadu,3315,TIRUCHIRAPPALLI,331516,VAIYAMPATTY,5,HSS (VI-XII),4,Government Aided,Rural,3,Co-Ed,1,1,1,1,1,1,1,1,1,1,0,0,0,0,1,1,0,1,0,0,0,1,1,1,1,1,0,0,1,1,0
2017-18,33,Tamilnadu,3315,TIRUCHIRAPPALLI,331516,VAIYAMPATTY,1,PS (I-V),3,Local body,Rural,1,Boys,1,1,0,0,1,1,1,1,0,1,0,0,0,0,0,0,0,0,0,0,0,1,1,1,1,1,1,0,1,1,0
2017-18,33,Tamilnadu,3315,TIRUCHIRAPPALLI,331516,VAIYAMPATTY,1,PS (I-V),4,Government Aided,Rural,1,Boys,1,1,0,0,1,1,1,1,0,1,0,0,0,0,1,1,0,0,0,0,0,1,1,1,1,1,1,0,1,0,0
2017-18,33,Tamilnadu,3315,TIRUCHIRAPPALLI,331516,VAIYAMPATTY,1,PS (I-V),3,Local body,Rural,2,Girls,1,1,1,0,1,1,1,0,1,1,0,0,0,0,0,0,0,0,0,0,0,1,1,1,1,1,1,0,1,1,0
2017-18,33,Tamilnadu,3315,TIRUCHIRAPPALLI,331516,VAIYAMPATTY,1,PS (I-V),3,Local body,Rural,3,Co-Ed,59,59,11,13,59,59,59,59,59,59,0,0,0,0,45,13,0,1,0,27,0,59,59,50,53,56,47,0,49,31,0
2017-18,33,Tamilnadu,3315,TIRUCHIRAPPALLI,331516,VAIYAMPATTY,1,PS (I-V),4,Government Aided,Rural,3,Co-Ed,10,10,1,1,10,10,10,10,10,10,0,0,0,0,8,6,0,1,0,4,0,10,10,10,8,9,6,0,10,1,0
2017-18,33,Tamilnadu,3315,TIRUCHIRAPPALLI,331516,VAIYAMPATTY,1,PS (I-V),5,Private Unaided (Recognized),Rural,3,Co-Ed,5,5,1,4,5,5,5,5,5,5,0,0,0,0,5,3,0,2,0,4,0,5,5,4,5,4,1,0,3,2,0
2017-18,33,Tamilnadu,3315,TIRUCHIRAPPALLI,331516,VAIYAMPATTY,6,SS (I-X),5,Private Unaided (Recognized),Rural,3,Co-Ed,2,2,0,2,2,2,2,2,2,2,0,0,0,0,2,2,0,2,0,1,2,2,2,2,2,2,0,0,2,1,0
2017-18,33,Tamilnadu,3315,TIRUCHIRAPPALLI,331516,VAIYAMPATTY,7,SS (VI-X),1,Department of Education,Rural,2,Girls,1,1,1,1,1,1,1,0,1,1,0,0,0,0,1,1,0,0,0,1,0,0,1,1,1,0,1,0,1,0,0
2017-18,33,Tamilnadu,3315,TIRUCHIRAPPALLI,331516,VAIYAMPATTY,7,SS (VI-X),1,Department of Education,Rural,3,Co-Ed,5,5,4,2,5,5,5,5,5,5,0,0,0,0,4,3,0,2,0,4,0,5,5,5,5,5,5,0,5,4,0
2017-18,33,Tamilnadu,3315,TIRUCHIRAPPALLI,331516,VAIYAMPATTY,2,UPS (I-VIII),4,Government Aided,Rural,2,Girls,1,1,1,1,1,1,1,0,1,1,0,0,0,0,1,1,0,0,0,1,0,1,1,1,1,1,1,0,1,0,0
2017-18,33,Tamilnadu,3315,TIRUCHIRAPPALLI,331516,VAIYAMPATTY,2,UPS (I-VIII),3,Local body,Rural,3,Co-Ed,14,14,14,14,14,14,14,14,14,14,0,0,0,0,11,9,0,0,0,6,0,14,14,14,6,14,14,0,14,7,0
2017-18,33,Tamilnadu,3315,TIRUCHIRAPPALLI,331516,VAIYAMPATTY,2,UPS (I-VIII),4,Government Aided,Rural,3,Co-Ed,1,1,1,1,1,1,1,1,1,1,0,0,0,0,1,1,0,0,0,1,0,1,1,1,1,1,0,0,1,1,0
