Academic_Year,State_Code,State_Name,District_Code,District_Name,Block_Code,Udise_Block_Name,School_Category_Id,School_Category_Name,School_Management_Id,School_Management_Name,Location,School_Type_Id,School_Type,Total_Number_of_Schools,Building,Complete_Medical_Checkup,Computer_Available,Functional_Drinking_Water,Drinking_Water,Functional_Electricity,Functional_Boy_Toilet,Functional_Girl_Toilet,Functional_Toilet_Facility,Functional_Toilet_and_Urinal,Functional_Urinal,Functional_Urinal_Boy,Functional_Urinal_Girl,Handwash,Separate_Room_for_Headmaster,Incinerator,Internet,Kitchen_Garden,Land_Available,Librarian,Library_or_Reading_Corner_or_Book_Bank,Medical_Checkup,Newspaper,Playground,Rain_Water_Harvesting,Ramps,Solar_Panel,Furniture,Water_Purifier,Water_Tested
2017-18,32,Kerala,3207,THRISSUR,320701,ANTHIKKAD,3,HSS (I-XII),1,Department of Education,Rural,3,Co-Ed,1,1,0,1,0,1,1,1,1,1,0,0,0,0,1,1,0,1,0,0,1,1,1,1,1,0,1,0,1,1,0
2017-18,32,Kerala,3207,THRISSUR,320701,ANTHIKKAD,3,HSS (I-XII),4,Government Aided,Rural,3,Co-Ed,1,1,0,1,0,1,1,1,1,1,0,0,0,0,1,1,0,1,0,0,0,1,1,1,1,0,1,0,1,0,0
2017-18,32,Kerala,3207,THRISSUR,320701,ANTHIKKAD,3,HSS (I-XII),5,Private Unaided (Recognized),Rural,3,Co-Ed,1,1,0,1,0,1,1,1,1,1,0,0,0,0,1,1,0,1,0,1,0,1,1,1,1,0,0,0,1,1,0
2017-18,32,Kerala,3207,THRISSUR,320701,ANTHIKKAD,5,HSS (VI-XII),1,Department of Education,Rural,3,Co-Ed,4,4,0,4,0,4,4,4,4,4,0,0,0,0,4,3,0,4,0,2,0,4,4,4,4,2,3,0,4,2,0
2017-18,32,Kerala,3207,THRISSUR,320701,ANTHIKKAD,5,HSS (VI-XII),4,Government Aided,Rural,3,Co-Ed,3,3,0,3,0,3,3,3,3,3,0,0,0,0,3,3,0,3,0,2,0,3,3,2,3,1,3,0,3,1,0
2017-18,32,Kerala,3207,THRISSUR,320701,ANTHIKKAD,1,PS (I-V),1,Department of Education,Rural,3,Co-Ed,8,8,0,8,0,8,8,8,8,8,0,0,0,0,7,7,0,0,0,1,0,8,8,8,7,0,8,0,8,0,0
2017-18,32,Kerala,3207,THRISSUR,320701,ANTHIKKAD,1,PS (I-V),4,Government Aided,Rural,3,Co-Ed,10,10,0,10,0,10,10,10,10,10,0,0,0,0,8,9,0,0,0,9,0,10,8,9,10,0,7,0,10,0,0
2017-18,32,Kerala,3207,THRISSUR,320701,ANTHIKKAD,1,PS (I-V),5,Private Unaided (Recognized),Rural,3,Co-Ed,1,1,0,1,0,1,1,1,1,1,0,0,0,0,1,1,0,0,0,1,0,1,1,1,1,0,1,0,1,0,0
2017-18,32,Kerala,3207,THRISSUR,320701,ANTHIKKAD,1,PS (I-V),8,Unrecognized,Rural,3,Co-Ed,1,1,0,1,0,1,1,1,1,1,0,0,0,0,1,1,0,0,0,0,0,0,1,1,1,0,0,0,1,0,0
2017-18,32,Kerala,3207,THRISSUR,320701,ANTHIKKAD,6,SS (I-X),5,Private Unaided (Recognized),Rural,3,Co-Ed,4,4,0,3,0,4,4,4,4,4,0,0,0,0,3,3,0,3,0,4,2,3,4,4,4,1,0,0,4,2,0
2017-18,32,Kerala,3207,THRISSUR,320701,ANTHIKKAD,6,SS (I-X),8,Unrecognized,Rural,3,Co-Ed,1,1,0,1,0,1,1,1,1,1,0,0,0,0,0,1,0,0,0,1,0,1,1,1,1,0,0,0,1,0,0
2017-18,32,Kerala,3207,THRISSUR,320701,ANTHIKKAD,7,SS (VI-X),4,Government Aided,Rural,2,Girls,2,2,0,2,0,2,2,0,2,2,0,0,0,0,2,2,0,2,0,2,0,2,2,2,2,1,2,0,2,1,0
2017-18,32,Kerala,3207,THRISSUR,320701,ANTHIKKAD,7,SS (VI-X),4,Government Aided,Rural,3,Co-Ed,2,2,0,2,0,2,2,2,2,2,0,0,0,0,2,2,0,2,0,1,0,2,2,2,2,1,2,0,2,0,0
2017-18,32,Kerala,3207,THRISSUR,320701,ANTHIKKAD,2,UPS (I-VIII),4,Government Aided,Rural,3,Co-Ed,4,4,0,4,0,4,4,4,4,4,0,0,0,0,4,4,0,0,0,4,0,4,4,3,4,0,4,0,4,0,0
2017-18,32,Kerala,3207,THRISSUR,320701,ANTHIKKAD,2,UPS (I-VIII),8,Unrecognized,Rural,3,Co-Ed,1,1,0,1,0,1,1,1,1,1,0,0,0,0,1,0,0,0,0,0,0,0,1,0,1,0,1,0,0,0,0
2017-18,32,Kerala,3207,THRISSUR,320702,CHALAKUDY,3,HSS (I-XII),1,Department of Education,Rural,3,Co-Ed,1,1,0,1,0,1,1,1,1,1,0,0,0,0,0,0,0,1,0,1,0,1,0,0,1,0,1,0,1,0,0
2017-18,32,Kerala,3207,THRISSUR,320702,CHALAKUDY,3,HSS (I-XII),5,Private Unaided (Recognized),Rural,3,Co-Ed,1,1,0,1,0,1,1,1,1,1,0,0,0,0,1,1,0,1,0,0,1,1,1,1,1,0,1,0,1,0,0
2017-18,32,Kerala,3207,THRISSUR,320702,CHALAKUDY,3,HSS (I-XII),1,Department of Education,Urban,3,Co-Ed,1,1,0,1,0,1,1,1,1,1,0,0,0,0,1,0,0,1,0,0,0,1,1,1,1,0,1,0,1,0,0
2017-18,32,Kerala,3207,THRISSUR,320702,CHALAKUDY,3,HSS (I-XII),5,Private Unaided (Recognized),Urban,3,Co-Ed,5,5,0,5,0,5,5,5,5,5,0,0,0,0,5,5,0,5,0,5,5,5,3,5,5,0,0,0,5,4,0
2017-18,32,Kerala,3207,THRISSUR,320702,CHALAKUDY,5,HSS (VI-XII),2,Tribal Welfare Department,Rural,2,Girls,1,1,0,1,0,1,1,0,1,1,0,0,0,0,0,1,0,1,0,1,0,1,1,1,1,1,0,0,1,1,0
2017-18,32,Kerala,3207,THRISSUR,320702,CHALAKUDY,5,HSS (VI-XII),4,Government Aided,Urban,2,Girls,1,1,0,1,0,1,1,0,1,1,0,0,0,0,1,1,0,1,0,1,0,1,1,1,1,0,1,0,1,1,0
2017-18,32,Kerala,3207,THRISSUR,320702,CHALAKUDY,5,HSS (VI-XII),1,Department of Education,Rural,3,Co-Ed,1,1,0,1,0,1,1,1,1,1,0,0,0,0,1,1,0,1,0,1,0,1,1,1,1,0,0,0,1,0,0
2017-18,32,Kerala,3207,THRISSUR,320702,CHALAKUDY,5,HSS (VI-XII),4,Government Aided,Rural,3,Co-Ed,7,7,0,7,0,7,7,7,7,7,0,0,0,0,5,7,0,7,0,7,0,7,7,7,7,2,7,0,7,5,0
2017-18,32,Kerala,3207,THRISSUR,320702,CHALAKUDY,5,HSS (VI-XII),1,Department of Education,Urban,3,Co-Ed,1,1,0,1,0,1,1,1,1,1,0,0,0,0,0,1,0,1,0,1,0,1,1,1,1,0,1,0,1,0,0
2017-18,32,Kerala,3207,THRISSUR,320702,CHALAKUDY,1,PS (I-V),4,Government Aided,Urban,2,Girls,1,1,0,1,0,1,1,0,1,1,0,0,0,0,1,1,0,0,0,1,0,1,1,1,1,0,1,0,1,0,0
2017-18,32,Kerala,3207,THRISSUR,320702,CHALAKUDY,1,PS (I-V),1,Department of Education,Rural,3,Co-Ed,6,6,0,6,0,6,6,6,6,6,0,0,0,0,3,5,0,1,0,4,0,6,6,3,6,1,6,0,6,1,0
2017-18,32,Kerala,3207,THRISSUR,320702,CHALAKUDY,1,PS (I-V),4,Government Aided,Rural,3,Co-Ed,23,23,0,23,0,23,22,23,23,23,0,0,0,0,13,16,0,0,0,17,0,23,20,15,17,0,22,0,22,0,0
2017-18,32,Kerala,3207,THRISSUR,320702,CHALAKUDY,1,PS (I-V),5,Private Unaided (Recognized),Rural,3,Co-Ed,5,5,0,5,0,5,5,5,5,5,0,0,0,0,5,5,0,0,0,3,0,5,2,5,3,0,0,0,5,0,0
2017-18,32,Kerala,3207,THRISSUR,320702,CHALAKUDY,1,PS (I-V),1,Department of Education,Urban,3,Co-Ed,2,2,0,2,0,2,2,2,2,2,0,0,0,0,1,1,0,0,0,0,0,2,2,1,1,0,2,0,2,0,0
2017-18,32,Kerala,3207,THRISSUR,320702,CHALAKUDY,1,PS (I-V),4,Government Aided,Urban,3,Co-Ed,2,2,0,2,0,2,1,2,2,2,0,0,0,0,1,2,0,0,0,1,0,2,2,2,1,0,2,0,2,0,0
2017-18,32,Kerala,3207,THRISSUR,320702,CHALAKUDY,6,SS (I-X),5,Private Unaided (Recognized),Rural,3,Co-Ed,2,2,0,2,0,2,2,2,2,2,0,0,0,0,2,2,0,2,0,2,2,2,2,2,2,1,1,0,2,1,0
2017-18,32,Kerala,3207,THRISSUR,320702,CHALAKUDY,6,SS (I-X),4,Government Aided,Urban,3,Co-Ed,1,1,0,1,0,1,1,1,1,1,0,0,0,0,0,1,0,1,0,1,0,1,1,1,1,0,1,0,1,1,0
2017-18,32,Kerala,3207,THRISSUR,320702,CHALAKUDY,6,SS (I-X),5,Private Unaided (Recognized),Urban,3,Co-Ed,1,1,0,1,0,1,1,1,1,1,0,0,0,0,0,1,0,1,0,1,0,1,1,0,1,0,1,0,1,0,0
2017-18,32,Kerala,3207,THRISSUR,320702,CHALAKUDY,7,SS (VI-X),1,Department of Education,Urban,2,Girls,1,1,0,1,0,1,1,0,1,1,0,0,0,0,1,1,0,1,0,1,0,1,1,1,0,0,1,0,1,0,0
2017-18,32,Kerala,3207,THRISSUR,320702,CHALAKUDY,7,SS (VI-X),4,Government Aided,Rural,3,Co-Ed,2,2,0,2,0,2,2,2,2,2,0,0,0,0,1,0,0,2,0,2,0,2,2,1,2,0,2,0,2,1,0
2017-18,32,Kerala,3207,THRISSUR,320702,CHALAKUDY,2,UPS (I-VIII),1,Department of Education,Rural,3,Co-Ed,3,3,0,3,0,3,3,3,3,3,0,0,0,0,2,2,0,0,0,1,0,3,3,2,3,0,3,0,3,0,0
2017-18,32,Kerala,3207,THRISSUR,320702,CHALAKUDY,2,UPS (I-VIII),4,Government Aided,Rural,3,Co-Ed,11,11,0,11,0,11,11,11,11,11,0,0,0,0,8,7,0,0,0,9,0,11,11,10,11,0,9,0,11,0,0
2017-18,32,Kerala,3207,THRISSUR,320702,CHALAKUDY,2,UPS (I-VIII),5,Private Unaided (Recognized),Rural,3,Co-Ed,4,4,0,4,0,4,4,4,4,4,0,0,0,0,1,4,0,0,0,3,0,4,3,4,4,0,0,0,4,0,0
2017-18,32,Kerala,3207,THRISSUR,320702,CHALAKUDY,2,UPS (I-VIII),4,Government Aided,Urban,3,Co-Ed,1,1,0,1,0,1,1,1,1,1,0,0,0,0,1,1,0,0,0,0,0,1,1,1,1,0,1,0,1,0,0
2017-18,32,Kerala,3207,THRISSUR,320703,CHAVAKKAD,3,HSS (I-XII),1,Department of Education,Rural,3,Co-Ed,2,2,0,2,0,2,2,2,2,2,0,0,0,0,1,0,0,2,0,2,0,2,2,2,2,1,2,0,2,0,0
2017-18,32,Kerala,3207,THRISSUR,320703,CHAVAKKAD,3,HSS (I-XII),4,Government Aided,Rural,3,Co-Ed,2,2,0,2,0,2,2,2,2,2,0,0,0,0,2,2,0,2,0,1,0,2,2,2,2,0,2,0,2,1,0
2017-18,32,Kerala,3207,THRISSUR,320703,CHAVAKKAD,3,HSS (I-XII),5,Private Unaided (Recognized),Rural,3,Co-Ed,5,5,0,5,0,5,5,5,5,5,0,0,0,0,5,5,0,4,0,5,3,5,5,5,5,1,0,0,5,3,0
2017-18,32,Kerala,3207,THRISSUR,320703,CHAVAKKAD,3,HSS (I-XII),1,Department of Education,Urban,3,Co-Ed,2,2,0,2,0,2,2,2,2,2,0,0,0,0,2,1,0,2,0,0,0,2,2,2,0,1,2,0,2,2,0
2017-18,32,Kerala,3207,THRISSUR,320703,CHAVAKKAD,3,HSS (I-XII),4,Government Aided,Urban,3,Co-Ed,1,1,0,1,0,1,1,1,1,1,0,0,0,0,1,1,0,1,0,1,0,1,1,1,1,0,1,0,1,1,0
2017-18,32,Kerala,3207,THRISSUR,320703,CHAVAKKAD,3,HSS (I-XII),5,Private Unaided (Recognized),Urban,3,Co-Ed,7,7,0,7,0,7,7,7,7,7,0,0,0,0,5,7,0,7,0,6,5,7,6,7,7,1,1,0,7,2,0
2017-18,32,Kerala,3207,THRISSUR,320703,CHAVAKKAD,5,HSS (VI-XII),4,Government Aided,Urban,2,Girls,1,1,0,1,0,1,1,0,1,1,0,0,0,0,1,1,0,1,0,1,0,1,1,1,1,1,0,0,1,1,0
2017-18,32,Kerala,3207,THRISSUR,320703,CHAVAKKAD,5,HSS (VI-XII),4,Government Aided,Rural,3,Co-Ed,3,3,0,3,0,3,3,3,3,3,0,0,0,0,2,3,0,3,0,2,0,3,3,3,3,0,3,0,3,2,0
2017-18,32,Kerala,3207,THRISSUR,320703,CHAVAKKAD,5,HSS (VI-XII),1,Department of Education,Urban,3,Co-Ed,1,1,0,1,0,1,1,1,1,1,0,0,0,0,1,1,0,1,0,0,0,1,1,1,1,0,1,0,1,0,0
2017-18,32,Kerala,3207,THRISSUR,320703,CHAVAKKAD,5,HSS (VI-XII),4,Government Aided,Urban,3,Co-Ed,1,1,0,1,0,1,1,1,1,1,0,0,0,0,1,1,0,1,0,1,0,1,1,1,1,1,1,0,1,0,0
2017-18,32,Kerala,3207,THRISSUR,320703,CHAVAKKAD,1,PS (I-V),5,Private Unaided (Recognized),Urban,2,Girls,1,1,0,1,0,1,1,0,1,1,0,0,0,0,1,1,0,1,0,0,0,1,1,1,1,0,0,0,1,0,0
2017-18,32,Kerala,3207,THRISSUR,320703,CHAVAKKAD,1,PS (I-V),1,Department of Education,Rural,3,Co-Ed,10,10,0,10,0,10,9,10,10,10,0,0,0,0,6,5,0,8,0,2,0,10,10,8,2,6,8,0,10,3,0
2017-18,32,Kerala,3207,THRISSUR,320703,CHAVAKKAD,1,PS (I-V),4,Government Aided,Rural,3,Co-Ed,19,19,0,19,0,19,18,18,18,18,0,0,0,0,14,14,0,17,0,11,0,19,16,16,12,5,11,0,19,2,0
2017-18,32,Kerala,3207,THRISSUR,320703,CHAVAKKAD,1,PS (I-V),5,Private Unaided (Recognized),Rural,3,Co-Ed,1,1,0,1,0,1,1,1,1,1,0,0,0,0,1,1,0,1,0,0,0,1,1,1,1,0,0,0,1,0,0
2017-18,32,Kerala,3207,THRISSUR,320703,CHAVAKKAD,1,PS (I-V),8,Unrecognized,Rural,3,Co-Ed,2,2,0,1,0,2,2,2,2,2,0,0,0,0,1,2,0,0,0,0,0,1,2,1,2,0,0,0,2,0,0
2017-18,32,Kerala,3207,THRISSUR,320703,CHAVAKKAD,1,PS (I-V),1,Department of Education,Urban,3,Co-Ed,5,5,0,5,0,4,5,5,5,5,0,0,0,0,5,5,0,5,0,3,0,5,4,5,4,4,4,0,5,3,0
2017-18,32,Kerala,3207,THRISSUR,320703,CHAVAKKAD,1,PS (I-V),4,Government Aided,Urban,3,Co-Ed,15,15,0,15,0,15,15,15,15,15,0,0,0,0,11,10,0,13,0,9,0,15,14,15,15,1,12,0,15,2,0
2017-18,32,Kerala,3207,THRISSUR,320703,CHAVAKKAD,1,PS (I-V),5,Private Unaided (Recognized),Urban,3,Co-Ed,1,1,0,1,0,1,1,1,1,1,0,0,0,0,0,1,0,1,0,0,0,1,0,1,1,1,0,0,1,0,0
2017-18,32,Kerala,3207,THRISSUR,320703,CHAVAKKAD,1,PS (I-V),8,Unrecognized,Urban,3,Co-Ed,1,1,0,0,0,1,1,1,1,1,0,0,0,0,1,1,0,0,0,1,0,0,1,0,0,0,0,0,1,0,0
2017-18,32,Kerala,3207,THRISSUR,320703,CHAVAKKAD,6,SS (I-X),4,Government Aided,Rural,3,Co-Ed,1,1,0,1,0,1,1,1,1,1,0,0,0,0,1,1,0,1,0,1,0,1,1,1,1,1,1,0,1,0,0
2017-18,32,Kerala,3207,THRISSUR,320703,CHAVAKKAD,6,SS (I-X),5,Private Unaided (Recognized),Rural,3,Co-Ed,2,2,0,2,0,2,2,2,2,2,0,0,0,0,2,2,0,2,0,2,0,2,2,2,2,0,0,0,2,0,0
2017-18,32,Kerala,3207,THRISSUR,320703,CHAVAKKAD,8,SS (IX-X),1,Department of Education,Rural,3,Co-Ed,1,1,0,1,0,1,1,1,1,1,0,0,0,0,0,0,0,1,0,1,0,1,1,1,1,0,1,0,1,0,0
2017-18,32,Kerala,3207,THRISSUR,320703,CHAVAKKAD,2,UPS (I-VIII),1,Department of Education,Rural,3,Co-Ed,3,3,0,3,0,3,2,3,3,3,0,0,0,0,2,1,0,3,0,2,0,3,3,3,2,2,2,0,3,3,0
2017-18,32,Kerala,3207,THRISSUR,320703,CHAVAKKAD,2,UPS (I-VIII),4,Government Aided,Rural,3,Co-Ed,11,11,0,11,0,11,9,11,11,11,0,0,0,0,9,11,0,10,0,6,0,11,11,10,11,2,8,0,11,6,0
2017-18,32,Kerala,3207,THRISSUR,320703,CHAVAKKAD,2,UPS (I-VIII),5,Private Unaided (Recognized),Rural,3,Co-Ed,1,1,0,1,0,1,1,1,1,1,0,0,0,0,1,1,0,0,0,1,0,1,0,0,1,0,0,0,1,0,0
2017-18,32,Kerala,3207,THRISSUR,320703,CHAVAKKAD,2,UPS (I-VIII),8,Unrecognized,Rural,3,Co-Ed,1,1,0,1,0,1,1,1,1,1,0,0,0,0,0,1,0,1,0,1,0,1,0,1,0,0,1,0,1,1,0
2017-18,32,Kerala,3207,THRISSUR,320703,CHAVAKKAD,2,UPS (I-VIII),1,Department of Education,Urban,3,Co-Ed,3,3,0,3,0,3,3,3,3,3,0,0,0,0,3,1,0,3,0,0,0,3,3,3,0,3,3,0,3,1,0
2017-18,32,Kerala,3207,THRISSUR,320703,CHAVAKKAD,2,UPS (I-VIII),4,Government Aided,Urban,3,Co-Ed,5,5,0,5,0,5,5,5,5,5,0,0,0,0,5,4,0,5,0,3,0,5,5,5,5,1,3,0,5,1,0
2017-18,32,Kerala,3207,THRISSUR,320703,CHAVAKKAD,2,UPS (I-VIII),8,Unrecognized,Urban,3,Co-Ed,1,1,0,0,0,1,1,1,1,1,0,0,0,0,1,0,0,0,0,0,0,0,1,0,1,0,1,0,0,0,0
2017-18,32,Kerala,3207,THRISSUR,320704,CHERPU,3,HSS (I-XII),1,Department of Education,Rural,3,Co-Ed,1,1,0,1,0,1,1,1,1,1,0,0,0,0,0,1,0,1,0,0,0,1,1,1,0,1,1,0,1,1,0
2017-18,32,Kerala,3207,THRISSUR,320704,CHERPU,3,HSS (I-XII),5,Private Unaided (Recognized),Rural,3,Co-Ed,4,4,0,4,0,4,4,4,4,4,0,0,0,0,4,4,0,3,0,4,2,4,4,4,4,0,2,0,3,0,0
2017-18,32,Kerala,3207,THRISSUR,320704,CHERPU,5,HSS (VI-XII),4,Government Aided,Rural,3,Co-Ed,4,4,0,4,0,4,4,4,4,4,0,0,0,0,4,4,0,4,0,3,0,4,4,4,4,2,4,0,4,2,0
2017-18,32,Kerala,3207,THRISSUR,320704,CHERPU,1,PS (I-V),4,Government Aided,Rural,1,Boys,1,1,0,1,0,1,1,1,0,1,0,0,0,0,1,1,0,1,0,1,0,1,1,1,1,1,1,0,1,1,0
2017-18,32,Kerala,3207,THRISSUR,320704,CHERPU,1,PS (I-V),4,Government Aided,Rural,2,Girls,1,1,0,1,0,1,1,0,1,1,0,0,0,0,1,1,0,0,0,1,0,1,1,1,1,0,1,0,1,0,0
2017-18,32,Kerala,3207,THRISSUR,320704,CHERPU,1,PS (I-V),1,Department of Education,Rural,3,Co-Ed,2,2,0,2,0,2,2,2,2,2,0,0,0,0,2,2,0,2,0,1,0,2,1,2,1,2,2,0,2,1,0
2017-18,32,Kerala,3207,THRISSUR,320704,CHERPU,1,PS (I-V),4,Government Aided,Rural,3,Co-Ed,16,16,0,16,0,16,16,16,16,16,0,0,0,0,14,16,0,10,0,11,0,16,15,12,12,5,15,0,16,6,0
2017-18,32,Kerala,3207,THRISSUR,320704,CHERPU,1,PS (I-V),5,Private Unaided (Recognized),Rural,3,Co-Ed,1,1,0,1,0,1,1,1,1,1,0,0,0,0,1,1,0,1,0,1,0,1,0,1,0,1,1,0,0,0,0
2017-18,32,Kerala,3207,THRISSUR,320704,CHERPU,6,SS (I-X),5,Private Unaided (Recognized),Rural,3,Co-Ed,2,2,0,2,0,1,1,2,2,2,0,0,0,0,2,2,0,0,0,2,0,0,0,0,2,0,1,0,1,0,0
2017-18,32,Kerala,3207,THRISSUR,320704,CHERPU,7,SS (VI-X),4,Government Aided,Rural,2,Girls,1,1,0,1,0,1,1,0,1,1,0,0,0,0,1,1,0,1,0,0,0,1,1,1,1,0,1,0,1,1,0
2017-18,32,Kerala,3207,THRISSUR,320704,CHERPU,7,SS (VI-X),4,Government Aided,Rural,3,Co-Ed,1,1,0,1,0,1,1,1,1,1,0,0,0,0,1,1,0,1,0,1,0,1,1,1,1,0,1,0,1,0,0
2017-18,32,Kerala,3207,THRISSUR,320704,CHERPU,2,UPS (I-VIII),1,Department of Education,Rural,3,Co-Ed,1,1,0,1,0,1,1,1,1,1,0,0,0,0,1,1,0,1,0,1,0,1,1,1,1,1,1,0,1,1,0
2017-18,32,Kerala,3207,THRISSUR,320704,CHERPU,2,UPS (I-VIII),4,Government Aided,Rural,3,Co-Ed,4,4,0,4,0,4,4,4,4,4,0,0,0,0,3,4,0,3,0,3,0,4,4,4,3,1,4,0,4,1,0
2017-18,32,Kerala,3207,THRISSUR,320704,CHERPU,2,UPS (I-VIII),5,Private Unaided (Recognized),Rural,3,Co-Ed,1,1,0,1,0,1,1,1,1,1,0,0,0,0,1,1,0,0,0,0,0,1,1,1,1,0,1,0,1,1,0
2017-18,32,Kerala,3207,THRISSUR,320705,CHOWANNUR,3,HSS (I-XII),1,Department of Education,Rural,3,Co-Ed,1,1,0,1,0,0,1,1,1,1,0,0,0,0,1,0,0,1,0,0,0,1,1,1,0,0,1,0,1,1,0
2017-18,32,Kerala,3207,THRISSUR,320705,CHOWANNUR,3,HSS (I-XII),4,Government Aided,Rural,3,Co-Ed,1,1,0,1,0,1,1,1,1,1,0,0,0,0,0,1,0,1,0,1,0,1,1,1,1,1,1,0,1,1,0
2017-18,32,Kerala,3207,THRISSUR,320705,CHOWANNUR,3,HSS (I-XII),5,Private Unaided (Recognized),Rural,3,Co-Ed,5,5,0,5,0,5,5,5,5,5,0,0,0,0,5,5,0,4,0,5,3,5,3,4,5,3,3,0,5,3,0
2017-18,32,Kerala,3207,THRISSUR,320705,CHOWANNUR,3,HSS (I-XII),1,Department of Education,Urban,3,Co-Ed,1,1,0,1,0,0,1,1,1,1,0,0,0,0,0,1,0,1,0,1,0,1,1,1,1,0,1,0,1,0,0
2017-18,32,Kerala,3207,THRISSUR,320705,CHOWANNUR,3,HSS (I-XII),5,Private Unaided (Recognized),Urban,3,Co-Ed,4,4,0,4,0,4,4,4,4,4,0,0,0,0,4,4,0,3,0,4,3,3,4,3,4,3,4,0,4,2,0
2017-18,32,Kerala,3207,THRISSUR,320705,CHOWANNUR,3,HSS (I-XII),8,Unrecognized,Urban,3,Co-Ed,1,1,0,1,0,1,1,1,1,1,0,0,0,0,1,1,0,0,0,1,0,0,1,0,1,0,1,0,1,0,0
2017-18,32,Kerala,3207,THRISSUR,320705,CHOWANNUR,5,HSS (VI-XII),4,Government Aided,Urban,2,Girls,1,1,0,1,0,1,1,0,1,1,0,0,0,0,1,0,0,1,0,0,0,1,1,1,1,1,1,0,1,0,0
2017-18,32,Kerala,3207,THRISSUR,320705,CHOWANNUR,5,HSS (VI-XII),1,Department of Education,Rural,3,Co-Ed,1,1,0,1,0,1,1,1,1,1,0,0,0,0,0,0,0,1,0,1,0,1,1,1,1,0,1,0,1,0,0
2017-18,32,Kerala,3207,THRISSUR,320705,CHOWANNUR,5,HSS (VI-XII),4,Government Aided,Rural,3,Co-Ed,4,4,0,4,0,4,4,4,4,4,0,0,0,0,2,4,0,4,0,4,0,4,4,4,4,3,4,0,4,1,0
2017-18,32,Kerala,3207,THRISSUR,320705,CHOWANNUR,5,HSS (VI-XII),1,Department of Education,Urban,3,Co-Ed,2,2,0,2,0,1,2,2,1,2,0,0,0,0,1,1,0,2,0,1,0,2,2,2,1,1,2,0,2,1,0
2017-18,32,Kerala,3207,THRISSUR,320705,CHOWANNUR,1,PS (I-V),4,Government Aided,Rural,1,Boys,1,0,0,1,0,1,1,1,0,1,0,0,0,0,1,0,0,0,0,0,0,1,1,1,1,0,1,0,1,0,0
2017-18,32,Kerala,3207,THRISSUR,320705,CHOWANNUR,1,PS (I-V),4,Government Aided,Rural,2,Girls,1,1,0,1,0,1,1,0,1,1,0,0,0,0,1,1,0,1,0,0,0,1,1,1,1,1,1,0,1,0,0
2017-18,32,Kerala,3207,THRISSUR,320705,CHOWANNUR,1,PS (I-V),1,Department of Education,Rural,3,Co-Ed,2,2,0,2,0,2,2,2,2,2,0,0,0,0,2,2,0,1,0,0,0,2,2,2,1,0,2,0,2,0,0
2017-18,32,Kerala,3207,THRISSUR,320705,CHOWANNUR,1,PS (I-V),4,Government Aided,Rural,3,Co-Ed,19,19,0,19,0,19,19,19,19,19,0,0,0,0,17,19,0,7,0,16,0,19,19,16,18,4,19,0,19,3,0
2017-18,32,Kerala,3207,THRISSUR,320705,CHOWANNUR,1,PS (I-V),5,Private Unaided (Recognized),Rural,3,Co-Ed,1,1,0,1,0,1,1,1,1,1,0,0,0,0,1,1,0,0,0,1,0,1,0,1,1,0,0,0,1,0,0
2017-18,32,Kerala,3207,THRISSUR,320705,CHOWANNUR,1,PS (I-V),8,Unrecognized,Rural,3,Co-Ed,4,3,0,3,0,4,3,4,4,4,0,0,0,0,3,4,0,0,0,3,0,2,3,2,4,0,2,0,3,0,0
2017-18,32,Kerala,3207,THRISSUR,320705,CHOWANNUR,1,PS (I-V),1,Department of Education,Urban,3,Co-Ed,1,1,0,1,0,0,1,1,1,1,0,0,0,0,1,1,0,0,0,1,0,1,1,1,1,0,1,0,1,0,0
2017-18,32,Kerala,3207,THRISSUR,320705,CHOWANNUR,1,PS (I-V),4,Government Aided,Urban,3,Co-Ed,10,10,0,10,0,10,10,9,10,10,0,0,0,0,9,7,0,7,0,5,0,10,10,10,10,4,9,0,10,4,0
2017-18,32,Kerala,3207,THRISSUR,320705,CHOWANNUR,1,PS (I-V),5,Private Unaided (Recognized),Urban,3,Co-Ed,1,1,0,1,0,1,1,1,1,1,0,0,0,0,1,1,0,0,0,0,0,1,1,1,1,0,0,0,1,0,0
2017-18,32,Kerala,3207,THRISSUR,320705,CHOWANNUR,6,SS (I-X),5,Private Unaided (Recognized),Rural,3,Co-Ed,5,5,0,5,0,5,5,5,5,5,0,0,0,0,5,5,0,5,0,5,1,5,4,4,5,1,2,0,5,0,0
2017-18,32,Kerala,3207,THRISSUR,320705,CHOWANNUR,6,SS (I-X),8,Unrecognized,Rural,3,Co-Ed,1,1,0,1,0,1,1,1,1,1,0,0,0,0,1,1,0,1,0,1,0,1,1,1,1,1,1,0,1,1,0
2017-18,32,Kerala,3207,THRISSUR,320705,CHOWANNUR,6,SS (I-X),4,Government Aided,Urban,3,Co-Ed,1,1,0,1,0,1,1,1,1,1,0,0,0,0,0,1,0,1,0,1,0,1,1,1,1,0,1,0,1,0,0
2017-18,32,Kerala,3207,THRISSUR,320705,CHOWANNUR,6,SS (I-X),8,Unrecognized,Urban,3,Co-Ed,1,1,0,1,0,1,1,1,1,1,0,0,0,0,1,1,0,1,0,1,0,1,1,1,1,1,0,0,1,0,0
2017-18,32,Kerala,3207,THRISSUR,320705,CHOWANNUR,8,SS (IX-X),5,Private Unaided (Recognized),Urban,3,Co-Ed,1,1,0,1,0,1,1,1,1,1,0,0,0,0,0,1,0,1,0,1,0,1,1,1,1,0,0,0,1,0,0
2017-18,32,Kerala,3207,THRISSUR,320705,CHOWANNUR,7,SS (VI-X),5,Private Unaided (Recognized),Rural,1,Boys,1,1,0,1,0,1,1,1,0,1,0,0,0,0,1,1,0,1,0,1,0,1,1,1,1,1,0,0,1,1,0
2017-18,32,Kerala,3207,THRISSUR,320705,CHOWANNUR,7,SS (VI-X),4,Government Aided,Urban,1,Boys,1,1,0,1,0,1,1,1,0,1,0,0,0,0,0,1,0,1,0,0,0,1,1,1,1,0,1,0,1,0,0
2017-18,32,Kerala,3207,THRISSUR,320705,CHOWANNUR,7,SS (VI-X),4,Government Aided,Rural,2,Girls,2,2,0,2,0,2,2,0,2,2,0,0,0,0,2,2,0,2,0,2,0,2,2,2,2,1,2,0,2,0,0
2017-18,32,Kerala,3207,THRISSUR,320705,CHOWANNUR,7,SS (VI-X),4,Government Aided,Rural,3,Co-Ed,1,1,0,1,0,1,1,1,1,1,0,0,0,0,1,1,0,1,0,1,0,1,1,1,1,0,1,0,1,0,0
2017-18,32,Kerala,3207,THRISSUR,320705,CHOWANNUR,7,SS (VI-X),4,Government Aided,Urban,3,Co-Ed,1,1,0,1,0,1,1,1,1,1,0,0,0,0,1,1,0,1,0,1,0,1,1,1,1,1,1,0,1,0,0
2017-18,32,Kerala,3207,THRISSUR,320705,CHOWANNUR,2,UPS (I-VIII),1,Department of Education,Rural,3,Co-Ed,2,2,0,2,0,1,2,2,2,2,0,0,0,0,1,2,0,0,0,1,0,2,2,2,2,0,2,0,2,0,0
2017-18,32,Kerala,3207,THRISSUR,320705,CHOWANNUR,2,UPS (I-VIII),4,Government Aided,Rural,3,Co-Ed,6,6,0,6,0,6,6,6,6,6,0,0,0,0,5,5,0,5,0,4,0,6,6,6,5,2,6,0,6,0,0
2017-18,32,Kerala,3207,THRISSUR,320705,CHOWANNUR,2,UPS (I-VIII),5,Private Unaided (Recognized),Rural,3,Co-Ed,3,3,0,3,0,3,3,3,3,3,0,0,0,0,2,3,0,1,0,3,1,3,2,3,3,0,1,0,3,1,0
2017-18,32,Kerala,3207,THRISSUR,320705,CHOWANNUR,2,UPS (I-VIII),1,Department of Education,Urban,3,Co-Ed,2,2,0,2,0,2,2,2,2,2,0,0,0,0,2,2,0,2,0,0,0,2,2,1,1,1,2,0,2,2,0
2017-18,32,Kerala,3207,THRISSUR,320705,CHOWANNUR,2,UPS (I-VIII),4,Government Aided,Urban,3,Co-Ed,3,3,0,3,0,3,3,3,3,3,0,0,0,0,3,3,0,3,0,1,0,3,3,3,3,2,3,0,3,2,0
2017-18,32,Kerala,3207,THRISSUR,320706,KODUNGALLUR,3,HSS (I-XII),1,Department of Education,Urban,2,Girls,1,1,0,1,0,1,1,0,1,1,0,0,0,0,1,1,0,1,0,0,0,1,1,1,0,0,0,0,1,0,0
2017-18,32,Kerala,3207,THRISSUR,320706,KODUNGALLUR,3,HSS (I-XII),1,Department of Education,Rural,3,Co-Ed,2,2,0,2,0,2,2,2,2,2,0,0,0,0,0,2,0,2,0,2,0,2,2,2,2,1,2,0,2,0,0
2017-18,32,Kerala,3207,THRISSUR,320706,KODUNGALLUR,3,HSS (I-XII),1,Department of Education,Urban,3,Co-Ed,1,1,0,1,0,1,1,1,1,1,0,0,0,0,1,1,0,1,0,1,0,1,1,1,1,1,0,0,1,1,0
2017-18,32,Kerala,3207,THRISSUR,320706,KODUNGALLUR,3,HSS (I-XII),4,Government Aided,Urban,3,Co-Ed,1,1,0,1,0,1,1,1,1,1,0,0,0,0,1,1,0,1,0,1,0,1,1,1,1,1,0,0,1,0,0
2017-18,32,Kerala,3207,THRISSUR,320706,KODUNGALLUR,3,HSS (I-XII),5,Private Unaided (Recognized),Urban,3,Co-Ed,3,3,0,3,0,3,3,3,3,3,0,0,0,0,3,3,0,3,0,2,3,3,3,3,3,2,0,0,3,1,0
2017-18,32,Kerala,3207,THRISSUR,320706,KODUNGALLUR,5,HSS (VI-XII),4,Government Aided,Rural,3,Co-Ed,1,1,0,1,0,1,1,1,1,1,0,0,0,0,1,1,0,1,0,1,0,1,1,1,1,1,1,0,1,0,0
2017-18,32,Kerala,3207,THRISSUR,320706,KODUNGALLUR,5,HSS (VI-XII),1,Department of Education,Urban,3,Co-Ed,2,2,0,2,0,2,2,2,2,2,0,0,0,0,0,2,0,2,0,2,0,2,2,2,2,0,1,0,2,0,0
2017-18,32,Kerala,3207,THRISSUR,320706,KODUNGALLUR,1,PS (I-V),1,Department of Education,Rural,3,Co-Ed,3,3,0,3,0,3,3,3,3,3,0,0,0,0,2,3,0,2,0,0,0,3,2,3,1,1,3,0,3,0,0
2017-18,32,Kerala,3207,THRISSUR,320706,KODUNGALLUR,1,PS (I-V),4,Government Aided,Rural,3,Co-Ed,2,2,0,2,0,2,2,2,2,2,0,0,0,0,2,2,0,2,0,1,0,2,2,2,2,0,2,0,2,0,0
2017-18,32,Kerala,3207,THRISSUR,320706,KODUNGALLUR,1,PS (I-V),1,Department of Education,Urban,3,Co-Ed,6,6,0,6,0,6,6,6,6,6,0,0,0,0,4,6,0,6,0,3,0,6,6,6,4,0,6,0,6,2,0
2017-18,32,Kerala,3207,THRISSUR,320706,KODUNGALLUR,1,PS (I-V),4,Government Aided,Urban,3,Co-Ed,6,6,0,6,0,6,6,6,6,6,0,0,0,0,6,6,0,6,0,2,0,6,5,6,4,2,6,0,6,1,0
2017-18,32,Kerala,3207,THRISSUR,320706,KODUNGALLUR,1,PS (I-V),5,Private Unaided (Recognized),Urban,3,Co-Ed,3,3,0,3,0,3,3,3,3,3,0,0,0,0,3,3,0,2,0,2,0,3,1,2,3,1,1,0,3,2,0
2017-18,32,Kerala,3207,THRISSUR,320706,KODUNGALLUR,6,SS (I-X),8,Unrecognized,Rural,3,Co-Ed,1,1,0,1,0,1,1,1,1,1,0,0,0,0,1,1,0,0,0,1,0,1,1,1,1,0,0,0,1,1,0
2017-18,32,Kerala,3207,THRISSUR,320706,KODUNGALLUR,6,SS (I-X),5,Private Unaided (Recognized),Urban,3,Co-Ed,2,2,0,2,0,2,2,2,2,2,0,0,0,0,2,2,0,2,0,2,2,2,1,2,2,1,1,0,2,0,0
2017-18,32,Kerala,3207,THRISSUR,320706,KODUNGALLUR,6,SS (I-X),8,Unrecognized,Urban,3,Co-Ed,2,2,0,2,0,2,2,2,2,2,0,0,0,0,2,2,0,1,0,2,2,2,2,2,2,0,1,0,2,1,0
2017-18,32,Kerala,3207,THRISSUR,320706,KODUNGALLUR,2,UPS (I-VIII),1,Department of Education,Rural,3,Co-Ed,1,1,0,1,0,1,1,1,1,1,0,0,0,0,1,1,0,1,0,0,0,1,1,1,1,0,1,0,1,0,0
2017-18,32,Kerala,3207,THRISSUR,320706,KODUNGALLUR,2,UPS (I-VIII),4,Government Aided,Rural,3,Co-Ed,3,3,0,3,0,3,3,3,3,3,0,0,0,0,3,3,0,2,0,3,0,3,2,3,2,0,3,0,3,2,0
2017-18,32,Kerala,3207,THRISSUR,320706,KODUNGALLUR,2,UPS (I-VIII),5,Private Unaided (Recognized),Rural,3,Co-Ed,4,4,0,4,0,4,4,4,4,4,0,0,0,0,4,4,0,4,0,4,0,4,3,4,4,1,2,0,4,4,0
2017-18,32,Kerala,3207,THRISSUR,320706,KODUNGALLUR,2,UPS (I-VIII),1,Department of Education,Urban,3,Co-Ed,2,2,0,2,0,2,2,2,2,2,0,0,0,0,2,2,0,2,0,2,0,2,2,2,1,0,2,0,2,0,0
2017-18,32,Kerala,3207,THRISSUR,320706,KODUNGALLUR,2,UPS (I-VIII),4,Government Aided,Urban,3,Co-Ed,5,5,0,5,0,5,5,5,5,5,0,0,0,0,4,5,0,5,0,4,0,5,5,5,5,1,4,0,5,3,0
2017-18,32,Kerala,3207,THRISSUR,320706,KODUNGALLUR,2,UPS (I-VIII),8,Unrecognized,Urban,3,Co-Ed,1,1,0,1,0,1,1,1,1,1,0,0,0,0,1,1,0,0,0,0,1,1,0,1,1,0,1,0,1,0,0
2017-18,32,Kerala,3207,THRISSUR,320707,IRINJALAKUDA,3,HSS (I-XII),1,Department of Education,Rural,3,Co-Ed,2,2,0,2,0,2,2,2,2,2,0,0,0,0,1,1,0,2,0,1,0,2,1,1,0,2,2,0,2,2,0
2017-18,32,Kerala,3207,THRISSUR,320707,IRINJALAKUDA,3,HSS (I-XII),4,Government Aided,Rural,3,Co-Ed,1,1,0,1,0,1,1,1,1,1,0,0,0,0,1,1,0,1,0,0,0,1,1,1,1,1,1,0,1,0,0
2017-18,32,Kerala,3207,THRISSUR,320707,IRINJALAKUDA,3,HSS (I-XII),5,Private Unaided (Recognized),Rural,3,Co-Ed,2,2,0,2,0,2,2,2,2,2,0,0,0,0,1,2,0,2,0,2,2,2,2,2,1,1,0,0,2,1,0
2017-18,32,Kerala,3207,THRISSUR,320707,IRINJALAKUDA,3,HSS (I-XII),5,Private Unaided (Recognized),Urban,3,Co-Ed,4,4,0,4,0,4,4,4,4,4,0,0,0,0,4,4,0,4,0,4,4,4,4,4,4,1,1,0,4,0,0
2017-18,32,Kerala,3207,THRISSUR,320707,IRINJALAKUDA,5,HSS (VI-XII),1,Department of Education,Urban,2,Girls,1,1,0,1,0,1,1,0,1,1,0,0,0,0,1,1,0,1,0,1,0,1,1,1,1,0,1,0,1,1,0
2017-18,32,Kerala,3207,THRISSUR,320707,IRINJALAKUDA,5,HSS (VI-XII),4,Government Aided,Urban,2,Girls,1,1,0,1,0,1,1,0,1,1,0,0,0,0,1,1,0,1,0,0,1,1,1,1,1,0,1,0,1,1,0
2017-18,32,Kerala,3207,THRISSUR,320707,IRINJALAKUDA,5,HSS (VI-XII),4,Government Aided,Rural,3,Co-Ed,3,3,0,3,0,3,3,3,3,3,0,0,0,0,2,3,0,3,0,3,0,3,3,3,3,1,3,0,3,1,0
2017-18,32,Kerala,3207,THRISSUR,320707,IRINJALAKUDA,5,HSS (VI-XII),1,Department of Education,Urban,3,Co-Ed,1,1,0,1,0,1,1,1,1,1,0,0,0,0,1,1,0,1,0,0,0,1,1,1,1,0,1,0,1,1,0
2017-18,32,Kerala,3207,THRISSUR,320707,IRINJALAKUDA,5,HSS (VI-XII),4,Government Aided,Urban,3,Co-Ed,5,5,0,5,0,5,5,5,5,5,0,0,0,0,4,4,0,5,0,3,1,5,5,5,5,2,5,0,5,4,0
2017-18,32,Kerala,3207,THRISSUR,320707,IRINJALAKUDA,5,HSS (VI-XII),5,Private Unaided (Recognized),Urban,3,Co-Ed,1,1,0,1,0,1,1,1,1,1,0,0,0,0,1,1,0,1,0,1,1,1,1,1,1,1,0,0,1,1,0
2017-18,32,Kerala,3207,THRISSUR,320707,IRINJALAKUDA,1,PS (I-V),1,Department of Education,Rural,3,Co-Ed,1,1,0,1,0,1,1,1,1,1,0,0,0,0,1,1,0,1,0,0,0,1,1,0,0,0,1,0,1,0,0
2017-18,32,Kerala,3207,THRISSUR,320707,IRINJALAKUDA,1,PS (I-V),4,Government Aided,Rural,3,Co-Ed,9,9,0,8,0,9,9,9,9,9,0,0,0,0,7,8,0,7,0,9,0,9,9,8,9,3,8,0,9,4,0
2017-18,32,Kerala,3207,THRISSUR,320707,IRINJALAKUDA,1,PS (I-V),1,Department of Education,Urban,3,Co-Ed,2,2,0,2,0,2,2,2,2,2,0,0,0,0,1,1,0,2,0,0,0,2,2,1,0,1,1,0,2,1,0
2017-18,32,Kerala,3207,THRISSUR,320707,IRINJALAKUDA,1,PS (I-V),4,Government Aided,Urban,3,Co-Ed,8,8,0,8,0,8,8,8,8,8,0,0,0,0,8,4,0,5,0,6,0,8,8,8,8,2,8,0,8,2,0
2017-18,32,Kerala,3207,THRISSUR,320707,IRINJALAKUDA,1,PS (I-V),5,Private Unaided (Recognized),Urban,3,Co-Ed,3,3,0,2,0,3,3,3,3,3,0,0,0,0,3,3,0,2,0,2,0,2,1,3,2,1,0,0,3,1,0
2017-18,32,Kerala,3207,THRISSUR,320707,IRINJALAKUDA,6,SS (I-X),4,Government Aided,Rural,3,Co-Ed,1,1,0,1,0,1,1,1,1,1,0,0,0,0,1,1,0,1,0,1,0,1,1,0,1,0,1,0,1,0,0
2017-18,32,Kerala,3207,THRISSUR,320707,IRINJALAKUDA,6,SS (I-X),5,Private Unaided (Recognized),Rural,3,Co-Ed,3,3,0,3,0,3,3,3,3,3,0,0,0,0,3,3,0,3,0,3,2,3,2,3,3,2,1,0,3,0,0
2017-18,32,Kerala,3207,THRISSUR,320707,IRINJALAKUDA,6,SS (I-X),4,Government Aided,Urban,3,Co-Ed,1,1,0,1,0,1,1,1,1,1,0,0,0,0,1,1,0,1,0,1,0,1,1,1,1,0,1,0,1,1,0
2017-18,32,Kerala,3207,THRISSUR,320707,IRINJALAKUDA,6,SS (I-X),5,Private Unaided (Recognized),Urban,3,Co-Ed,2,2,0,2,0,2,2,2,2,2,0,0,0,0,2,2,0,2,0,0,0,1,2,1,2,0,1,0,2,1,0
2017-18,32,Kerala,3207,THRISSUR,320707,IRINJALAKUDA,8,SS (IX-X),5,Private Unaided (Recognized),Urban,3,Co-Ed,1,1,0,1,0,1,1,1,1,1,0,0,0,0,1,1,0,1,0,1,0,1,0,1,1,0,1,0,1,1,0
2017-18,32,Kerala,3207,THRISSUR,320707,IRINJALAKUDA,2,UPS (I-VIII),1,Department of Education,Rural,3,Co-Ed,1,1,0,1,0,1,1,1,1,1,0,0,0,0,1,1,0,1,0,1,0,1,1,1,1,0,1,0,1,0,0
2017-18,32,Kerala,3207,THRISSUR,320707,IRINJALAKUDA,2,UPS (I-VIII),4,Government Aided,Rural,3,Co-Ed,5,5,0,5,0,5,5,5,5,5,0,0,0,0,4,3,0,5,0,4,0,5,5,3,4,0,4,0,5,1,0
2017-18,32,Kerala,3207,THRISSUR,320707,IRINJALAKUDA,2,UPS (I-VIII),1,Department of Education,Urban,3,Co-Ed,1,1,0,1,0,1,1,1,1,1,0,0,0,0,1,0,0,1,0,1,0,1,1,1,1,1,1,0,1,1,0
2017-18,32,Kerala,3207,THRISSUR,320707,IRINJALAKUDA,2,UPS (I-VIII),4,Government Aided,Urban,3,Co-Ed,2,2,0,2,0,2,2,2,2,2,0,0,0,0,0,2,0,1,0,2,0,2,2,2,2,0,2,0,2,0,0
2017-18,32,Kerala,3207,THRISSUR,320707,IRINJALAKUDA,2,UPS (I-VIII),5,Private Unaided (Recognized),Urban,3,Co-Ed,2,2,0,2,0,2,2,2,2,2,0,0,0,0,2,1,0,1,0,2,1,1,0,2,2,1,1,0,2,0,0
2017-18,32,Kerala,3207,THRISSUR,320708,KODAKARA,3,HSS (I-XII),1,Department of Education,Rural,3,Co-Ed,4,4,0,4,0,4,4,4,4,4,0,0,0,0,4,3,0,4,0,3,0,4,4,3,3,1,4,0,4,1,0
2017-18,32,Kerala,3207,THRISSUR,320708,KODAKARA,3,HSS (I-XII),5,Private Unaided (Recognized),Rural,3,Co-Ed,3,3,0,3,0,3,3,3,3,3,0,0,0,0,3,3,0,3,0,3,3,3,2,3,3,1,0,0,3,1,0
2017-18,32,Kerala,3207,THRISSUR,320708,KODAKARA,5,HSS (VI-XII),1,Department of Education,Rural,3,Co-Ed,3,3,0,3,0,3,3,3,3,3,0,0,0,0,3,2,0,3,0,3,0,3,3,3,2,1,3,0,3,2,0
2017-18,32,Kerala,3207,THRISSUR,320708,KODAKARA,5,HSS (VI-XII),4,Government Aided,Rural,3,Co-Ed,4,4,0,4,0,4,4,4,4,4,0,0,0,0,4,4,0,4,0,3,0,4,4,3,4,1,4,0,4,2,0
2017-18,32,Kerala,3207,THRISSUR,320708,KODAKARA,5,HSS (VI-XII),5,Private Unaided (Recognized),Rural,3,Co-Ed,1,1,0,1,0,1,1,1,1,1,0,0,0,0,1,1,0,1,0,0,0,1,1,1,1,0,0,0,1,0,0
2017-18,32,Kerala,3207,THRISSUR,320708,KODAKARA,1,PS (I-V),1,Department of Education,Rural,3,Co-Ed,7,6,0,7,0,7,7,7,7,7,0,0,0,0,7,5,0,0,0,4,0,7,7,6,7,0,7,0,7,0,0
2017-18,32,Kerala,3207,THRISSUR,320708,KODAKARA,1,PS (I-V),4,Government Aided,Rural,3,Co-Ed,16,16,0,16,0,16,16,16,16,16,0,0,0,0,15,14,0,0,0,13,0,16,15,13,15,0,16,0,16,0,0
2017-18,32,Kerala,3207,THRISSUR,320708,KODAKARA,1,PS (I-V),5,Private Unaided (Recognized),Rural,3,Co-Ed,2,2,0,2,0,2,2,2,2,2,0,0,0,0,1,2,0,0,0,1,0,2,2,1,2,0,1,0,2,0,0
2017-18,32,Kerala,3207,THRISSUR,320708,KODAKARA,1,PS (I-V),8,Unrecognized,Rural,3,Co-Ed,2,2,0,1,0,2,2,2,2,2,0,0,0,0,2,2,0,0,0,2,0,2,2,2,2,0,1,0,2,0,0
2017-18,32,Kerala,3207,THRISSUR,320708,KODAKARA,6,SS (I-X),1,Department of Education,Rural,3,Co-Ed,1,1,0,1,0,1,1,1,1,1,0,0,0,0,0,1,0,0,0,1,0,1,1,1,1,0,1,0,1,0,0
2017-18,32,Kerala,3207,THRISSUR,320708,KODAKARA,6,SS (I-X),4,Government Aided,Rural,3,Co-Ed,2,2,0,2,0,2,2,2,2,2,0,0,0,0,2,2,0,2,0,2,0,2,2,2,2,2,2,0,2,0,0
2017-18,32,Kerala,3207,THRISSUR,320708,KODAKARA,6,SS (I-X),5,Private Unaided (Recognized),Rural,3,Co-Ed,8,8,0,8,0,8,8,8,8,8,0,0,0,0,8,8,0,5,0,5,5,8,8,7,8,2,3,0,7,3,0
2017-18,32,Kerala,3207,THRISSUR,320708,KODAKARA,7,SS (VI-X),1,Department of Education,Rural,1,Boys,1,1,0,1,0,1,1,1,0,1,0,0,0,0,1,1,0,1,0,1,0,1,1,1,1,0,1,0,1,0,0
2017-18,32,Kerala,3207,THRISSUR,320708,KODAKARA,7,SS (VI-X),4,Government Aided,Rural,3,Co-Ed,3,3,0,3,0,3,3,3,3,3,0,0,0,0,2,3,0,3,0,2,0,3,3,3,3,2,3,0,3,0,0
2017-18,32,Kerala,3207,THRISSUR,320708,KODAKARA,2,UPS (I-VIII),1,Department of Education,Rural,3,Co-Ed,3,2,0,3,0,3,3,3,3,3,0,0,0,0,3,2,0,0,0,2,0,3,3,3,2,0,3,0,3,0,0
2017-18,32,Kerala,3207,THRISSUR,320708,KODAKARA,2,UPS (I-VIII),4,Government Aided,Rural,3,Co-Ed,15,15,0,15,0,15,15,15,15,15,0,0,0,0,15,14,0,0,0,13,0,15,15,15,14,0,15,0,15,0,0
2017-18,32,Kerala,3207,THRISSUR,320708,KODAKARA,2,UPS (I-VIII),5,Private Unaided (Recognized),Rural,3,Co-Ed,2,2,0,2,0,2,2,2,2,2,0,0,0,0,2,1,0,0,0,2,0,2,1,2,2,0,1,0,1,0,0
2017-18,32,Kerala,3207,THRISSUR,320708,KODAKARA,2,UPS (I-VIII),8,Unrecognized,Rural,3,Co-Ed,1,1,0,1,0,1,1,1,1,1,0,0,0,0,1,0,0,0,0,1,0,0,0,0,1,0,0,0,1,0,0
2017-18,32,Kerala,3207,THRISSUR,320709,MALA,3,HSS (I-XII),1,Department of Education,Rural,3,Co-Ed,2,2,0,2,0,2,2,2,2,2,0,0,0,0,2,1,0,2,0,2,0,2,2,1,2,1,1,0,2,0,0
2017-18,32,Kerala,3207,THRISSUR,320709,MALA,3,HSS (I-XII),4,Government Aided,Rural,3,Co-Ed,8,8,0,8,0,8,8,8,8,8,0,0,0,0,7,8,0,8,0,5,0,8,8,7,8,1,7,0,8,4,0
2017-18,32,Kerala,3207,THRISSUR,320709,MALA,3,HSS (I-XII),5,Private Unaided (Recognized),Rural,3,Co-Ed,6,6,0,6,0,6,6,6,6,6,0,0,0,0,6,6,0,6,0,4,6,6,6,6,6,2,3,0,6,2,0
2017-18,32,Kerala,3207,THRISSUR,320709,MALA,5,HSS (VI-XII),4,Government Aided,Rural,3,Co-Ed,1,1,0,1,0,1,1,1,1,1,0,0,0,0,1,1,0,1,0,1,0,1,1,1,1,1,1,0,1,1,0
2017-18,32,Kerala,3207,THRISSUR,320709,MALA,1,PS (I-V),1,Department of Education,Rural,3,Co-Ed,2,2,0,2,0,2,2,2,2,2,0,0,0,0,2,2,0,2,0,1,0,2,2,2,1,0,2,0,2,1,0
2017-18,32,Kerala,3207,THRISSUR,320709,MALA,1,PS (I-V),4,Government Aided,Rural,3,Co-Ed,26,26,0,25,0,26,26,26,26,26,0,0,0,0,26,21,0,24,0,16,0,26,25,23,18,7,25,0,26,12,0
2017-18,32,Kerala,3207,THRISSUR,320709,MALA,1,PS (I-V),8,Unrecognized,Rural,3,Co-Ed,1,1,0,1,0,1,1,1,1,1,0,0,0,0,1,1,0,0,0,1,0,1,1,1,1,0,0,0,1,0,0
2017-18,32,Kerala,3207,THRISSUR,320709,MALA,6,SS (I-X),4,Government Aided,Rural,3,Co-Ed,2,2,0,2,0,2,2,2,2,2,0,0,0,0,2,2,0,2,0,2,0,2,2,2,2,0,2,0,2,1,0
2017-18,32,Kerala,3207,THRISSUR,320709,MALA,6,SS (I-X),5,Private Unaided (Recognized),Rural,3,Co-Ed,8,8,0,8,0,8,8,8,8,8,0,0,0,0,8,8,0,8,0,7,4,7,8,7,8,2,2,0,7,7,0
2017-18,32,Kerala,3207,THRISSUR,320709,MALA,6,SS (I-X),8,Unrecognized,Rural,3,Co-Ed,1,1,0,1,0,1,1,1,1,1,0,0,0,0,1,1,0,0,0,1,1,1,1,1,1,0,1,0,1,0,0
2017-18,32,Kerala,3207,THRISSUR,320709,MALA,6,SS (I-X),1,Department of Education,Urban,3,Co-Ed,1,1,0,1,0,1,1,1,1,1,0,0,0,0,1,1,0,1,0,0,0,1,1,1,1,1,1,0,1,1,0
2017-18,32,Kerala,3207,THRISSUR,320709,MALA,2,UPS (I-VIII),1,Department of Education,Rural,3,Co-Ed,2,2,0,2,0,2,2,2,2,2,0,0,0,0,2,1,0,2,0,0,0,2,2,2,1,1,2,0,2,0,0
2017-18,32,Kerala,3207,THRISSUR,320709,MALA,2,UPS (I-VIII),4,Government Aided,Rural,3,Co-Ed,7,7,0,7,0,7,7,7,7,7,0,0,0,0,6,7,0,7,0,7,0,7,7,7,7,1,7,0,7,5,0
2017-18,32,Kerala,3207,THRISSUR,320709,MALA,2,UPS (I-VIII),5,Private Unaided (Recognized),Rural,3,Co-Ed,1,1,0,1,0,1,1,1,1,1,0,0,0,0,1,1,0,1,0,1,0,0,1,1,1,0,1,0,1,0,0
2017-18,32,Kerala,3207,THRISSUR,320710,MATHILAKAM,3,HSS (I-XII),1,Department of Education,Rural,3,Co-Ed,2,2,0,2,0,2,2,2,2,2,0,0,0,0,2,0,0,2,0,1,0,2,1,2,2,1,1,0,2,2,0
2017-18,32,Kerala,3207,THRISSUR,320710,MATHILAKAM,3,HSS (I-XII),4,Government Aided,Rural,3,Co-Ed,1,1,0,1,0,1,1,1,1,1,0,0,0,0,1,1,0,1,0,1,0,1,1,1,1,1,1,0,1,0,0
2017-18,32,Kerala,3207,THRISSUR,320710,MATHILAKAM,3,HSS (I-XII),5,Private Unaided (Recognized),Rural,3,Co-Ed,5,5,0,5,0,5,5,5,5,5,0,0,0,0,5,5,0,5,0,5,5,5,3,5,5,1,0,0,5,3,0
2017-18,32,Kerala,3207,THRISSUR,320710,MATHILAKAM,5,HSS (VI-XII),4,Government Aided,Rural,2,Girls,1,1,0,1,0,1,1,0,1,1,0,0,0,0,1,1,0,1,0,1,0,1,1,1,1,1,1,0,1,1,0
2017-18,32,Kerala,3207,THRISSUR,320710,MATHILAKAM,5,HSS (VI-XII),1,Department of Education,Rural,3,Co-Ed,1,1,0,1,0,1,1,1,1,1,0,0,0,0,1,1,0,1,0,0,0,1,1,1,1,0,1,0,1,0,0
2017-18,32,Kerala,3207,THRISSUR,320710,MATHILAKAM,5,HSS (VI-XII),4,Government Aided,Rural,3,Co-Ed,4,4,0,4,0,4,4,4,4,4,0,0,0,0,2,4,0,4,0,2,0,4,4,4,4,1,2,0,4,4,0
2017-18,32,Kerala,3207,THRISSUR,320710,MATHILAKAM,1,PS (I-V),1,Department of Education,Rural,3,Co-Ed,12,12,0,12,0,12,12,12,12,12,0,0,0,0,12,12,0,8,0,4,0,12,12,12,10,1,10,0,12,2,0
2017-18,32,Kerala,3207,THRISSUR,320710,MATHILAKAM,1,PS (I-V),4,Government Aided,Rural,3,Co-Ed,23,23,0,23,0,23,23,23,23,23,0,0,0,0,21,21,0,19,0,19,0,23,23,22,19,5,18,0,23,9,0
2017-18,32,Kerala,3207,THRISSUR,320710,MATHILAKAM,1,PS (I-V),5,Private Unaided (Recognized),Rural,3,Co-Ed,2,2,0,2,0,2,2,2,2,2,0,0,0,0,2,2,0,0,0,2,0,2,1,1,2,0,0,0,1,0,0
2017-18,32,Kerala,3207,THRISSUR,320710,MATHILAKAM,1,PS (I-V),8,Unrecognized,Rural,3,Co-Ed,1,1,0,1,0,1,1,1,1,1,0,0,0,0,1,1,0,0,0,1,0,1,1,1,1,0,0,0,1,0,0
2017-18,32,Kerala,3207,THRISSUR,320710,MATHILAKAM,6,SS (I-X),5,Private Unaided (Recognized),Rural,3,Co-Ed,4,4,0,4,0,4,4,4,4,4,0,0,0,0,4,4,0,4,0,2,2,4,1,4,4,1,2,0,4,2,0
2017-18,32,Kerala,3207,THRISSUR,320710,MATHILAKAM,7,SS (VI-X),4,Government Aided,Rural,2,Girls,1,1,0,1,0,1,1,0,1,1,0,0,0,0,1,1,0,1,0,1,0,1,1,1,1,0,0,0,1,0,0
2017-18,32,Kerala,3207,THRISSUR,320710,MATHILAKAM,2,UPS (I-VIII),4,Government Aided,Rural,2,Girls,1,1,0,1,0,1,1,0,1,1,0,0,0,0,1,0,0,1,0,1,0,1,1,1,0,0,1,0,1,1,0
2017-18,32,Kerala,3207,THRISSUR,320710,MATHILAKAM,2,UPS (I-VIII),1,Department of Education,Rural,3,Co-Ed,1,1,0,1,0,1,1,1,1,1,0,0,0,0,1,1,0,1,0,1,0,1,1,1,1,1,1,0,1,0,0
2017-18,32,Kerala,3207,THRISSUR,320710,MATHILAKAM,2,UPS (I-VIII),4,Government Aided,Rural,3,Co-Ed,18,18,0,18,0,18,18,18,18,18,0,0,0,0,18,18,0,17,0,14,0,18,18,17,17,4,14,0,18,8,0
2017-18,32,Kerala,3207,THRISSUR,320710,MATHILAKAM,2,UPS (I-VIII),8,Unrecognized,Rural,3,Co-Ed,1,1,0,1,0,1,1,1,1,1,0,0,0,0,1,1,0,0,0,1,0,1,0,1,1,0,0,0,1,0,0
2017-18,32,Kerala,3207,THRISSUR,320711,MULLASSERY,3,HSS (I-XII),1,Department of Education,Rural,3,Co-Ed,1,1,0,1,0,1,1,1,1,1,0,0,0,0,0,0,0,1,0,1,0,1,1,1,1,1,1,0,1,0,0
2017-18,32,Kerala,3207,THRISSUR,320711,MULLASSERY,3,HSS (I-XII),5,Private Unaided (Recognized),Rural,3,Co-Ed,4,4,0,4,0,4,4,4,4,4,0,0,0,0,4,4,0,4,0,3,4,4,3,4,4,2,2,0,4,4,0
2017-18,32,Kerala,3207,THRISSUR,320711,MULLASSERY,5,HSS (VI-XII),1,Department of Education,Rural,3,Co-Ed,1,1,0,1,0,1,1,1,1,1,0,0,0,0,1,1,0,1,0,1,0,1,1,1,1,1,1,0,1,0,0
2017-18,32,Kerala,3207,THRISSUR,320711,MULLASSERY,5,HSS (VI-XII),4,Government Aided,Rural,3,Co-Ed,3,3,0,3,0,3,3,3,3,3,0,0,0,0,3,3,0,3,0,1,0,3,2,3,3,0,3,0,3,3,0
2017-18,32,Kerala,3207,THRISSUR,320711,MULLASSERY,1,PS (I-V),4,Government Aided,Rural,1,Boys,1,1,0,1,0,1,1,1,0,1,0,0,0,0,1,1,0,1,0,1,0,1,1,0,1,1,1,0,1,0,0
2017-18,32,Kerala,3207,THRISSUR,320711,MULLASSERY,1,PS (I-V),4,Government Aided,Rural,2,Girls,1,1,0,1,0,1,1,0,1,1,0,0,0,0,1,1,0,0,0,0,0,1,1,1,0,0,1,0,1,0,0
2017-18,32,Kerala,3207,THRISSUR,320711,MULLASSERY,1,PS (I-V),1,Department of Education,Rural,3,Co-Ed,4,4,0,4,0,4,4,4,4,4,0,0,0,0,4,4,0,4,0,3,0,4,4,4,4,3,4,0,4,2,0
2017-18,32,Kerala,3207,THRISSUR,320711,MULLASSERY,1,PS (I-V),4,Government Aided,Rural,3,Co-Ed,19,19,0,19,0,19,19,19,19,19,0,0,0,0,18,18,0,12,0,14,0,19,19,17,16,1,18,0,19,2,0
2017-18,32,Kerala,3207,THRISSUR,320711,MULLASSERY,1,PS (I-V),5,Private Unaided (Recognized),Rural,3,Co-Ed,3,3,0,3,0,3,3,3,3,3,0,0,0,0,3,3,0,2,0,1,0,3,1,2,3,1,0,0,3,2,0
2017-18,32,Kerala,3207,THRISSUR,320711,MULLASSERY,1,PS (I-V),8,Unrecognized,Rural,3,Co-Ed,1,1,0,1,0,1,1,1,1,1,0,0,0,0,1,1,0,0,0,0,0,1,0,1,1,0,1,0,1,0,0
2017-18,32,Kerala,3207,THRISSUR,320711,MULLASSERY,6,SS (I-X),4,Government Aided,Rural,3,Co-Ed,2,2,0,2,0,2,2,2,2,2,0,0,0,0,1,2,0,2,0,1,1,2,2,1,2,1,2,0,2,2,0
2017-18,32,Kerala,3207,THRISSUR,320711,MULLASSERY,6,SS (I-X),8,Unrecognized,Rural,3,Co-Ed,3,3,0,3,0,3,3,3,3,3,0,0,0,0,3,3,0,3,0,2,0,3,0,2,3,0,1,0,3,3,0
2017-18,32,Kerala,3207,THRISSUR,320711,MULLASSERY,7,SS (VI-X),4,Government Aided,Rural,2,Girls,1,1,0,1,0,1,1,0,1,1,0,0,0,0,1,1,0,1,0,0,0,1,1,1,1,1,1,0,1,1,0
2017-18,32,Kerala,3207,THRISSUR,320711,MULLASSERY,2,UPS (I-VIII),1,Department of Education,Rural,3,Co-Ed,3,3,0,3,0,3,3,3,3,3,0,0,0,0,3,3,0,0,0,3,0,3,3,3,3,1,3,0,3,0,0
2017-18,32,Kerala,3207,THRISSUR,320711,MULLASSERY,2,UPS (I-VIII),4,Government Aided,Rural,3,Co-Ed,6,6,0,6,0,6,6,6,6,6,0,0,0,0,5,6,0,4,0,4,0,6,6,6,6,1,6,0,6,1,0
2017-18,32,Kerala,3207,THRISSUR,320711,MULLASSERY,2,UPS (I-VIII),5,Private Unaided (Recognized),Rural,3,Co-Ed,2,2,0,2,0,2,2,2,2,2,0,0,0,0,2,2,0,2,0,2,0,2,0,2,2,1,0,0,2,2,0
2017-18,32,Kerala,3207,THRISSUR,320711,MULLASSERY,2,UPS (I-VIII),8,Unrecognized,Rural,3,Co-Ed,1,1,0,1,0,1,1,1,1,1,0,0,0,0,1,1,0,0,0,1,0,1,0,1,1,0,0,0,1,0,0
2017-18,32,Kerala,3207,THRISSUR,320712,OLLUKKARA,3,HSS (I-XII),1,Department of Education,Rural,3,Co-Ed,1,1,0,1,0,1,1,1,1,1,0,0,0,0,1,1,0,1,0,0,0,1,1,1,1,1,1,0,1,0,0
2017-18,32,Kerala,3207,THRISSUR,320712,OLLUKKARA,3,HSS (I-XII),5,Private Unaided (Recognized),Rural,3,Co-Ed,3,3,0,3,0,3,3,3,3,3,0,0,0,0,2,3,0,3,0,1,2,3,2,3,3,2,1,0,3,2,0
2017-18,32,Kerala,3207,THRISSUR,320712,OLLUKKARA,5,HSS (VI-XII),1,Department of Education,Rural,3,Co-Ed,4,4,0,4,0,3,4,4,4,4,0,0,0,0,4,4,0,4,0,3,0,4,4,4,4,4,4,0,4,2,0
2017-18,32,Kerala,3207,THRISSUR,320712,OLLUKKARA,5,HSS (VI-XII),4,Government Aided,Rural,3,Co-Ed,2,2,0,2,0,2,2,2,2,2,0,0,0,0,2,2,0,2,0,2,0,2,2,1,2,0,2,0,2,1,0
2017-18,32,Kerala,3207,THRISSUR,320712,OLLUKKARA,1,PS (I-V),1,Department of Education,Rural,3,Co-Ed,8,8,0,8,0,8,8,8,8,8,0,0,0,0,8,8,0,6,0,5,0,8,8,7,6,5,8,0,7,3,0
2017-18,32,Kerala,3207,THRISSUR,320712,OLLUKKARA,1,PS (I-V),4,Government Aided,Rural,3,Co-Ed,10,10,0,10,0,10,10,10,10,10,0,0,0,0,8,10,0,7,0,7,0,10,10,6,10,4,10,0,10,4,0
2017-18,32,Kerala,3207,THRISSUR,320712,OLLUKKARA,1,PS (I-V),5,Private Unaided (Recognized),Rural,3,Co-Ed,1,1,0,1,0,1,1,1,1,1,0,0,0,0,1,1,0,0,0,1,0,1,0,0,1,0,1,0,1,0,0
2017-18,32,Kerala,3207,THRISSUR,320712,OLLUKKARA,1,PS (I-V),8,Unrecognized,Rural,3,Co-Ed,2,2,0,2,0,2,2,2,2,2,0,0,0,0,2,2,0,0,0,2,0,2,1,2,2,0,0,0,2,0,0
2017-18,32,Kerala,3207,THRISSUR,320712,OLLUKKARA,6,SS (I-X),5,Private Unaided (Recognized),Rural,3,Co-Ed,7,7,0,7,0,7,6,7,7,7,0,0,0,0,7,7,0,6,0,4,2,7,6,6,6,4,1,0,7,4,0
2017-18,32,Kerala,3207,THRISSUR,320712,OLLUKKARA,6,SS (I-X),8,Unrecognized,Rural,3,Co-Ed,5,5,0,5,0,5,5,5,5,5,0,0,0,0,5,5,0,5,0,4,1,5,5,5,5,2,2,0,5,5,0
2017-18,32,Kerala,3207,THRISSUR,320712,OLLUKKARA,8,SS (IX-X),4,Government Aided,Rural,3,Co-Ed,1,1,0,1,0,1,1,1,1,1,0,0,0,0,1,1,0,1,0,1,0,1,1,1,1,0,1,0,1,0,0
2017-18,32,Kerala,3207,THRISSUR,320712,OLLUKKARA,2,UPS (I-VIII),1,Department of Education,Rural,3,Co-Ed,2,2,0,2,0,2,2,2,2,2,0,0,0,0,0,2,0,2,0,2,0,2,2,2,2,1,2,0,2,0,0
2017-18,32,Kerala,3207,THRISSUR,320712,OLLUKKARA,2,UPS (I-VIII),4,Government Aided,Rural,3,Co-Ed,6,6,0,6,0,6,6,6,6,6,0,0,0,0,6,5,0,5,0,4,0,6,6,4,6,2,5,0,6,5,0
2017-18,32,Kerala,3207,THRISSUR,320712,OLLUKKARA,2,UPS (I-VIII),8,Unrecognized,Rural,3,Co-Ed,2,2,0,2,0,2,2,2,2,2,0,0,0,0,2,2,0,1,0,1,0,2,1,2,2,0,1,0,2,0,0
2017-18,32,Kerala,3207,THRISSUR,320713,PAZHAYANNUR,3,HSS (I-XII),1,Department of Education,Rural,3,Co-Ed,3,3,0,3,0,3,3,3,3,3,0,0,0,0,1,3,0,3,0,3,0,3,3,3,3,2,3,0,3,1,0
2017-18,32,Kerala,3207,THRISSUR,320713,PAZHAYANNUR,3,HSS (I-XII),5,Private Unaided (Recognized),Rural,3,Co-Ed,3,3,0,3,0,3,3,3,3,3,0,0,0,0,3,3,0,3,0,1,2,3,2,3,3,1,1,0,3,1,0
2017-18,32,Kerala,3207,THRISSUR,320713,PAZHAYANNUR,5,HSS (VI-XII),4,Government Aided,Rural,2,Girls,1,1,0,1,0,1,1,0,1,1,0,0,0,0,1,1,0,1,0,0,0,1,1,1,1,0,1,0,1,0,0
2017-18,32,Kerala,3207,THRISSUR,320713,PAZHAYANNUR,5,HSS (VI-XII),1,Department of Education,Rural,3,Co-Ed,3,3,0,3,0,3,2,3,3,3,0,0,0,0,2,3,0,3,0,3,0,3,3,2,3,2,3,0,3,2,0
2017-18,32,Kerala,3207,THRISSUR,320713,PAZHAYANNUR,5,HSS (VI-XII),4,Government Aided,Rural,3,Co-Ed,2,2,0,2,0,2,2,2,2,2,0,0,0,0,1,2,0,2,0,1,0,2,2,2,2,1,1,0,2,0,0
2017-18,32,Kerala,3207,THRISSUR,320713,PAZHAYANNUR,5,HSS (VI-XII),93,Jawahar Navodaya Vidyalaya ,Rural,3,Co-Ed,1,1,0,1,0,1,1,1,1,1,0,0,0,0,1,1,0,1,0,1,1,1,1,1,1,0,1,0,1,0,0
2017-18,32,Kerala,3207,THRISSUR,320713,PAZHAYANNUR,1,PS (I-V),1,Department of Education,Rural,3,Co-Ed,7,7,0,7,0,7,7,7,7,7,0,0,0,0,6,6,0,4,0,5,0,7,6,5,6,3,7,0,7,2,0
2017-18,32,Kerala,3207,THRISSUR,320713,PAZHAYANNUR,1,PS (I-V),4,Government Aided,Rural,3,Co-Ed,23,23,0,23,0,23,19,23,23,23,0,0,0,0,18,20,0,15,0,14,0,23,22,13,21,5,22,0,23,2,0
2017-18,32,Kerala,3207,THRISSUR,320713,PAZHAYANNUR,1,PS (I-V),5,Private Unaided (Recognized),Rural,3,Co-Ed,5,5,0,5,0,5,4,5,5,5,0,0,0,0,5,5,0,4,0,3,0,5,4,3,5,0,0,0,5,1,0
2017-18,32,Kerala,3207,THRISSUR,320713,PAZHAYANNUR,1,PS (I-V),8,Unrecognized,Rural,3,Co-Ed,7,7,0,5,0,7,6,7,7,7,0,0,0,0,6,6,0,1,0,6,0,5,4,1,5,0,0,0,6,0,0
2017-18,32,Kerala,3207,THRISSUR,320713,PAZHAYANNUR,6,SS (I-X),5,Private Unaided (Recognized),Rural,3,Co-Ed,6,6,0,6,0,6,6,6,6,6,0,0,0,0,5,6,0,4,0,5,1,6,4,6,6,1,2,0,6,3,0
2017-18,32,Kerala,3207,THRISSUR,320713,PAZHAYANNUR,6,SS (I-X),8,Unrecognized,Rural,3,Co-Ed,1,1,0,1,0,1,1,1,1,1,0,0,0,0,1,1,0,1,0,1,1,1,1,1,1,1,1,0,1,1,0
2017-18,32,Kerala,3207,THRISSUR,320713,PAZHAYANNUR,7,SS (VI-X),2,Tribal Welfare Department,Rural,1,Boys,1,1,0,1,0,1,1,1,0,1,0,0,0,0,1,1,0,1,0,0,0,1,1,1,1,0,0,0,1,0,0
2017-18,32,Kerala,3207,THRISSUR,320713,PAZHAYANNUR,7,SS (VI-X),4,Government Aided,Rural,3,Co-Ed,2,2,0,2,0,2,2,2,2,2,0,0,0,0,1,2,0,2,0,2,0,2,2,2,2,0,2,0,2,0,0
2017-18,32,Kerala,3207,THRISSUR,320713,PAZHAYANNUR,2,UPS (I-VIII),1,Department of Education,Rural,3,Co-Ed,5,4,0,5,0,5,4,5,5,5,0,0,0,0,4,5,0,5,0,1,0,5,5,5,5,4,5,0,5,1,0
2017-18,32,Kerala,3207,THRISSUR,320713,PAZHAYANNUR,2,UPS (I-VIII),4,Government Aided,Rural,3,Co-Ed,5,5,0,5,0,5,5,5,5,5,0,0,0,0,2,5,0,2,0,3,0,5,5,4,5,0,5,0,5,1,0
2017-18,32,Kerala,3207,THRISSUR,320713,PAZHAYANNUR,2,UPS (I-VIII),8,Unrecognized,Rural,3,Co-Ed,2,2,0,2,0,2,2,2,2,2,0,0,0,0,2,2,0,1,0,1,0,2,2,2,2,1,0,0,2,1,0
2017-18,32,Kerala,3207,THRISSUR,320714,PUZHAKKAL,3,HSS (I-XII),5,Private Unaided (Recognized),Rural,3,Co-Ed,5,5,0,5,0,5,5,5,5,5,0,0,0,0,5,5,0,5,0,5,3,5,4,5,5,2,0,0,5,3,0
2017-18,32,Kerala,3207,THRISSUR,320714,PUZHAKKAL,3,HSS (I-XII),92,Kendriya Vidyalaya / Central School,Rural,3,Co-Ed,1,1,0,1,0,1,1,1,1,1,0,0,0,0,1,1,0,1,0,0,1,1,1,1,1,1,1,0,1,1,0
2017-18,32,Kerala,3207,THRISSUR,320714,PUZHAKKAL,5,HSS (VI-XII),4,Government Aided,Rural,1,Boys,1,1,0,1,0,1,1,1,0,1,0,0,0,0,1,1,0,1,0,1,0,1,1,1,1,1,1,0,1,1,0
2017-18,32,Kerala,3207,THRISSUR,320714,PUZHAKKAL,5,HSS (VI-XII),4,Government Aided,Rural,2,Girls,1,1,0,1,0,1,1,0,1,1,0,0,0,0,1,0,0,1,0,1,0,1,1,1,1,1,1,0,1,1,0
2017-18,32,Kerala,3207,THRISSUR,320714,PUZHAKKAL,5,HSS (VI-XII),4,Government Aided,Rural,3,Co-Ed,6,6,0,6,0,6,6,6,6,6,0,0,0,0,5,4,0,6,0,5,0,6,6,6,6,2,6,0,6,4,0
2017-18,32,Kerala,3207,THRISSUR,320714,PUZHAKKAL,11,HSS (XI-XII),1,Department of Education,Rural,3,Co-Ed,1,1,0,1,0,1,1,1,1,1,0,0,0,0,1,0,0,1,0,0,1,1,1,1,0,0,0,0,1,0,0
2017-18,32,Kerala,3207,THRISSUR,320714,PUZHAKKAL,1,PS (I-V),1,Department of Education,Rural,3,Co-Ed,4,4,0,4,0,4,4,4,4,4,0,0,0,0,4,1,0,0,0,2,0,4,4,3,3,0,4,0,4,0,0
2017-18,32,Kerala,3207,THRISSUR,320714,PUZHAKKAL,1,PS (I-V),4,Government Aided,Rural,3,Co-Ed,15,15,0,15,0,14,15,15,15,15,0,0,0,0,15,11,0,0,0,13,0,15,15,12,10,0,13,0,15,0,0
2017-18,32,Kerala,3207,THRISSUR,320714,PUZHAKKAL,1,PS (I-V),5,Private Unaided (Recognized),Rural,3,Co-Ed,2,2,0,2,0,2,2,2,2,2,0,0,0,0,2,1,0,0,0,2,0,2,1,2,2,0,0,0,2,0,0
2017-18,32,Kerala,3207,THRISSUR,320714,PUZHAKKAL,6,SS (I-X),5,Private Unaided (Recognized),Rural,3,Co-Ed,2,2,0,2,0,2,2,2,2,2,0,0,0,0,2,2,0,2,0,2,1,2,2,2,2,2,1,0,2,2,0
2017-18,32,Kerala,3207,THRISSUR,320714,PUZHAKKAL,6,SS (I-X),8,Unrecognized,Rural,3,Co-Ed,1,1,0,1,0,1,1,1,1,1,0,0,0,0,1,1,0,1,0,1,1,1,1,1,1,1,1,0,1,1,0
2017-18,32,Kerala,3207,THRISSUR,320714,PUZHAKKAL,2,UPS (I-VIII),1,Department of Education,Rural,3,Co-Ed,4,4,0,4,0,4,3,4,4,4,0,0,0,0,4,2,0,0,0,2,0,4,3,4,1,0,4,0,4,0,0
2017-18,32,Kerala,3207,THRISSUR,320714,PUZHAKKAL,2,UPS (I-VIII),4,Government Aided,Rural,3,Co-Ed,6,6,0,6,0,5,6,6,6,6,0,0,0,0,6,6,0,0,0,5,0,6,5,6,6,0,6,0,5,0,0
2017-18,32,Kerala,3207,THRISSUR,320714,PUZHAKKAL,2,UPS (I-VIII),8,Unrecognized,Rural,3,Co-Ed,1,1,0,1,0,1,1,1,1,1,0,0,0,0,0,1,0,0,0,1,0,1,1,1,1,0,0,0,1,0,0
2017-18,32,Kerala,3207,THRISSUR,320715,THALIKULAM,3,HSS (I-XII),1,Department of Education,Rural,3,Co-Ed,2,2,0,2,0,2,1,2,2,2,0,0,0,0,2,2,0,2,0,2,0,2,2,2,1,0,1,0,2,2,0
2017-18,32,Kerala,3207,THRISSUR,320715,THALIKULAM,3,HSS (I-XII),4,Government Aided,Rural,3,Co-Ed,2,2,0,2,0,2,2,2,2,2,0,0,0,0,2,2,0,2,0,2,1,2,2,2,1,1,2,0,2,0,0
2017-18,32,Kerala,3207,THRISSUR,320715,THALIKULAM,3,HSS (I-XII),5,Private Unaided (Recognized),Rural,3,Co-Ed,4,4,0,4,0,4,4,4,4,4,0,0,0,0,4,4,0,4,0,3,4,4,4,4,4,1,0,0,4,3,0
2017-18,32,Kerala,3207,THRISSUR,320715,THALIKULAM,5,HSS (VI-XII),1,Department of Education,Rural,3,Co-Ed,2,2,0,2,0,1,1,2,2,2,0,0,0,0,2,1,0,2,0,2,0,2,2,2,2,0,1,0,2,2,0
2017-18,32,Kerala,3207,THRISSUR,320715,THALIKULAM,5,HSS (VI-XII),4,Government Aided,Rural,3,Co-Ed,3,3,0,3,0,3,3,3,3,3,0,0,0,0,3,3,0,3,0,3,0,3,3,3,3,0,2,0,3,3,0
2017-18,32,Kerala,3207,THRISSUR,320715,THALIKULAM,11,HSS (XI-XII),8,Unrecognized,Rural,3,Co-Ed,1,1,0,0,0,1,1,1,1,1,0,0,0,0,1,1,0,0,0,0,0,1,1,1,0,0,0,0,1,0,0
2017-18,32,Kerala,3207,THRISSUR,320715,THALIKULAM,1,PS (I-V),1,Department of Education,Rural,3,Co-Ed,4,4,0,4,0,4,3,4,4,4,0,0,0,0,4,4,0,1,0,2,0,4,2,3,3,0,4,0,4,0,0
2017-18,32,Kerala,3207,THRISSUR,320715,THALIKULAM,1,PS (I-V),4,Government Aided,Rural,3,Co-Ed,21,21,0,21,0,21,21,21,21,21,0,0,0,0,21,18,0,8,0,12,0,21,19,19,19,0,14,0,21,1,0
2017-18,32,Kerala,3207,THRISSUR,320715,THALIKULAM,1,PS (I-V),5,Private Unaided (Recognized),Rural,3,Co-Ed,1,1,0,1,0,1,1,1,1,1,0,0,0,0,1,1,0,0,0,1,0,1,1,1,1,0,0,0,1,0,0
2017-18,32,Kerala,3207,THRISSUR,320715,THALIKULAM,1,PS (I-V),8,Unrecognized,Rural,3,Co-Ed,1,1,0,0,0,1,1,1,1,1,0,0,0,0,1,0,0,0,0,0,0,1,1,0,1,0,1,0,1,0,0
2017-18,32,Kerala,3207,THRISSUR,320715,THALIKULAM,6,SS (I-X),5,Private Unaided (Recognized),Rural,3,Co-Ed,5,5,0,5,0,5,5,5,5,5,0,0,0,0,5,5,0,5,0,5,3,5,3,5,5,1,0,0,5,4,0
2017-18,32,Kerala,3207,THRISSUR,320715,THALIKULAM,2,UPS (I-VIII),4,Government Aided,Rural,1,Boys,1,1,0,1,0,1,1,1,0,1,0,0,0,0,1,1,0,0,0,1,0,1,1,1,1,0,1,0,1,0,0
2017-18,32,Kerala,3207,THRISSUR,320715,THALIKULAM,2,UPS (I-VIII),4,Government Aided,Rural,2,Girls,1,1,0,1,0,1,1,0,1,1,0,0,0,0,1,1,0,1,0,1,0,1,1,1,1,1,1,0,1,1,0
2017-18,32,Kerala,3207,THRISSUR,320715,THALIKULAM,2,UPS (I-VIII),1,Department of Education,Rural,3,Co-Ed,3,3,0,3,0,3,2,3,3,3,0,0,0,0,3,2,0,2,0,1,0,3,3,3,3,0,2,0,3,2,0
2017-18,32,Kerala,3207,THRISSUR,320715,THALIKULAM,2,UPS (I-VIII),4,Government Aided,Rural,3,Co-Ed,15,15,0,15,0,15,15,15,15,15,0,0,0,0,15,15,0,7,0,12,0,15,15,15,14,3,13,0,15,4,0
2017-18,32,Kerala,3207,THRISSUR,320715,THALIKULAM,2,UPS (I-VIII),5,Private Unaided (Recognized),Rural,3,Co-Ed,1,1,0,1,0,1,1,1,1,1,0,0,0,0,1,1,0,0,0,0,0,1,0,1,1,0,0,0,1,1,0
2017-18,32,Kerala,3207,THRISSUR,320716,VELLANGALLUR,3,HSS (I-XII),5,Private Unaided (Recognized),Rural,3,Co-Ed,3,3,0,3,0,3,3,3,3,3,0,0,0,0,1,3,0,3,0,3,2,3,3,3,3,1,1,0,3,3,0
2017-18,32,Kerala,3207,THRISSUR,320716,VELLANGALLUR,5,HSS (VI-XII),1,Department of Education,Rural,3,Co-Ed,3,3,0,3,0,3,3,3,3,3,0,0,0,0,1,3,0,3,0,1,0,3,2,3,3,2,3,0,3,3,0
2017-18,32,Kerala,3207,THRISSUR,320716,VELLANGALLUR,5,HSS (VI-XII),4,Government Aided,Rural,3,Co-Ed,3,3,0,3,0,3,3,3,3,3,0,0,0,0,2,3,0,3,0,2,0,3,3,3,3,0,3,0,3,1,0
2017-18,32,Kerala,3207,THRISSUR,320716,VELLANGALLUR,1,PS (I-V),1,Department of Education,Rural,3,Co-Ed,5,5,0,5,0,5,5,4,5,5,0,0,0,0,5,4,0,5,0,2,0,5,5,5,3,1,5,0,5,2,0
2017-18,32,Kerala,3207,THRISSUR,320716,VELLANGALLUR,1,PS (I-V),4,Government Aided,Rural,3,Co-Ed,18,18,0,18,0,18,18,18,18,18,0,0,0,0,15,17,0,16,0,16,0,18,18,17,14,3,13,0,18,7,0
2017-18,32,Kerala,3207,THRISSUR,320716,VELLANGALLUR,1,PS (I-V),5,Private Unaided (Recognized),Rural,3,Co-Ed,4,4,0,4,0,4,4,4,4,4,0,0,0,0,3,3,0,2,0,4,0,3,4,3,4,1,0,0,4,2,0
2017-18,32,Kerala,3207,THRISSUR,320716,VELLANGALLUR,6,SS (I-X),5,Private Unaided (Recognized),Rural,3,Co-Ed,2,2,0,2,0,2,2,2,2,2,0,0,0,0,2,2,0,2,0,2,1,2,1,2,2,0,0,0,2,1,0
2017-18,32,Kerala,3207,THRISSUR,320716,VELLANGALLUR,6,SS (I-X),8,Unrecognized,Rural,3,Co-Ed,1,1,0,1,0,1,1,1,1,1,0,0,0,0,1,1,0,1,0,1,0,1,1,1,1,0,0,0,1,0,0
2017-18,32,Kerala,3207,THRISSUR,320716,VELLANGALLUR,7,SS (VI-X),4,Government Aided,Rural,3,Co-Ed,2,2,0,2,0,2,2,2,2,2,0,0,0,0,2,2,0,2,0,0,0,2,2,2,2,0,2,0,2,1,0
2017-18,32,Kerala,3207,THRISSUR,320716,VELLANGALLUR,2,UPS (I-VIII),1,Department of Education,Rural,3,Co-Ed,7,7,0,7,0,7,7,7,7,7,0,0,0,0,6,7,0,6,0,3,0,7,7,6,4,3,7,0,7,2,0
2017-18,32,Kerala,3207,THRISSUR,320716,VELLANGALLUR,2,UPS (I-VIII),4,Government Aided,Rural,3,Co-Ed,4,4,0,4,0,4,4,4,4,4,0,0,0,0,2,4,0,3,0,4,0,4,4,4,3,1,4,0,4,0,0
2017-18,32,Kerala,3207,THRISSUR,320716,VELLANGALLUR,2,UPS (I-VIII),5,Private Unaided (Recognized),Rural,3,Co-Ed,3,3,0,3,0,3,3,3,3,3,0,0,0,0,3,3,0,2,0,3,0,2,1,3,3,0,0,0,3,1,0
2017-18,32,Kerala,3207,THRISSUR,320717,WADAKKANCHERY,3,HSS (I-XII),1,Department of Education,Rural,3,Co-Ed,1,1,0,1,0,1,1,1,1,1,0,0,0,0,1,1,0,1,0,1,0,1,1,1,1,1,1,0,1,1,0
2017-18,32,Kerala,3207,THRISSUR,320717,WADAKKANCHERY,3,HSS (I-XII),5,Private Unaided (Recognized),Rural,3,Co-Ed,3,3,0,3,0,3,3,3,3,3,0,0,0,0,3,3,0,3,0,3,3,3,3,3,3,1,0,0,3,2,0
2017-18,32,Kerala,3207,THRISSUR,320717,WADAKKANCHERY,3,HSS (I-XII),5,Private Unaided (Recognized),Urban,3,Co-Ed,1,1,0,1,0,1,1,1,1,1,0,0,0,0,0,1,0,1,0,1,0,1,1,1,1,0,0,0,1,0,0
2017-18,32,Kerala,3207,THRISSUR,320717,WADAKKANCHERY,5,HSS (VI-XII),1,Department of Education,Rural,3,Co-Ed,5,5,0,5,0,5,5,5,5,5,0,0,0,0,3,3,0,5,0,5,0,5,4,5,4,4,3,0,5,1,0
2017-18,32,Kerala,3207,THRISSUR,320717,WADAKKANCHERY,5,HSS (VI-XII),4,Government Aided,Rural,3,Co-Ed,1,1,0,1,0,1,1,1,1,1,0,0,0,0,1,1,0,1,0,1,0,1,1,1,1,0,0,0,1,0,0
2017-18,32,Kerala,3207,THRISSUR,320717,WADAKKANCHERY,5,HSS (VI-XII),1,Department of Education,Urban,3,Co-Ed,1,1,0,1,0,1,1,1,1,1,0,0,0,0,1,1,0,1,0,1,0,1,1,1,1,1,1,0,1,0,0
2017-18,32,Kerala,3207,THRISSUR,320717,WADAKKANCHERY,5,HSS (VI-XII),4,Government Aided,Urban,3,Co-Ed,2,2,0,2,0,2,2,2,2,2,0,0,0,0,1,2,0,2,0,2,0,2,2,2,2,1,2,0,2,0,0
2017-18,32,Kerala,3207,THRISSUR,320717,WADAKKANCHERY,1,PS (I-V),1,Department of Education,Rural,3,Co-Ed,11,11,0,10,0,11,10,10,11,11,0,0,0,0,11,6,0,0,0,7,1,11,11,9,9,0,11,0,11,0,0
2017-18,32,Kerala,3207,THRISSUR,320717,WADAKKANCHERY,1,PS (I-V),4,Government Aided,Rural,3,Co-Ed,13,13,0,13,0,13,13,13,13,13,0,0,0,0,11,7,0,0,0,11,0,13,12,12,12,0,11,0,13,0,0
2017-18,32,Kerala,3207,THRISSUR,320717,WADAKKANCHERY,1,PS (I-V),5,Private Unaided (Recognized),Rural,3,Co-Ed,4,4,0,4,0,4,4,4,4,4,0,0,0,0,3,4,0,0,0,3,0,3,3,4,4,0,2,0,4,0,0
2017-18,32,Kerala,3207,THRISSUR,320717,WADAKKANCHERY,1,PS (I-V),8,Unrecognized,Rural,3,Co-Ed,3,3,0,2,0,3,3,3,3,3,0,0,0,0,2,3,0,0,0,1,0,1,3,2,1,0,0,0,3,0,0
2017-18,32,Kerala,3207,THRISSUR,320717,WADAKKANCHERY,1,PS (I-V),1,Department of Education,Urban,3,Co-Ed,3,3,0,3,0,3,3,3,3,3,0,0,0,0,3,1,0,1,0,2,0,3,3,2,1,0,3,0,3,1,0
2017-18,32,Kerala,3207,THRISSUR,320717,WADAKKANCHERY,1,PS (I-V),4,Government Aided,Urban,3,Co-Ed,5,5,0,5,0,5,5,5,5,5,0,0,0,0,5,3,0,0,0,3,0,5,5,3,4,0,5,0,5,0,0
2017-18,32,Kerala,3207,THRISSUR,320717,WADAKKANCHERY,1,PS (I-V),5,Private Unaided (Recognized),Urban,3,Co-Ed,1,1,0,1,0,1,1,1,1,1,0,0,0,0,1,1,0,0,0,1,0,1,1,1,1,0,0,0,1,0,0
2017-18,32,Kerala,3207,THRISSUR,320717,WADAKKANCHERY,6,SS (I-X),1,Department of Education,Rural,3,Co-Ed,1,1,0,1,0,1,1,1,1,1,0,0,0,0,1,1,0,1,0,1,0,1,1,1,1,1,1,0,1,0,0
2017-18,32,Kerala,3207,THRISSUR,320717,WADAKKANCHERY,6,SS (I-X),5,Private Unaided (Recognized),Rural,3,Co-Ed,8,8,0,8,0,8,8,8,8,8,0,0,0,0,8,8,0,5,0,8,2,8,7,7,8,1,1,0,8,4,0
2017-18,32,Kerala,3207,THRISSUR,320717,WADAKKANCHERY,6,SS (I-X),8,Unrecognized,Rural,3,Co-Ed,1,1,0,1,0,1,1,1,1,1,0,0,0,0,1,1,0,1,0,0,1,1,1,1,1,1,1,0,1,0,0
2017-18,32,Kerala,3207,THRISSUR,320717,WADAKKANCHERY,6,SS (I-X),5,Private Unaided (Recognized),Urban,3,Co-Ed,1,1,0,1,0,1,1,1,1,1,0,0,0,0,1,1,0,1,0,1,0,1,1,1,1,1,1,0,1,1,0
2017-18,32,Kerala,3207,THRISSUR,320717,WADAKKANCHERY,6,SS (I-X),8,Unrecognized,Urban,3,Co-Ed,1,1,0,1,0,1,1,1,1,1,0,0,0,0,0,1,0,1,0,1,0,1,0,1,1,1,0,0,1,1,0
2017-18,32,Kerala,3207,THRISSUR,320717,WADAKKANCHERY,8,SS (IX-X),4,Government Aided,Rural,3,Co-Ed,1,1,0,1,0,1,1,1,1,1,0,0,0,0,0,0,0,1,0,1,0,1,1,1,1,1,1,0,1,0,0
2017-18,32,Kerala,3207,THRISSUR,320717,WADAKKANCHERY,7,SS (VI-X),2,Tribal Welfare Department,Urban,1,Boys,1,1,0,1,0,1,1,1,0,1,0,0,0,0,1,1,0,1,0,1,0,1,1,1,1,1,0,0,1,1,0
2017-18,32,Kerala,3207,THRISSUR,320717,WADAKKANCHERY,7,SS (VI-X),1,Department of Education,Urban,2,Girls,1,1,0,1,0,1,1,0,1,1,0,0,0,0,1,1,0,1,0,0,0,1,1,1,0,1,1,0,1,1,0
2017-18,32,Kerala,3207,THRISSUR,320717,WADAKKANCHERY,2,UPS (I-VIII),1,Department of Education,Rural,3,Co-Ed,1,1,0,1,0,1,1,1,1,1,0,0,0,0,1,0,0,0,0,1,0,1,1,1,1,0,1,0,1,0,0
2017-18,32,Kerala,3207,THRISSUR,320717,WADAKKANCHERY,2,UPS (I-VIII),4,Government Aided,Rural,3,Co-Ed,9,9,0,9,0,9,8,9,9,9,0,0,0,0,7,9,0,0,0,6,0,9,9,9,8,0,6,0,9,0,0
2017-18,32,Kerala,3207,THRISSUR,320717,WADAKKANCHERY,2,UPS (I-VIII),5,Private Unaided (Recognized),Rural,3,Co-Ed,2,2,0,1,0,2,2,2,2,2,0,0,0,0,1,2,0,0,0,1,0,2,2,1,2,0,0,0,2,0,0
2017-18,32,Kerala,3207,THRISSUR,320717,WADAKKANCHERY,2,UPS (I-VIII),8,Unrecognized,Rural,3,Co-Ed,1,1,0,1,0,1,1,1,1,1,0,0,0,0,1,1,0,0,0,1,0,1,1,1,1,0,0,0,1,0,0
2017-18,32,Kerala,3207,THRISSUR,320717,WADAKKANCHERY,2,UPS (I-VIII),1,Department of Education,Urban,3,Co-Ed,2,2,0,2,0,2,2,2,2,2,0,0,0,0,2,2,0,0,0,2,0,2,2,2,2,0,2,0,2,0,0
2017-18,32,Kerala,3207,THRISSUR,320717,WADAKKANCHERY,2,UPS (I-VIII),4,Government Aided,Urban,3,Co-Ed,2,2,0,2,0,2,2,2,2,2,0,0,0,0,1,2,0,0,0,2,0,2,2,2,2,0,2,0,2,0,0
2017-18,32,Kerala,3207,THRISSUR,320717,WADAKKANCHERY,2,UPS (I-VIII),8,Unrecognized,Urban,3,Co-Ed,1,1,0,1,0,1,1,1,1,1,0,0,0,0,1,1,0,0,0,1,0,1,0,1,1,0,1,0,1,0,0
2017-18,32,Kerala,3207,THRISSUR,320718,URC THRISSUR,3,HSS (I-XII),4,Government Aided,Urban,1,Boys,2,2,0,2,0,2,2,2,0,2,0,0,0,0,2,2,0,2,0,1,0,2,2,1,2,0,2,0,2,0,0
2017-18,32,Kerala,3207,THRISSUR,320718,URC THRISSUR,3,HSS (I-XII),1,Department of Education,Urban,2,Girls,1,1,0,1,0,1,0,0,1,1,0,0,0,0,1,1,0,1,0,1,0,1,1,1,1,1,0,0,1,0,0
2017-18,32,Kerala,3207,THRISSUR,320718,URC THRISSUR,3,HSS (I-XII),4,Government Aided,Urban,2,Girls,4,4,0,4,0,4,4,0,4,4,0,0,0,0,4,4,0,4,0,3,0,4,4,4,4,2,4,0,4,2,0
2017-18,32,Kerala,3207,THRISSUR,320718,URC THRISSUR,3,HSS (I-XII),4,Government Aided,Rural,3,Co-Ed,1,1,0,1,0,1,1,1,1,1,0,0,0,0,1,1,0,1,0,1,0,1,0,1,1,1,1,0,1,1,0
2017-18,32,Kerala,3207,THRISSUR,320718,URC THRISSUR,3,HSS (I-XII),1,Department of Education,Urban,3,Co-Ed,6,6,0,6,0,6,4,6,5,6,0,0,0,0,1,5,0,6,0,4,0,6,6,6,5,2,6,0,6,3,0
2017-18,32,Kerala,3207,THRISSUR,320718,URC THRISSUR,3,HSS (I-XII),4,Government Aided,Urban,3,Co-Ed,8,8,0,8,0,8,8,8,7,8,0,0,0,0,7,7,0,8,0,5,0,8,8,7,8,0,6,0,8,3,0
2017-18,32,Kerala,3207,THRISSUR,320718,URC THRISSUR,3,HSS (I-XII),5,Private Unaided (Recognized),Urban,3,Co-Ed,17,17,0,16,0,17,17,17,17,17,0,0,0,0,14,16,0,16,0,13,10,17,14,17,17,10,3,0,17,11,0
2017-18,32,Kerala,3207,THRISSUR,320718,URC THRISSUR,3,HSS (I-XII),92,Kendriya Vidyalaya / Central School,Urban,3,Co-Ed,1,1,0,1,0,1,1,1,1,1,0,0,0,0,1,1,0,1,0,0,1,1,1,1,1,0,0,0,1,0,0
2017-18,32,Kerala,3207,THRISSUR,320718,URC THRISSUR,5,HSS (VI-XII),4,Government Aided,Rural,3,Co-Ed,1,1,0,1,0,1,1,1,1,1,0,0,0,0,0,1,0,1,0,0,0,1,1,1,1,1,1,0,1,0,0
2017-18,32,Kerala,3207,THRISSUR,320718,URC THRISSUR,5,HSS (VI-XII),1,Department of Education,Urban,3,Co-Ed,2,2,0,2,0,2,2,2,2,2,0,0,0,0,0,1,0,2,0,1,0,2,2,1,2,1,1,0,2,1,0
2017-18,32,Kerala,3207,THRISSUR,320718,URC THRISSUR,11,HSS (XI-XII),5,Private Unaided (Recognized),Urban,2,Girls,2,2,0,2,0,1,2,0,2,2,0,0,0,0,2,2,0,2,0,1,1,2,0,2,1,0,1,0,1,1,0
2017-18,32,Kerala,3207,THRISSUR,320718,URC THRISSUR,11,HSS (XI-XII),1,Department of Education,Urban,3,Co-Ed,1,1,0,1,0,1,1,1,1,1,0,0,0,0,0,0,0,1,0,1,0,1,1,1,1,0,1,0,1,1,0
2017-18,32,Kerala,3207,THRISSUR,320718,URC THRISSUR,1,PS (I-V),4,Government Aided,Urban,1,Boys,1,1,0,1,0,1,1,1,0,1,0,0,0,0,1,1,0,1,0,0,0,1,1,1,1,0,1,0,1,0,0
2017-18,32,Kerala,3207,THRISSUR,320718,URC THRISSUR,1,PS (I-V),4,Government Aided,Urban,2,Girls,2,2,0,2,0,2,2,0,2,2,0,0,0,0,2,2,0,1,0,2,0,2,1,1,2,1,2,0,2,0,0
2017-18,32,Kerala,3207,THRISSUR,320718,URC THRISSUR,1,PS (I-V),1,Department of Education,Urban,3,Co-Ed,5,5,0,5,0,5,4,5,5,5,0,0,0,0,5,5,0,2,0,3,0,5,4,4,4,1,5,0,5,1,0
2017-18,32,Kerala,3207,THRISSUR,320718,URC THRISSUR,1,PS (I-V),4,Government Aided,Urban,3,Co-Ed,30,30,0,30,0,29,30,30,30,30,0,0,0,0,26,27,0,25,0,16,1,30,30,26,29,12,28,0,30,14,0
2017-18,32,Kerala,3207,THRISSUR,320718,URC THRISSUR,1,PS (I-V),5,Private Unaided (Recognized),Urban,3,Co-Ed,7,7,0,7,0,7,7,7,7,7,0,0,0,0,6,7,0,6,0,5,0,7,4,7,7,2,3,0,7,6,0
2017-18,32,Kerala,3207,THRISSUR,320718,URC THRISSUR,1,PS (I-V),8,Unrecognized,Urban,3,Co-Ed,2,2,0,2,0,2,2,2,2,2,0,0,0,0,2,1,0,0,0,1,1,2,1,2,2,0,0,0,2,0,0
2017-18,32,Kerala,3207,THRISSUR,320718,URC THRISSUR,6,SS (I-X),4,Government Aided,Urban,1,Boys,1,1,0,1,0,1,1,1,0,1,0,0,0,0,0,1,0,1,0,0,0,1,1,1,1,0,1,0,1,1,0
2017-18,32,Kerala,3207,THRISSUR,320718,URC THRISSUR,6,SS (I-X),4,Government Aided,Urban,2,Girls,5,5,0,5,0,5,5,0,5,5,0,0,0,0,5,5,0,5,0,3,0,5,5,4,5,0,3,0,5,2,0
2017-18,32,Kerala,3207,THRISSUR,320718,URC THRISSUR,6,SS (I-X),5,Private Unaided (Recognized),Rural,3,Co-Ed,2,2,0,2,0,2,2,2,2,2,0,0,0,0,1,2,0,2,0,1,0,2,2,2,2,0,0,0,2,2,0
2017-18,32,Kerala,3207,THRISSUR,320718,URC THRISSUR,6,SS (I-X),4,Government Aided,Urban,3,Co-Ed,3,3,0,3,0,3,3,3,3,3,0,0,0,0,3,3,0,3,0,0,0,3,2,3,3,1,3,0,3,2,0
2017-18,32,Kerala,3207,THRISSUR,320718,URC THRISSUR,6,SS (I-X),5,Private Unaided (Recognized),Urban,3,Co-Ed,6,6,0,5,0,6,6,6,6,6,0,0,0,0,6,6,0,6,0,5,2,6,3,5,6,2,3,0,6,4,0
2017-18,32,Kerala,3207,THRISSUR,320718,URC THRISSUR,6,SS (I-X),8,Unrecognized,Urban,3,Co-Ed,1,1,0,1,0,1,1,1,1,1,0,0,0,0,1,1,0,1,0,1,0,1,0,1,1,0,0,0,1,1,0
2017-18,32,Kerala,3207,THRISSUR,320718,URC THRISSUR,7,SS (VI-X),4,Government Aided,Urban,2,Girls,1,1,0,1,0,1,1,0,1,1,0,0,0,0,0,1,0,1,0,1,0,1,1,1,1,0,1,0,1,1,0
2017-18,32,Kerala,3207,THRISSUR,320718,URC THRISSUR,7,SS (VI-X),4,Government Aided,Urban,3,Co-Ed,2,2,0,2,0,2,2,2,2,2,0,0,0,0,2,2,0,2,0,2,0,2,2,2,2,0,1,0,2,0,0
2017-18,32,Kerala,3207,THRISSUR,320718,URC THRISSUR,2,UPS (I-VIII),1,Department of Education,Urban,3,Co-Ed,4,4,0,4,0,4,3,4,4,4,0,0,0,0,4,4,0,4,0,3,0,4,4,2,4,4,2,0,4,3,0
2017-18,32,Kerala,3207,THRISSUR,320718,URC THRISSUR,2,UPS (I-VIII),4,Government Aided,Urban,3,Co-Ed,7,7,0,7,0,7,7,7,7,7,0,0,0,0,7,7,0,4,0,5,0,7,7,6,6,2,7,0,7,3,0
2017-18,32,Kerala,3207,THRISSUR,320718,URC THRISSUR,2,UPS (I-VIII),8,Unrecognized,Urban,3,Co-Ed,1,1,0,1,0,1,1,1,1,1,0,0,0,0,1,1,0,1,0,1,0,1,1,1,1,0,0,0,1,1,0
