Academic_Year,State_Code,State_Name,District_Code,District_Name,Block_Code,Udise_Block_Name,School_Category_Id,School_Category_Name,School_Management_Id,School_Management_Name,Location,School_Type_Id,School_Type,Total_Number_of_Schools,Building,Complete_Medical_Checkup,Computer_Available,Functional_Drinking_Water,Drinking_Water,Functional_Electricity,Functional_Boy_Toilet,Functional_Girl_Toilet,Functional_Toilet_Facility,Functional_Toilet_and_Urinal,Functional_Urinal,Functional_Urinal_Boy,Functional_Urinal_Girl,Handwash,Separate_Room_for_Headmaster,Incinerator,Internet,Kitchen_Garden,Land_Available,Librarian,Library_or_Reading_Corner_or_Book_Bank,Medical_Checkup,Newspaper,Playground,Rain_Water_Harvesting,Ramps,Solar_Panel,Furniture,Water_Purifier,Water_Tested
2016-17,28,Andhra Pradesh,2819,NELLORE,281901,SEETHARAMAPURAM,1,PS (I-V),3,Local body,Rural,3,Co-Ed,30,30,0,0,23,23,30,12,26,27,0,0,0,0,18,0,0,0,2,15,0,30,24,22,5,0,7,0,22,0,0
2016-17,28,Andhra Pradesh,2819,NELLORE,281901,SEETHARAMAPURAM,1,PS (I-V),4,Government Aided,Rural,3,Co-Ed,2,2,0,0,1,2,1,2,2,2,0,0,0,0,1,2,0,1,1,2,0,2,2,0,2,1,0,0,1,0,0
2016-17,28,Andhra Pradesh,2819,NELLORE,281901,SEETHARAMAPURAM,1,PS (I-V),5,Private Unaided (Recognized),Rural,3,Co-Ed,1,1,0,1,1,1,1,1,1,1,0,0,0,0,0,1,0,1,0,1,0,1,0,0,1,0,0,0,1,0,0
2016-17,28,Andhra Pradesh,2819,NELLORE,281901,SEETHARAMAPURAM,7,SS (VI-X),2,Tribal Welfare Department,Rural,2,Girls,1,1,0,1,1,1,1,0,1,1,0,0,0,0,1,1,0,0,0,1,0,1,1,0,0,0,0,0,0,0,0
2016-17,28,Andhra Pradesh,2819,NELLORE,281901,SEETHARAMAPURAM,7,SS (VI-X),1,Department of Education,Rural,3,Co-Ed,1,1,0,1,0,0,1,1,1,1,0,0,0,0,1,1,0,0,0,1,0,1,0,1,0,0,0,0,1,0,0
2016-17,28,Andhra Pradesh,2819,NELLORE,281901,SEETHARAMAPURAM,7,SS (VI-X),3,Local body,Rural,3,Co-Ed,4,4,0,4,2,4,4,3,4,4,0,0,0,0,1,1,0,1,0,4,0,4,4,4,3,1,1,0,2,0,0
2016-17,28,Andhra Pradesh,2819,NELLORE,281901,SEETHARAMAPURAM,7,SS (VI-X),5,Private Unaided (Recognized),Rural,3,Co-Ed,1,1,0,1,1,1,1,1,1,1,0,0,0,0,0,1,0,0,0,1,0,1,1,0,1,0,0,0,1,0,0
2016-17,28,Andhra Pradesh,2819,NELLORE,281901,SEETHARAMAPURAM,2,UPS (I-VIII),3,Local body,Rural,3,Co-Ed,5,5,0,2,2,3,5,3,5,5,0,0,0,0,4,1,0,0,1,2,0,5,5,5,1,0,4,0,2,0,0
2016-17,28,Andhra Pradesh,2819,NELLORE,281901,SEETHARAMAPURAM,2,UPS (I-VIII),5,Private Unaided (Recognized),Rural,3,Co-Ed,1,1,0,1,1,1,1,1,1,1,0,0,0,0,0,1,0,1,0,1,0,1,1,1,1,0,0,0,1,0,0
2016-17,28,Andhra Pradesh,2819,NELLORE,281902,VARIKUNTAPADU,1,PS (I-V),3,Local body,Rural,3,Co-Ed,43,43,0,0,32,32,42,25,42,43,0,0,0,0,16,1,0,0,12,26,0,43,31,30,33,0,5,0,36,0,0
2016-17,28,Andhra Pradesh,2819,NELLORE,281902,VARIKUNTAPADU,7,SS (VI-X),3,Local body,Rural,3,Co-Ed,8,8,0,7,8,8,8,8,8,8,0,0,0,0,5,4,0,2,5,8,0,8,8,8,7,2,3,0,4,0,0
2016-17,28,Andhra Pradesh,2819,NELLORE,281902,VARIKUNTAPADU,2,UPS (I-VIII),3,Local body,Rural,3,Co-Ed,9,9,0,5,9,9,9,8,8,8,0,0,0,0,6,0,0,0,6,7,0,9,8,7,5,1,4,0,4,0,0
2016-17,28,Andhra Pradesh,2819,NELLORE,281903,KONDAPURAM,1,PS (I-V),3,Local body,Rural,3,Co-Ed,47,47,0,0,27,38,44,13,28,30,0,0,0,0,10,5,0,0,4,31,0,47,37,14,28,0,7,0,41,0,0
2016-17,28,Andhra Pradesh,2819,NELLORE,281903,KONDAPURAM,1,PS (I-V),5,Private Unaided (Recognized),Rural,3,Co-Ed,2,2,0,1,2,2,2,1,2,2,0,0,0,0,2,2,0,0,0,2,0,1,0,1,2,0,0,0,2,0,0
2016-17,28,Andhra Pradesh,2819,NELLORE,281903,KONDAPURAM,7,SS (VI-X),2,Tribal Welfare Department,Rural,2,Girls,1,1,0,1,1,1,1,0,1,1,0,0,0,0,0,0,0,1,0,1,0,1,1,1,0,0,1,0,1,0,0
2016-17,28,Andhra Pradesh,2819,NELLORE,281903,KONDAPURAM,7,SS (VI-X),1,Department of Education,Rural,3,Co-Ed,1,1,0,1,1,1,1,1,1,1,0,0,0,0,1,1,0,1,0,1,0,1,1,1,1,0,1,0,1,0,0
2016-17,28,Andhra Pradesh,2819,NELLORE,281903,KONDAPURAM,7,SS (VI-X),3,Local body,Rural,3,Co-Ed,10,10,0,8,9,10,10,7,9,9,0,0,0,0,6,2,0,4,2,10,0,10,10,8,10,3,4,0,4,0,0
2016-17,28,Andhra Pradesh,2819,NELLORE,281903,KONDAPURAM,7,SS (VI-X),5,Private Unaided (Recognized),Rural,3,Co-Ed,1,1,0,0,1,1,1,1,1,1,0,0,0,0,1,1,0,0,0,1,0,0,0,0,0,0,1,0,0,0,0
2016-17,28,Andhra Pradesh,2819,NELLORE,281903,KONDAPURAM,2,UPS (I-VIII),3,Local body,Rural,3,Co-Ed,8,8,0,2,4,7,8,2,7,7,0,0,0,0,1,0,0,0,0,8,0,8,7,2,4,0,4,0,5,0,0
2016-17,28,Andhra Pradesh,2819,NELLORE,281903,KONDAPURAM,2,UPS (I-VIII),5,Private Unaided (Recognized),Rural,3,Co-Ed,1,1,0,1,1,1,1,1,1,1,0,0,0,0,0,1,0,1,0,1,0,1,0,1,1,0,0,0,1,0,0
2016-17,28,Andhra Pradesh,2819,NELLORE,281904,JALADANKI,1,PS (I-V),3,Local body,Rural,3,Co-Ed,43,43,0,0,23,33,43,22,39,40,0,0,0,0,11,2,0,0,2,20,0,43,31,13,12,0,15,0,33,0,0
2016-17,28,Andhra Pradesh,2819,NELLORE,281904,JALADANKI,7,SS (VI-X),3,Local body,Rural,3,Co-Ed,5,5,0,5,4,4,5,5,5,5,0,0,0,0,3,2,0,2,0,4,0,5,4,3,4,0,4,0,2,0,0
2016-17,28,Andhra Pradesh,2819,NELLORE,281904,JALADANKI,7,SS (VI-X),5,Private Unaided (Recognized),Rural,3,Co-Ed,2,2,0,0,2,2,1,0,0,0,0,0,0,0,0,0,0,0,0,0,0,1,1,0,2,0,0,0,2,0,0
2016-17,28,Andhra Pradesh,2819,NELLORE,281904,JALADANKI,2,UPS (I-VIII),3,Local body,Rural,3,Co-Ed,11,11,0,4,8,11,11,8,10,11,0,0,0,0,3,1,0,0,3,9,0,10,9,6,6,0,3,0,4,0,0
2016-17,28,Andhra Pradesh,2819,NELLORE,281904,JALADANKI,2,UPS (I-VIII),5,Private Unaided (Recognized),Rural,3,Co-Ed,2,2,0,2,1,1,2,1,2,2,0,0,0,0,1,1,0,0,0,2,0,1,1,1,2,0,0,0,2,0,0
2016-17,28,Andhra Pradesh,2819,NELLORE,281905,KAVALI,1,PS (I-V),2,Tribal Welfare Department,Urban,1,Boys,1,1,0,0,0,1,1,1,0,1,0,0,0,0,0,0,0,0,0,0,0,1,1,1,1,0,0,0,1,0,0
2016-17,28,Andhra Pradesh,2819,NELLORE,281905,KAVALI,1,PS (I-V),2,Tribal Welfare Department,Urban,2,Girls,1,1,0,0,1,1,1,0,1,1,0,0,0,0,1,0,0,0,0,0,0,0,0,0,0,0,0,0,1,0,0
2016-17,28,Andhra Pradesh,2819,NELLORE,281905,KAVALI,1,PS (I-V),3,Local body,Rural,3,Co-Ed,65,65,0,1,21,30,63,57,63,63,0,0,0,0,3,1,0,0,8,33,0,65,56,7,40,0,6,0,55,0,0
2016-17,28,Andhra Pradesh,2819,NELLORE,281905,KAVALI,1,PS (I-V),5,Private Unaided (Recognized),Rural,3,Co-Ed,3,3,0,2,3,3,3,3,3,3,0,0,0,0,3,3,0,0,0,2,0,3,3,3,3,1,1,0,2,0,0
2016-17,28,Andhra Pradesh,2819,NELLORE,281905,KAVALI,1,PS (I-V),6,Other Govt. managed schools,Rural,3,Co-Ed,1,1,0,0,1,1,1,0,0,0,0,0,0,0,0,0,0,0,0,0,0,0,0,0,0,0,0,0,1,0,0
2016-17,28,Andhra Pradesh,2819,NELLORE,281905,KAVALI,1,PS (I-V),98,Madarsa unrecognized,Rural,3,Co-Ed,1,1,0,0,1,1,1,0,0,0,0,0,0,0,0,0,0,0,0,0,0,1,1,0,0,0,0,0,1,0,0
2016-17,28,Andhra Pradesh,2819,NELLORE,281905,KAVALI,1,PS (I-V),3,Local body,Urban,3,Co-Ed,18,18,0,0,8,8,18,13,18,18,0,0,0,0,0,1,0,0,4,4,0,18,15,3,7,0,6,0,13,0,0
2016-17,28,Andhra Pradesh,2819,NELLORE,281905,KAVALI,1,PS (I-V),4,Government Aided,Urban,3,Co-Ed,6,6,0,0,4,6,3,6,6,6,0,0,0,0,1,2,0,1,0,2,0,6,5,1,5,1,0,0,5,0,0
2016-17,28,Andhra Pradesh,2819,NELLORE,281905,KAVALI,1,PS (I-V),5,Private Unaided (Recognized),Urban,3,Co-Ed,18,18,0,13,17,18,18,17,17,17,0,0,0,0,11,14,0,7,0,9,0,18,10,11,16,5,3,0,15,0,0
2016-17,28,Andhra Pradesh,2819,NELLORE,281905,KAVALI,1,PS (I-V),6,Other Govt. managed schools,Urban,3,Co-Ed,1,1,0,0,1,1,1,1,1,1,0,0,0,0,0,0,0,0,0,0,0,0,1,0,1,0,0,0,0,0,0
2016-17,28,Andhra Pradesh,2819,NELLORE,281905,KAVALI,1,PS (I-V),98,Madarsa unrecognized,Urban,3,Co-Ed,8,8,0,0,5,7,7,4,4,4,0,0,0,0,1,0,0,0,0,0,0,2,5,0,4,0,0,0,6,0,0
2016-17,28,Andhra Pradesh,2819,NELLORE,281905,KAVALI,6,SS (I-X),1,Department of Education,Rural,2,Girls,1,1,0,1,1,1,1,0,1,1,0,0,0,0,1,1,0,1,0,1,0,1,1,0,1,0,0,0,0,0,0
2016-17,28,Andhra Pradesh,2819,NELLORE,281905,KAVALI,6,SS (I-X),5,Private Unaided (Recognized),Rural,3,Co-Ed,1,1,0,1,1,1,1,1,1,1,0,0,0,0,1,1,0,0,0,1,0,1,1,1,1,0,0,0,1,0,0
2016-17,28,Andhra Pradesh,2819,NELLORE,281905,KAVALI,6,SS (I-X),5,Private Unaided (Recognized),Urban,3,Co-Ed,8,8,0,8,7,8,8,8,8,8,0,0,0,0,4,7,0,4,0,6,0,8,5,7,8,4,2,0,6,0,0
2016-17,28,Andhra Pradesh,2819,NELLORE,281905,KAVALI,7,SS (VI-X),4,Government Aided,Urban,1,Boys,1,1,0,0,1,1,1,1,0,1,0,0,0,0,0,1,0,0,0,0,0,1,1,0,1,0,0,0,0,0,0
2016-17,28,Andhra Pradesh,2819,NELLORE,281905,KAVALI,7,SS (VI-X),1,Department of Education,Urban,2,Girls,1,1,0,1,1,1,1,0,1,1,0,0,0,0,1,1,0,1,1,1,0,1,1,1,1,0,1,0,0,0,0
2016-17,28,Andhra Pradesh,2819,NELLORE,281905,KAVALI,7,SS (VI-X),3,Local body,Urban,2,Girls,1,1,0,1,1,1,1,0,1,1,0,0,0,0,1,0,0,0,1,1,0,1,1,1,0,0,1,0,1,0,0
2016-17,28,Andhra Pradesh,2819,NELLORE,281905,KAVALI,7,SS (VI-X),4,Government Aided,Urban,2,Girls,1,1,0,0,0,1,1,0,1,1,0,0,0,0,1,1,0,0,0,1,0,1,1,1,1,0,0,0,0,0,0
2016-17,28,Andhra Pradesh,2819,NELLORE,281905,KAVALI,7,SS (VI-X),1,Department of Education,Rural,3,Co-Ed,1,1,0,1,1,1,1,1,1,1,0,0,0,0,1,1,0,0,0,1,0,1,1,1,1,1,1,0,1,0,0
2016-17,28,Andhra Pradesh,2819,NELLORE,281905,KAVALI,7,SS (VI-X),3,Local body,Rural,3,Co-Ed,7,7,0,6,5,6,7,4,7,7,0,0,0,0,3,2,0,2,2,7,0,7,6,3,5,0,2,0,3,0,0
2016-17,28,Andhra Pradesh,2819,NELLORE,281905,KAVALI,7,SS (VI-X),5,Private Unaided (Recognized),Rural,3,Co-Ed,2,2,0,1,0,1,2,1,1,1,0,0,0,0,1,0,0,1,0,0,0,2,2,0,2,1,1,0,2,0,0
2016-17,28,Andhra Pradesh,2819,NELLORE,281905,KAVALI,7,SS (VI-X),3,Local body,Urban,3,Co-Ed,4,4,0,4,3,4,4,3,4,4,0,0,0,0,1,1,0,3,0,4,0,3,4,4,3,2,0,0,3,0,0
2016-17,28,Andhra Pradesh,2819,NELLORE,281905,KAVALI,7,SS (VI-X),4,Government Aided,Urban,3,Co-Ed,1,1,0,0,1,1,1,1,1,1,0,0,0,0,1,0,0,0,0,0,0,1,1,1,1,0,0,0,1,0,0
2016-17,28,Andhra Pradesh,2819,NELLORE,281905,KAVALI,7,SS (VI-X),5,Private Unaided (Recognized),Urban,3,Co-Ed,23,23,0,18,18,23,23,22,22,22,0,0,0,0,21,15,0,17,0,8,0,22,16,16,23,7,5,0,22,0,0
2016-17,28,Andhra Pradesh,2819,NELLORE,281905,KAVALI,2,UPS (I-VIII),3,Local body,Rural,3,Co-Ed,16,16,0,4,8,11,16,15,16,16,0,0,0,0,4,0,0,0,2,15,0,16,16,2,10,1,5,0,7,0,0
2016-17,28,Andhra Pradesh,2819,NELLORE,281905,KAVALI,2,UPS (I-VIII),5,Private Unaided (Recognized),Rural,3,Co-Ed,1,1,0,1,1,1,1,1,1,1,0,0,0,0,1,1,0,0,0,1,0,1,1,1,1,0,0,0,1,0,0
2016-17,28,Andhra Pradesh,2819,NELLORE,281905,KAVALI,2,UPS (I-VIII),3,Local body,Urban,3,Co-Ed,1,1,0,0,0,0,1,1,1,1,0,0,0,0,0,1,0,0,0,0,0,1,1,1,1,0,0,0,0,0,0
2016-17,28,Andhra Pradesh,2819,NELLORE,281905,KAVALI,2,UPS (I-VIII),4,Government Aided,Urban,3,Co-Ed,3,3,0,0,2,2,2,3,3,3,0,0,0,0,1,1,0,0,0,0,0,3,3,1,2,0,0,0,1,0,0
2016-17,28,Andhra Pradesh,2819,NELLORE,281905,KAVALI,2,UPS (I-VIII),5,Private Unaided (Recognized),Urban,3,Co-Ed,8,8,0,7,7,8,8,8,8,8,0,0,0,0,4,5,0,1,0,2,0,8,4,5,7,0,2,0,7,0,0
2016-17,28,Andhra Pradesh,2819,NELLORE,281905,KAVALI,4,UPS (VI-VIII),5,Private Unaided (Recognized),Rural,3,Co-Ed,1,1,0,0,0,1,1,0,0,0,0,0,0,0,0,0,0,0,0,0,0,1,1,0,1,0,0,0,1,0,0
2016-17,28,Andhra Pradesh,2819,NELLORE,281906,BOGOLE,1,PS (I-V),1,Department of Education,Rural,3,Co-Ed,1,1,0,0,1,1,1,1,1,1,0,0,0,0,1,0,0,0,0,1,0,1,1,0,1,0,1,0,0,0,0
2016-17,28,Andhra Pradesh,2819,NELLORE,281906,BOGOLE,1,PS (I-V),2,Tribal Welfare Department,Rural,3,Co-Ed,1,1,0,0,1,1,1,0,1,1,0,0,0,0,1,0,0,0,0,0,0,1,1,0,0,0,0,0,1,0,0
2016-17,28,Andhra Pradesh,2819,NELLORE,281906,BOGOLE,1,PS (I-V),3,Local body,Rural,3,Co-Ed,37,37,0,1,10,26,36,32,36,36,0,0,0,0,6,2,0,0,5,25,0,37,30,3,12,0,3,0,32,0,0
2016-17,28,Andhra Pradesh,2819,NELLORE,281906,BOGOLE,1,PS (I-V),4,Government Aided,Rural,3,Co-Ed,1,1,0,0,1,1,1,1,1,1,0,0,0,0,1,1,0,0,1,1,0,1,1,1,1,0,0,0,0,0,0
2016-17,28,Andhra Pradesh,2819,NELLORE,281906,BOGOLE,1,PS (I-V),5,Private Unaided (Recognized),Rural,3,Co-Ed,1,1,0,1,1,1,1,1,1,1,0,0,0,0,0,0,0,0,0,0,0,1,0,0,1,0,0,0,1,0,0
2016-17,28,Andhra Pradesh,2819,NELLORE,281906,BOGOLE,1,PS (I-V),3,Local body,Urban,3,Co-Ed,1,1,0,0,0,1,1,1,1,1,0,0,0,0,0,0,0,0,0,1,0,1,1,0,0,0,0,0,0,0,0
2016-17,28,Andhra Pradesh,2819,NELLORE,281906,BOGOLE,6,SS (I-X),2,Tribal Welfare Department,Rural,2,Girls,1,1,0,1,1,1,1,0,1,1,0,0,0,0,1,0,0,1,0,0,0,0,1,1,0,0,0,0,1,0,0
2016-17,28,Andhra Pradesh,2819,NELLORE,281906,BOGOLE,6,SS (I-X),5,Private Unaided (Recognized),Rural,3,Co-Ed,3,3,0,3,3,3,3,3,3,3,0,0,0,0,1,3,0,0,0,3,0,3,3,2,3,0,1,0,2,0,0
2016-17,28,Andhra Pradesh,2819,NELLORE,281906,BOGOLE,6,SS (I-X),7,Central Govt,Rural,3,Co-Ed,1,1,0,1,1,1,1,1,1,1,0,0,0,0,1,1,0,0,0,1,0,1,1,1,1,0,0,0,1,0,0
2016-17,28,Andhra Pradesh,2819,NELLORE,281906,BOGOLE,7,SS (VI-X),3,Local body,Rural,2,Girls,1,1,0,1,1,1,1,0,1,1,0,0,0,0,1,1,0,0,0,1,0,1,1,1,1,0,1,0,0,0,0
2016-17,28,Andhra Pradesh,2819,NELLORE,281906,BOGOLE,7,SS (VI-X),3,Local body,Rural,3,Co-Ed,4,4,0,4,1,4,4,3,2,3,0,0,0,0,2,2,0,0,0,4,0,4,4,2,3,1,1,0,1,0,0
2016-17,28,Andhra Pradesh,2819,NELLORE,281906,BOGOLE,7,SS (VI-X),5,Private Unaided (Recognized),Rural,3,Co-Ed,6,6,0,6,6,6,6,6,6,6,0,0,0,0,1,5,0,3,0,6,0,5,5,3,5,2,0,0,3,0,0
2016-17,28,Andhra Pradesh,2819,NELLORE,281906,BOGOLE,2,UPS (I-VIII),3,Local body,Rural,3,Co-Ed,8,8,0,4,5,6,8,8,8,8,0,0,0,0,3,0,0,0,1,6,0,8,7,5,2,0,1,0,3,0,0
2016-17,28,Andhra Pradesh,2819,NELLORE,281906,BOGOLE,2,UPS (I-VIII),4,Government Aided,Rural,3,Co-Ed,1,1,0,0,1,1,0,0,0,0,0,0,0,0,0,0,0,0,0,0,0,1,1,0,0,0,0,0,1,0,0
2016-17,28,Andhra Pradesh,2819,NELLORE,281906,BOGOLE,2,UPS (I-VIII),5,Private Unaided (Recognized),Rural,3,Co-Ed,5,5,0,3,3,5,4,4,4,4,0,0,0,0,3,1,0,0,0,1,0,4,3,0,2,0,0,0,3,0,0
2016-17,28,Andhra Pradesh,2819,NELLORE,281907,KALIGIRI,1,PS (I-V),3,Local body,Rural,3,Co-Ed,53,53,0,0,33,39,51,24,42,44,0,0,0,0,20,1,0,1,7,33,0,53,35,12,36,1,8,0,44,0,0
2016-17,28,Andhra Pradesh,2819,NELLORE,281907,KALIGIRI,1,PS (I-V),5,Private Unaided (Recognized),Rural,3,Co-Ed,1,1,0,1,1,1,1,0,0,0,0,0,0,0,0,1,0,0,0,1,0,1,0,1,1,0,0,0,0,0,0
2016-17,28,Andhra Pradesh,2819,NELLORE,281907,KALIGIRI,1,PS (I-V),98,Madarsa unrecognized,Rural,3,Co-Ed,2,2,0,0,2,2,0,0,0,0,0,0,0,0,0,0,0,0,0,0,0,0,0,0,0,0,0,0,2,0,0
2016-17,28,Andhra Pradesh,2819,NELLORE,281907,KALIGIRI,7,SS (VI-X),1,Department of Education,Rural,2,Girls,1,1,0,1,0,0,1,0,1,1,0,0,0,0,0,1,0,1,0,1,0,0,1,1,1,0,1,0,1,0,0
2016-17,28,Andhra Pradesh,2819,NELLORE,281907,KALIGIRI,7,SS (VI-X),1,Department of Education,Rural,3,Co-Ed,1,1,0,1,1,1,1,1,1,1,0,0,0,0,1,1,0,0,0,1,0,1,1,1,1,0,1,0,1,0,0
2016-17,28,Andhra Pradesh,2819,NELLORE,281907,KALIGIRI,7,SS (VI-X),3,Local body,Rural,3,Co-Ed,5,5,0,4,5,5,5,4,5,5,0,0,0,0,3,2,0,2,2,5,0,5,4,4,5,0,2,0,3,0,0
2016-17,28,Andhra Pradesh,2819,NELLORE,281907,KALIGIRI,7,SS (VI-X),5,Private Unaided (Recognized),Rural,3,Co-Ed,3,3,0,1,3,3,3,2,2,2,0,0,0,0,0,1,0,2,0,1,0,3,1,2,3,0,0,0,2,0,0
2016-17,28,Andhra Pradesh,2819,NELLORE,281907,KALIGIRI,2,UPS (I-VIII),3,Local body,Rural,3,Co-Ed,10,10,0,3,10,10,10,9,9,10,0,0,0,0,4,1,0,0,4,8,0,10,8,2,6,0,4,0,5,0,0
2016-17,28,Andhra Pradesh,2819,NELLORE,281907,KALIGIRI,2,UPS (I-VIII),5,Private Unaided (Recognized),Rural,3,Co-Ed,5,5,0,4,5,5,4,1,1,1,0,0,0,0,2,3,0,0,0,1,0,4,0,2,4,0,0,0,3,0,0
2016-17,28,Andhra Pradesh,2819,NELLORE,281908,VINJAMUR,1,PS (I-V),3,Local body,Rural,3,Co-Ed,37,37,0,0,25,27,36,23,35,35,0,0,0,0,7,0,0,0,22,24,0,37,20,21,21,1,6,0,21,0,0
2016-17,28,Andhra Pradesh,2819,NELLORE,281908,VINJAMUR,1,PS (I-V),4,Government Aided,Rural,3,Co-Ed,1,1,0,0,0,0,0,0,0,0,0,0,0,0,0,0,0,0,1,0,0,1,1,1,1,0,0,0,1,0,0
2016-17,28,Andhra Pradesh,2819,NELLORE,281908,VINJAMUR,1,PS (I-V),5,Private Unaided (Recognized),Rural,3,Co-Ed,7,7,0,4,7,7,7,7,7,7,0,0,0,0,3,5,0,3,0,5,0,7,2,6,7,1,1,0,7,0,0
2016-17,28,Andhra Pradesh,2819,NELLORE,281908,VINJAMUR,7,SS (VI-X),3,Local body,Rural,2,Girls,1,1,0,1,1,1,1,0,1,1,0,0,0,0,1,0,0,0,0,0,0,1,1,1,0,0,0,0,1,0,0
2016-17,28,Andhra Pradesh,2819,NELLORE,281908,VINJAMUR,7,SS (VI-X),3,Local body,Rural,3,Co-Ed,5,5,0,3,5,5,5,5,5,5,0,0,0,0,3,2,0,1,3,5,0,5,4,3,5,0,4,0,2,0,0
2016-17,28,Andhra Pradesh,2819,NELLORE,281908,VINJAMUR,7,SS (VI-X),4,Government Aided,Rural,3,Co-Ed,1,1,0,0,1,1,1,1,1,1,0,0,0,0,0,1,0,0,0,1,0,1,1,1,1,0,1,0,1,0,0
2016-17,28,Andhra Pradesh,2819,NELLORE,281908,VINJAMUR,7,SS (VI-X),5,Private Unaided (Recognized),Rural,3,Co-Ed,7,7,0,6,6,7,7,6,6,6,0,0,0,0,3,4,0,3,0,4,0,7,3,4,7,1,1,0,6,0,0
2016-17,28,Andhra Pradesh,2819,NELLORE,281908,VINJAMUR,2,UPS (I-VIII),3,Local body,Rural,3,Co-Ed,6,6,0,3,4,4,6,5,6,6,0,0,0,0,2,1,0,0,3,4,0,6,4,1,5,0,0,0,3,0,0
2016-17,28,Andhra Pradesh,2819,NELLORE,281908,VINJAMUR,2,UPS (I-VIII),5,Private Unaided (Recognized),Rural,3,Co-Ed,2,2,0,2,2,2,2,2,2,2,0,0,0,0,1,2,0,1,0,2,0,2,0,2,1,0,0,0,1,0,0
2016-17,28,Andhra Pradesh,2819,NELLORE,281909,DUTTALUR,1,PS (I-V),3,Local body,Rural,3,Co-Ed,35,35,0,1,23,27,28,9,24,24,0,0,0,0,7,2,0,0,16,21,0,34,21,19,19,0,13,0,23,0,0
2016-17,28,Andhra Pradesh,2819,NELLORE,281909,DUTTALUR,7,SS (VI-X),1,Department of Education,Rural,2,Girls,1,1,0,0,0,1,1,0,1,1,0,0,0,0,0,1,0,0,0,0,0,1,1,1,1,0,1,0,1,0,0
2016-17,28,Andhra Pradesh,2819,NELLORE,281909,DUTTALUR,7,SS (VI-X),1,Department of Education,Rural,3,Co-Ed,1,1,0,1,1,1,1,1,1,1,0,0,0,0,1,1,0,0,1,1,0,1,1,1,1,0,1,0,0,0,0
2016-17,28,Andhra Pradesh,2819,NELLORE,281909,DUTTALUR,7,SS (VI-X),3,Local body,Rural,3,Co-Ed,6,6,0,4,5,6,6,5,6,6,0,0,0,0,2,2,0,2,3,5,0,6,5,5,6,1,6,0,4,0,0
2016-17,28,Andhra Pradesh,2819,NELLORE,281909,DUTTALUR,7,SS (VI-X),5,Private Unaided (Recognized),Rural,3,Co-Ed,3,3,0,3,2,3,2,3,3,3,0,0,0,0,0,1,0,1,0,1,0,3,2,1,2,0,0,0,2,0,0
2016-17,28,Andhra Pradesh,2819,NELLORE,281909,DUTTALUR,2,UPS (I-VIII),3,Local body,Rural,3,Co-Ed,10,10,0,3,5,6,10,1,9,9,0,0,0,0,2,1,0,0,5,7,0,10,8,3,4,0,6,0,4,0,0
2016-17,28,Andhra Pradesh,2819,NELLORE,281909,DUTTALUR,2,UPS (I-VIII),5,Private Unaided (Recognized),Rural,3,Co-Ed,2,2,0,2,1,2,2,2,2,2,0,0,0,0,0,1,0,2,0,0,0,2,1,1,2,1,0,0,2,0,0
2016-17,28,Andhra Pradesh,2819,NELLORE,281910,UDAYAGIRI,1,PS (I-V),3,Local body,Rural,3,Co-Ed,47,47,0,1,36,38,46,22,46,46,0,0,0,0,6,3,0,0,5,28,0,46,39,35,19,1,15,0,36,0,0
2016-17,28,Andhra Pradesh,2819,NELLORE,281910,UDAYAGIRI,1,PS (I-V),5,Private Unaided (Recognized),Rural,3,Co-Ed,1,1,0,0,1,1,1,1,1,1,0,0,0,0,0,1,0,1,0,1,0,0,0,0,0,0,0,0,1,0,0
2016-17,28,Andhra Pradesh,2819,NELLORE,281910,UDAYAGIRI,6,SS (I-X),1,Department of Education,Rural,1,Boys,1,1,0,1,1,1,1,1,0,1,0,0,0,0,0,0,0,1,0,1,0,1,1,1,1,1,0,0,0,0,0
2016-17,28,Andhra Pradesh,2819,NELLORE,281910,UDAYAGIRI,7,SS (VI-X),5,Private Unaided (Recognized),Rural,2,Girls,1,1,0,1,1,1,1,1,1,1,0,0,0,0,1,1,0,1,0,1,0,1,1,1,1,0,0,0,0,0,0
2016-17,28,Andhra Pradesh,2819,NELLORE,281910,UDAYAGIRI,7,SS (VI-X),1,Department of Education,Rural,3,Co-Ed,1,1,0,1,1,1,1,1,1,1,0,0,0,0,1,1,0,1,0,1,0,1,1,1,1,1,1,0,1,0,0
2016-17,28,Andhra Pradesh,2819,NELLORE,281910,UDAYAGIRI,7,SS (VI-X),3,Local body,Rural,3,Co-Ed,6,6,0,5,6,6,6,5,6,6,0,0,0,0,2,4,0,4,3,6,0,6,5,5,2,4,5,0,1,0,0
2016-17,28,Andhra Pradesh,2819,NELLORE,281910,UDAYAGIRI,7,SS (VI-X),5,Private Unaided (Recognized),Rural,3,Co-Ed,3,3,0,2,3,3,3,3,3,3,0,0,0,0,3,1,0,0,0,3,0,2,1,3,2,0,0,0,0,0,0
2016-17,28,Andhra Pradesh,2819,NELLORE,281910,UDAYAGIRI,2,UPS (I-VIII),3,Local body,Rural,3,Co-Ed,11,11,0,3,7,7,11,9,11,11,0,0,0,0,3,0,0,1,4,6,0,11,9,8,4,0,6,0,9,0,0
2016-17,28,Andhra Pradesh,2819,NELLORE,281910,UDAYAGIRI,2,UPS (I-VIII),4,Government Aided,Rural,3,Co-Ed,1,1,0,0,1,1,0,0,0,0,0,0,0,0,0,1,0,0,0,1,0,1,1,1,1,0,0,0,0,0,0
2016-17,28,Andhra Pradesh,2819,NELLORE,281910,UDAYAGIRI,2,UPS (I-VIII),5,Private Unaided (Recognized),Rural,3,Co-Ed,5,5,0,3,3,4,4,4,4,4,0,0,0,0,2,2,0,2,0,3,0,2,1,2,3,1,0,0,3,0,0
2016-17,28,Andhra Pradesh,2819,NELLORE,281911,MARRIPADU,5,HSS (VI-XII),7,Central Govt,Rural,3,Co-Ed,1,1,0,1,1,1,1,1,1,1,0,0,0,0,1,1,0,1,0,0,0,1,1,1,1,0,0,0,1,0,0
2016-17,28,Andhra Pradesh,2819,NELLORE,281911,MARRIPADU,1,PS (I-V),3,Local body,Rural,3,Co-Ed,67,67,0,0,51,54,66,26,64,67,0,0,0,0,29,5,0,0,12,38,0,67,59,20,20,3,12,0,56,0,0
2016-17,28,Andhra Pradesh,2819,NELLORE,281911,MARRIPADU,1,PS (I-V),5,Private Unaided (Recognized),Rural,3,Co-Ed,1,1,0,1,1,1,0,1,1,1,0,0,0,0,1,0,0,0,0,0,0,0,0,0,1,0,0,0,0,0,0
2016-17,28,Andhra Pradesh,2819,NELLORE,281911,MARRIPADU,7,SS (VI-X),1,Department of Education,Rural,2,Girls,1,1,0,1,1,1,1,0,1,1,0,0,0,0,1,0,0,1,0,0,0,1,1,1,0,0,0,0,1,0,0
2016-17,28,Andhra Pradesh,2819,NELLORE,281911,MARRIPADU,7,SS (VI-X),3,Local body,Rural,3,Co-Ed,10,10,0,9,9,10,10,7,10,10,0,0,0,0,4,5,0,5,1,10,0,10,8,7,8,0,7,0,6,0,0
2016-17,28,Andhra Pradesh,2819,NELLORE,281911,MARRIPADU,2,UPS (I-VIII),3,Local body,Rural,3,Co-Ed,11,11,0,2,7,10,11,9,10,11,0,0,0,0,5,2,0,0,3,10,0,11,11,6,7,1,7,0,7,0,0
2016-17,28,Andhra Pradesh,2819,NELLORE,281911,MARRIPADU,2,UPS (I-VIII),5,Private Unaided (Recognized),Rural,3,Co-Ed,1,1,0,1,1,1,0,1,1,1,0,0,0,0,0,1,0,0,0,0,0,0,0,0,0,0,0,0,0,0,0
2016-17,28,Andhra Pradesh,2819,NELLORE,281911,MARRIPADU,4,UPS (VI-VIII),1,Department of Education,Rural,3,Co-Ed,1,1,0,0,1,1,0,1,1,1,0,0,0,0,1,0,0,0,0,0,0,1,1,1,1,0,0,0,1,0,0
2016-17,28,Andhra Pradesh,2819,NELLORE,281912,ATMAKUR,1,PS (I-V),1,Department of Education,Urban,2,Girls,1,0,0,1,1,1,1,0,1,1,0,0,0,0,0,0,0,0,0,0,0,1,1,1,0,0,0,0,1,0,0
2016-17,28,Andhra Pradesh,2819,NELLORE,281912,ATMAKUR,1,PS (I-V),3,Local body,Rural,3,Co-Ed,30,30,0,1,28,29,29,25,30,30,0,0,0,0,26,1,0,0,15,10,0,30,25,2,15,1,6,0,27,0,0
2016-17,28,Andhra Pradesh,2819,NELLORE,281912,ATMAKUR,1,PS (I-V),4,Government Aided,Rural,3,Co-Ed,1,1,0,0,1,1,1,0,0,0,0,0,0,0,0,0,0,0,0,0,0,1,0,0,1,0,0,0,1,0,0
2016-17,28,Andhra Pradesh,2819,NELLORE,281912,ATMAKUR,1,PS (I-V),3,Local body,Urban,3,Co-Ed,18,18,0,0,13,17,18,15,18,18,0,0,0,0,6,0,0,0,8,8,0,18,18,1,10,0,9,0,17,0,0
2016-17,28,Andhra Pradesh,2819,NELLORE,281912,ATMAKUR,1,PS (I-V),5,Private Unaided (Recognized),Urban,3,Co-Ed,10,10,0,7,8,10,9,9,9,9,0,0,0,0,6,4,0,1,0,3,0,10,3,5,9,0,1,0,7,0,0
2016-17,28,Andhra Pradesh,2819,NELLORE,281912,ATMAKUR,1,PS (I-V),6,Other Govt. managed schools,Urban,3,Co-Ed,1,1,0,0,0,0,0,0,1,1,0,0,0,0,0,0,0,0,0,0,0,1,0,0,1,0,0,0,1,0,0
2016-17,28,Andhra Pradesh,2819,NELLORE,281912,ATMAKUR,7,SS (VI-X),3,Local body,Urban,2,Girls,1,1,0,1,1,1,1,0,1,1,0,0,0,0,0,0,0,1,0,0,0,1,1,1,0,0,1,0,0,0,0
2016-17,28,Andhra Pradesh,2819,NELLORE,281912,ATMAKUR,7,SS (VI-X),3,Local body,Rural,3,Co-Ed,6,6,0,5,6,6,6,4,6,6,0,0,0,0,4,3,0,4,6,5,0,5,6,4,5,2,4,0,5,0,0
2016-17,28,Andhra Pradesh,2819,NELLORE,281912,ATMAKUR,7,SS (VI-X),5,Private Unaided (Recognized),Rural,3,Co-Ed,1,1,0,1,1,1,1,1,1,1,0,0,0,0,1,1,0,0,0,1,0,1,1,0,1,1,0,0,1,0,0
2016-17,28,Andhra Pradesh,2819,NELLORE,281912,ATMAKUR,7,SS (VI-X),1,Department of Education,Urban,3,Co-Ed,1,1,0,1,1,1,1,1,1,1,0,0,0,0,1,0,0,1,0,1,0,1,1,0,1,0,1,0,1,0,0
2016-17,28,Andhra Pradesh,2819,NELLORE,281912,ATMAKUR,7,SS (VI-X),3,Local body,Urban,3,Co-Ed,3,3,0,2,3,3,3,3,3,3,0,0,0,0,3,2,0,2,0,2,0,3,2,3,0,3,3,0,3,0,0
2016-17,28,Andhra Pradesh,2819,NELLORE,281912,ATMAKUR,7,SS (VI-X),5,Private Unaided (Recognized),Urban,3,Co-Ed,10,10,0,8,9,10,10,8,7,8,0,0,0,0,6,7,0,7,0,5,0,10,4,7,9,3,2,0,8,0,0
2016-17,28,Andhra Pradesh,2819,NELLORE,281912,ATMAKUR,2,UPS (I-VIII),3,Local body,Rural,3,Co-Ed,11,11,0,5,8,11,11,9,10,10,0,0,0,0,9,1,0,0,7,6,0,11,10,1,7,0,9,0,4,0,0
2016-17,28,Andhra Pradesh,2819,NELLORE,281912,ATMAKUR,2,UPS (I-VIII),3,Local body,Urban,3,Co-Ed,1,1,0,0,1,1,1,0,1,1,0,0,0,0,1,0,0,0,0,1,0,1,1,1,1,1,1,0,1,0,0
2016-17,28,Andhra Pradesh,2819,NELLORE,281912,ATMAKUR,2,UPS (I-VIII),4,Government Aided,Urban,3,Co-Ed,1,1,0,0,0,1,1,0,0,0,0,0,0,0,1,0,0,0,0,0,0,1,1,0,0,0,0,0,1,0,0
2016-17,28,Andhra Pradesh,2819,NELLORE,281912,ATMAKUR,2,UPS (I-VIII),5,Private Unaided (Recognized),Urban,3,Co-Ed,3,3,0,3,3,3,3,3,3,3,0,0,0,0,3,2,0,0,0,1,0,3,2,1,3,0,0,0,2,0,0
2016-17,28,Andhra Pradesh,2819,NELLORE,281912,ATMAKUR,4,UPS (VI-VIII),5,Private Unaided (Recognized),Urban,3,Co-Ed,1,1,0,1,1,1,1,1,1,1,0,0,0,0,0,0,0,1,0,0,0,1,0,1,1,1,0,0,1,0,0
2016-17,28,Andhra Pradesh,2819,NELLORE,281913,ANUMASAMUDRAMPET,1,PS (I-V),2,Tribal Welfare Department,Rural,3,Co-Ed,1,1,0,0,0,0,1,0,1,1,0,0,0,0,1,0,0,0,0,0,0,1,1,0,0,0,0,0,1,0,0
2016-17,28,Andhra Pradesh,2819,NELLORE,281913,ANUMASAMUDRAMPET,1,PS (I-V),3,Local body,Rural,3,Co-Ed,38,38,0,1,14,23,38,10,31,32,0,0,0,0,9,0,0,0,1,22,0,38,25,3,13,2,10,0,33,0,0
2016-17,28,Andhra Pradesh,2819,NELLORE,281913,ANUMASAMUDRAMPET,1,PS (I-V),5,Private Unaided (Recognized),Rural,3,Co-Ed,1,1,0,0,1,1,1,0,1,1,0,0,0,0,0,1,0,1,0,1,0,1,1,0,1,1,0,0,1,0,0
2016-17,28,Andhra Pradesh,2819,NELLORE,281913,ANUMASAMUDRAMPET,1,PS (I-V),98,Madarsa unrecognized,Rural,3,Co-Ed,1,1,0,0,0,1,1,0,1,1,0,0,0,0,0,0,0,0,0,0,0,1,0,0,0,0,0,0,0,0,0
2016-17,28,Andhra Pradesh,2819,NELLORE,281913,ANUMASAMUDRAMPET,7,SS (VI-X),1,Department of Education,Rural,2,Girls,1,1,0,1,0,1,1,0,1,1,0,0,0,0,1,1,0,1,0,1,0,1,1,1,1,0,0,0,0,0,0
2016-17,28,Andhra Pradesh,2819,NELLORE,281913,ANUMASAMUDRAMPET,7,SS (VI-X),3,Local body,Rural,3,Co-Ed,7,7,0,6,6,6,7,3,6,6,0,0,0,0,4,4,0,2,2,7,0,7,5,3,6,1,4,0,1,0,0
2016-17,28,Andhra Pradesh,2819,NELLORE,281913,ANUMASAMUDRAMPET,7,SS (VI-X),5,Private Unaided (Recognized),Rural,3,Co-Ed,1,1,0,1,1,1,1,0,0,0,0,0,0,0,1,1,0,1,0,1,0,1,0,1,1,1,0,0,1,0,0
2016-17,28,Andhra Pradesh,2819,NELLORE,281913,ANUMASAMUDRAMPET,2,UPS (I-VIII),3,Local body,Rural,3,Co-Ed,10,10,0,4,7,8,10,5,10,10,0,0,0,0,4,0,0,0,0,7,0,10,8,4,7,0,3,0,4,0,0
2016-17,28,Andhra Pradesh,2819,NELLORE,281913,ANUMASAMUDRAMPET,4,UPS (VI-VIII),1,Department of Education,Rural,3,Co-Ed,1,1,0,0,1,1,1,1,1,1,0,0,0,0,1,0,0,0,0,0,0,1,0,0,1,0,0,0,1,0,0
2016-17,28,Andhra Pradesh,2819,NELLORE,281914,DAGADARTHI,1,PS (I-V),3,Local body,Rural,3,Co-Ed,39,39,0,28,20,25,37,12,25,26,0,0,0,0,11,0,0,0,18,24,0,39,34,18,18,0,24,0,36,0,0
2016-17,28,Andhra Pradesh,2819,NELLORE,281914,DAGADARTHI,1,PS (I-V),4,Government Aided,Rural,3,Co-Ed,1,1,0,0,1,1,1,0,0,0,0,0,0,0,0,0,0,0,0,1,0,1,1,1,1,0,0,0,1,0,0
2016-17,28,Andhra Pradesh,2819,NELLORE,281914,DAGADARTHI,1,PS (I-V),5,Private Unaided (Recognized),Rural,3,Co-Ed,1,1,0,1,0,1,1,1,1,1,0,0,0,0,0,0,0,1,0,0,0,1,0,0,1,1,0,0,1,0,0
2016-17,28,Andhra Pradesh,2819,NELLORE,281914,DAGADARTHI,6,SS (I-X),5,Private Unaided (Recognized),Rural,3,Co-Ed,1,1,0,1,1,1,1,1,1,1,0,0,0,0,0,1,0,1,0,1,0,1,0,1,1,1,0,0,0,0,0
2016-17,28,Andhra Pradesh,2819,NELLORE,281914,DAGADARTHI,7,SS (VI-X),3,Local body,Rural,3,Co-Ed,5,5,0,4,3,3,5,5,5,5,0,0,0,0,3,2,0,0,5,5,0,4,4,4,4,1,2,0,3,0,0
2016-17,28,Andhra Pradesh,2819,NELLORE,281914,DAGADARTHI,7,SS (VI-X),5,Private Unaided (Recognized),Rural,3,Co-Ed,1,1,0,1,1,1,1,1,1,1,0,0,0,0,0,1,0,0,0,1,0,1,0,1,1,0,0,0,1,0,0
2016-17,28,Andhra Pradesh,2819,NELLORE,281914,DAGADARTHI,2,UPS (I-VIII),3,Local body,Rural,3,Co-Ed,13,13,0,9,8,10,13,10,12,12,0,0,0,0,1,2,0,0,12,8,0,13,12,3,8,0,10,0,7,0,0
2016-17,28,Andhra Pradesh,2819,NELLORE,281914,DAGADARTHI,2,UPS (I-VIII),5,Private Unaided (Recognized),Rural,3,Co-Ed,2,2,0,2,2,2,2,2,2,2,0,0,0,0,0,0,0,1,0,1,0,2,0,1,2,1,0,0,2,0,0
2016-17,28,Andhra Pradesh,2819,NELLORE,281915,ALLUR,5,HSS (VI-XII),4,Government Aided,Rural,3,Co-Ed,1,1,0,0,1,1,1,1,1,1,0,0,0,0,1,1,0,1,1,1,0,0,1,1,1,1,0,0,0,0,0
2016-17,28,Andhra Pradesh,2819,NELLORE,281915,ALLUR,1,PS (I-V),1,Department of Education,Rural,3,Co-Ed,1,1,0,1,0,1,1,0,1,1,0,0,0,0,1,0,0,0,0,0,0,1,1,0,0,0,0,0,1,0,0
2016-17,28,Andhra Pradesh,2819,NELLORE,281915,ALLUR,1,PS (I-V),2,Tribal Welfare Department,Rural,3,Co-Ed,2,2,0,0,0,2,2,1,1,1,0,0,0,0,0,0,0,0,1,0,0,2,0,1,2,0,0,0,2,0,0
2016-17,28,Andhra Pradesh,2819,NELLORE,281915,ALLUR,1,PS (I-V),3,Local body,Rural,3,Co-Ed,52,52,0,0,30,48,50,25,44,45,0,0,0,0,19,0,0,0,9,23,0,49,47,25,25,0,21,0,45,0,0
2016-17,28,Andhra Pradesh,2819,NELLORE,281915,ALLUR,1,PS (I-V),4,Government Aided,Rural,3,Co-Ed,2,2,0,0,1,2,1,0,1,1,0,0,0,0,0,1,0,0,0,1,0,2,2,2,1,0,0,0,1,0,0
2016-17,28,Andhra Pradesh,2819,NELLORE,281915,ALLUR,1,PS (I-V),5,Private Unaided (Recognized),Rural,3,Co-Ed,4,4,0,2,2,2,4,1,2,2,0,0,0,0,0,1,0,0,0,1,0,4,1,2,4,0,0,0,3,0,0
2016-17,28,Andhra Pradesh,2819,NELLORE,281915,ALLUR,6,SS (I-X),5,Private Unaided (Recognized),Rural,3,Co-Ed,1,1,0,1,1,1,1,1,1,1,0,0,0,0,1,1,0,0,0,1,0,1,0,1,1,0,0,0,1,0,0
2016-17,28,Andhra Pradesh,2819,NELLORE,281915,ALLUR,7,SS (VI-X),3,Local body,Rural,3,Co-Ed,2,2,0,2,1,1,2,2,2,2,0,0,0,0,0,1,0,1,0,2,0,2,2,1,2,0,1,0,1,0,0
2016-17,28,Andhra Pradesh,2819,NELLORE,281915,ALLUR,7,SS (VI-X),5,Private Unaided (Recognized),Rural,3,Co-Ed,2,2,0,1,1,2,2,2,2,2,0,0,0,0,1,1,0,0,0,1,0,2,0,1,1,0,0,0,1,0,0
2016-17,28,Andhra Pradesh,2819,NELLORE,281915,ALLUR,2,UPS (I-VIII),3,Local body,Rural,3,Co-Ed,11,11,0,4,10,11,11,8,11,11,0,0,0,0,7,2,0,0,4,3,0,11,10,7,4,0,5,0,5,0,0
2016-17,28,Andhra Pradesh,2819,NELLORE,281915,ALLUR,2,UPS (I-VIII),4,Government Aided,Rural,3,Co-Ed,2,2,0,0,2,2,2,1,1,1,0,0,0,0,0,2,0,0,1,0,0,2,2,2,2,0,0,0,1,0,0
2016-17,28,Andhra Pradesh,2819,NELLORE,281915,ALLUR,2,UPS (I-VIII),5,Private Unaided (Recognized),Rural,3,Co-Ed,7,7,0,4,6,7,6,5,6,6,0,0,0,0,2,4,0,0,0,3,0,6,3,5,7,0,0,0,3,0,0
2016-17,28,Andhra Pradesh,2819,NELLORE,281916,VIDAVALUR,1,PS (I-V),3,Local body,Rural,3,Co-Ed,52,52,0,0,38,49,52,46,51,52,0,0,0,0,24,2,0,0,15,34,0,48,51,12,32,0,33,0,50,0,0
2016-17,28,Andhra Pradesh,2819,NELLORE,281916,VIDAVALUR,1,PS (I-V),5,Private Unaided (Recognized),Rural,3,Co-Ed,3,3,0,1,2,3,3,3,3,3,0,0,0,0,3,1,0,0,0,2,0,2,1,2,3,0,0,0,0,0,0
2016-17,28,Andhra Pradesh,2819,NELLORE,281916,VIDAVALUR,7,SS (VI-X),3,Local body,Rural,3,Co-Ed,7,7,0,6,6,7,7,6,7,7,0,0,0,0,7,2,0,2,4,6,0,7,7,5,7,3,7,0,4,0,0
2016-17,28,Andhra Pradesh,2819,NELLORE,281916,VIDAVALUR,7,SS (VI-X),5,Private Unaided (Recognized),Rural,3,Co-Ed,1,1,0,1,1,1,1,1,1,1,0,0,0,0,1,1,0,0,0,1,0,1,1,0,1,0,0,0,1,0,0
2016-17,28,Andhra Pradesh,2819,NELLORE,281916,VIDAVALUR,2,UPS (I-VIII),3,Local body,Rural,3,Co-Ed,8,8,0,4,6,7,8,8,8,8,0,0,0,0,3,1,0,0,5,8,0,8,8,2,4,0,8,0,6,0,0
2016-17,28,Andhra Pradesh,2819,NELLORE,281916,VIDAVALUR,2,UPS (I-VIII),5,Private Unaided (Recognized),Rural,3,Co-Ed,5,5,0,3,3,4,5,5,5,5,0,0,0,0,5,3,0,0,0,3,0,5,2,3,4,1,1,0,5,0,0
2016-17,28,Andhra Pradesh,2819,NELLORE,281917,KODAVALUR,3,HSS (I-XII),2,Tribal Welfare Department,Rural,2,Girls,1,1,0,1,1,1,1,0,1,1,0,0,0,0,0,1,0,1,0,1,0,1,1,1,1,0,0,0,1,0,0
2016-17,28,Andhra Pradesh,2819,NELLORE,281917,KODAVALUR,1,PS (I-V),2,Tribal Welfare Department,Rural,1,Boys,1,1,0,1,1,1,1,1,0,1,0,0,0,0,1,0,0,0,0,0,0,1,0,1,1,0,0,0,1,0,0
2016-17,28,Andhra Pradesh,2819,NELLORE,281917,KODAVALUR,1,PS (I-V),3,Local body,Rural,3,Co-Ed,59,58,0,1,43,54,59,35,54,55,0,0,0,0,23,7,0,0,3,19,0,59,56,8,23,0,35,0,44,0,0
2016-17,28,Andhra Pradesh,2819,NELLORE,281917,KODAVALUR,1,PS (I-V),4,Government Aided,Rural,3,Co-Ed,1,1,0,0,0,1,0,0,0,0,0,0,0,0,0,0,0,0,0,0,0,1,1,1,1,0,0,0,1,0,0
2016-17,28,Andhra Pradesh,2819,NELLORE,281917,KODAVALUR,7,SS (VI-X),5,Private Unaided (Recognized),Rural,2,Girls,1,1,0,1,1,1,1,1,1,1,0,0,0,0,1,0,0,1,0,0,0,0,1,1,1,0,0,0,1,0,0
2016-17,28,Andhra Pradesh,2819,NELLORE,281917,KODAVALUR,7,SS (VI-X),3,Local body,Rural,3,Co-Ed,5,5,0,5,5,5,5,5,5,5,0,0,0,0,5,2,0,1,4,5,0,5,4,3,4,0,5,0,3,0,0
2016-17,28,Andhra Pradesh,2819,NELLORE,281917,KODAVALUR,7,SS (VI-X),5,Private Unaided (Recognized),Rural,3,Co-Ed,1,1,0,1,1,1,1,1,1,1,0,0,0,0,1,0,0,1,0,0,0,1,1,1,1,0,0,0,1,0,0
2016-17,28,Andhra Pradesh,2819,NELLORE,281917,KODAVALUR,2,UPS (I-VIII),3,Local body,Rural,3,Co-Ed,12,12,0,4,8,10,12,10,11,11,0,0,0,0,4,1,0,1,1,5,0,12,12,7,6,3,11,0,8,0,0
2016-17,28,Andhra Pradesh,2819,NELLORE,281917,KODAVALUR,2,UPS (I-VIII),4,Government Aided,Rural,3,Co-Ed,1,1,0,0,1,1,0,0,1,1,0,0,0,0,1,1,0,0,0,0,0,1,1,0,1,0,0,0,1,0,0
2016-17,28,Andhra Pradesh,2819,NELLORE,281917,KODAVALUR,2,UPS (I-VIII),5,Private Unaided (Recognized),Rural,3,Co-Ed,7,7,0,7,6,7,7,7,7,7,0,0,0,0,4,7,0,2,0,5,0,7,4,4,6,0,0,0,7,0,0
2016-17,28,Andhra Pradesh,2819,NELLORE,281918,BUCHIREDDIPALEM,1,PS (I-V),2,Tribal Welfare Department,Rural,1,Boys,1,1,0,1,1,1,1,1,0,1,0,0,0,0,1,0,0,0,0,0,0,0,1,1,0,0,0,0,1,0,0
2016-17,28,Andhra Pradesh,2819,NELLORE,281918,BUCHIREDDIPALEM,1,PS (I-V),3,Local body,Rural,3,Co-Ed,50,50,0,0,38,43,50,32,46,48,0,0,0,0,13,4,0,0,13,21,0,50,35,9,20,0,12,0,36,0,0
2016-17,28,Andhra Pradesh,2819,NELLORE,281918,BUCHIREDDIPALEM,1,PS (I-V),4,Government Aided,Rural,3,Co-Ed,4,4,0,0,1,2,1,0,2,2,0,0,0,0,1,0,0,0,0,0,0,4,3,1,2,0,0,0,1,0,0
2016-17,28,Andhra Pradesh,2819,NELLORE,281918,BUCHIREDDIPALEM,1,PS (I-V),5,Private Unaided (Recognized),Rural,3,Co-Ed,8,7,0,7,8,8,7,6,6,6,0,0,0,0,7,7,0,4,0,2,0,8,5,6,7,2,1,0,8,0,0
2016-17,28,Andhra Pradesh,2819,NELLORE,281918,BUCHIREDDIPALEM,1,PS (I-V),98,Madarsa unrecognized,Rural,3,Co-Ed,3,3,0,0,3,3,3,2,3,3,0,0,0,0,2,0,0,0,0,0,0,0,0,0,0,0,0,0,3,0,0
2016-17,28,Andhra Pradesh,2819,NELLORE,281918,BUCHIREDDIPALEM,6,SS (I-X),2,Tribal Welfare Department,Rural,2,Girls,1,1,0,1,1,1,1,0,1,1,0,0,0,0,1,1,0,1,0,1,0,1,1,1,1,1,0,0,0,0,0
2016-17,28,Andhra Pradesh,2819,NELLORE,281918,BUCHIREDDIPALEM,6,SS (I-X),5,Private Unaided (Recognized),Rural,3,Co-Ed,1,1,0,1,1,1,1,1,1,1,0,0,0,0,1,1,0,1,0,0,0,1,0,1,1,1,0,0,1,0,0
2016-17,28,Andhra Pradesh,2819,NELLORE,281918,BUCHIREDDIPALEM,7,SS (VI-X),3,Local body,Rural,2,Girls,1,1,0,1,1,1,1,0,1,1,0,0,0,0,1,0,0,1,0,1,0,1,1,1,1,0,0,0,1,0,0
2016-17,28,Andhra Pradesh,2819,NELLORE,281918,BUCHIREDDIPALEM,7,SS (VI-X),1,Department of Education,Rural,3,Co-Ed,1,1,0,1,1,1,1,1,1,1,0,0,0,0,1,1,0,1,1,1,0,1,1,1,1,0,1,0,1,0,0
2016-17,28,Andhra Pradesh,2819,NELLORE,281918,BUCHIREDDIPALEM,7,SS (VI-X),3,Local body,Rural,3,Co-Ed,4,4,0,4,4,4,4,3,4,4,0,0,0,0,3,3,0,1,3,4,0,3,3,4,4,0,1,0,3,0,0
2016-17,28,Andhra Pradesh,2819,NELLORE,281918,BUCHIREDDIPALEM,7,SS (VI-X),5,Private Unaided (Recognized),Rural,3,Co-Ed,7,6,0,6,7,7,6,6,6,6,0,0,0,0,6,7,0,5,0,3,0,7,5,4,6,3,1,0,6,0,0
2016-17,28,Andhra Pradesh,2819,NELLORE,281918,BUCHIREDDIPALEM,2,UPS (I-VIII),3,Local body,Rural,3,Co-Ed,11,11,0,2,10,11,11,8,9,10,0,0,0,0,5,0,0,0,4,10,0,11,11,0,5,0,5,0,2,0,0
2016-17,28,Andhra Pradesh,2819,NELLORE,281918,BUCHIREDDIPALEM,2,UPS (I-VIII),5,Private Unaided (Recognized),Rural,3,Co-Ed,11,11,0,7,11,11,10,11,11,11,0,0,0,0,11,11,0,6,0,6,0,11,8,4,10,2,1,0,10,0,0
2016-17,28,Andhra Pradesh,2819,NELLORE,281918,BUCHIREDDIPALEM,2,UPS (I-VIII),98,Madarsa unrecognized,Rural,3,Co-Ed,2,2,0,0,2,2,2,2,2,2,0,0,0,0,1,0,0,0,0,0,0,0,0,0,0,0,0,0,1,0,0
2016-17,28,Andhra Pradesh,2819,NELLORE,281919,SANGAM,3,HSS (I-XII),2,Tribal Welfare Department,Rural,2,Girls,1,1,0,1,1,1,1,0,0,0,0,0,0,0,0,1,0,1,0,1,0,1,1,1,1,0,0,0,1,0,0
2016-17,28,Andhra Pradesh,2819,NELLORE,281919,SANGAM,1,PS (I-V),3,Local body,Rural,3,Co-Ed,44,44,0,1,28,38,44,9,14,14,0,0,0,0,7,0,0,0,0,20,0,43,37,14,21,1,21,0,27,0,0
2016-17,28,Andhra Pradesh,2819,NELLORE,281919,SANGAM,1,PS (I-V),5,Private Unaided (Recognized),Rural,3,Co-Ed,6,6,0,1,3,5,5,4,4,4,0,0,0,0,1,3,0,0,0,3,0,3,2,3,5,0,0,0,3,0,0
2016-17,28,Andhra Pradesh,2819,NELLORE,281919,SANGAM,7,SS (VI-X),1,Department of Education,Rural,3,Co-Ed,1,1,0,1,1,1,1,0,0,0,0,0,0,0,0,1,0,1,0,1,0,1,0,1,1,0,0,0,0,0,0
2016-17,28,Andhra Pradesh,2819,NELLORE,281919,SANGAM,7,SS (VI-X),3,Local body,Rural,3,Co-Ed,6,6,0,6,5,6,6,4,5,5,0,0,0,0,2,1,0,2,0,6,0,6,6,5,5,5,5,0,5,0,0
2016-17,28,Andhra Pradesh,2819,NELLORE,281919,SANGAM,7,SS (VI-X),5,Private Unaided (Recognized),Rural,3,Co-Ed,1,1,0,1,0,1,1,0,0,0,0,0,0,0,0,1,0,1,0,1,0,1,1,1,1,1,0,0,1,0,0
2016-17,28,Andhra Pradesh,2819,NELLORE,281919,SANGAM,2,UPS (I-VIII),3,Local body,Rural,3,Co-Ed,6,6,0,3,4,5,6,3,3,3,0,0,0,0,0,0,0,0,0,4,0,4,6,1,4,1,4,0,4,0,0
2016-17,28,Andhra Pradesh,2819,NELLORE,281919,SANGAM,2,UPS (I-VIII),5,Private Unaided (Recognized),Rural,3,Co-Ed,2,2,0,1,1,2,2,1,1,1,0,0,0,0,0,2,0,2,0,1,0,2,1,2,2,1,0,0,1,0,0
2016-17,28,Andhra Pradesh,2819,NELLORE,281920,CHEJERLA,1,PS (I-V),3,Local body,Rural,3,Co-Ed,43,42,0,0,28,34,41,22,36,36,0,0,0,0,19,3,0,0,5,22,0,43,29,15,23,0,6,0,39,0,0
2016-17,28,Andhra Pradesh,2819,NELLORE,281920,CHEJERLA,1,PS (I-V),5,Private Unaided (Recognized),Rural,3,Co-Ed,1,1,0,0,1,1,0,1,1,1,0,0,0,0,0,0,0,0,0,0,0,0,1,1,1,0,0,0,1,0,0
2016-17,28,Andhra Pradesh,2819,NELLORE,281920,CHEJERLA,6,SS (I-X),2,Tribal Welfare Department,Rural,2,Girls,1,0,0,0,1,1,1,0,1,1,0,0,0,0,1,1,0,0,0,1,0,0,1,1,0,0,1,0,1,0,0
2016-17,28,Andhra Pradesh,2819,NELLORE,281920,CHEJERLA,7,SS (VI-X),3,Local body,Rural,3,Co-Ed,6,6,0,4,2,5,6,6,6,6,0,0,0,0,4,4,0,3,1,6,0,6,5,4,5,0,3,0,3,0,0
2016-17,28,Andhra Pradesh,2819,NELLORE,281920,CHEJERLA,7,SS (VI-X),5,Private Unaided (Recognized),Rural,3,Co-Ed,2,2,0,2,2,2,1,2,2,2,0,0,0,0,1,0,0,1,0,0,0,1,1,2,2,1,0,0,2,0,0
2016-17,28,Andhra Pradesh,2819,NELLORE,281920,CHEJERLA,2,UPS (I-VIII),3,Local body,Rural,3,Co-Ed,10,10,0,3,9,9,10,8,10,10,0,0,0,0,6,1,0,0,0,4,0,10,7,3,4,0,4,0,7,0,0
2016-17,28,Andhra Pradesh,2819,NELLORE,281920,CHEJERLA,2,UPS (I-VIII),5,Private Unaided (Recognized),Rural,3,Co-Ed,2,2,0,1,2,2,2,2,2,2,0,0,0,0,2,1,0,2,0,1,0,2,0,2,2,0,0,0,1,0,0
2016-17,28,Andhra Pradesh,2819,NELLORE,281921,ANANTHASAGARAM,1,PS (I-V),3,Local body,Rural,3,Co-Ed,52,52,0,0,26,34,51,46,52,52,0,0,0,0,38,2,0,0,10,27,0,52,49,43,27,1,12,0,29,0,0
2016-17,28,Andhra Pradesh,2819,NELLORE,281921,ANANTHASAGARAM,1,PS (I-V),5,Private Unaided (Recognized),Rural,3,Co-Ed,3,3,0,0,2,3,3,3,3,3,0,0,0,0,3,0,0,1,0,0,0,2,1,1,2,0,0,0,2,0,0
2016-17,28,Andhra Pradesh,2819,NELLORE,281921,ANANTHASAGARAM,1,PS (I-V),6,Other Govt. managed schools,Rural,3,Co-Ed,1,1,0,0,0,1,1,1,1,1,0,0,0,0,1,0,0,0,0,0,0,0,0,0,1,0,0,0,1,0,0
2016-17,28,Andhra Pradesh,2819,NELLORE,281921,ANANTHASAGARAM,6,SS (I-X),2,Tribal Welfare Department,Rural,1,Boys,1,0,0,1,1,1,1,1,0,1,0,0,0,0,1,1,0,1,0,1,0,1,1,1,0,0,0,0,1,0,0
2016-17,28,Andhra Pradesh,2819,NELLORE,281921,ANANTHASAGARAM,7,SS (VI-X),3,Local body,Rural,3,Co-Ed,8,8,0,4,8,8,8,6,8,8,0,0,0,0,6,6,0,1,4,8,0,8,8,8,8,1,3,0,5,0,0
2016-17,28,Andhra Pradesh,2819,NELLORE,281921,ANANTHASAGARAM,7,SS (VI-X),5,Private Unaided (Recognized),Rural,3,Co-Ed,2,2,0,1,2,2,2,2,2,2,0,0,0,0,0,1,0,0,0,1,0,2,1,1,2,0,0,0,1,0,0
2016-17,28,Andhra Pradesh,2819,NELLORE,281921,ANANTHASAGARAM,2,UPS (I-VIII),3,Local body,Rural,3,Co-Ed,9,9,0,4,4,5,9,7,8,8,0,0,0,0,6,0,0,0,4,4,0,9,8,9,3,0,5,0,5,0,0
2016-17,28,Andhra Pradesh,2819,NELLORE,281921,ANANTHASAGARAM,2,UPS (I-VIII),5,Private Unaided (Recognized),Rural,3,Co-Ed,1,1,0,0,1,1,1,1,1,1,0,0,0,0,1,1,0,0,0,0,0,0,0,1,1,0,0,0,0,0,0
2016-17,28,Andhra Pradesh,2819,NELLORE,281922,KALUVOYA,1,PS (I-V),3,Local body,Rural,3,Co-Ed,50,50,0,0,41,42,49,37,46,47,0,0,0,0,8,6,0,0,20,26,0,50,5,22,31,0,38,0,47,0,0
2016-17,28,Andhra Pradesh,2819,NELLORE,281922,KALUVOYA,1,PS (I-V),4,Government Aided,Rural,3,Co-Ed,1,1,0,0,1,1,0,1,1,1,0,0,0,0,0,1,0,0,0,1,0,1,0,0,1,0,0,0,1,0,0
2016-17,28,Andhra Pradesh,2819,NELLORE,281922,KALUVOYA,1,PS (I-V),5,Private Unaided (Recognized),Rural,3,Co-Ed,3,3,0,3,3,3,3,3,3,3,0,0,0,0,0,2,0,2,0,2,0,3,0,3,3,1,1,0,3,0,0
2016-17,28,Andhra Pradesh,2819,NELLORE,281922,KALUVOYA,1,PS (I-V),6,Other Govt. managed schools,Rural,3,Co-Ed,1,1,0,0,1,1,1,0,1,1,0,0,0,0,0,0,0,0,0,0,0,0,0,0,0,0,0,0,1,0,0
2016-17,28,Andhra Pradesh,2819,NELLORE,281922,KALUVOYA,7,SS (VI-X),1,Department of Education,Rural,3,Co-Ed,1,1,0,1,1,1,1,1,1,1,0,0,0,0,1,0,0,0,1,1,0,1,1,1,1,0,0,0,1,0,0
2016-17,28,Andhra Pradesh,2819,NELLORE,281922,KALUVOYA,7,SS (VI-X),3,Local body,Rural,3,Co-Ed,4,4,0,3,3,3,4,4,4,4,0,0,0,0,1,4,0,1,2,4,0,4,1,4,4,0,3,0,4,0,0
2016-17,28,Andhra Pradesh,2819,NELLORE,281922,KALUVOYA,7,SS (VI-X),4,Government Aided,Rural,3,Co-Ed,1,1,0,0,1,1,1,1,1,1,0,0,0,0,0,0,0,0,0,1,0,1,0,1,1,0,0,0,1,0,0
2016-17,28,Andhra Pradesh,2819,NELLORE,281922,KALUVOYA,7,SS (VI-X),5,Private Unaided (Recognized),Rural,3,Co-Ed,4,4,0,2,4,4,4,4,4,4,0,0,0,0,2,3,0,2,0,2,0,4,1,4,4,2,0,0,4,0,0
2016-17,28,Andhra Pradesh,2819,NELLORE,281922,KALUVOYA,2,UPS (I-VIII),3,Local body,Rural,3,Co-Ed,11,11,0,2,10,10,11,10,10,11,0,0,0,0,5,1,0,0,7,9,0,11,1,8,8,0,11,0,2,0,0
2016-17,28,Andhra Pradesh,2819,NELLORE,281922,KALUVOYA,2,UPS (I-VIII),5,Private Unaided (Recognized),Rural,3,Co-Ed,1,1,0,1,1,1,1,1,1,1,0,0,0,0,1,1,0,1,0,1,0,1,0,1,1,0,0,0,1,0,0
2016-17,28,Andhra Pradesh,2819,NELLORE,281922,KALUVOYA,2,UPS (I-VIII),98,Madarsa unrecognized,Rural,3,Co-Ed,1,1,0,0,0,1,1,1,1,1,0,0,0,0,0,0,0,0,0,0,0,0,0,0,0,0,0,0,1,0,0
2016-17,28,Andhra Pradesh,2819,NELLORE,281923,RAPUR,1,PS (I-V),2,Tribal Welfare Department,Rural,2,Girls,1,0,0,0,0,0,0,0,0,0,0,0,0,0,0,0,0,0,0,0,0,0,0,0,0,0,0,0,1,0,0
2016-17,28,Andhra Pradesh,2819,NELLORE,281923,RAPUR,1,PS (I-V),1,Department of Education,Rural,3,Co-Ed,1,1,0,0,1,1,1,1,1,1,0,0,0,0,1,0,0,0,0,1,0,0,1,0,0,0,0,0,0,0,0
2016-17,28,Andhra Pradesh,2819,NELLORE,281923,RAPUR,1,PS (I-V),3,Local body,Rural,3,Co-Ed,58,56,0,0,40,42,55,37,54,55,0,0,0,0,44,8,0,0,7,29,0,57,56,6,29,0,16,0,43,0,0
2016-17,28,Andhra Pradesh,2819,NELLORE,281923,RAPUR,1,PS (I-V),5,Private Unaided (Recognized),Rural,3,Co-Ed,5,5,0,2,5,5,4,5,5,5,0,0,0,0,5,4,0,2,0,4,0,5,3,3,5,1,0,0,3,0,0
2016-17,28,Andhra Pradesh,2819,NELLORE,281923,RAPUR,6,SS (I-X),2,Tribal Welfare Department,Rural,2,Girls,1,1,0,1,1,1,1,0,1,1,0,0,0,0,1,1,0,1,0,1,0,1,1,1,0,0,0,0,1,0,0
2016-17,28,Andhra Pradesh,2819,NELLORE,281923,RAPUR,7,SS (VI-X),1,Department of Education,Rural,2,Girls,1,1,0,1,1,1,1,0,1,1,0,0,0,0,1,1,0,1,0,1,0,1,1,1,1,0,0,0,0,0,0
2016-17,28,Andhra Pradesh,2819,NELLORE,281923,RAPUR,7,SS (VI-X),1,Department of Education,Rural,3,Co-Ed,1,1,0,1,1,1,1,1,1,1,0,0,0,0,1,1,0,0,0,1,0,1,1,1,1,0,1,0,1,0,0
2016-17,28,Andhra Pradesh,2819,NELLORE,281923,RAPUR,7,SS (VI-X),3,Local body,Rural,3,Co-Ed,4,4,0,3,3,3,4,2,4,4,0,0,0,0,4,2,0,1,1,4,0,4,4,4,3,1,2,0,3,0,0
2016-17,28,Andhra Pradesh,2819,NELLORE,281923,RAPUR,7,SS (VI-X),5,Private Unaided (Recognized),Rural,3,Co-Ed,3,3,0,2,3,3,3,3,3,3,0,0,0,0,3,3,0,1,0,3,0,3,2,2,3,0,0,0,1,0,0
2016-17,28,Andhra Pradesh,2819,NELLORE,281923,RAPUR,2,UPS (I-VIII),3,Local body,Rural,3,Co-Ed,13,13,0,4,10,10,13,10,12,12,0,0,0,0,12,1,0,0,2,7,0,13,13,6,4,0,6,0,8,0,0
2016-17,28,Andhra Pradesh,2819,NELLORE,281923,RAPUR,2,UPS (I-VIII),4,Government Aided,Rural,3,Co-Ed,1,1,0,0,1,1,0,1,1,1,0,0,0,0,1,1,0,0,0,1,0,1,1,1,1,0,0,0,1,0,0
2016-17,28,Andhra Pradesh,2819,NELLORE,281923,RAPUR,2,UPS (I-VIII),5,Private Unaided (Recognized),Rural,3,Co-Ed,1,1,0,1,1,1,1,1,1,1,0,0,0,0,1,1,0,0,0,0,0,1,0,1,1,0,0,0,0,0,0
2016-17,28,Andhra Pradesh,2819,NELLORE,281923,RAPUR,4,UPS (VI-VIII),5,Private Unaided (Recognized),Rural,3,Co-Ed,2,2,0,1,2,2,2,2,2,2,0,0,0,0,2,1,0,0,0,1,0,2,1,1,2,0,0,0,2,0,0
2016-17,28,Andhra Pradesh,2819,NELLORE,281924,PODALAKUR,1,PS (I-V),2,Tribal Welfare Department,Rural,3,Co-Ed,2,2,0,0,1,1,2,2,2,2,0,0,0,0,0,0,0,0,1,0,0,2,1,0,0,0,2,0,2,0,0
2016-17,28,Andhra Pradesh,2819,NELLORE,281924,PODALAKUR,1,PS (I-V),3,Local body,Rural,3,Co-Ed,77,76,0,0,39,58,74,60,67,69,0,0,0,0,34,2,0,0,37,47,0,76,56,6,20,0,28,0,65,0,0
2016-17,28,Andhra Pradesh,2819,NELLORE,281924,PODALAKUR,1,PS (I-V),5,Private Unaided (Recognized),Rural,3,Co-Ed,6,6,0,5,4,6,6,6,6,6,0,0,0,0,4,4,0,6,0,5,0,4,3,1,5,2,0,0,3,0,0
2016-17,28,Andhra Pradesh,2819,NELLORE,281924,PODALAKUR,7,SS (VI-X),3,Local body,Rural,2,Girls,1,1,0,1,1,1,1,0,1,1,0,0,0,0,1,0,0,1,1,1,0,1,1,1,0,0,0,0,0,0,0
2016-17,28,Andhra Pradesh,2819,NELLORE,281924,PODALAKUR,7,SS (VI-X),3,Local body,Rural,3,Co-Ed,10,10,0,8,9,9,10,10,9,10,0,0,0,0,9,3,0,2,5,10,0,9,8,9,10,3,4,0,7,0,0
2016-17,28,Andhra Pradesh,2819,NELLORE,281924,PODALAKUR,7,SS (VI-X),5,Private Unaided (Recognized),Rural,3,Co-Ed,6,6,0,4,5,6,6,5,6,6,0,0,0,0,5,4,0,6,0,5,0,6,3,3,6,3,1,0,3,0,0
2016-17,28,Andhra Pradesh,2819,NELLORE,281924,PODALAKUR,2,UPS (I-VIII),3,Local body,Rural,3,Co-Ed,15,15,0,3,9,12,14,11,13,13,0,0,0,0,7,0,0,0,4,10,0,15,11,2,6,0,5,0,5,0,0
2016-17,28,Andhra Pradesh,2819,NELLORE,281924,PODALAKUR,2,UPS (I-VIII),5,Private Unaided (Recognized),Rural,3,Co-Ed,4,4,0,3,4,4,4,2,4,4,0,0,0,0,1,0,0,2,0,1,0,3,1,2,4,1,0,0,3,0,0
2016-17,28,Andhra Pradesh,2819,NELLORE,281925,NELLORE,1,PS (I-V),4,Government Aided,Urban,1,Boys,1,1,0,0,1,1,1,1,0,1,0,0,0,0,0,0,0,0,0,1,0,1,1,0,1,0,0,0,1,0,0
2016-17,28,Andhra Pradesh,2819,NELLORE,281925,NELLORE,1,PS (I-V),2,Tribal Welfare Department,Urban,2,Girls,1,1,0,1,1,1,1,1,1,1,0,0,0,0,0,0,0,0,0,0,0,1,0,1,1,0,0,0,1,0,0
2016-17,28,Andhra Pradesh,2819,NELLORE,281925,NELLORE,1,PS (I-V),4,Government Aided,Urban,2,Girls,1,1,0,0,1,1,1,0,1,1,0,0,0,0,0,1,0,0,0,0,0,1,1,1,1,0,0,0,1,0,0
2016-17,28,Andhra Pradesh,2819,NELLORE,281925,NELLORE,1,PS (I-V),3,Local body,Rural,3,Co-Ed,59,59,0,1,43,48,57,45,55,55,0,0,0,0,28,4,0,0,1,25,0,59,47,19,28,3,22,0,45,0,0
2016-17,28,Andhra Pradesh,2819,NELLORE,281925,NELLORE,1,PS (I-V),4,Government Aided,Rural,3,Co-Ed,1,1,0,0,1,1,1,1,1,1,0,0,0,0,0,0,0,0,0,0,0,1,1,0,0,0,0,0,0,0,0
2016-17,28,Andhra Pradesh,2819,NELLORE,281925,NELLORE,1,PS (I-V),5,Private Unaided (Recognized),Rural,3,Co-Ed,15,15,0,12,12,15,15,15,15,15,0,0,0,0,13,9,0,6,0,4,0,15,4,9,15,4,1,0,13,0,0
2016-17,28,Andhra Pradesh,2819,NELLORE,281925,NELLORE,1,PS (I-V),6,Other Govt. managed schools,Rural,3,Co-Ed,1,1,0,0,1,1,1,1,1,1,0,0,0,0,0,0,0,0,0,0,0,0,0,0,0,0,0,0,1,0,0
2016-17,28,Andhra Pradesh,2819,NELLORE,281925,NELLORE,1,PS (I-V),8,Unrecognized,Rural,3,Co-Ed,1,1,0,0,0,1,1,1,1,1,0,0,0,0,1,1,0,1,0,0,0,0,0,0,1,0,0,0,0,0,0
2016-17,28,Andhra Pradesh,2819,NELLORE,281925,NELLORE,1,PS (I-V),98,Madarsa unrecognized,Rural,3,Co-Ed,1,1,0,0,1,1,1,0,1,1,0,0,0,0,1,0,0,0,0,0,0,0,0,0,0,0,0,0,1,0,0
2016-17,28,Andhra Pradesh,2819,NELLORE,281925,NELLORE,1,PS (I-V),1,Department of Education,Urban,3,Co-Ed,2,2,0,0,1,1,1,2,2,2,0,0,0,0,0,0,0,0,0,2,0,1,2,1,2,0,1,0,2,0,0
2016-17,28,Andhra Pradesh,2819,NELLORE,281925,NELLORE,1,PS (I-V),3,Local body,Urban,3,Co-Ed,74,72,0,4,56,62,70,64,70,70,0,0,0,0,46,9,0,0,0,37,0,72,59,25,39,2,26,0,49,0,0
2016-17,28,Andhra Pradesh,2819,NELLORE,281925,NELLORE,1,PS (I-V),4,Government Aided,Urban,3,Co-Ed,26,26,0,2,23,25,15,11,18,19,0,0,0,0,10,4,0,0,0,6,0,26,20,6,16,0,0,0,20,0,0
2016-17,28,Andhra Pradesh,2819,NELLORE,281925,NELLORE,1,PS (I-V),5,Private Unaided (Recognized),Urban,3,Co-Ed,105,105,0,97,90,103,104,105,105,105,0,0,0,0,92,55,0,50,0,39,0,105,53,61,103,21,6,0,90,0,0
2016-17,28,Andhra Pradesh,2819,NELLORE,281925,NELLORE,1,PS (I-V),6,Other Govt. managed schools,Urban,3,Co-Ed,13,13,0,0,13,13,13,13,13,13,0,0,0,0,0,0,0,0,0,0,0,1,0,0,0,0,0,0,8,0,0
2016-17,28,Andhra Pradesh,2819,NELLORE,281925,NELLORE,1,PS (I-V),98,Madarsa unrecognized,Urban,3,Co-Ed,4,4,0,0,2,4,1,0,3,3,0,0,0,0,3,0,0,0,0,0,0,1,0,0,0,0,0,0,2,0,0
2016-17,28,Andhra Pradesh,2819,NELLORE,281925,NELLORE,6,SS (I-X),1,Department of Education,Urban,1,Boys,1,1,0,1,1,1,1,1,0,1,0,0,0,0,1,1,0,1,0,0,0,1,1,1,0,0,0,0,1,0,0
2016-17,28,Andhra Pradesh,2819,NELLORE,281925,NELLORE,6,SS (I-X),5,Private Unaided (Recognized),Rural,3,Co-Ed,2,2,0,2,2,2,2,2,2,2,0,0,0,0,2,1,0,2,0,1,0,2,1,2,2,2,0,0,2,0,0
2016-17,28,Andhra Pradesh,2819,NELLORE,281925,NELLORE,6,SS (I-X),5,Private Unaided (Recognized),Urban,3,Co-Ed,5,5,0,5,3,5,5,5,5,5,0,0,0,0,5,3,0,5,0,1,0,5,4,2,5,0,1,0,4,0,0
2016-17,28,Andhra Pradesh,2819,NELLORE,281925,NELLORE,6,SS (I-X),98,Madarsa unrecognized,Urban,3,Co-Ed,4,4,0,2,3,4,4,3,4,4,0,0,0,0,1,0,0,0,1,0,0,1,0,2,0,0,0,0,4,0,0
2016-17,28,Andhra Pradesh,2819,NELLORE,281925,NELLORE,8,SS (IX-X),5,Private Unaided (Recognized),Urban,3,Co-Ed,2,2,0,2,2,2,2,2,2,2,0,0,0,0,2,1,0,2,0,1,0,2,2,1,2,1,0,0,2,0,0
2016-17,28,Andhra Pradesh,2819,NELLORE,281925,NELLORE,7,SS (VI-X),5,Private Unaided (Recognized),Rural,1,Boys,1,1,0,1,1,1,1,1,1,1,0,0,0,0,1,0,0,1,0,0,0,1,1,1,1,0,1,0,0,0,0
2016-17,28,Andhra Pradesh,2819,NELLORE,281925,NELLORE,7,SS (VI-X),1,Department of Education,Urban,2,Girls,1,1,0,1,1,1,1,0,1,1,0,0,0,0,0,1,0,0,0,1,0,1,1,1,1,0,0,0,1,0,0
2016-17,28,Andhra Pradesh,2819,NELLORE,281925,NELLORE,7,SS (VI-X),3,Local body,Urban,2,Girls,2,2,0,2,2,2,2,0,2,2,0,0,0,0,0,1,0,2,0,1,0,2,2,1,2,0,0,0,0,0,0
2016-17,28,Andhra Pradesh,2819,NELLORE,281925,NELLORE,7,SS (VI-X),4,Government Aided,Urban,2,Girls,2,2,0,0,2,2,2,0,2,2,0,0,0,0,1,2,0,0,0,0,0,2,2,1,2,0,0,0,1,0,0
2016-17,28,Andhra Pradesh,2819,NELLORE,281925,NELLORE,7,SS (VI-X),3,Local body,Rural,3,Co-Ed,11,9,0,11,7,9,10,10,10,10,0,0,0,0,4,3,0,6,0,7,0,11,9,9,8,4,8,0,8,0,0
2016-17,28,Andhra Pradesh,2819,NELLORE,281925,NELLORE,7,SS (VI-X),5,Private Unaided (Recognized),Rural,3,Co-Ed,14,14,0,13,12,14,13,13,13,13,0,0,0,0,13,9,0,11,0,4,0,13,11,12,13,5,1,0,12,0,0
2016-17,28,Andhra Pradesh,2819,NELLORE,281925,NELLORE,7,SS (VI-X),1,Department of Education,Urban,3,Co-Ed,1,1,0,1,1,1,1,1,1,1,0,0,0,0,1,0,0,0,0,1,0,1,1,1,1,0,1,0,1,0,0
2016-17,28,Andhra Pradesh,2819,NELLORE,281925,NELLORE,7,SS (VI-X),3,Local body,Urban,3,Co-Ed,20,19,0,19,18,20,20,17,18,18,0,0,0,0,7,4,0,10,0,18,0,20,19,13,17,3,9,0,13,0,0
2016-17,28,Andhra Pradesh,2819,NELLORE,281925,NELLORE,7,SS (VI-X),4,Government Aided,Urban,3,Co-Ed,3,3,0,1,2,3,3,3,3,3,0,0,0,0,3,2,0,0,0,1,0,3,3,1,3,1,1,0,1,0,0
2016-17,28,Andhra Pradesh,2819,NELLORE,281925,NELLORE,7,SS (VI-X),5,Private Unaided (Recognized),Urban,3,Co-Ed,122,122,0,112,101,118,117,112,112,112,0,0,0,0,99,59,0,97,0,40,0,118,75,81,117,40,13,0,104,0,0
2016-17,28,Andhra Pradesh,2819,NELLORE,281925,NELLORE,2,UPS (I-VIII),98,Madarsa unrecognized,Urban,2,Girls,1,1,0,0,1,1,1,0,1,1,0,0,0,0,1,0,0,0,0,0,0,1,1,0,1,0,0,0,1,0,0
2016-17,28,Andhra Pradesh,2819,NELLORE,281925,NELLORE,2,UPS (I-VIII),3,Local body,Rural,3,Co-Ed,11,11,0,4,10,10,11,7,10,10,0,0,0,0,5,2,0,0,0,6,0,11,10,5,7,1,6,0,6,0,0
2016-17,28,Andhra Pradesh,2819,NELLORE,281925,NELLORE,2,UPS (I-VIII),5,Private Unaided (Recognized),Rural,3,Co-Ed,9,9,0,9,5,8,8,9,9,9,0,0,0,0,9,4,0,5,0,4,0,9,3,4,8,4,0,0,6,0,0
2016-17,28,Andhra Pradesh,2819,NELLORE,281925,NELLORE,2,UPS (I-VIII),98,Madarsa unrecognized,Rural,3,Co-Ed,2,2,0,0,1,1,2,1,2,2,0,0,0,0,1,0,0,0,1,0,0,0,0,0,0,0,0,0,2,0,0
2016-17,28,Andhra Pradesh,2819,NELLORE,281925,NELLORE,2,UPS (I-VIII),3,Local body,Urban,3,Co-Ed,3,3,0,1,3,3,3,3,3,3,0,0,0,0,1,1,0,0,0,3,0,3,3,1,2,0,2,0,2,0,0
2016-17,28,Andhra Pradesh,2819,NELLORE,281925,NELLORE,2,UPS (I-VIII),4,Government Aided,Urban,3,Co-Ed,7,7,0,0,7,7,5,3,6,6,0,0,0,0,2,2,0,0,0,4,0,5,4,1,6,1,0,0,1,0,0
2016-17,28,Andhra Pradesh,2819,NELLORE,281925,NELLORE,2,UPS (I-VIII),5,Private Unaided (Recognized),Urban,3,Co-Ed,91,91,0,85,69,89,88,86,86,87,0,0,0,0,74,44,0,52,0,32,0,84,43,56,91,13,7,0,74,0,0
2016-17,28,Andhra Pradesh,2819,NELLORE,281925,NELLORE,2,UPS (I-VIII),7,Central Govt,Urban,3,Co-Ed,1,1,0,1,1,1,1,1,1,1,0,0,0,0,1,0,0,1,0,0,0,1,1,1,0,0,1,0,1,0,0
2016-17,28,Andhra Pradesh,2819,NELLORE,281925,NELLORE,2,UPS (I-VIII),98,Madarsa unrecognized,Urban,3,Co-Ed,1,1,0,1,1,1,1,1,1,1,0,0,0,0,1,0,0,0,1,0,0,1,0,1,1,0,0,0,0,0,0
2016-17,28,Andhra Pradesh,2819,NELLORE,281925,NELLORE,4,UPS (VI-VIII),5,Private Unaided (Recognized),Urban,3,Co-Ed,5,5,0,3,4,5,4,5,5,5,0,0,0,0,4,0,0,4,0,0,0,4,3,3,5,3,0,0,5,0,0
2016-17,28,Andhra Pradesh,2819,NELLORE,281926,KOVUR,1,PS (I-V),2,Tribal Welfare Department,Rural,3,Co-Ed,1,1,0,0,0,1,0,0,1,1,0,0,0,0,0,0,0,0,0,1,0,1,1,0,0,0,0,0,1,0,0
2016-17,28,Andhra Pradesh,2819,NELLORE,281926,KOVUR,1,PS (I-V),3,Local body,Rural,3,Co-Ed,42,42,0,1,33,37,42,25,39,40,0,0,0,0,13,2,0,0,0,13,0,42,38,6,18,1,9,0,30,0,0
2016-17,28,Andhra Pradesh,2819,NELLORE,281926,KOVUR,1,PS (I-V),4,Government Aided,Rural,3,Co-Ed,7,7,0,1,3,6,1,0,2,2,0,0,0,0,0,0,0,0,0,2,0,7,3,1,3,0,0,0,5,0,0
2016-17,28,Andhra Pradesh,2819,NELLORE,281926,KOVUR,1,PS (I-V),5,Private Unaided (Recognized),Rural,3,Co-Ed,5,5,0,4,2,5,5,4,5,5,0,0,0,0,2,3,0,1,0,2,0,5,1,2,5,0,0,0,4,0,0
2016-17,28,Andhra Pradesh,2819,NELLORE,281926,KOVUR,8,SS (IX-X),5,Private Unaided (Recognized),Rural,3,Co-Ed,1,1,0,1,1,1,1,1,1,1,0,0,0,0,0,1,0,1,0,0,0,1,0,0,1,0,1,0,1,0,0
2016-17,28,Andhra Pradesh,2819,NELLORE,281926,KOVUR,7,SS (VI-X),3,Local body,Rural,2,Girls,1,1,0,1,1,1,1,0,1,1,0,0,0,0,0,1,0,1,0,1,0,1,1,0,1,0,1,0,0,0,0
2016-17,28,Andhra Pradesh,2819,NELLORE,281926,KOVUR,7,SS (VI-X),1,Department of Education,Rural,3,Co-Ed,1,1,0,1,1,1,1,1,1,1,0,0,0,0,1,1,0,1,0,1,0,1,1,1,0,0,1,0,1,0,0
2016-17,28,Andhra Pradesh,2819,NELLORE,281926,KOVUR,7,SS (VI-X),3,Local body,Rural,3,Co-Ed,4,4,0,4,4,4,4,4,4,4,0,0,0,0,1,3,0,2,0,4,0,4,3,3,4,1,2,0,3,0,0
2016-17,28,Andhra Pradesh,2819,NELLORE,281926,KOVUR,7,SS (VI-X),5,Private Unaided (Recognized),Rural,3,Co-Ed,6,6,0,5,4,6,6,6,6,6,0,0,0,0,4,3,0,3,0,3,0,6,3,4,6,0,2,0,5,0,0
2016-17,28,Andhra Pradesh,2819,NELLORE,281926,KOVUR,2,UPS (I-VIII),3,Local body,Rural,3,Co-Ed,8,8,0,5,8,8,8,5,8,8,0,0,0,0,5,2,0,0,0,4,0,8,8,1,3,1,2,0,4,0,0
2016-17,28,Andhra Pradesh,2819,NELLORE,281926,KOVUR,2,UPS (I-VIII),4,Government Aided,Rural,3,Co-Ed,5,5,0,0,2,4,1,0,4,4,0,0,0,0,0,0,0,0,0,0,0,5,4,1,4,0,0,0,2,0,0
2016-17,28,Andhra Pradesh,2819,NELLORE,281926,KOVUR,2,UPS (I-VIII),5,Private Unaided (Recognized),Rural,3,Co-Ed,12,12,0,11,11,12,12,9,9,9,0,0,0,0,5,6,0,0,0,5,0,12,4,9,12,0,1,0,9,0,0
2016-17,28,Andhra Pradesh,2819,NELLORE,281927,INDUKURPET,1,PS (I-V),2,Tribal Welfare Department,Rural,1,Boys,1,1,0,0,1,1,0,1,0,1,0,0,0,0,0,0,0,0,0,0,0,1,1,0,0,0,0,0,1,0,0
2016-17,28,Andhra Pradesh,2819,NELLORE,281927,INDUKURPET,1,PS (I-V),1,Department of Education,Rural,3,Co-Ed,2,2,0,0,1,2,2,2,2,2,0,0,0,0,2,0,0,0,0,1,0,2,1,0,1,0,0,0,2,0,0
2016-17,28,Andhra Pradesh,2819,NELLORE,281927,INDUKURPET,1,PS (I-V),2,Tribal Welfare Department,Rural,3,Co-Ed,3,3,0,0,3,3,3,3,3,3,0,0,0,0,3,0,0,0,0,1,0,3,3,1,0,0,2,0,3,0,0
2016-17,28,Andhra Pradesh,2819,NELLORE,281927,INDUKURPET,1,PS (I-V),3,Local body,Rural,3,Co-Ed,55,55,0,1,42,47,54,50,55,55,0,0,0,0,41,7,0,0,2,19,0,52,46,10,20,1,33,0,40,0,0
2016-17,28,Andhra Pradesh,2819,NELLORE,281927,INDUKURPET,1,PS (I-V),5,Private Unaided (Recognized),Rural,3,Co-Ed,1,1,0,1,0,1,1,1,1,1,0,0,0,0,1,0,0,0,0,0,0,1,0,0,1,0,0,0,1,0,0
2016-17,28,Andhra Pradesh,2819,NELLORE,281927,INDUKURPET,1,PS (I-V),6,Other Govt. managed schools,Rural,3,Co-Ed,1,1,0,0,0,1,0,0,0,0,0,0,0,0,0,0,0,0,0,0,0,1,1,0,1,0,0,0,1,0,0
2016-17,28,Andhra Pradesh,2819,NELLORE,281927,INDUKURPET,6,SS (I-X),5,Private Unaided (Recognized),Rural,3,Co-Ed,1,1,0,1,1,1,1,1,1,1,0,0,0,0,1,1,0,1,0,1,0,1,1,1,1,0,0,0,1,0,0
2016-17,28,Andhra Pradesh,2819,NELLORE,281927,INDUKURPET,7,SS (VI-X),3,Local body,Rural,2,Girls,1,1,0,1,1,1,1,0,1,1,0,0,0,0,0,1,0,0,0,0,0,1,1,1,0,0,1,0,0,0,0
2016-17,28,Andhra Pradesh,2819,NELLORE,281927,INDUKURPET,7,SS (VI-X),1,Department of Education,Rural,3,Co-Ed,2,2,0,1,2,2,2,2,2,2,0,0,0,0,1,2,0,1,2,2,0,2,1,2,2,0,0,0,0,0,0
2016-17,28,Andhra Pradesh,2819,NELLORE,281927,INDUKURPET,7,SS (VI-X),3,Local body,Rural,3,Co-Ed,6,6,0,6,6,6,6,6,6,6,0,0,0,0,4,3,0,2,3,6,0,6,5,4,6,1,4,0,3,0,0
2016-17,28,Andhra Pradesh,2819,NELLORE,281927,INDUKURPET,7,SS (VI-X),4,Government Aided,Rural,3,Co-Ed,1,1,0,0,1,1,1,0,1,1,0,0,0,0,1,1,0,0,0,1,0,1,1,1,1,1,0,0,1,0,0
2016-17,28,Andhra Pradesh,2819,NELLORE,281927,INDUKURPET,7,SS (VI-X),5,Private Unaided (Recognized),Rural,3,Co-Ed,2,2,0,2,2,2,2,2,2,2,0,0,0,0,1,1,0,0,0,1,0,2,1,2,2,0,1,0,1,0,0
2016-17,28,Andhra Pradesh,2819,NELLORE,281927,INDUKURPET,2,UPS (I-VIII),3,Local body,Rural,3,Co-Ed,6,6,0,2,4,5,6,6,6,6,0,0,0,0,4,0,0,0,1,5,0,6,6,1,2,0,6,0,2,0,0
2016-17,28,Andhra Pradesh,2819,NELLORE,281927,INDUKURPET,2,UPS (I-VIII),4,Government Aided,Rural,3,Co-Ed,1,1,0,0,1,1,0,1,1,1,0,0,0,0,1,1,0,0,0,1,0,1,1,0,1,0,0,0,0,0,0
2016-17,28,Andhra Pradesh,2819,NELLORE,281927,INDUKURPET,2,UPS (I-VIII),5,Private Unaided (Recognized),Rural,3,Co-Ed,7,7,0,6,7,7,7,7,7,7,0,0,0,0,7,6,0,1,0,4,0,6,5,6,6,1,1,0,7,0,0
2016-17,28,Andhra Pradesh,2819,NELLORE,281928,THOTAPALLIGUDUR,3,HSS (I-XII),2,Tribal Welfare Department,Rural,2,Girls,1,1,0,1,1,1,1,0,1,1,0,0,0,0,1,1,0,1,0,1,0,1,1,0,1,0,0,0,1,0,0
2016-17,28,Andhra Pradesh,2819,NELLORE,281928,THOTAPALLIGUDUR,11,HSS (XI-XII),5,Private Unaided (Recognized),Rural,3,Co-Ed,1,1,0,1,1,1,1,0,0,0,0,0,0,0,1,0,0,0,0,0,0,1,1,1,1,0,0,0,1,0,0
2016-17,28,Andhra Pradesh,2819,NELLORE,281928,THOTAPALLIGUDUR,1,PS (I-V),3,Local body,Rural,3,Co-Ed,55,55,0,1,34,36,54,28,44,46,0,0,0,0,16,3,0,0,4,20,0,55,55,6,17,0,17,0,37,0,0
2016-17,28,Andhra Pradesh,2819,NELLORE,281928,THOTAPALLIGUDUR,7,SS (VI-X),1,Department of Education,Rural,3,Co-Ed,1,1,0,1,1,1,1,1,1,1,0,0,0,0,0,0,0,1,0,0,0,1,1,0,0,1,1,0,0,0,0
2016-17,28,Andhra Pradesh,2819,NELLORE,281928,THOTAPALLIGUDUR,7,SS (VI-X),3,Local body,Rural,3,Co-Ed,4,4,0,4,4,4,4,3,4,4,0,0,0,0,2,1,0,0,1,4,0,4,4,3,4,2,4,0,4,0,0
2016-17,28,Andhra Pradesh,2819,NELLORE,281928,THOTAPALLIGUDUR,7,SS (VI-X),5,Private Unaided (Recognized),Rural,3,Co-Ed,4,4,0,4,4,4,4,3,3,3,0,0,0,0,4,2,0,2,0,1,0,4,4,4,4,1,2,0,4,0,0
2016-17,28,Andhra Pradesh,2819,NELLORE,281928,THOTAPALLIGUDUR,2,UPS (I-VIII),3,Local body,Rural,3,Co-Ed,8,8,0,3,6,7,8,6,8,8,0,0,0,0,2,0,0,0,3,4,0,8,8,4,6,0,6,0,5,0,0
2016-17,28,Andhra Pradesh,2819,NELLORE,281928,THOTAPALLIGUDUR,2,UPS (I-VIII),5,Private Unaided (Recognized),Rural,3,Co-Ed,4,4,0,4,3,3,4,2,2,2,0,0,0,0,4,4,0,0,0,4,0,4,3,3,4,0,0,0,4,0,0
2016-17,28,Andhra Pradesh,2819,NELLORE,281929,MUTHUKUR,3,HSS (I-XII),2,Tribal Welfare Department,Rural,2,Girls,1,1,0,1,1,1,1,0,1,1,0,0,0,0,1,1,0,1,0,1,0,1,1,1,1,0,0,0,0,0,0
2016-17,28,Andhra Pradesh,2819,NELLORE,281929,MUTHUKUR,1,PS (I-V),3,Local body,Rural,3,Co-Ed,57,57,0,1,28,39,55,36,49,50,0,0,0,0,24,1,0,0,13,36,0,57,48,5,31,0,42,0,35,0,0
2016-17,28,Andhra Pradesh,2819,NELLORE,281929,MUTHUKUR,1,PS (I-V),5,Private Unaided (Recognized),Rural,3,Co-Ed,4,4,0,2,3,4,3,3,3,3,0,0,0,0,1,2,0,0,0,2,0,3,0,2,4,0,1,0,3,0,0
2016-17,28,Andhra Pradesh,2819,NELLORE,281929,MUTHUKUR,6,SS (I-X),5,Private Unaided (Recognized),Rural,3,Co-Ed,2,2,0,2,2,2,2,2,2,2,0,0,0,0,2,1,0,1,0,1,0,2,2,2,2,2,0,0,2,0,0
2016-17,28,Andhra Pradesh,2819,NELLORE,281929,MUTHUKUR,7,SS (VI-X),3,Local body,Rural,3,Co-Ed,6,6,0,6,4,4,6,5,6,6,0,0,0,0,2,1,0,1,2,5,0,6,4,5,5,1,2,0,2,0,0
2016-17,28,Andhra Pradesh,2819,NELLORE,281929,MUTHUKUR,7,SS (VI-X),5,Private Unaided (Recognized),Rural,3,Co-Ed,4,4,0,3,3,4,4,3,3,3,0,0,0,0,1,2,0,3,0,2,0,4,2,3,4,3,0,0,4,0,0
2016-17,28,Andhra Pradesh,2819,NELLORE,281929,MUTHUKUR,2,UPS (I-VIII),3,Local body,Rural,3,Co-Ed,8,8,0,3,7,8,8,8,7,8,0,0,0,0,5,0,0,0,2,5,0,8,8,3,3,0,4,0,3,0,0
2016-17,28,Andhra Pradesh,2819,NELLORE,281929,MUTHUKUR,2,UPS (I-VIII),4,Government Aided,Rural,3,Co-Ed,1,1,0,0,1,1,0,1,1,1,0,0,0,0,0,1,0,0,0,1,0,1,1,0,1,0,0,0,1,0,0
2016-17,28,Andhra Pradesh,2819,NELLORE,281929,MUTHUKUR,2,UPS (I-VIII),5,Private Unaided (Recognized),Rural,3,Co-Ed,4,4,0,3,4,4,4,4,4,4,0,0,0,0,4,3,0,1,0,4,0,4,0,2,3,0,0,0,4,0,0
2016-17,28,Andhra Pradesh,2819,NELLORE,281929,MUTHUKUR,4,UPS (VI-VIII),5,Private Unaided (Recognized),Rural,3,Co-Ed,1,1,0,0,0,1,1,0,0,0,0,0,0,0,0,0,0,0,0,0,0,1,1,0,1,0,0,0,1,0,0
2016-17,28,Andhra Pradesh,2819,NELLORE,281930,VENKATACHALAM,1,PS (I-V),2,Tribal Welfare Department,Rural,1,Boys,1,1,0,0,0,1,0,1,0,1,0,0,0,0,0,0,0,0,0,0,0,0,0,0,1,0,0,0,1,0,0
2016-17,28,Andhra Pradesh,2819,NELLORE,281930,VENKATACHALAM,1,PS (I-V),1,Department of Education,Rural,3,Co-Ed,1,1,0,0,1,1,1,1,1,1,0,0,0,0,0,0,0,0,0,1,0,1,0,0,1,0,0,0,1,0,0
2016-17,28,Andhra Pradesh,2819,NELLORE,281930,VENKATACHALAM,1,PS (I-V),3,Local body,Rural,3,Co-Ed,64,64,0,0,27,43,59,41,54,60,0,0,0,0,7,5,0,0,6,47,0,64,49,12,40,0,16,0,53,0,0
2016-17,28,Andhra Pradesh,2819,NELLORE,281930,VENKATACHALAM,1,PS (I-V),4,Government Aided,Rural,3,Co-Ed,1,1,0,0,1,1,1,1,1,1,0,0,0,0,0,1,0,0,1,1,0,1,1,0,1,0,1,0,1,0,0
2016-17,28,Andhra Pradesh,2819,NELLORE,281930,VENKATACHALAM,1,PS (I-V),5,Private Unaided (Recognized),Rural,3,Co-Ed,4,4,0,4,4,4,3,4,4,4,0,0,0,0,3,2,0,0,0,2,0,4,2,4,4,0,0,0,3,0,0
2016-17,28,Andhra Pradesh,2819,NELLORE,281930,VENKATACHALAM,1,PS (I-V),6,Other Govt. managed schools,Rural,3,Co-Ed,1,1,0,0,1,1,1,1,1,1,0,0,0,0,0,0,0,0,0,0,0,1,1,0,0,0,0,0,1,0,0
2016-17,28,Andhra Pradesh,2819,NELLORE,281930,VENKATACHALAM,6,SS (I-X),2,Tribal Welfare Department,Rural,2,Girls,1,1,0,0,1,1,1,0,1,1,0,0,0,0,1,0,0,0,0,1,0,1,1,0,1,0,0,0,1,0,0
2016-17,28,Andhra Pradesh,2819,NELLORE,281930,VENKATACHALAM,6,SS (I-X),5,Private Unaided (Recognized),Rural,3,Co-Ed,2,2,0,2,2,2,2,2,2,2,0,0,0,0,0,2,0,1,0,2,0,2,0,1,2,1,1,0,2,0,0
2016-17,28,Andhra Pradesh,2819,NELLORE,281930,VENKATACHALAM,7,SS (VI-X),3,Local body,Rural,3,Co-Ed,8,8,0,8,5,7,8,7,7,7,0,0,0,0,2,2,0,4,0,6,0,8,8,8,8,2,2,0,7,0,0
2016-17,28,Andhra Pradesh,2819,NELLORE,281930,VENKATACHALAM,7,SS (VI-X),5,Private Unaided (Recognized),Rural,3,Co-Ed,4,4,0,2,3,4,4,3,3,3,0,0,0,0,2,1,0,1,0,1,0,4,4,2,4,1,0,0,4,0,0
2016-17,28,Andhra Pradesh,2819,NELLORE,281930,VENKATACHALAM,2,UPS (I-VIII),1,Department of Education,Rural,2,Girls,1,1,0,0,1,1,1,0,1,1,0,0,0,0,1,0,0,0,0,1,0,0,1,0,1,0,0,0,1,0,0
2016-17,28,Andhra Pradesh,2819,NELLORE,281930,VENKATACHALAM,2,UPS (I-VIII),3,Local body,Rural,3,Co-Ed,8,8,0,3,5,6,8,5,6,6,0,0,0,0,1,1,0,0,4,5,0,8,7,3,5,0,4,0,3,0,0
2016-17,28,Andhra Pradesh,2819,NELLORE,281930,VENKATACHALAM,2,UPS (I-VIII),5,Private Unaided (Recognized),Rural,3,Co-Ed,6,6,0,5,5,6,6,6,6,6,0,0,0,0,3,5,0,4,0,6,0,5,2,4,6,2,1,0,6,0,0
2016-17,28,Andhra Pradesh,2819,NELLORE,281931,MANUBOLU,1,PS (I-V),2,Tribal Welfare Department,Rural,3,Co-Ed,1,1,0,0,0,1,1,0,0,0,0,0,0,0,0,0,0,0,0,0,0,1,0,0,0,0,0,0,1,0,0
2016-17,28,Andhra Pradesh,2819,NELLORE,281931,MANUBOLU,1,PS (I-V),3,Local body,Rural,3,Co-Ed,35,35,0,0,20,24,32,19,27,27,0,0,0,0,7,2,0,0,8,15,0,35,30,10,9,0,10,0,30,0,0
2016-17,28,Andhra Pradesh,2819,NELLORE,281931,MANUBOLU,1,PS (I-V),5,Private Unaided (Recognized),Rural,3,Co-Ed,3,3,0,3,3,3,3,3,3,3,0,0,0,0,2,2,0,1,0,2,0,3,1,0,3,0,0,0,2,0,0
2016-17,28,Andhra Pradesh,2819,NELLORE,281931,MANUBOLU,7,SS (VI-X),3,Local body,Rural,2,Girls,1,1,0,1,1,1,1,0,1,1,0,0,0,0,1,0,0,0,0,1,0,1,1,1,1,0,1,0,1,0,0
2016-17,28,Andhra Pradesh,2819,NELLORE,281931,MANUBOLU,7,SS (VI-X),3,Local body,Rural,3,Co-Ed,4,4,0,4,4,4,4,3,4,4,0,0,0,0,2,2,0,2,1,4,0,4,4,3,4,1,0,0,3,0,0
2016-17,28,Andhra Pradesh,2819,NELLORE,281931,MANUBOLU,7,SS (VI-X),5,Private Unaided (Recognized),Rural,3,Co-Ed,1,1,0,1,1,1,1,1,1,1,0,0,0,0,1,1,0,1,0,1,0,1,0,1,1,1,0,0,1,0,0
2016-17,28,Andhra Pradesh,2819,NELLORE,281931,MANUBOLU,2,UPS (I-VIII),3,Local body,Rural,3,Co-Ed,11,11,0,2,7,9,11,5,10,10,0,0,0,0,1,3,0,0,1,4,0,11,10,5,4,0,2,0,5,0,0
2016-17,28,Andhra Pradesh,2819,NELLORE,281931,MANUBOLU,2,UPS (I-VIII),5,Private Unaided (Recognized),Rural,3,Co-Ed,1,1,0,1,1,1,1,1,1,1,0,0,0,0,0,1,0,0,0,1,0,1,0,1,1,0,0,0,1,0,0
2016-17,28,Andhra Pradesh,2819,NELLORE,281932,GUDUR,1,PS (I-V),2,Tribal Welfare Department,Urban,1,Boys,1,1,0,0,1,1,0,0,0,0,0,0,0,0,0,0,0,0,0,0,0,0,0,0,1,0,0,0,1,0,0
2016-17,28,Andhra Pradesh,2819,NELLORE,281932,GUDUR,1,PS (I-V),2,Tribal Welfare Department,Rural,2,Girls,1,1,0,1,1,1,1,0,1,1,0,0,0,0,1,1,0,0,0,1,0,0,1,0,1,0,0,0,1,0,0
2016-17,28,Andhra Pradesh,2819,NELLORE,281932,GUDUR,1,PS (I-V),2,Tribal Welfare Department,Urban,2,Girls,1,1,0,0,1,1,1,0,0,0,0,0,0,0,0,0,0,0,0,0,0,0,0,0,0,0,0,0,1,0,0
2016-17,28,Andhra Pradesh,2819,NELLORE,281932,GUDUR,1,PS (I-V),2,Tribal Welfare Department,Rural,3,Co-Ed,1,1,0,0,0,0,1,0,1,1,0,0,0,0,1,0,0,0,0,0,0,1,1,1,0,0,0,0,1,0,0
2016-17,28,Andhra Pradesh,2819,NELLORE,281932,GUDUR,1,PS (I-V),3,Local body,Rural,3,Co-Ed,42,42,0,0,30,30,40,21,38,38,0,0,0,0,15,5,0,0,11,23,0,41,37,9,18,1,16,0,36,0,0
2016-17,28,Andhra Pradesh,2819,NELLORE,281932,GUDUR,1,PS (I-V),5,Private Unaided (Recognized),Rural,3,Co-Ed,5,5,0,4,5,5,5,5,5,5,0,0,0,0,2,3,0,3,0,3,0,5,1,4,5,0,0,0,4,0,0
2016-17,28,Andhra Pradesh,2819,NELLORE,281932,GUDUR,1,PS (I-V),3,Local body,Urban,3,Co-Ed,16,16,0,0,9,12,16,9,16,16,0,0,0,0,7,3,0,0,6,6,0,14,12,5,8,0,3,0,10,0,0
2016-17,28,Andhra Pradesh,2819,NELLORE,281932,GUDUR,1,PS (I-V),4,Government Aided,Urban,3,Co-Ed,2,2,0,0,0,0,0,0,0,0,0,0,0,0,0,0,0,0,0,0,0,2,1,1,1,0,0,0,1,0,0
2016-17,28,Andhra Pradesh,2819,NELLORE,281932,GUDUR,1,PS (I-V),5,Private Unaided (Recognized),Urban,3,Co-Ed,12,12,0,11,11,12,11,10,10,10,0,0,0,0,2,7,0,7,0,6,0,12,4,7,10,6,2,0,10,0,0
2016-17,28,Andhra Pradesh,2819,NELLORE,281932,GUDUR,6,SS (I-X),5,Private Unaided (Recognized),Urban,3,Co-Ed,1,1,0,1,1,1,1,1,1,1,0,0,0,0,1,1,0,1,0,1,0,1,0,1,1,0,0,0,0,0,0
2016-17,28,Andhra Pradesh,2819,NELLORE,281932,GUDUR,7,SS (VI-X),3,Local body,Rural,2,Girls,1,1,0,1,0,1,1,0,1,1,0,0,0,0,0,1,0,0,0,1,0,1,1,1,1,0,1,0,1,0,0
2016-17,28,Andhra Pradesh,2819,NELLORE,281932,GUDUR,7,SS (VI-X),3,Local body,Urban,2,Girls,1,1,0,1,1,1,1,0,1,1,0,0,0,0,1,1,0,0,0,1,0,1,1,0,0,0,0,0,1,0,0
2016-17,28,Andhra Pradesh,2819,NELLORE,281932,GUDUR,7,SS (VI-X),4,Government Aided,Urban,2,Girls,1,1,0,0,0,0,0,0,0,0,0,0,0,0,0,1,0,0,0,1,0,1,1,1,1,0,0,0,1,0,0
2016-17,28,Andhra Pradesh,2819,NELLORE,281932,GUDUR,7,SS (VI-X),3,Local body,Rural,3,Co-Ed,6,6,0,6,6,6,6,4,5,6,0,0,0,0,5,2,0,4,1,6,0,5,6,4,6,1,3,0,6,0,0
2016-17,28,Andhra Pradesh,2819,NELLORE,281932,GUDUR,7,SS (VI-X),5,Private Unaided (Recognized),Rural,3,Co-Ed,4,4,0,4,4,4,4,4,4,4,0,0,0,0,2,3,0,4,0,3,0,4,0,3,4,2,0,0,4,0,0
2016-17,28,Andhra Pradesh,2819,NELLORE,281932,GUDUR,7,SS (VI-X),3,Local body,Urban,3,Co-Ed,3,3,0,2,3,3,3,3,2,3,0,0,0,0,2,3,0,3,1,3,0,3,2,3,3,0,0,0,3,0,0
2016-17,28,Andhra Pradesh,2819,NELLORE,281932,GUDUR,7,SS (VI-X),5,Private Unaided (Recognized),Urban,3,Co-Ed,11,11,0,11,10,11,11,11,11,11,0,0,0,0,4,7,0,9,0,7,0,11,5,6,10,5,1,0,10,0,0
2016-17,28,Andhra Pradesh,2819,NELLORE,281932,GUDUR,2,UPS (I-VIII),3,Local body,Rural,3,Co-Ed,13,13,0,1,8,11,13,4,10,10,0,0,0,0,3,1,0,0,5,7,0,13,12,4,0,1,9,0,12,0,0
2016-17,28,Andhra Pradesh,2819,NELLORE,281932,GUDUR,2,UPS (I-VIII),5,Private Unaided (Recognized),Rural,3,Co-Ed,5,5,0,3,4,4,4,5,5,5,0,0,0,0,1,3,0,2,0,3,0,5,2,1,5,3,0,0,4,0,0
2016-17,28,Andhra Pradesh,2819,NELLORE,281932,GUDUR,2,UPS (I-VIII),6,Other Govt. managed schools,Rural,3,Co-Ed,1,1,0,0,0,1,0,0,0,0,0,0,0,0,0,0,0,0,0,0,0,0,0,0,0,0,0,0,1,0,0
2016-17,28,Andhra Pradesh,2819,NELLORE,281932,GUDUR,2,UPS (I-VIII),4,Government Aided,Urban,3,Co-Ed,2,2,0,0,2,2,0,1,2,2,0,0,0,0,1,2,0,0,0,2,0,2,2,2,1,0,0,0,2,0,0
2016-17,28,Andhra Pradesh,2819,NELLORE,281932,GUDUR,2,UPS (I-VIII),5,Private Unaided (Recognized),Urban,3,Co-Ed,5,5,0,4,5,5,5,5,5,5,0,0,0,0,3,2,0,0,0,2,0,5,1,3,4,1,1,0,2,0,0
2016-17,28,Andhra Pradesh,2819,NELLORE,281933,SAIDAPURAM,1,PS (I-V),2,Tribal Welfare Department,Rural,3,Co-Ed,3,3,0,0,2,3,3,2,3,3,0,0,0,0,0,0,0,0,0,1,0,3,3,1,0,0,0,0,2,0,0
2016-17,28,Andhra Pradesh,2819,NELLORE,281933,SAIDAPURAM,1,PS (I-V),3,Local body,Rural,3,Co-Ed,68,68,0,0,57,59,64,45,65,65,0,0,0,0,11,0,0,0,38,34,0,68,63,5,30,0,9,0,39,0,0
2016-17,28,Andhra Pradesh,2819,NELLORE,281933,SAIDAPURAM,1,PS (I-V),7,Central Govt,Rural,3,Co-Ed,1,1,0,0,1,1,1,0,1,1,0,0,0,0,0,0,0,0,0,1,0,1,1,0,1,0,0,0,1,0,0
2016-17,28,Andhra Pradesh,2819,NELLORE,281933,SAIDAPURAM,7,SS (VI-X),3,Local body,Rural,3,Co-Ed,7,7,0,5,6,7,7,5,6,6,0,0,0,0,3,4,0,0,4,7,0,7,7,7,5,1,3,0,5,0,0
2016-17,28,Andhra Pradesh,2819,NELLORE,281933,SAIDAPURAM,7,SS (VI-X),5,Private Unaided (Recognized),Rural,3,Co-Ed,1,1,0,0,1,1,1,1,1,1,0,0,0,0,0,1,0,1,0,1,0,1,0,0,1,1,0,0,0,0,0
2016-17,28,Andhra Pradesh,2819,NELLORE,281933,SAIDAPURAM,7,SS (VI-X),7,Central Govt,Rural,3,Co-Ed,2,2,0,0,2,2,2,0,1,1,0,0,0,0,1,2,0,0,0,2,0,2,2,0,2,0,0,0,1,0,0
2016-17,28,Andhra Pradesh,2819,NELLORE,281933,SAIDAPURAM,2,UPS (I-VIII),3,Local body,Rural,3,Co-Ed,9,9,0,1,7,7,8,7,7,8,0,0,0,0,2,0,0,0,7,5,0,9,9,2,7,0,1,0,3,0,0
2016-17,28,Andhra Pradesh,2819,NELLORE,281933,SAIDAPURAM,2,UPS (I-VIII),5,Private Unaided (Recognized),Rural,3,Co-Ed,1,1,0,1,1,1,1,1,1,1,0,0,0,0,1,1,0,0,0,1,0,1,0,1,1,0,0,0,0,0,0
2016-17,28,Andhra Pradesh,2819,NELLORE,281934,DAKKILI,3,HSS (I-XII),2,Tribal Welfare Department,Rural,2,Girls,1,1,0,1,1,1,1,0,1,1,0,0,0,0,0,1,0,1,0,1,0,1,1,1,1,0,1,0,1,0,0
2016-17,28,Andhra Pradesh,2819,NELLORE,281934,DAKKILI,1,PS (I-V),3,Local body,Rural,3,Co-Ed,55,55,0,0,38,44,50,21,41,41,0,0,0,0,16,5,0,0,3,29,0,40,39,15,19,2,16,0,52,0,0
2016-17,28,Andhra Pradesh,2819,NELLORE,281934,DAKKILI,1,PS (I-V),5,Private Unaided (Recognized),Rural,3,Co-Ed,2,2,0,2,2,2,2,1,2,2,0,0,0,0,0,2,0,0,0,2,0,2,0,0,2,0,0,0,1,0,0
2016-17,28,Andhra Pradesh,2819,NELLORE,281934,DAKKILI,7,SS (VI-X),3,Local body,Rural,3,Co-Ed,6,6,0,6,6,6,6,4,6,6,0,0,0,0,5,2,0,3,4,5,0,5,5,6,4,1,2,0,4,0,0
2016-17,28,Andhra Pradesh,2819,NELLORE,281934,DAKKILI,2,UPS (I-VIII),3,Local body,Rural,3,Co-Ed,11,11,0,2,9,9,11,9,10,10,0,0,0,0,4,2,0,0,1,10,0,9,5,2,4,1,6,0,8,0,0
2016-17,28,Andhra Pradesh,2819,NELLORE,281935,VENKATAGIRI,1,PS (I-V),2,Tribal Welfare Department,Urban,2,Girls,1,1,0,0,1,1,1,0,1,1,0,0,0,0,1,0,0,0,0,0,0,1,1,1,0,0,0,0,1,0,0
2016-17,28,Andhra Pradesh,2819,NELLORE,281935,VENKATAGIRI,1,PS (I-V),3,Local body,Rural,3,Co-Ed,57,57,0,1,41,45,54,29,46,49,0,0,0,0,12,3,0,0,13,26,0,56,48,20,29,1,16,0,53,0,0
2016-17,28,Andhra Pradesh,2819,NELLORE,281935,VENKATAGIRI,1,PS (I-V),5,Private Unaided (Recognized),Rural,3,Co-Ed,1,1,0,0,0,1,1,1,1,1,0,0,0,0,0,1,0,0,1,0,0,1,0,1,1,0,0,0,1,0,0
2016-17,28,Andhra Pradesh,2819,NELLORE,281935,VENKATAGIRI,1,PS (I-V),3,Local body,Urban,3,Co-Ed,28,28,0,3,15,17,28,18,20,22,0,0,0,0,8,3,0,0,3,12,0,28,22,6,14,0,6,0,26,0,0
2016-17,28,Andhra Pradesh,2819,NELLORE,281935,VENKATAGIRI,1,PS (I-V),4,Government Aided,Urban,3,Co-Ed,1,1,0,0,0,1,1,0,0,0,0,0,0,0,0,1,0,0,0,0,0,1,1,0,1,0,0,0,1,0,0
2016-17,28,Andhra Pradesh,2819,NELLORE,281935,VENKATAGIRI,1,PS (I-V),5,Private Unaided (Recognized),Urban,3,Co-Ed,8,8,0,7,7,8,8,8,8,8,0,0,0,0,4,1,0,1,0,1,0,6,5,6,7,1,1,0,8,0,0
2016-17,28,Andhra Pradesh,2819,NELLORE,281935,VENKATAGIRI,1,PS (I-V),6,Other Govt. managed schools,Urban,3,Co-Ed,1,1,0,0,0,0,1,1,1,1,0,0,0,0,0,0,0,0,0,0,0,0,1,0,1,0,0,0,1,0,0
2016-17,28,Andhra Pradesh,2819,NELLORE,281935,VENKATAGIRI,1,PS (I-V),8,Unrecognized,Urban,3,Co-Ed,1,1,0,1,1,1,1,1,1,1,0,0,0,0,0,0,0,0,0,0,0,0,0,0,0,0,0,0,1,0,0
2016-17,28,Andhra Pradesh,2819,NELLORE,281935,VENKATAGIRI,6,SS (I-X),1,Department of Education,Urban,2,Girls,1,1,0,1,1,1,1,0,1,1,0,0,0,0,0,1,0,1,0,1,0,1,1,0,1,0,0,0,1,0,0
2016-17,28,Andhra Pradesh,2819,NELLORE,281935,VENKATAGIRI,6,SS (I-X),5,Private Unaided (Recognized),Urban,3,Co-Ed,3,3,0,2,3,3,3,3,3,3,0,0,0,0,2,0,0,3,0,0,0,3,1,2,3,0,0,0,2,0,0
2016-17,28,Andhra Pradesh,2819,NELLORE,281935,VENKATAGIRI,7,SS (VI-X),1,Department of Education,Rural,2,Girls,1,1,0,1,1,1,1,0,1,1,0,0,0,0,1,1,0,0,0,1,0,0,1,1,1,0,0,0,1,0,0
2016-17,28,Andhra Pradesh,2819,NELLORE,281935,VENKATAGIRI,7,SS (VI-X),3,Local body,Urban,2,Girls,1,1,0,1,1,1,1,0,1,1,0,0,0,0,1,1,0,0,1,1,0,1,1,0,1,1,1,0,1,0,0
2016-17,28,Andhra Pradesh,2819,NELLORE,281935,VENKATAGIRI,7,SS (VI-X),3,Local body,Rural,3,Co-Ed,4,2,0,3,3,3,4,2,3,3,0,0,0,0,0,1,0,0,1,4,0,3,4,3,2,1,0,0,4,0,0
2016-17,28,Andhra Pradesh,2819,NELLORE,281935,VENKATAGIRI,7,SS (VI-X),1,Department of Education,Urban,3,Co-Ed,1,1,0,1,1,1,1,1,1,1,0,0,0,0,1,1,0,0,0,1,0,1,0,1,1,0,0,0,1,0,0
2016-17,28,Andhra Pradesh,2819,NELLORE,281935,VENKATAGIRI,7,SS (VI-X),3,Local body,Urban,3,Co-Ed,2,2,0,2,2,2,2,2,2,2,0,0,0,0,1,0,0,2,1,2,0,2,2,2,1,2,2,0,2,0,0
2016-17,28,Andhra Pradesh,2819,NELLORE,281935,VENKATAGIRI,7,SS (VI-X),4,Government Aided,Urban,3,Co-Ed,1,1,0,0,1,1,1,1,1,1,0,0,0,0,0,1,0,0,0,1,0,1,0,1,1,0,0,0,0,0,0
2016-17,28,Andhra Pradesh,2819,NELLORE,281935,VENKATAGIRI,7,SS (VI-X),5,Private Unaided (Recognized),Urban,3,Co-Ed,13,13,0,11,13,13,13,12,13,13,0,0,0,0,8,7,0,5,0,6,0,9,6,8,11,1,2,0,10,0,0
2016-17,28,Andhra Pradesh,2819,NELLORE,281935,VENKATAGIRI,2,UPS (I-VIII),3,Local body,Rural,3,Co-Ed,7,7,0,1,4,5,7,6,7,7,0,0,0,0,1,1,0,0,3,6,0,7,7,4,2,1,4,0,5,0,0
2016-17,28,Andhra Pradesh,2819,NELLORE,281935,VENKATAGIRI,2,UPS (I-VIII),3,Local body,Urban,3,Co-Ed,1,1,0,0,1,1,1,0,1,1,0,0,0,0,1,1,0,0,0,1,0,1,1,0,1,0,1,0,1,0,0
2016-17,28,Andhra Pradesh,2819,NELLORE,281935,VENKATAGIRI,2,UPS (I-VIII),5,Private Unaided (Recognized),Urban,3,Co-Ed,5,5,0,1,5,5,5,2,2,2,0,0,0,0,1,3,0,2,0,2,0,4,2,2,4,1,1,0,5,0,0
2016-17,28,Andhra Pradesh,2819,NELLORE,281935,VENKATAGIRI,2,UPS (I-VIII),7,Central Govt,Urban,3,Co-Ed,1,0,0,1,1,1,1,1,1,1,0,0,0,0,1,1,0,1,0,1,0,1,1,1,1,0,1,0,1,0,0
2016-17,28,Andhra Pradesh,2819,NELLORE,281936,BALAYAPALLI,1,PS (I-V),3,Local body,Rural,3,Co-Ed,58,57,0,0,34,40,52,31,47,51,0,0,0,0,10,0,0,0,18,25,0,58,40,11,28,0,29,0,49,0,0
2016-17,28,Andhra Pradesh,2819,NELLORE,281936,BALAYAPALLI,1,PS (I-V),5,Private Unaided (Recognized),Rural,3,Co-Ed,1,1,0,1,1,1,1,1,1,1,0,0,0,0,1,0,0,0,0,0,0,1,1,1,1,0,0,0,1,0,0
2016-17,28,Andhra Pradesh,2819,NELLORE,281936,BALAYAPALLI,7,SS (VI-X),3,Local body,Rural,3,Co-Ed,5,5,0,5,5,5,5,1,5,5,0,0,0,0,3,4,0,4,5,5,0,5,5,3,5,2,1,0,1,0,0
2016-17,28,Andhra Pradesh,2819,NELLORE,281936,BALAYAPALLI,2,UPS (I-VIII),3,Local body,Rural,3,Co-Ed,8,8,0,1,7,7,8,3,7,7,0,0,0,0,3,2,0,0,4,5,0,8,5,4,6,0,5,0,7,0,0
2016-17,28,Andhra Pradesh,2819,NELLORE,281936,BALAYAPALLI,2,UPS (I-VIII),5,Private Unaided (Recognized),Rural,3,Co-Ed,1,1,0,1,1,1,1,1,1,1,0,0,0,0,0,1,0,0,0,1,0,1,0,1,1,0,0,0,0,0,0
2016-17,28,Andhra Pradesh,2819,NELLORE,281937,OZILI,1,PS (I-V),3,Local body,Rural,3,Co-Ed,46,46,0,0,35,40,43,18,44,44,0,0,0,0,14,3,0,0,12,26,0,45,41,6,26,0,8,0,29,0,0
2016-17,28,Andhra Pradesh,2819,NELLORE,281937,OZILI,1,PS (I-V),5,Private Unaided (Recognized),Rural,3,Co-Ed,1,1,0,0,1,1,1,1,1,1,0,0,0,0,0,1,0,0,0,1,0,0,0,0,1,0,0,0,0,0,0
2016-17,28,Andhra Pradesh,2819,NELLORE,281937,OZILI,6,SS (I-X),1,Department of Education,Rural,1,Boys,1,1,0,1,1,1,1,1,1,1,0,0,0,0,0,0,0,1,0,1,0,1,1,1,1,0,0,0,0,0,0
2016-17,28,Andhra Pradesh,2819,NELLORE,281937,OZILI,6,SS (I-X),5,Private Unaided (Recognized),Rural,3,Co-Ed,1,1,0,1,1,1,1,1,1,1,0,0,0,0,1,1,0,1,0,1,0,1,1,1,1,0,0,0,0,0,0
2016-17,28,Andhra Pradesh,2819,NELLORE,281937,OZILI,7,SS (VI-X),3,Local body,Rural,3,Co-Ed,5,5,0,5,5,5,5,5,5,5,0,0,0,0,4,2,0,2,1,5,0,5,4,4,5,1,1,0,4,0,0
2016-17,28,Andhra Pradesh,2819,NELLORE,281937,OZILI,7,SS (VI-X),5,Private Unaided (Recognized),Rural,3,Co-Ed,1,1,0,0,1,1,1,1,1,1,0,0,0,0,0,0,0,0,0,0,0,1,1,0,1,0,1,0,1,0,0
2016-17,28,Andhra Pradesh,2819,NELLORE,281937,OZILI,2,UPS (I-VIII),3,Local body,Rural,3,Co-Ed,14,14,0,3,14,14,13,11,12,12,0,0,0,0,9,4,0,0,4,7,0,13,12,7,9,0,5,0,5,0,0
2016-17,28,Andhra Pradesh,2819,NELLORE,281938,CHILLAKUR,3,HSS (I-XII),2,Tribal Welfare Department,Rural,1,Boys,1,1,0,1,1,1,1,1,0,1,0,0,0,0,0,0,0,1,0,0,0,1,1,1,1,0,0,0,0,0,0
2016-17,28,Andhra Pradesh,2819,NELLORE,281938,CHILLAKUR,1,PS (I-V),3,Local body,Rural,3,Co-Ed,52,52,0,0,34,42,48,16,46,49,0,0,0,0,7,3,0,0,5,34,0,52,39,36,19,0,11,0,34,0,0
2016-17,28,Andhra Pradesh,2819,NELLORE,281938,CHILLAKUR,1,PS (I-V),5,Private Unaided (Recognized),Rural,3,Co-Ed,1,1,0,1,1,1,1,1,1,1,0,0,0,0,1,0,0,1,0,0,0,1,1,1,1,0,0,0,1,0,0
2016-17,28,Andhra Pradesh,2819,NELLORE,281938,CHILLAKUR,6,SS (I-X),5,Private Unaided (Recognized),Rural,3,Co-Ed,1,1,0,1,1,1,1,1,1,1,0,0,0,0,1,1,0,1,0,1,0,1,1,1,1,0,0,0,1,0,0
2016-17,28,Andhra Pradesh,2819,NELLORE,281938,CHILLAKUR,7,SS (VI-X),3,Local body,Rural,3,Co-Ed,9,9,0,6,9,9,8,8,8,8,0,0,0,0,1,5,0,3,4,9,0,7,8,6,7,2,4,0,6,0,0
2016-17,28,Andhra Pradesh,2819,NELLORE,281938,CHILLAKUR,7,SS (VI-X),5,Private Unaided (Recognized),Rural,3,Co-Ed,2,2,0,2,2,2,2,2,2,2,0,0,0,0,1,2,0,2,0,2,0,2,1,2,2,1,0,0,2,0,0
2016-17,28,Andhra Pradesh,2819,NELLORE,281938,CHILLAKUR,2,UPS (I-VIII),3,Local body,Rural,3,Co-Ed,11,11,0,2,8,8,11,10,10,11,0,0,0,0,2,2,0,0,6,10,0,11,11,10,4,0,3,0,5,0,0
2016-17,28,Andhra Pradesh,2819,NELLORE,281938,CHILLAKUR,2,UPS (I-VIII),5,Private Unaided (Recognized),Rural,3,Co-Ed,3,3,0,3,3,3,2,2,3,3,0,0,0,0,0,2,0,1,0,3,0,3,1,2,3,0,0,0,0,0,0
2016-17,28,Andhra Pradesh,2819,NELLORE,281939,KOTA,3,HSS (I-XII),2,Tribal Welfare Department,Rural,1,Boys,1,1,0,1,1,1,1,1,0,1,0,0,0,0,0,1,0,1,0,1,0,1,1,1,1,0,0,0,0,0,0
2016-17,28,Andhra Pradesh,2819,NELLORE,281939,KOTA,1,PS (I-V),2,Tribal Welfare Department,Rural,2,Girls,1,1,0,1,1,1,1,0,1,1,0,0,0,0,1,0,0,0,0,0,0,0,0,1,0,0,0,0,1,0,0
2016-17,28,Andhra Pradesh,2819,NELLORE,281939,KOTA,1,PS (I-V),2,Tribal Welfare Department,Rural,3,Co-Ed,1,1,0,0,1,1,1,1,1,1,0,0,0,0,0,0,0,0,0,0,0,1,1,0,0,0,1,0,1,0,0
2016-17,28,Andhra Pradesh,2819,NELLORE,281939,KOTA,1,PS (I-V),3,Local body,Rural,3,Co-Ed,56,55,0,0,34,48,55,37,55,56,0,0,0,0,19,2,0,0,24,28,0,55,47,25,25,5,34,0,50,0,0
2016-17,28,Andhra Pradesh,2819,NELLORE,281939,KOTA,1,PS (I-V),4,Government Aided,Rural,3,Co-Ed,1,1,0,0,1,1,0,0,1,1,0,0,0,0,0,0,0,0,0,0,0,1,1,0,1,0,0,0,1,0,0
2016-17,28,Andhra Pradesh,2819,NELLORE,281939,KOTA,1,PS (I-V),5,Private Unaided (Recognized),Rural,3,Co-Ed,4,4,0,4,4,4,4,4,4,4,0,0,0,0,3,2,0,3,0,2,0,4,4,2,4,2,1,0,4,0,0
2016-17,28,Andhra Pradesh,2819,NELLORE,281939,KOTA,6,SS (I-X),1,Department of Education,Rural,1,Boys,1,1,0,1,0,0,1,1,0,1,0,0,0,0,1,1,0,1,0,1,0,1,1,1,1,0,0,0,1,0,0
2016-17,28,Andhra Pradesh,2819,NELLORE,281939,KOTA,6,SS (I-X),2,Tribal Welfare Department,Rural,1,Boys,1,1,0,1,1,1,1,1,0,1,0,0,0,0,1,1,0,1,0,1,0,1,1,1,1,0,0,0,0,0,0
2016-17,28,Andhra Pradesh,2819,NELLORE,281939,KOTA,7,SS (VI-X),3,Local body,Rural,2,Girls,1,1,0,1,1,1,1,0,1,1,0,0,0,0,1,1,0,1,0,1,0,1,1,1,0,0,1,0,1,0,0
2016-17,28,Andhra Pradesh,2819,NELLORE,281939,KOTA,7,SS (VI-X),3,Local body,Rural,3,Co-Ed,6,6,0,6,6,6,5,5,5,5,0,0,0,0,4,0,0,4,3,6,0,6,5,6,4,0,5,0,5,0,0
2016-17,28,Andhra Pradesh,2819,NELLORE,281939,KOTA,7,SS (VI-X),4,Government Aided,Rural,3,Co-Ed,1,1,0,0,1,1,1,1,1,1,0,0,0,0,1,1,0,0,1,0,0,1,1,1,1,0,0,0,1,0,0
2016-17,28,Andhra Pradesh,2819,NELLORE,281939,KOTA,7,SS (VI-X),5,Private Unaided (Recognized),Rural,3,Co-Ed,5,5,0,5,5,5,5,5,5,5,0,0,0,0,4,3,0,5,0,1,0,5,5,4,5,4,0,0,4,0,0
2016-17,28,Andhra Pradesh,2819,NELLORE,281939,KOTA,7,SS (VI-X),5,Private Unaided (Recognized),Urban,3,Co-Ed,1,1,0,1,1,1,1,1,1,1,0,0,0,0,1,0,0,1,0,0,0,1,1,1,1,1,1,0,1,0,0
2016-17,28,Andhra Pradesh,2819,NELLORE,281939,KOTA,2,UPS (I-VIII),3,Local body,Rural,3,Co-Ed,7,7,0,1,6,7,7,7,7,7,0,0,0,0,2,1,0,0,4,3,0,7,6,3,1,1,5,0,2,0,0
2016-17,28,Andhra Pradesh,2819,NELLORE,281939,KOTA,2,UPS (I-VIII),5,Private Unaided (Recognized),Rural,3,Co-Ed,2,2,0,2,2,2,2,2,2,2,0,0,0,0,2,2,0,1,0,2,0,2,2,2,2,0,0,0,0,0,0
2016-17,28,Andhra Pradesh,2819,NELLORE,281940,VAKADU,3,HSS (I-XII),2,Tribal Welfare Department,Rural,1,Boys,1,1,0,1,1,1,1,1,0,1,0,0,0,0,0,0,0,1,0,1,0,1,1,1,1,0,0,0,0,0,0
2016-17,28,Andhra Pradesh,2819,NELLORE,281940,VAKADU,1,PS (I-V),3,Local body,Rural,3,Co-Ed,60,60,0,2,41,50,59,36,59,59,0,0,0,0,44,8,0,0,8,23,0,59,50,41,8,4,9,0,46,0,0
2016-17,28,Andhra Pradesh,2819,NELLORE,281940,VAKADU,1,PS (I-V),4,Government Aided,Rural,3,Co-Ed,3,3,0,1,2,3,1,0,2,2,0,0,0,0,2,2,0,0,0,2,0,2,3,1,2,0,1,0,3,0,0
2016-17,28,Andhra Pradesh,2819,NELLORE,281940,VAKADU,7,SS (VI-X),4,Government Aided,Rural,1,Boys,1,1,0,0,1,1,1,1,0,1,0,0,0,0,1,1,0,0,1,1,0,1,1,0,1,0,0,0,1,0,0
2016-17,28,Andhra Pradesh,2819,NELLORE,281940,VAKADU,7,SS (VI-X),4,Government Aided,Rural,2,Girls,1,1,0,0,1,1,1,0,1,1,0,0,0,0,1,1,0,0,0,1,0,1,1,0,1,0,0,0,1,0,0
2016-17,28,Andhra Pradesh,2819,NELLORE,281940,VAKADU,7,SS (VI-X),3,Local body,Rural,3,Co-Ed,3,3,0,3,3,3,3,3,3,3,0,0,0,0,3,0,0,1,3,3,0,3,1,2,3,1,0,0,1,0,0
2016-17,28,Andhra Pradesh,2819,NELLORE,281940,VAKADU,2,UPS (I-VIII),3,Local body,Rural,3,Co-Ed,9,9,0,4,8,8,9,7,9,9,0,0,0,0,7,0,0,0,6,9,0,9,9,8,5,0,5,0,5,0,0
2016-17,28,Andhra Pradesh,2819,NELLORE,281940,VAKADU,2,UPS (I-VIII),5,Private Unaided (Recognized),Rural,3,Co-Ed,2,2,0,0,1,2,2,1,1,1,0,0,0,0,0,1,0,0,0,1,0,1,1,1,2,0,0,0,2,0,0
2016-17,28,Andhra Pradesh,2819,NELLORE,281941,CHITTAMUR,1,PS (I-V),2,Tribal Welfare Department,Rural,3,Co-Ed,3,3,0,0,3,3,3,1,2,2,0,0,0,0,3,0,0,0,1,1,0,2,3,0,2,0,2,0,3,0,0
2016-17,28,Andhra Pradesh,2819,NELLORE,281941,CHITTAMUR,1,PS (I-V),3,Local body,Rural,3,Co-Ed,63,63,0,1,39,48,62,20,39,40,0,0,0,0,25,2,0,0,26,38,0,63,55,10,31,1,24,0,61,0,0
2016-17,28,Andhra Pradesh,2819,NELLORE,281941,CHITTAMUR,1,PS (I-V),5,Private Unaided (Recognized),Rural,3,Co-Ed,4,4,0,3,4,4,4,3,4,4,0,0,0,0,4,2,0,1,0,2,0,4,0,2,4,0,0,0,3,0,0
2016-17,28,Andhra Pradesh,2819,NELLORE,281941,CHITTAMUR,7,SS (VI-X),3,Local body,Rural,3,Co-Ed,9,9,0,7,9,9,9,7,8,8,0,0,0,0,6,3,0,1,7,7,0,9,9,7,5,1,5,0,9,0,0
2016-17,28,Andhra Pradesh,2819,NELLORE,281941,CHITTAMUR,7,SS (VI-X),5,Private Unaided (Recognized),Rural,3,Co-Ed,2,2,0,2,2,2,2,2,2,2,0,0,0,0,2,2,0,1,0,2,0,2,0,2,2,1,0,0,1,0,0
2016-17,28,Andhra Pradesh,2819,NELLORE,281941,CHITTAMUR,2,UPS (I-VIII),3,Local body,Rural,3,Co-Ed,8,8,0,1,5,6,8,3,6,6,0,0,0,0,4,0,0,0,6,5,0,8,8,3,2,0,3,0,8,0,0
2016-17,28,Andhra Pradesh,2819,NELLORE,281941,CHITTAMUR,2,UPS (I-VIII),5,Private Unaided (Recognized),Rural,3,Co-Ed,1,1,0,1,1,1,1,1,1,1,0,0,0,0,1,1,0,0,0,1,0,1,1,1,1,0,0,0,1,0,0
2016-17,28,Andhra Pradesh,2819,NELLORE,281942,NAIDUPET,3,HSS (I-XII),2,Tribal Welfare Department,Rural,2,Girls,1,1,0,1,1,1,1,0,1,1,0,0,0,0,1,1,0,1,0,1,0,1,1,1,1,0,0,0,1,0,0
2016-17,28,Andhra Pradesh,2819,NELLORE,281942,NAIDUPET,1,PS (I-V),3,Local body,Rural,3,Co-Ed,48,48,0,0,29,34,48,19,38,39,0,0,0,0,20,2,0,0,30,26,0,47,40,13,25,2,5,0,35,0,0
2016-17,28,Andhra Pradesh,2819,NELLORE,281942,NAIDUPET,1,PS (I-V),4,Government Aided,Rural,3,Co-Ed,2,2,0,0,2,2,1,0,0,0,0,0,0,0,0,0,0,0,0,1,0,2,1,1,2,0,0,0,1,0,0
2016-17,28,Andhra Pradesh,2819,NELLORE,281942,NAIDUPET,1,PS (I-V),5,Private Unaided (Recognized),Rural,3,Co-Ed,6,6,0,3,3,5,6,3,4,4,0,0,0,0,3,2,0,1,0,1,0,6,4,4,6,2,0,0,6,0,0
2016-17,28,Andhra Pradesh,2819,NELLORE,281942,NAIDUPET,1,PS (I-V),3,Local body,Urban,3,Co-Ed,11,11,0,0,10,11,10,6,11,11,0,0,0,0,7,1,0,0,4,3,0,11,9,6,2,0,1,0,8,0,0
2016-17,28,Andhra Pradesh,2819,NELLORE,281942,NAIDUPET,1,PS (I-V),4,Government Aided,Urban,3,Co-Ed,2,2,0,0,0,2,0,0,1,1,0,0,0,0,0,0,0,0,0,0,0,2,2,0,2,0,0,0,2,0,0
2016-17,28,Andhra Pradesh,2819,NELLORE,281942,NAIDUPET,1,PS (I-V),5,Private Unaided (Recognized),Urban,3,Co-Ed,6,6,0,5,5,6,6,4,5,5,0,0,0,0,4,1,0,2,0,0,0,6,2,4,5,1,0,0,3,0,0
2016-17,28,Andhra Pradesh,2819,NELLORE,281942,NAIDUPET,6,SS (I-X),2,Tribal Welfare Department,Rural,1,Boys,1,1,0,1,1,1,1,1,0,1,0,0,0,0,0,1,0,1,0,1,0,1,1,1,0,0,0,0,1,0,0
2016-17,28,Andhra Pradesh,2819,NELLORE,281942,NAIDUPET,6,SS (I-X),5,Private Unaided (Recognized),Urban,3,Co-Ed,1,1,0,1,1,1,1,0,1,1,0,0,0,0,0,1,0,1,0,0,0,1,0,0,1,1,1,0,0,0,0
2016-17,28,Andhra Pradesh,2819,NELLORE,281942,NAIDUPET,7,SS (VI-X),3,Local body,Rural,3,Co-Ed,7,7,0,6,6,6,7,3,6,6,0,0,0,0,4,4,0,1,3,6,0,6,7,4,6,2,1,0,6,0,0
2016-17,28,Andhra Pradesh,2819,NELLORE,281942,NAIDUPET,7,SS (VI-X),5,Private Unaided (Recognized),Rural,3,Co-Ed,4,4,0,4,4,4,4,3,4,4,0,0,0,0,1,3,0,2,0,2,0,4,1,3,4,2,0,0,3,0,0
2016-17,28,Andhra Pradesh,2819,NELLORE,281942,NAIDUPET,7,SS (VI-X),3,Local body,Urban,3,Co-Ed,2,2,0,1,1,1,2,2,2,2,0,0,0,0,1,1,0,0,0,2,0,2,1,2,2,0,1,0,1,0,0
2016-17,28,Andhra Pradesh,2819,NELLORE,281942,NAIDUPET,7,SS (VI-X),5,Private Unaided (Recognized),Urban,3,Co-Ed,7,7,0,6,5,7,7,5,6,6,0,0,0,0,4,5,0,5,0,3,0,7,4,5,7,2,1,0,5,0,0
2016-17,28,Andhra Pradesh,2819,NELLORE,281942,NAIDUPET,2,UPS (I-VIII),2,Tribal Welfare Department,Rural,1,Boys,1,1,0,0,0,1,1,0,0,0,0,0,0,0,0,0,0,0,0,0,0,1,1,1,1,0,0,0,1,0,0
2016-17,28,Andhra Pradesh,2819,NELLORE,281942,NAIDUPET,2,UPS (I-VIII),3,Local body,Rural,3,Co-Ed,8,8,0,1,7,8,8,7,8,8,0,0,0,0,6,0,0,0,6,8,0,8,8,7,5,1,2,0,4,0,0
2016-17,28,Andhra Pradesh,2819,NELLORE,281942,NAIDUPET,2,UPS (I-VIII),5,Private Unaided (Recognized),Rural,3,Co-Ed,5,5,0,4,5,5,4,4,4,4,0,0,0,0,3,4,0,0,0,1,0,5,0,3,5,1,1,0,3,0,0
2016-17,28,Andhra Pradesh,2819,NELLORE,281942,NAIDUPET,2,UPS (I-VIII),3,Local body,Urban,3,Co-Ed,1,1,0,1,0,1,1,1,1,1,0,0,0,0,1,0,0,0,1,1,0,1,0,0,0,0,0,0,1,0,0
2016-17,28,Andhra Pradesh,2819,NELLORE,281942,NAIDUPET,2,UPS (I-VIII),4,Government Aided,Urban,3,Co-Ed,1,1,0,0,1,1,1,0,0,0,0,0,0,0,0,0,0,0,0,0,0,1,1,0,1,0,0,0,0,0,0
2016-17,28,Andhra Pradesh,2819,NELLORE,281942,NAIDUPET,2,UPS (I-VIII),5,Private Unaided (Recognized),Urban,3,Co-Ed,3,3,0,3,1,3,3,2,3,3,0,0,0,0,1,2,0,0,0,2,0,2,0,1,3,0,2,0,1,0,0
2016-17,28,Andhra Pradesh,2819,NELLORE,281943,PELLAKUR,1,PS (I-V),3,Local body,Rural,3,Co-Ed,46,45,0,1,27,38,43,25,37,38,0,0,0,0,16,2,0,0,11,32,0,45,38,12,30,0,2,0,43,0,0
2016-17,28,Andhra Pradesh,2819,NELLORE,281943,PELLAKUR,6,SS (I-X),5,Private Unaided (Recognized),Rural,3,Co-Ed,1,1,0,0,1,1,1,1,1,1,0,0,0,0,0,1,0,0,0,1,0,1,0,1,1,0,0,0,1,0,0
2016-17,28,Andhra Pradesh,2819,NELLORE,281943,PELLAKUR,7,SS (VI-X),1,Department of Education,Rural,3,Co-Ed,1,1,0,0,1,1,1,1,1,1,0,0,0,0,1,0,0,0,0,1,0,1,1,1,0,0,0,0,0,0,0
2016-17,28,Andhra Pradesh,2819,NELLORE,281943,PELLAKUR,7,SS (VI-X),3,Local body,Rural,3,Co-Ed,6,6,0,4,5,6,6,3,4,5,0,0,0,0,3,2,0,1,1,4,0,6,6,5,5,2,2,0,5,0,0
2016-17,28,Andhra Pradesh,2819,NELLORE,281943,PELLAKUR,2,UPS (I-VIII),3,Local body,Rural,3,Co-Ed,12,12,0,2,6,9,12,10,10,10,0,0,0,0,5,0,0,0,9,9,0,12,10,9,7,0,0,0,7,0,0
2016-17,28,Andhra Pradesh,2819,NELLORE,281943,PELLAKUR,2,UPS (I-VIII),5,Private Unaided (Recognized),Rural,3,Co-Ed,1,1,0,0,1,1,1,1,1,1,0,0,0,0,0,1,0,0,1,1,0,1,1,0,1,0,0,0,1,0,0
2016-17,28,Andhra Pradesh,2819,NELLORE,281944,DORAVARISATRAM,1,PS (I-V),3,Local body,Rural,3,Co-Ed,47,47,0,1,23,41,46,28,36,42,0,0,0,0,5,5,0,0,5,34,0,44,31,20,29,2,5,0,45,0,0
2016-17,28,Andhra Pradesh,2819,NELLORE,281944,DORAVARISATRAM,6,SS (I-X),1,Department of Education,Rural,1,Boys,1,1,0,1,1,1,1,1,0,1,0,0,0,0,1,1,0,1,1,1,0,1,1,1,1,0,0,0,0,0,0
2016-17,28,Andhra Pradesh,2819,NELLORE,281944,DORAVARISATRAM,7,SS (VI-X),1,Department of Education,Rural,2,Girls,1,1,0,1,1,1,1,0,1,1,0,0,0,0,1,1,0,0,0,1,0,1,1,1,1,0,1,0,1,0,0
2016-17,28,Andhra Pradesh,2819,NELLORE,281944,DORAVARISATRAM,7,SS (VI-X),1,Department of Education,Rural,3,Co-Ed,1,1,0,1,1,1,1,1,1,1,0,0,0,0,1,1,0,0,0,1,0,1,1,1,1,0,0,0,1,0,0
2016-17,28,Andhra Pradesh,2819,NELLORE,281944,DORAVARISATRAM,7,SS (VI-X),3,Local body,Rural,3,Co-Ed,6,5,0,5,6,6,6,3,6,6,0,0,0,0,3,5,0,1,2,6,0,6,6,6,6,2,4,0,5,0,0
2016-17,28,Andhra Pradesh,2819,NELLORE,281944,DORAVARISATRAM,2,UPS (I-VIII),3,Local body,Rural,3,Co-Ed,10,10,0,1,6,8,10,10,9,10,0,0,0,0,1,0,0,0,5,8,0,10,8,6,5,0,6,0,8,0,0
2016-17,28,Andhra Pradesh,2819,NELLORE,281944,DORAVARISATRAM,2,UPS (I-VIII),5,Private Unaided (Recognized),Rural,3,Co-Ed,3,3,0,3,3,3,3,3,3,3,0,0,0,0,2,2,0,1,0,2,0,3,0,3,3,1,0,0,3,0,0
2016-17,28,Andhra Pradesh,2819,NELLORE,281945,SULLURPET,3,HSS (I-XII),2,Tribal Welfare Department,Urban,2,Girls,1,1,0,1,1,1,1,0,1,1,0,0,0,0,1,1,0,1,0,1,0,1,1,1,1,0,0,0,1,0,0
2016-17,28,Andhra Pradesh,2819,NELLORE,281945,SULLURPET,3,HSS (I-XII),7,Central Govt,Urban,3,Co-Ed,1,1,0,1,1,1,1,1,1,1,0,0,0,0,0,1,0,1,0,0,0,1,1,0,1,1,0,0,1,0,0
2016-17,28,Andhra Pradesh,2819,NELLORE,281945,SULLURPET,1,PS (I-V),3,Local body,Rural,3,Co-Ed,47,46,0,0,23,41,45,21,36,38,0,0,0,0,8,2,0,0,9,32,0,47,44,6,25,4,15,0,43,0,0
2016-17,28,Andhra Pradesh,2819,NELLORE,281945,SULLURPET,1,PS (I-V),5,Private Unaided (Recognized),Rural,3,Co-Ed,4,4,0,3,4,4,4,4,4,4,0,0,0,0,2,3,0,1,0,4,0,4,2,1,4,1,1,0,4,0,0
2016-17,28,Andhra Pradesh,2819,NELLORE,281945,SULLURPET,1,PS (I-V),3,Local body,Urban,3,Co-Ed,6,6,0,0,2,5,6,5,6,6,0,0,0,0,1,1,0,0,0,1,0,6,6,0,1,0,2,0,6,0,0
2016-17,28,Andhra Pradesh,2819,NELLORE,281945,SULLURPET,1,PS (I-V),4,Government Aided,Urban,3,Co-Ed,2,2,0,0,2,2,1,2,2,2,0,0,0,0,0,0,0,0,1,1,0,2,2,1,2,0,0,0,2,0,0
2016-17,28,Andhra Pradesh,2819,NELLORE,281945,SULLURPET,1,PS (I-V),5,Private Unaided (Recognized),Urban,3,Co-Ed,6,6,0,6,6,6,5,6,6,6,0,0,0,0,4,6,0,3,0,5,0,6,1,5,6,0,0,0,6,0,0
2016-17,28,Andhra Pradesh,2819,NELLORE,281945,SULLURPET,6,SS (I-X),5,Private Unaided (Recognized),Urban,3,Co-Ed,2,2,0,2,2,2,2,2,2,2,0,0,0,0,0,2,0,1,0,2,0,2,0,1,2,0,0,0,2,0,0
2016-17,28,Andhra Pradesh,2819,NELLORE,281945,SULLURPET,7,SS (VI-X),3,Local body,Urban,2,Girls,1,1,0,1,0,1,1,0,1,1,0,0,0,0,0,0,0,0,0,1,0,1,1,1,0,1,0,0,0,0,0
2016-17,28,Andhra Pradesh,2819,NELLORE,281945,SULLURPET,7,SS (VI-X),3,Local body,Rural,3,Co-Ed,5,5,0,5,4,4,5,1,4,4,0,0,0,0,2,1,0,1,3,4,0,5,4,2,4,0,2,0,1,0,0
2016-17,28,Andhra Pradesh,2819,NELLORE,281945,SULLURPET,7,SS (VI-X),5,Private Unaided (Recognized),Rural,3,Co-Ed,1,1,0,1,1,1,1,1,1,1,0,0,0,0,0,1,0,1,0,1,0,1,1,0,1,0,0,0,1,0,0
2016-17,28,Andhra Pradesh,2819,NELLORE,281945,SULLURPET,7,SS (VI-X),1,Department of Education,Urban,3,Co-Ed,1,1,0,1,1,1,1,1,1,1,0,0,0,0,0,1,0,0,1,1,0,1,1,0,1,0,1,0,1,0,0
2016-17,28,Andhra Pradesh,2819,NELLORE,281945,SULLURPET,7,SS (VI-X),3,Local body,Urban,3,Co-Ed,1,1,0,1,1,1,1,1,1,1,0,0,0,0,1,0,0,0,0,1,0,1,1,1,1,0,1,0,1,0,0
2016-17,28,Andhra Pradesh,2819,NELLORE,281945,SULLURPET,7,SS (VI-X),5,Private Unaided (Recognized),Urban,3,Co-Ed,6,6,0,6,6,6,6,5,5,5,0,0,0,0,1,6,0,4,0,5,0,6,1,3,6,2,2,0,5,0,0
2016-17,28,Andhra Pradesh,2819,NELLORE,281945,SULLURPET,2,UPS (I-VIII),3,Local body,Rural,3,Co-Ed,8,8,0,2,5,7,7,4,7,7,0,0,0,0,2,0,0,0,0,6,0,8,7,4,3,1,5,0,4,0,0
2016-17,28,Andhra Pradesh,2819,NELLORE,281945,SULLURPET,2,UPS (I-VIII),5,Private Unaided (Recognized),Rural,3,Co-Ed,1,1,0,1,1,1,1,1,1,1,0,0,0,0,0,1,0,0,0,1,0,1,0,0,1,0,0,0,1,0,0
2016-17,28,Andhra Pradesh,2819,NELLORE,281945,SULLURPET,2,UPS (I-VIII),3,Local body,Urban,3,Co-Ed,1,1,0,1,0,1,1,1,1,1,0,0,0,0,1,0,0,0,1,1,0,1,0,1,0,0,0,0,1,0,0
2016-17,28,Andhra Pradesh,2819,NELLORE,281945,SULLURPET,2,UPS (I-VIII),5,Private Unaided (Recognized),Urban,3,Co-Ed,7,7,0,7,6,7,7,7,7,7,0,0,0,0,4,6,0,2,0,4,0,7,2,6,7,1,1,0,7,0,0
2016-17,28,Andhra Pradesh,2819,NELLORE,281946,TADA,1,PS (I-V),2,Tribal Welfare Department,Rural,3,Co-Ed,1,1,0,0,1,1,1,1,1,1,0,0,0,0,0,0,0,0,1,1,0,1,1,0,1,0,0,0,1,0,0
2016-17,28,Andhra Pradesh,2819,NELLORE,281946,TADA,1,PS (I-V),3,Local body,Rural,3,Co-Ed,31,31,0,0,16,28,28,21,29,29,0,0,0,0,6,1,0,1,18,22,0,31,17,15,16,1,9,0,24,0,0
2016-17,28,Andhra Pradesh,2819,NELLORE,281946,TADA,1,PS (I-V),5,Private Unaided (Recognized),Rural,3,Co-Ed,1,1,0,0,1,1,1,1,1,1,0,0,0,0,0,1,0,0,0,1,0,1,0,0,1,0,0,0,0,0,0
2016-17,28,Andhra Pradesh,2819,NELLORE,281946,TADA,6,SS (I-X),5,Private Unaided (Recognized),Rural,3,Co-Ed,1,1,0,1,0,1,1,1,1,1,0,0,0,0,0,1,0,0,0,1,0,1,0,0,1,0,0,0,1,0,0
2016-17,28,Andhra Pradesh,2819,NELLORE,281946,TADA,7,SS (VI-X),1,Department of Education,Rural,2,Girls,1,1,0,1,1,1,1,0,1,1,0,0,0,0,1,1,0,1,1,1,0,1,1,0,0,0,0,0,1,0,0
2016-17,28,Andhra Pradesh,2819,NELLORE,281946,TADA,7,SS (VI-X),3,Local body,Rural,2,Girls,1,1,0,1,1,1,1,0,1,1,0,0,0,0,0,0,0,0,0,1,0,1,1,1,1,0,0,0,0,0,0
2016-17,28,Andhra Pradesh,2819,NELLORE,281946,TADA,7,SS (VI-X),3,Local body,Rural,3,Co-Ed,3,3,0,3,3,3,3,3,2,3,0,0,0,0,1,2,0,2,3,3,0,3,3,3,3,1,2,0,1,0,0
2016-17,28,Andhra Pradesh,2819,NELLORE,281946,TADA,2,UPS (I-VIII),3,Local body,Rural,3,Co-Ed,9,9,0,1,7,8,9,8,9,9,0,0,0,0,2,2,0,0,8,8,0,9,9,7,3,0,6,0,8,0,0
2016-17,28,Andhra Pradesh,2819,NELLORE,281946,TADA,2,UPS (I-VIII),5,Private Unaided (Recognized),Rural,3,Co-Ed,3,3,0,0,2,3,2,3,3,3,0,0,0,0,0,1,0,0,0,2,0,3,2,0,2,0,1,0,1,0,0
2016-17,28,Andhra Pradesh,2819,NELLORE,281946,TADA,4,UPS (VI-VIII),1,Department of Education,Rural,3,Co-Ed,1,1,0,0,1,1,1,1,1,1,0,0,0,0,1,0,0,0,0,0,0,1,0,1,1,0,0,0,1,0,0
