Academic_Year,State_Code,State_Name,District_Code,District_Name,Block_Code,Udise_Block_Name,Location,School_Category_Id,School_Category_Name,School_Management_Id,School_Management_Name,Total_Number_of_Schools,Building,Boundary_Wall,Single_Class_Room,Separate_Room_for_Headmaster,Land_Available,Electricity,Functional_Electricity,Solar_Panel,Furniture,Playground,Library_or_Reading_Corner_or_Book_Bank,Librarian,Newspaper,Kitchen_Garden,Boy_Toilet,Functional_Boy_Toilet,Girl_Toilet,Functional_Girl_Toilet,Toilet_Facility,Functional_Toilet_Facility,Functional_Urinal_Boy,Functional_Urinal_Girl,Functional_Urinal,Functional_Toilet_and_Urinal,Drinking_Water,Functional_Drinking_Water,Water_Purifier,Rain_Water_Harvesting,Water_Tested,Handwash,Incinerator,WASH_Facility_Drinking_Water_Toilet_and_Handwash,Ramps,Medical_Checkup,Complete_Medical_Checkup,Internet,Computer_Available
2019-20,33,Tamilnadu,3305,DHARMAPURI,330501,DHARMAPURI,Rural,1,PS (I-V),1,Department of Education,89,89,66,4,89,28,89,89,0,0,86,89,0,24,20,82,81,87,86,89,89,76,84,86,86,89,89,31,88,52,89,1,89,71,82,51,0,66
2019-20,33,Tamilnadu,3305,DHARMAPURI,330501,DHARMAPURI,Rural,1,PS (I-V),2,Tribal Welfare Department,1,1,1,0,1,1,1,1,0,0,1,1,0,1,1,1,1,1,1,1,1,1,1,1,1,1,1,1,1,0,1,0,1,1,1,1,1,1
2019-20,33,Tamilnadu,3305,DHARMAPURI,330501,DHARMAPURI,Rural,1,PS (I-V),3,Local body,5,5,4,0,5,0,5,5,0,0,2,5,0,2,0,5,5,5,5,5,5,5,5,5,5,5,5,3,5,3,5,0,5,4,5,3,0,4
2019-20,33,Tamilnadu,3305,DHARMAPURI,330501,DHARMAPURI,Rural,1,PS (I-V),5,Private Unaided (Recognized),13,13,13,0,12,4,13,13,0,0,13,13,0,2,0,13,13,13,13,13,13,13,12,13,13,13,13,12,13,4,13,0,13,3,13,8,10,13
2019-20,33,Tamilnadu,3305,DHARMAPURI,330501,DHARMAPURI,Rural,1,PS (I-V),8,Unrecognized,1,1,1,0,0,1,1,1,0,0,1,1,0,1,0,1,1,1,1,1,1,1,1,1,1,1,1,1,1,1,1,0,1,0,1,0,0,1
2019-20,33,Tamilnadu,3305,DHARMAPURI,330501,DHARMAPURI,Rural,2,UPS (I-VIII),1,Department of Education,28,28,24,0,28,11,28,28,0,0,27,28,0,11,7,28,28,28,28,28,28,27,28,28,28,28,28,17,28,16,28,6,28,27,28,26,0,28
2019-20,33,Tamilnadu,3305,DHARMAPURI,330501,DHARMAPURI,Rural,2,UPS (I-VIII),2,Tribal Welfare Department,1,1,1,0,1,1,1,1,0,0,1,1,0,0,1,1,1,1,1,1,1,1,1,1,1,1,1,1,1,1,1,0,1,1,1,1,0,1
2019-20,33,Tamilnadu,3305,DHARMAPURI,330501,DHARMAPURI,Rural,2,UPS (I-VIII),3,Local body,2,2,2,0,2,0,2,2,0,0,2,2,0,0,0,2,2,2,2,2,2,2,2,2,2,2,2,2,2,2,2,0,2,2,2,2,0,2
2019-20,33,Tamilnadu,3305,DHARMAPURI,330501,DHARMAPURI,Rural,2,UPS (I-VIII),5,Private Unaided (Recognized),1,1,0,0,1,0,1,1,0,0,1,1,0,0,0,1,1,1,1,1,1,1,1,1,1,1,1,1,1,0,1,0,1,0,1,0,1,1
2019-20,33,Tamilnadu,3305,DHARMAPURI,330501,DHARMAPURI,Rural,3,HSS (I-XII),5,Private Unaided (Recognized),8,8,8,0,8,3,8,8,1,0,8,8,3,5,3,7,7,8,8,8,8,7,7,7,7,8,8,8,8,4,8,3,8,2,8,5,8,8
2019-20,33,Tamilnadu,3305,DHARMAPURI,330501,DHARMAPURI,Rural,3,HSS (I-XII),90,Social welfare Department,1,1,1,0,1,1,1,1,0,0,1,1,0,1,0,1,1,1,1,1,1,0,0,0,0,1,1,1,1,1,1,0,1,1,1,1,1,1
2019-20,33,Tamilnadu,3305,DHARMAPURI,330501,DHARMAPURI,Rural,3,HSS (I-XII),92,Kendriya Vidyalaya / Central School,1,1,1,0,1,1,1,1,0,0,1,1,1,1,0,1,1,1,1,1,1,1,1,1,1,1,1,1,1,1,1,0,1,1,1,1,1,1
2019-20,33,Tamilnadu,3305,DHARMAPURI,330501,DHARMAPURI,Rural,4,UPS (VI-VIII),4,Government Aided,1,1,0,0,1,1,1,1,0,0,1,1,0,0,1,1,1,1,1,1,1,1,1,1,1,1,1,1,1,1,1,0,1,1,1,1,0,0
2019-20,33,Tamilnadu,3305,DHARMAPURI,330501,DHARMAPURI,Rural,5,HSS (VI-XII),1,Department of Education,10,10,9,0,10,7,10,10,1,0,10,10,0,6,4,10,10,9,9,10,10,10,9,10,10,10,10,9,10,9,10,6,10,7,10,10,9,10
2019-20,33,Tamilnadu,3305,DHARMAPURI,330501,DHARMAPURI,Rural,5,HSS (VI-XII),5,Private Unaided (Recognized),1,1,0,0,1,0,1,1,0,0,1,1,0,0,0,1,1,1,1,1,1,1,1,1,1,1,1,1,1,0,1,0,1,0,1,1,1,1
2019-20,33,Tamilnadu,3305,DHARMAPURI,330501,DHARMAPURI,Rural,6,SS (I-X),5,Private Unaided (Recognized),7,7,7,0,7,3,7,7,0,0,7,7,1,2,1,7,7,7,7,7,7,7,7,7,7,7,7,7,6,3,7,1,7,2,6,3,5,6
2019-20,33,Tamilnadu,3305,DHARMAPURI,330501,DHARMAPURI,Rural,7,SS (VI-X),1,Department of Education,11,11,1,0,11,9,11,11,0,0,11,11,0,6,2,10,10,11,11,11,11,10,8,11,11,11,11,8,11,7,11,7,11,10,10,10,11,11
2019-20,33,Tamilnadu,3305,DHARMAPURI,330501,DHARMAPURI,Rural,7,SS (VI-X),5,Private Unaided (Recognized),1,1,1,0,1,0,1,1,0,0,1,1,0,0,0,1,1,1,1,1,1,1,1,1,1,1,1,1,1,0,1,0,1,0,1,1,1,1
2019-20,33,Tamilnadu,3305,DHARMAPURI,330501,DHARMAPURI,Urban,1,PS (I-V),3,Local body,2,2,1,0,2,0,2,2,0,0,2,2,0,2,2,2,2,2,2,2,2,2,2,2,2,2,2,2,1,2,2,0,2,1,2,2,0,2
2019-20,33,Tamilnadu,3305,DHARMAPURI,330501,DHARMAPURI,Urban,1,PS (I-V),4,Government Aided,1,0,1,0,1,0,1,1,0,0,1,1,0,1,1,1,1,1,1,1,1,1,1,1,1,1,1,1,1,1,1,0,1,1,1,1,0,0
2019-20,33,Tamilnadu,3305,DHARMAPURI,330501,DHARMAPURI,Urban,1,PS (I-V),5,Private Unaided (Recognized),12,12,9,0,5,3,12,12,0,0,11,12,1,7,0,12,12,12,12,12,12,12,11,12,12,12,12,12,12,4,12,0,12,2,10,7,7,10
2019-20,33,Tamilnadu,3305,DHARMAPURI,330501,DHARMAPURI,Urban,1,PS (I-V),90,Social welfare Department,1,1,1,0,1,0,1,1,1,0,0,1,0,0,0,0,0,0,0,0,0,1,1,1,0,1,1,1,1,1,1,0,0,1,1,1,0,1
2019-20,33,Tamilnadu,3305,DHARMAPURI,330501,DHARMAPURI,Urban,2,UPS (I-VIII),3,Local body,4,4,4,0,4,1,4,4,0,0,4,4,0,2,0,4,4,4,4,4,4,3,2,3,3,4,4,4,4,3,4,0,4,4,4,4,1,4
2019-20,33,Tamilnadu,3305,DHARMAPURI,330501,DHARMAPURI,Urban,3,HSS (I-XII),5,Private Unaided (Recognized),8,8,8,0,7,2,8,8,0,0,8,8,5,5,1,8,8,8,8,8,8,8,8,8,8,8,8,8,8,4,8,4,8,3,8,4,8,8
2019-20,33,Tamilnadu,3305,DHARMAPURI,330501,DHARMAPURI,Urban,5,HSS (VI-XII),1,Department of Education,2,2,2,0,2,2,2,2,1,0,2,2,0,1,1,1,1,1,1,2,2,1,1,2,2,2,2,1,2,1,2,1,2,1,2,2,2,2
2019-20,33,Tamilnadu,3305,DHARMAPURI,330501,DHARMAPURI,Urban,6,SS (I-X),5,Private Unaided (Recognized),2,2,2,0,1,0,2,2,0,0,2,2,0,1,0,2,2,2,2,2,2,2,2,2,2,2,2,2,2,0,2,0,2,1,2,2,1,2
2019-20,33,Tamilnadu,3305,DHARMAPURI,330501,DHARMAPURI,Urban,7,SS (VI-X),1,Department of Education,1,1,1,0,1,0,1,1,0,0,1,1,0,1,0,1,1,1,1,1,1,1,1,1,1,1,1,0,1,1,1,1,1,1,1,0,0,1
2019-20,33,Tamilnadu,3305,DHARMAPURI,330501,DHARMAPURI,Urban,7,SS (VI-X),3,Local body,1,1,1,0,1,0,1,1,0,0,1,1,0,1,1,0,0,1,1,1,1,0,1,1,1,1,1,1,1,1,1,1,1,1,1,1,1,1
2019-20,33,Tamilnadu,3305,DHARMAPURI,330502,NALLAMPALLI,Rural,1,PS (I-V),1,Department of Education,112,111,93,2,112,32,112,112,0,0,99,112,0,58,28,111,110,111,111,112,112,107,107,107,107,112,112,31,106,50,112,0,112,98,109,72,3,81
2019-20,33,Tamilnadu,3305,DHARMAPURI,330502,NALLAMPALLI,Rural,1,PS (I-V),2,Tribal Welfare Department,1,1,1,0,1,1,1,1,0,0,1,1,0,0,0,1,1,1,1,1,1,0,0,0,0,1,1,1,0,0,1,0,1,1,1,0,0,0
2019-20,33,Tamilnadu,3305,DHARMAPURI,330502,NALLAMPALLI,Rural,1,PS (I-V),4,Government Aided,3,3,3,0,2,2,3,3,0,0,3,3,0,2,3,2,2,2,2,3,3,2,2,3,3,3,3,1,3,3,3,0,3,1,3,3,0,1
2019-20,33,Tamilnadu,3305,DHARMAPURI,330502,NALLAMPALLI,Rural,1,PS (I-V),5,Private Unaided (Recognized),20,20,20,0,13,11,20,20,2,0,19,20,3,11,3,20,20,20,20,20,20,19,18,19,19,20,20,14,17,4,20,2,20,8,17,9,12,19
2019-20,33,Tamilnadu,3305,DHARMAPURI,330502,NALLAMPALLI,Rural,2,UPS (I-VIII),1,Department of Education,41,41,35,0,41,19,41,41,0,0,37,41,0,24,12,41,41,41,41,41,41,38,38,39,39,41,41,24,41,13,41,6,41,40,39,37,4,41
2019-20,33,Tamilnadu,3305,DHARMAPURI,330502,NALLAMPALLI,Rural,2,UPS (I-VIII),4,Government Aided,1,0,1,0,1,0,1,1,0,0,1,1,0,0,0,1,1,1,1,1,1,0,0,0,0,1,1,1,1,0,1,0,1,0,1,1,0,1
2019-20,33,Tamilnadu,3305,DHARMAPURI,330502,NALLAMPALLI,Rural,3,HSS (I-XII),5,Private Unaided (Recognized),7,7,7,0,6,4,7,7,1,0,7,7,3,4,3,7,7,7,7,7,7,7,7,7,7,7,7,7,7,3,7,4,7,3,7,4,7,7
2019-20,33,Tamilnadu,3305,DHARMAPURI,330502,NALLAMPALLI,Rural,5,HSS (VI-XII),1,Department of Education,13,12,12,0,13,9,13,13,0,0,12,13,0,6,5,12,12,12,12,13,13,11,10,12,12,13,13,7,13,5,13,5,13,10,13,13,12,13
2019-20,33,Tamilnadu,3305,DHARMAPURI,330502,NALLAMPALLI,Rural,5,HSS (VI-XII),4,Government Aided,1,1,1,0,1,0,1,1,0,0,1,1,0,0,1,1,1,1,1,1,1,1,1,1,1,1,1,0,1,1,1,0,1,0,1,1,0,1
2019-20,33,Tamilnadu,3305,DHARMAPURI,330502,NALLAMPALLI,Rural,6,SS (I-X),5,Private Unaided (Recognized),2,2,1,0,2,1,2,2,0,0,2,2,0,1,0,2,2,2,2,2,2,2,2,2,2,2,2,2,1,1,2,0,2,1,1,1,2,2
2019-20,33,Tamilnadu,3305,DHARMAPURI,330502,NALLAMPALLI,Rural,7,SS (VI-X),1,Department of Education,21,20,8,0,21,10,21,21,0,0,15,21,0,15,5,19,18,21,21,21,21,17,17,21,21,21,21,19,20,10,21,15,21,19,21,21,20,21
2019-20,33,Tamilnadu,3305,DHARMAPURI,330502,NALLAMPALLI,Rural,7,SS (VI-X),4,Government Aided,1,1,1,0,1,0,1,1,0,0,1,1,0,0,0,1,1,0,0,1,1,1,0,1,1,1,1,1,1,1,1,0,1,1,1,0,1,1
2019-20,33,Tamilnadu,3305,DHARMAPURI,330502,NALLAMPALLI,Rural,7,SS (VI-X),5,Private Unaided (Recognized),2,2,2,0,1,1,2,2,0,0,2,2,0,1,0,1,1,2,2,2,2,1,2,2,2,2,2,1,2,1,2,1,2,2,2,2,2,2
2019-20,33,Tamilnadu,3305,DHARMAPURI,330502,NALLAMPALLI,Urban,1,PS (I-V),1,Department of Education,2,2,2,0,2,0,2,2,0,0,2,2,0,1,0,2,2,2,2,2,2,2,2,2,2,2,2,1,2,0,2,0,2,2,2,1,0,2
2019-20,33,Tamilnadu,3305,DHARMAPURI,330503,PENNAGARAM,Rural,1,PS (I-V),1,Department of Education,114,114,95,1,114,40,114,114,1,0,114,114,0,40,35,111,110,113,113,114,114,106,110,111,111,114,114,55,111,60,114,0,114,99,111,80,1,93
2019-20,33,Tamilnadu,3305,DHARMAPURI,330503,PENNAGARAM,Rural,1,PS (I-V),2,Tribal Welfare Department,3,3,3,0,3,0,3,3,0,0,2,3,0,3,1,3,3,3,3,3,3,3,3,3,3,3,3,1,3,1,3,1,3,3,3,3,0,2
2019-20,33,Tamilnadu,3305,DHARMAPURI,330503,PENNAGARAM,Rural,1,PS (I-V),5,Private Unaided (Recognized),12,12,12,0,5,7,12,12,0,0,12,12,1,8,3,12,12,12,11,12,12,12,11,12,12,12,12,11,12,5,12,1,12,8,11,9,7,12
2019-20,33,Tamilnadu,3305,DHARMAPURI,330503,PENNAGARAM,Rural,1,PS (I-V),8,Unrecognized,1,1,1,0,1,1,1,1,0,0,1,1,0,0,0,1,1,1,1,1,1,1,0,1,1,1,1,0,1,0,1,0,1,0,0,0,1,1
2019-20,33,Tamilnadu,3305,DHARMAPURI,330503,PENNAGARAM,Rural,2,UPS (I-VIII),1,Department of Education,75,74,59,0,75,36,75,75,0,0,74,75,0,39,35,73,73,75,75,75,75,69,71,72,72,75,75,52,75,41,75,8,75,73,74,73,2,75
2019-20,33,Tamilnadu,3305,DHARMAPURI,330503,PENNAGARAM,Rural,2,UPS (I-VIII),5,Private Unaided (Recognized),2,2,2,0,2,2,2,2,1,0,2,2,1,2,1,2,2,2,2,2,2,2,2,2,2,2,2,1,2,2,2,1,2,0,2,2,2,2
2019-20,33,Tamilnadu,3305,DHARMAPURI,330503,PENNAGARAM,Rural,2,UPS (I-VIII),6,Other Govt. managed schools,1,1,1,0,1,1,1,1,0,0,1,1,0,1,0,1,1,1,1,1,1,1,1,1,1,1,1,1,1,0,1,0,1,0,1,1,1,1
2019-20,33,Tamilnadu,3305,DHARMAPURI,330503,PENNAGARAM,Rural,3,HSS (I-XII),5,Private Unaided (Recognized),4,4,4,0,4,1,4,4,0,0,4,4,1,2,0,4,4,4,4,4,4,4,4,4,4,4,4,4,3,1,4,1,4,3,3,1,2,3
2019-20,33,Tamilnadu,3305,DHARMAPURI,330503,PENNAGARAM,Rural,4,UPS (VI-VIII),6,Other Govt. managed schools,1,1,1,0,1,0,1,1,0,0,1,1,0,0,0,0,0,1,1,1,1,0,1,1,1,1,1,1,0,0,1,1,1,0,1,1,1,1
2019-20,33,Tamilnadu,3305,DHARMAPURI,330503,PENNAGARAM,Rural,5,HSS (VI-XII),1,Department of Education,9,9,8,0,9,7,9,9,0,0,9,9,1,4,0,9,9,9,9,9,9,9,9,9,9,9,9,8,9,2,9,4,9,7,9,9,9,9
2019-20,33,Tamilnadu,3305,DHARMAPURI,330503,PENNAGARAM,Rural,6,SS (I-X),5,Private Unaided (Recognized),5,5,4,0,4,4,5,5,1,0,5,5,0,3,1,5,5,5,5,5,5,5,5,5,5,5,5,5,5,2,5,1,5,3,5,2,4,5
2019-20,33,Tamilnadu,3305,DHARMAPURI,330503,PENNAGARAM,Rural,7,SS (VI-X),1,Department of Education,22,21,10,0,22,16,22,22,1,0,21,22,0,12,5,22,21,22,22,22,22,20,20,21,21,22,22,11,21,10,22,12,22,21,22,17,21,22
2019-20,33,Tamilnadu,3305,DHARMAPURI,330503,PENNAGARAM,Rural,7,SS (VI-X),5,Private Unaided (Recognized),2,2,1,0,0,1,2,2,0,0,2,2,0,0,0,2,2,2,2,2,2,2,2,2,2,2,2,1,2,0,2,1,2,2,1,1,2,2
2019-20,33,Tamilnadu,3305,DHARMAPURI,330503,PENNAGARAM,Urban,1,PS (I-V),1,Department of Education,5,5,5,0,5,2,5,5,0,0,5,5,0,2,0,5,5,5,5,5,5,3,3,3,3,5,5,3,5,2,5,0,5,5,5,4,0,3
2019-20,33,Tamilnadu,3305,DHARMAPURI,330503,PENNAGARAM,Urban,1,PS (I-V),5,Private Unaided (Recognized),1,1,1,0,0,0,1,1,0,0,1,1,0,1,0,1,1,1,1,1,1,1,1,1,1,1,1,1,1,1,1,0,1,0,1,1,1,1
2019-20,33,Tamilnadu,3305,DHARMAPURI,330503,PENNAGARAM,Urban,2,UPS (I-VIII),1,Department of Education,2,2,2,0,2,0,2,2,0,0,2,2,0,1,2,2,2,2,2,2,2,2,2,2,2,2,2,2,2,2,2,0,2,2,2,2,1,2
2019-20,33,Tamilnadu,3305,DHARMAPURI,330503,PENNAGARAM,Urban,2,UPS (I-VIII),5,Private Unaided (Recognized),1,1,1,0,0,1,1,1,0,0,1,1,0,0,0,1,1,1,1,1,1,1,0,1,1,1,1,0,1,0,1,0,1,0,0,0,0,1
2019-20,33,Tamilnadu,3305,DHARMAPURI,330503,PENNAGARAM,Urban,3,HSS (I-XII),1,Department of Education,1,1,1,0,1,1,1,1,1,0,1,1,0,0,0,1,1,0,0,1,1,1,0,1,1,1,1,1,1,0,1,0,1,1,1,1,1,1
2019-20,33,Tamilnadu,3305,DHARMAPURI,330503,PENNAGARAM,Urban,3,HSS (I-XII),5,Private Unaided (Recognized),1,1,1,0,1,1,1,1,0,0,1,1,0,0,0,1,1,1,1,1,1,1,1,1,1,1,1,1,1,0,1,1,1,0,1,1,1,1
2019-20,33,Tamilnadu,3305,DHARMAPURI,330503,PENNAGARAM,Urban,5,HSS (VI-XII),1,Department of Education,3,2,3,0,3,3,3,3,0,0,3,3,0,3,3,1,1,2,2,3,3,1,2,3,3,3,3,0,3,0,3,2,3,3,3,2,2,3
2019-20,33,Tamilnadu,3305,DHARMAPURI,330504,PALACODE,Rural,1,PS (I-V),1,Department of Education,107,107,90,4,107,10,107,107,0,0,95,107,0,15,19,103,101,106,106,107,107,91,99,102,102,107,107,54,102,47,107,0,107,91,104,94,2,83
2019-20,33,Tamilnadu,3305,DHARMAPURI,330504,PALACODE,Rural,1,PS (I-V),4,Government Aided,1,1,0,0,1,0,1,1,0,0,1,1,0,1,1,1,1,1,1,1,1,1,1,1,1,1,1,1,1,1,1,0,1,1,1,1,0,0
2019-20,33,Tamilnadu,3305,DHARMAPURI,330504,PALACODE,Rural,1,PS (I-V),5,Private Unaided (Recognized),8,8,7,0,2,5,8,8,1,0,8,8,1,6,1,8,8,8,8,8,8,8,6,8,8,8,8,6,7,4,8,1,8,2,8,6,7,7
2019-20,33,Tamilnadu,3305,DHARMAPURI,330504,PALACODE,Rural,2,UPS (I-VIII),1,Department of Education,39,38,34,0,39,11,39,39,0,0,35,39,1,13,9,38,38,39,39,39,39,37,37,38,38,39,39,29,39,28,39,4,39,38,39,39,0,39
2019-20,33,Tamilnadu,3305,DHARMAPURI,330504,PALACODE,Rural,3,HSS (I-XII),5,Private Unaided (Recognized),4,4,4,0,3,1,4,4,0,0,4,4,2,2,0,4,4,4,4,4,4,3,3,3,3,4,4,3,4,1,4,2,4,0,4,2,4,4
2019-20,33,Tamilnadu,3305,DHARMAPURI,330504,PALACODE,Rural,4,UPS (VI-VIII),6,Other Govt. managed schools,1,1,1,0,1,0,1,1,1,0,1,1,0,1,0,0,0,1,1,1,1,0,1,1,1,1,1,1,1,0,1,1,1,0,1,1,1,1
2019-20,33,Tamilnadu,3305,DHARMAPURI,330504,PALACODE,Rural,4,UPS (VI-VIII),90,Social welfare Department,1,1,1,0,1,0,1,1,0,0,1,1,0,0,1,1,1,0,0,1,1,1,0,1,1,1,1,0,1,0,1,0,1,1,1,1,0,0
2019-20,33,Tamilnadu,3305,DHARMAPURI,330504,PALACODE,Rural,5,HSS (VI-XII),1,Department of Education,8,8,7,0,8,4,8,8,1,0,8,8,1,7,1,7,6,8,8,8,8,5,7,8,8,8,8,2,8,4,8,3,8,6,8,8,7,8
2019-20,33,Tamilnadu,3305,DHARMAPURI,330504,PALACODE,Rural,5,HSS (VI-XII),4,Government Aided,1,1,1,0,1,1,1,1,0,0,1,1,0,1,0,1,1,1,1,1,1,1,1,1,1,1,1,1,1,0,1,0,1,1,1,1,1,1
2019-20,33,Tamilnadu,3305,DHARMAPURI,330504,PALACODE,Rural,6,SS (I-X),5,Private Unaided (Recognized),4,4,4,0,3,1,4,4,1,0,4,4,0,3,0,4,4,4,4,4,4,3,3,3,3,4,4,3,4,1,4,1,4,4,4,3,4,4
2019-20,33,Tamilnadu,3305,DHARMAPURI,330504,PALACODE,Rural,7,SS (VI-X),1,Department of Education,14,14,4,0,14,4,14,14,0,0,12,14,1,10,1,13,13,14,14,14,14,13,12,14,14,14,14,10,13,6,14,8,14,13,14,13,14,14
2019-20,33,Tamilnadu,3305,DHARMAPURI,330504,PALACODE,Urban,1,PS (I-V),1,Department of Education,4,4,3,0,4,0,4,4,0,0,2,4,0,1,0,4,4,4,4,4,4,4,2,4,4,4,4,3,4,2,4,0,4,2,3,3,0,4
2019-20,33,Tamilnadu,3305,DHARMAPURI,330504,PALACODE,Urban,3,HSS (I-XII),5,Private Unaided (Recognized),1,1,1,0,1,1,1,1,1,0,1,1,1,1,0,1,1,1,1,1,1,1,1,1,1,1,1,1,1,1,1,1,1,0,1,1,1,1
2019-20,33,Tamilnadu,3305,DHARMAPURI,330504,PALACODE,Urban,5,HSS (VI-XII),1,Department of Education,3,3,3,0,3,2,3,3,0,0,3,3,1,1,1,2,2,1,1,3,3,1,1,2,2,3,3,0,3,2,3,0,3,3,3,3,3,3
2019-20,33,Tamilnadu,3305,DHARMAPURI,330504,PALACODE,Urban,6,SS (I-X),5,Private Unaided (Recognized),1,1,1,0,1,0,1,1,0,0,1,1,1,1,0,1,1,1,1,1,1,1,1,1,1,1,1,1,1,0,1,1,1,1,1,0,1,1
2019-20,33,Tamilnadu,3305,DHARMAPURI,330505,KARIMANGALAM,Rural,1,PS (I-V),1,Department of Education,99,99,86,0,99,31,99,99,1,0,92,99,0,6,16,90,90,96,96,99,99,89,95,97,97,99,99,32,95,78,99,0,99,77,99,38,0,77
2019-20,33,Tamilnadu,3305,DHARMAPURI,330505,KARIMANGALAM,Rural,1,PS (I-V),4,Government Aided,1,1,1,0,1,1,1,1,0,0,1,1,0,1,1,1,1,1,1,1,1,1,1,1,1,1,1,1,1,1,1,0,1,1,1,1,0,0
2019-20,33,Tamilnadu,3305,DHARMAPURI,330505,KARIMANGALAM,Rural,1,PS (I-V),5,Private Unaided (Recognized),9,8,9,0,6,5,9,9,0,0,9,9,1,3,0,9,9,9,9,9,9,9,9,9,9,9,9,6,9,4,9,1,9,2,8,2,2,8
2019-20,33,Tamilnadu,3305,DHARMAPURI,330505,KARIMANGALAM,Rural,2,UPS (I-VIII),1,Department of Education,41,41,35,0,41,17,41,41,0,0,39,41,0,9,14,40,40,40,40,41,41,39,40,40,40,41,41,25,41,31,41,9,41,36,40,39,0,41
2019-20,33,Tamilnadu,3305,DHARMAPURI,330505,KARIMANGALAM,Rural,3,HSS (I-XII),5,Private Unaided (Recognized),2,2,1,0,2,2,2,2,0,0,2,2,0,1,0,2,2,2,2,2,2,2,2,2,2,2,2,2,2,2,2,0,2,0,2,2,2,2
2019-20,33,Tamilnadu,3305,DHARMAPURI,330505,KARIMANGALAM,Rural,5,HSS (VI-XII),1,Department of Education,12,12,10,0,12,8,12,12,0,0,12,12,0,9,2,11,11,11,11,12,12,8,10,11,11,12,12,6,12,8,12,7,12,10,12,12,12,12
2019-20,33,Tamilnadu,3305,DHARMAPURI,330505,KARIMANGALAM,Rural,6,SS (I-X),5,Private Unaided (Recognized),1,1,1,0,0,1,1,1,0,0,1,1,0,0,0,1,1,1,1,1,1,1,1,1,1,1,1,1,1,0,1,0,1,0,0,0,1,1
2019-20,33,Tamilnadu,3305,DHARMAPURI,330505,KARIMANGALAM,Rural,7,SS (VI-X),1,Department of Education,5,5,1,0,5,2,5,5,0,0,4,5,0,3,0,5,5,4,4,5,5,5,4,5,5,5,5,2,5,5,5,2,5,3,5,5,2,4
2019-20,33,Tamilnadu,3305,DHARMAPURI,330505,KARIMANGALAM,Rural,7,SS (VI-X),5,Private Unaided (Recognized),2,1,2,0,2,1,2,2,0,0,2,2,0,0,0,2,2,2,2,2,2,2,2,2,2,2,2,2,2,1,2,0,2,1,2,1,2,2
2019-20,33,Tamilnadu,3305,DHARMAPURI,330505,KARIMANGALAM,Urban,1,PS (I-V),1,Department of Education,5,5,5,0,5,1,5,5,0,0,5,5,0,0,0,5,5,5,5,5,5,5,5,5,5,5,5,2,5,5,5,0,5,4,5,2,0,4
2019-20,33,Tamilnadu,3305,DHARMAPURI,330505,KARIMANGALAM,Urban,1,PS (I-V),5,Private Unaided (Recognized),3,3,3,0,1,2,3,3,0,0,3,3,1,3,0,3,3,3,3,3,3,3,3,3,3,3,3,3,3,1,3,0,3,1,3,3,1,3
2019-20,33,Tamilnadu,3305,DHARMAPURI,330505,KARIMANGALAM,Urban,3,HSS (I-XII),5,Private Unaided (Recognized),1,1,1,0,1,1,1,1,0,0,1,1,0,0,1,1,1,1,1,1,1,1,1,1,1,1,1,1,1,1,1,0,1,1,1,1,1,1
2019-20,33,Tamilnadu,3305,DHARMAPURI,330505,KARIMANGALAM,Urban,4,UPS (VI-VIII),6,Other Govt. managed schools,1,1,1,0,1,0,1,1,1,0,0,1,0,1,0,0,0,1,1,1,1,0,1,1,1,1,1,1,1,0,1,1,1,1,1,1,1,1
2019-20,33,Tamilnadu,3305,DHARMAPURI,330505,KARIMANGALAM,Urban,5,HSS (VI-XII),1,Department of Education,2,2,2,0,2,1,2,2,0,0,2,2,0,1,1,1,1,1,1,2,2,1,1,2,2,2,2,1,2,0,2,1,2,1,2,2,2,2
2019-20,33,Tamilnadu,3305,DHARMAPURI,330505,KARIMANGALAM,Urban,5,HSS (VI-XII),5,Private Unaided (Recognized),1,1,1,0,1,1,1,1,0,0,1,1,0,0,0,1,1,1,1,1,1,1,1,1,1,1,1,1,1,0,1,0,1,1,1,1,1,1
2019-20,33,Tamilnadu,3305,DHARMAPURI,330505,KARIMANGALAM,Urban,6,SS (I-X),5,Private Unaided (Recognized),1,1,1,0,0,1,1,1,0,0,1,1,0,0,0,1,1,1,1,1,1,1,1,1,1,1,1,1,1,0,1,0,1,1,1,1,1,1
2019-20,33,Tamilnadu,3305,DHARMAPURI,330505,KARIMANGALAM,Urban,7,SS (VI-X),5,Private Unaided (Recognized),1,1,1,0,0,1,1,1,0,0,1,1,0,1,0,1,1,1,1,1,1,1,1,1,1,1,1,1,1,0,1,0,1,0,1,0,0,1
2019-20,33,Tamilnadu,3305,DHARMAPURI,330506,MORAPPUR,Rural,1,PS (I-V),1,Department of Education,102,102,82,8,102,42,102,102,1,0,96,102,0,36,29,96,90,97,96,101,101,81,84,90,89,102,102,55,89,31,102,0,101,77,100,82,1,71
2019-20,33,Tamilnadu,3305,DHARMAPURI,330506,MORAPPUR,Rural,1,PS (I-V),4,Government Aided,1,1,1,0,0,0,1,1,0,0,1,1,0,0,1,1,1,0,0,1,1,0,0,0,0,1,1,1,1,1,1,0,1,1,1,1,0,0
2019-20,33,Tamilnadu,3305,DHARMAPURI,330506,MORAPPUR,Rural,1,PS (I-V),5,Private Unaided (Recognized),6,6,6,0,4,4,6,6,1,0,6,6,2,3,1,6,6,6,6,6,6,6,6,6,6,6,6,5,6,3,6,1,6,3,6,5,6,6
2019-20,33,Tamilnadu,3305,DHARMAPURI,330506,MORAPPUR,Rural,1,PS (I-V),90,Social welfare Department,1,1,1,0,1,0,1,1,0,0,1,1,0,0,0,1,1,1,1,1,1,1,1,1,1,1,1,1,1,0,1,0,1,1,0,0,0,0
2019-20,33,Tamilnadu,3305,DHARMAPURI,330506,MORAPPUR,Rural,2,UPS (I-VIII),1,Department of Education,24,24,21,0,24,15,24,24,1,0,24,24,1,12,6,24,24,24,24,24,24,21,21,21,21,24,24,17,23,12,24,7,24,24,23,22,1,24
2019-20,33,Tamilnadu,3305,DHARMAPURI,330506,MORAPPUR,Rural,2,UPS (I-VIII),5,Private Unaided (Recognized),4,4,4,0,4,3,4,4,2,0,4,4,2,3,3,4,4,4,4,4,4,4,3,4,4,4,4,3,3,3,4,0,4,1,3,2,3,4
2019-20,33,Tamilnadu,3305,DHARMAPURI,330506,MORAPPUR,Rural,3,HSS (I-XII),5,Private Unaided (Recognized),10,10,8,0,10,5,10,10,2,0,10,10,4,4,1,10,10,10,10,10,10,10,10,10,10,10,10,10,9,6,10,6,10,3,10,9,10,10
2019-20,33,Tamilnadu,3305,DHARMAPURI,330506,MORAPPUR,Rural,5,HSS (VI-XII),1,Department of Education,14,14,14,0,14,12,14,14,0,0,14,14,0,7,5,12,12,13,13,14,14,10,10,12,12,14,14,6,12,7,14,8,14,11,14,14,14,14
2019-20,33,Tamilnadu,3305,DHARMAPURI,330506,MORAPPUR,Rural,6,SS (I-X),5,Private Unaided (Recognized),3,3,3,0,3,2,3,3,0,0,3,3,2,2,1,3,3,3,3,3,3,3,1,3,3,3,3,3,3,2,3,0,3,2,2,2,3,3
2019-20,33,Tamilnadu,3305,DHARMAPURI,330506,MORAPPUR,Rural,7,SS (VI-X),1,Department of Education,15,14,9,0,15,5,15,15,0,0,12,15,1,8,3,15,15,15,15,15,15,13,11,13,13,15,15,10,14,6,15,7,15,13,15,14,14,15
2019-20,33,Tamilnadu,3305,DHARMAPURI,330506,MORAPPUR,Rural,7,SS (VI-X),4,Government Aided,1,1,1,0,0,0,1,1,0,0,1,1,0,0,0,1,1,1,1,1,1,1,1,1,1,1,1,0,1,1,1,0,1,1,0,0,1,0
2019-20,33,Tamilnadu,3305,DHARMAPURI,330506,MORAPPUR,Urban,1,PS (I-V),1,Department of Education,2,2,1,0,2,0,2,2,0,0,2,2,0,1,0,2,2,2,2,2,2,2,2,2,2,2,2,0,1,2,2,0,2,1,2,1,0,1
2019-20,33,Tamilnadu,3305,DHARMAPURI,330506,MORAPPUR,Urban,1,PS (I-V),5,Private Unaided (Recognized),2,2,2,0,2,0,2,2,0,0,2,2,1,1,1,2,2,2,2,2,2,2,2,2,2,2,2,1,1,2,2,0,2,1,1,1,1,2
2019-20,33,Tamilnadu,3305,DHARMAPURI,330506,MORAPPUR,Urban,2,UPS (I-VIII),1,Department of Education,1,1,1,0,1,0,1,1,0,0,1,1,0,0,1,1,1,1,1,1,1,1,1,1,1,1,1,1,1,0,1,0,1,1,1,1,0,1
2019-20,33,Tamilnadu,3305,DHARMAPURI,330506,MORAPPUR,Urban,5,HSS (VI-XII),1,Department of Education,3,3,3,0,3,2,3,3,0,0,3,3,0,1,1,2,2,1,1,3,3,2,1,3,3,3,3,1,3,1,3,1,3,2,3,3,3,3
2019-20,33,Tamilnadu,3305,DHARMAPURI,330506,MORAPPUR,Urban,6,SS (I-X),5,Private Unaided (Recognized),3,3,3,0,3,1,3,3,0,0,3,3,0,0,0,3,3,3,3,3,3,3,3,3,3,3,3,3,3,0,3,1,3,3,3,3,3,3
2019-20,33,Tamilnadu,3305,DHARMAPURI,330507,PAPPIREDDIPATTI,Rural,1,PS (I-V),1,Department of Education,42,41,37,1,42,17,42,42,0,0,41,42,0,15,19,41,41,42,42,42,42,40,39,41,41,42,42,25,42,20,42,0,42,39,39,27,0,33
2019-20,33,Tamilnadu,3305,DHARMAPURI,330507,PAPPIREDDIPATTI,Rural,1,PS (I-V),2,Tribal Welfare Department,9,9,7,1,9,2,9,9,6,0,8,9,0,6,5,9,9,9,9,9,9,8,8,8,8,9,9,8,9,4,9,0,9,6,8,8,0,8
2019-20,33,Tamilnadu,3305,DHARMAPURI,330507,PAPPIREDDIPATTI,Rural,1,PS (I-V),4,Government Aided,1,1,1,0,1,1,1,1,0,0,1,1,0,0,0,1,1,1,1,1,1,1,1,1,1,1,1,0,1,1,1,0,1,1,1,0,0,0
2019-20,33,Tamilnadu,3305,DHARMAPURI,330507,PAPPIREDDIPATTI,Rural,1,PS (I-V),5,Private Unaided (Recognized),3,3,3,0,2,1,3,3,0,0,3,3,1,2,0,3,3,3,3,3,3,3,3,3,3,3,3,3,3,0,3,0,3,0,3,3,2,3
2019-20,33,Tamilnadu,3305,DHARMAPURI,330507,PAPPIREDDIPATTI,Rural,2,UPS (I-VIII),1,Department of Education,12,12,12,0,12,6,12,12,0,0,11,12,0,4,9,12,12,12,12,12,12,12,12,12,12,12,12,9,11,6,12,2,12,12,11,11,1,12
2019-20,33,Tamilnadu,3305,DHARMAPURI,330507,PAPPIREDDIPATTI,Rural,2,UPS (I-VIII),2,Tribal Welfare Department,8,8,7,0,8,3,8,8,6,1,7,8,0,4,5,7,6,8,8,8,8,6,7,7,7,8,8,8,8,4,8,6,8,4,8,8,0,7
2019-20,33,Tamilnadu,3305,DHARMAPURI,330507,PAPPIREDDIPATTI,Rural,2,UPS (I-VIII),5,Private Unaided (Recognized),1,0,1,0,1,0,1,1,0,0,1,1,0,0,1,1,1,1,1,1,1,0,0,0,0,1,1,1,1,0,1,0,1,0,0,0,0,0
2019-20,33,Tamilnadu,3305,DHARMAPURI,330507,PAPPIREDDIPATTI,Rural,3,HSS (I-XII),5,Private Unaided (Recognized),5,5,5,0,5,3,5,5,0,0,5,5,1,2,1,5,5,5,5,5,5,5,5,5,5,5,5,5,4,2,5,2,5,4,4,2,5,5
2019-20,33,Tamilnadu,3305,DHARMAPURI,330507,PAPPIREDDIPATTI,Rural,5,HSS (VI-XII),1,Department of Education,9,9,9,0,9,7,9,9,0,0,9,9,0,5,2,7,7,7,7,9,9,6,6,8,8,9,9,5,9,3,9,4,9,9,9,9,8,9
2019-20,33,Tamilnadu,3305,DHARMAPURI,330507,PAPPIREDDIPATTI,Rural,5,HSS (VI-XII),2,Tribal Welfare Department,1,1,1,0,1,1,1,1,0,0,1,1,0,1,0,1,1,1,1,1,1,1,1,1,1,1,1,1,1,0,1,1,1,1,1,1,0,1
2019-20,33,Tamilnadu,3305,DHARMAPURI,330507,PAPPIREDDIPATTI,Rural,5,HSS (VI-XII),4,Government Aided,1,1,1,0,1,1,1,1,0,0,1,1,0,0,0,1,1,1,1,1,1,1,1,1,1,1,1,1,1,0,1,0,1,1,1,1,0,1
2019-20,33,Tamilnadu,3305,DHARMAPURI,330507,PAPPIREDDIPATTI,Rural,6,SS (I-X),2,Tribal Welfare Department,1,1,1,0,1,1,1,1,1,0,1,1,0,1,0,1,1,1,1,1,1,1,1,1,1,1,1,1,1,1,1,1,1,1,1,1,0,1
2019-20,33,Tamilnadu,3305,DHARMAPURI,330507,PAPPIREDDIPATTI,Rural,6,SS (I-X),5,Private Unaided (Recognized),2,2,2,0,1,1,2,2,1,0,2,2,0,1,2,2,2,2,2,2,2,2,2,2,2,2,2,2,2,1,2,1,2,1,2,2,2,2
2019-20,33,Tamilnadu,3305,DHARMAPURI,330507,PAPPIREDDIPATTI,Rural,7,SS (VI-X),1,Department of Education,8,8,5,0,8,6,8,8,0,0,7,8,0,6,2,6,6,7,7,8,8,6,5,8,8,8,8,6,8,2,8,2,8,7,8,8,8,8
2019-20,33,Tamilnadu,3305,DHARMAPURI,330507,PAPPIREDDIPATTI,Urban,1,PS (I-V),1,Department of Education,7,7,7,0,7,3,7,7,0,0,7,7,0,2,3,7,6,7,7,7,7,6,5,6,6,7,7,3,7,1,7,0,7,6,7,1,0,5
2019-20,33,Tamilnadu,3305,DHARMAPURI,330507,PAPPIREDDIPATTI,Urban,1,PS (I-V),2,Tribal Welfare Department,1,1,1,0,1,1,1,1,0,0,1,1,0,0,0,1,1,1,1,1,1,1,1,1,1,1,1,1,1,1,1,0,1,1,1,0,0,0
2019-20,33,Tamilnadu,3305,DHARMAPURI,330507,PAPPIREDDIPATTI,Urban,2,UPS (I-VIII),1,Department of Education,1,1,0,0,1,0,1,1,0,0,1,1,0,0,0,1,1,1,1,1,1,1,1,1,1,1,1,1,1,0,1,0,1,1,1,1,0,1
2019-20,33,Tamilnadu,3305,DHARMAPURI,330507,PAPPIREDDIPATTI,Urban,3,HSS (I-XII),5,Private Unaided (Recognized),3,3,3,0,2,2,3,3,0,0,3,3,2,2,2,3,3,3,3,3,3,3,3,3,3,3,3,3,3,2,3,3,3,1,3,1,3,3
2019-20,33,Tamilnadu,3305,DHARMAPURI,330507,PAPPIREDDIPATTI,Urban,5,HSS (VI-XII),1,Department of Education,2,2,2,0,2,2,2,2,0,0,2,2,0,1,2,1,1,1,1,2,2,1,1,2,2,2,2,1,2,1,2,1,2,2,2,2,2,2
2019-20,33,Tamilnadu,3305,DHARMAPURI,330507,PAPPIREDDIPATTI,Urban,7,SS (VI-X),1,Department of Education,1,0,0,0,1,1,1,1,0,0,1,1,0,0,1,1,1,1,1,1,1,1,1,1,1,1,1,0,1,0,1,1,1,0,1,1,1,1
2019-20,33,Tamilnadu,3305,DHARMAPURI,330507,PAPPIREDDIPATTI,Urban,7,SS (VI-X),5,Private Unaided (Recognized),1,1,1,0,1,0,1,1,0,0,1,1,0,1,0,1,1,1,1,1,1,1,1,1,1,1,1,1,1,0,1,0,1,0,1,1,0,1
2019-20,33,Tamilnadu,3305,DHARMAPURI,330508,HARUR,Rural,1,PS (I-V),1,Department of Education,104,104,90,4,104,39,104,104,1,0,94,104,0,30,16,92,88,99,99,103,103,78,84,87,86,104,104,27,97,44,104,1,103,75,102,83,4,70
2019-20,33,Tamilnadu,3305,DHARMAPURI,330508,HARUR,Rural,1,PS (I-V),2,Tribal Welfare Department,11,11,10,0,11,4,11,11,3,0,10,11,0,3,3,10,10,11,11,11,11,7,8,8,8,11,11,3,11,6,11,0,11,7,11,7,0,10
2019-20,33,Tamilnadu,3305,DHARMAPURI,330508,HARUR,Rural,1,PS (I-V),5,Private Unaided (Recognized),11,11,9,0,7,6,11,11,1,0,10,11,0,4,2,11,11,11,11,11,11,11,9,11,11,11,11,10,10,5,11,1,11,3,5,3,9,9
2019-20,33,Tamilnadu,3305,DHARMAPURI,330508,HARUR,Rural,2,UPS (I-VIII),1,Department of Education,36,36,32,0,36,17,36,36,0,0,31,36,0,14,5,35,35,36,35,36,36,34,35,35,35,36,36,26,33,20,36,10,36,30,36,35,1,35
2019-20,33,Tamilnadu,3305,DHARMAPURI,330508,HARUR,Rural,2,UPS (I-VIII),5,Private Unaided (Recognized),2,2,1,0,2,0,2,2,0,0,2,2,1,1,1,2,2,2,2,2,2,2,2,2,2,2,2,2,2,1,2,0,2,0,2,1,2,2
2019-20,33,Tamilnadu,3305,DHARMAPURI,330508,HARUR,Rural,3,HSS (I-XII),5,Private Unaided (Recognized),10,10,10,0,10,5,10,10,0,0,10,10,4,6,3,10,10,10,10,10,10,10,10,10,10,10,10,10,10,5,10,2,10,4,10,8,8,10
2019-20,33,Tamilnadu,3305,DHARMAPURI,330508,HARUR,Rural,5,HSS (VI-XII),1,Department of Education,7,7,5,0,7,5,7,7,0,0,7,7,0,3,3,6,5,7,7,7,7,5,6,6,6,7,7,3,6,1,7,2,7,3,7,4,6,7
2019-20,33,Tamilnadu,3305,DHARMAPURI,330508,HARUR,Rural,5,HSS (VI-XII),2,Tribal Welfare Department,2,2,2,0,2,1,2,2,1,0,2,2,0,2,0,2,2,2,2,2,2,2,2,2,2,2,2,1,2,2,2,1,2,2,2,1,2,2
2019-20,33,Tamilnadu,3305,DHARMAPURI,330508,HARUR,Rural,5,HSS (VI-XII),4,Government Aided,1,1,1,0,1,1,1,1,0,0,1,1,0,1,1,1,1,1,1,1,1,1,1,1,1,1,1,0,1,0,1,0,1,0,0,0,1,1
2019-20,33,Tamilnadu,3305,DHARMAPURI,330508,HARUR,Rural,5,HSS (VI-XII),5,Private Unaided (Recognized),2,2,2,0,2,1,2,2,1,0,2,2,0,1,0,2,2,2,2,2,2,2,2,2,2,2,2,2,2,0,2,0,2,0,2,1,2,2
2019-20,33,Tamilnadu,3305,DHARMAPURI,330508,HARUR,Rural,6,SS (I-X),5,Private Unaided (Recognized),2,2,2,0,2,0,2,2,0,0,2,2,1,1,1,2,2,2,2,2,2,2,2,2,2,2,2,2,2,1,2,1,2,0,2,0,2,2
2019-20,33,Tamilnadu,3305,DHARMAPURI,330508,HARUR,Rural,7,SS (VI-X),1,Department of Education,19,18,9,0,19,14,19,19,1,0,13,19,0,16,3,19,18,19,19,19,19,16,15,18,18,19,19,10,19,8,19,5,19,18,19,19,19,19
2019-20,33,Tamilnadu,3305,DHARMAPURI,330508,HARUR,Rural,7,SS (VI-X),2,Tribal Welfare Department,2,2,2,0,2,0,2,2,1,0,2,2,0,1,1,2,2,2,2,2,2,2,2,2,2,2,2,1,2,1,2,1,2,1,2,2,1,2
2019-20,33,Tamilnadu,3305,DHARMAPURI,330508,HARUR,Rural,7,SS (VI-X),5,Private Unaided (Recognized),3,3,2,0,2,0,3,3,1,0,3,3,0,0,0,3,3,3,3,3,3,3,3,3,3,3,3,2,3,1,3,0,3,0,1,0,3,2
2019-20,33,Tamilnadu,3305,DHARMAPURI,330508,HARUR,Urban,1,PS (I-V),1,Department of Education,5,5,5,1,5,2,5,5,0,0,4,5,0,1,0,5,5,5,5,5,5,3,5,5,5,5,5,1,4,1,5,0,5,4,4,3,0,5
2019-20,33,Tamilnadu,3305,DHARMAPURI,330508,HARUR,Urban,1,PS (I-V),4,Government Aided,1,1,1,0,1,1,1,1,0,0,1,1,0,1,1,1,1,1,1,1,1,1,0,1,1,1,1,0,1,0,1,0,1,1,1,1,1,1
2019-20,33,Tamilnadu,3305,DHARMAPURI,330508,HARUR,Urban,2,UPS (I-VIII),1,Department of Education,1,1,1,0,1,1,1,1,0,0,1,1,0,0,0,1,1,1,1,1,1,1,1,1,1,1,1,1,1,0,1,1,1,1,1,1,0,1
2019-20,33,Tamilnadu,3305,DHARMAPURI,330508,HARUR,Urban,5,HSS (VI-XII),1,Department of Education,2,2,2,0,2,2,2,2,0,0,2,2,0,1,0,1,1,1,1,2,2,1,1,2,2,2,2,2,2,2,2,0,2,2,2,2,2,2
2019-20,33,Tamilnadu,3305,DHARMAPURI,330508,HARUR,Urban,6,SS (I-X),5,Private Unaided (Recognized),1,1,1,0,1,0,1,1,0,0,1,1,0,1,0,1,1,1,1,1,1,1,1,1,1,1,1,1,1,0,1,0,1,0,0,0,1,1
