Academic_Year,State_Code,State_Name,District_Code,District_Name,Block_Code,Udise_Block_Name,Location,School_Category_Id,School_Category_Name,School_Management_Id,School_Management_Name,Total_Number_of_Schools,Building,Boundary_Wall,Single_Class_Room,Separate_Room_for_Headmaster,Land_Available,Electricity,Functional_Electricity,Solar_Panel,Furniture,Playground,Library_or_Reading_Corner_or_Book_Bank,Librarian,Newspaper,Kitchen_Garden,Boy_Toilet,Functional_Boy_Toilet,Girl_Toilet,Functional_Girl_Toilet,Toilet_Facility,Functional_Toilet_Facility,Functional_Urinal_Boy,Functional_Urinal_Girl,Functional_Urinal,Functional_Toilet_and_Urinal,Drinking_Water,Functional_Drinking_Water,Water_Purifier,Rain_Water_Harvesting,Water_Tested,Handwash,Incinerator,WASH_Facility_Drinking_Water_Toilet_and_Handwash,Ramps,Medical_Checkup,Complete_Medical_Checkup,Internet,Computer_Available
2019-20,33,Tamilnadu,3324,MADURAI,332401,ALANGANALLUR,Rural,1,PS (I-V),1,Department of Education,38,37,33,0,38,9,38,38,0,0,27,38,0,2,4,35,34,38,38,38,38,34,33,36,36,38,38,7,33,10,38,1,38,35,38,27,1,34
2019-20,33,Tamilnadu,3324,MADURAI,332401,ALANGANALLUR,Rural,1,PS (I-V),2,Tribal Welfare Department,1,1,1,0,1,1,1,1,0,0,1,1,0,0,0,1,1,1,1,1,1,1,1,1,1,1,1,0,1,0,1,0,1,1,1,1,0,0
2019-20,33,Tamilnadu,3324,MADURAI,332401,ALANGANALLUR,Rural,1,PS (I-V),4,Government Aided,7,7,5,0,2,3,7,7,0,0,7,7,0,2,3,5,5,7,7,7,7,5,5,5,5,7,7,0,5,2,7,0,7,6,6,5,0,0
2019-20,33,Tamilnadu,3324,MADURAI,332401,ALANGANALLUR,Rural,1,PS (I-V),5,Private Unaided (Recognized),9,9,7,1,6,1,9,9,0,0,9,9,1,4,0,8,8,9,9,9,9,9,9,9,9,9,9,2,8,0,9,0,9,2,8,2,3,6
2019-20,33,Tamilnadu,3324,MADURAI,332401,ALANGANALLUR,Rural,2,UPS (I-VIII),1,Department of Education,17,17,17,0,17,7,17,17,0,0,11,17,0,3,3,17,17,17,17,17,17,17,16,17,17,17,17,0,14,2,17,2,17,16,17,16,1,17
2019-20,33,Tamilnadu,3324,MADURAI,332401,ALANGANALLUR,Rural,2,UPS (I-VIII),5,Private Unaided (Recognized),1,1,0,0,1,1,1,1,0,0,1,1,0,0,0,1,1,1,1,1,1,0,0,0,0,1,1,1,1,1,1,0,1,0,1,0,1,1
2019-20,33,Tamilnadu,3324,MADURAI,332401,ALANGANALLUR,Rural,5,HSS (VI-XII),1,Department of Education,5,5,4,0,5,2,5,5,0,0,4,5,0,1,0,4,4,5,5,5,5,4,5,5,5,5,5,4,5,1,5,4,5,4,5,5,3,5
2019-20,33,Tamilnadu,3324,MADURAI,332401,ALANGANALLUR,Rural,5,HSS (VI-XII),2,Tribal Welfare Department,1,1,1,0,1,0,1,1,0,0,1,1,0,0,0,1,1,1,1,1,1,1,1,1,1,1,1,1,1,0,1,1,1,1,1,1,1,1
2019-20,33,Tamilnadu,3324,MADURAI,332401,ALANGANALLUR,Rural,5,HSS (VI-XII),4,Government Aided,1,1,0,0,1,1,1,1,0,0,1,1,0,0,0,1,1,1,1,1,1,1,1,1,1,1,1,0,1,1,1,0,1,0,1,1,1,1
2019-20,33,Tamilnadu,3324,MADURAI,332401,ALANGANALLUR,Rural,7,SS (VI-X),1,Department of Education,5,5,2,0,5,0,5,5,0,0,2,5,0,4,0,5,5,5,5,5,5,4,4,4,4,5,5,4,5,3,5,4,5,4,5,5,4,5
2019-20,33,Tamilnadu,3324,MADURAI,332401,ALANGANALLUR,Urban,1,PS (I-V),1,Department of Education,6,6,4,0,6,1,6,6,0,0,4,6,0,0,2,5,5,5,5,5,5,5,5,5,5,6,6,3,4,1,6,0,5,6,6,4,0,3
2019-20,33,Tamilnadu,3324,MADURAI,332401,ALANGANALLUR,Urban,1,PS (I-V),4,Government Aided,1,1,1,0,0,0,1,1,0,0,1,1,0,0,0,1,1,1,1,1,1,1,1,1,1,1,1,0,1,0,1,0,1,1,1,1,0,0
2019-20,33,Tamilnadu,3324,MADURAI,332401,ALANGANALLUR,Urban,1,PS (I-V),5,Private Unaided (Recognized),3,3,2,0,1,0,3,3,0,0,3,3,0,2,0,3,3,3,3,3,3,3,3,3,3,3,3,1,3,1,3,0,3,0,3,1,2,2
2019-20,33,Tamilnadu,3324,MADURAI,332401,ALANGANALLUR,Urban,2,UPS (I-VIII),1,Department of Education,1,0,1,0,1,0,1,1,0,0,1,1,0,0,0,1,1,1,1,1,1,1,1,1,1,1,1,1,1,0,1,0,1,1,0,0,0,1
2019-20,33,Tamilnadu,3324,MADURAI,332401,ALANGANALLUR,Urban,3,HSS (I-XII),5,Private Unaided (Recognized),2,2,2,0,2,2,2,2,0,0,2,2,0,1,0,2,2,2,2,2,2,2,2,2,2,2,2,1,1,0,2,0,2,0,2,1,2,2
2019-20,33,Tamilnadu,3324,MADURAI,332401,ALANGANALLUR,Urban,5,HSS (VI-XII),1,Department of Education,3,3,3,0,3,1,3,3,0,0,2,3,0,1,0,2,2,2,2,3,3,2,2,3,3,3,3,2,3,0,3,2,3,3,3,3,3,3
2019-20,33,Tamilnadu,3324,MADURAI,332402,CHELLAMPATTI,Rural,1,PS (I-V),1,Department of Education,52,51,37,4,52,5,52,52,1,0,37,52,0,6,4,50,49,52,52,52,52,45,48,48,48,52,52,7,50,7,52,0,52,41,49,42,2,30
2019-20,33,Tamilnadu,3324,MADURAI,332402,CHELLAMPATTI,Rural,1,PS (I-V),4,Government Aided,1,1,1,0,0,0,1,1,0,0,1,1,0,0,0,1,1,1,1,1,1,1,1,1,1,1,1,0,1,0,1,0,1,1,1,1,0,0
2019-20,33,Tamilnadu,3324,MADURAI,332402,CHELLAMPATTI,Rural,1,PS (I-V),5,Private Unaided (Recognized),2,2,2,0,2,1,2,2,1,0,2,2,0,2,0,2,2,2,2,2,2,2,2,2,2,2,2,1,1,2,2,0,2,2,1,1,2,2
2019-20,33,Tamilnadu,3324,MADURAI,332402,CHELLAMPATTI,Rural,1,PS (I-V),8,Unrecognized,1,1,1,0,0,0,1,1,0,0,1,1,0,0,0,1,1,1,1,1,1,1,1,1,1,1,1,0,1,0,1,0,1,0,1,1,0,1
2019-20,33,Tamilnadu,3324,MADURAI,332402,CHELLAMPATTI,Rural,1,PS (I-V),90,Social welfare Department,41,41,37,3,41,5,41,41,0,0,26,41,0,5,4,40,40,41,41,41,41,37,35,37,37,41,41,9,35,9,41,0,41,36,41,31,0,25
2019-20,33,Tamilnadu,3324,MADURAI,332402,CHELLAMPATTI,Rural,2,UPS (I-VIII),1,Department of Education,7,6,5,0,7,1,7,7,0,0,6,7,0,0,0,7,7,7,7,7,7,6,6,6,6,7,7,2,7,1,7,2,7,6,7,7,0,7
2019-20,33,Tamilnadu,3324,MADURAI,332402,CHELLAMPATTI,Rural,2,UPS (I-VIII),8,Unrecognized,1,1,1,0,1,1,1,1,0,0,1,1,0,1,1,1,1,1,1,1,1,1,1,1,1,1,1,1,0,0,1,0,1,0,1,1,1,1
2019-20,33,Tamilnadu,3324,MADURAI,332402,CHELLAMPATTI,Rural,2,UPS (I-VIII),90,Social welfare Department,4,4,4,0,4,1,4,4,0,0,2,4,0,0,1,4,4,4,4,4,4,4,4,4,4,4,4,1,4,1,4,3,4,4,4,4,0,4
2019-20,33,Tamilnadu,3324,MADURAI,332402,CHELLAMPATTI,Rural,3,HSS (I-XII),5,Private Unaided (Recognized),2,2,1,0,1,1,2,2,0,0,2,2,0,1,0,2,2,2,2,2,2,2,2,2,2,2,2,2,2,0,2,0,2,0,2,1,2,2
2019-20,33,Tamilnadu,3324,MADURAI,332402,CHELLAMPATTI,Rural,5,HSS (VI-XII),4,Government Aided,1,1,1,0,1,0,1,1,0,0,1,1,0,0,0,1,1,1,1,1,1,1,1,1,1,1,1,1,1,0,1,0,1,1,1,1,1,1
2019-20,33,Tamilnadu,3324,MADURAI,332402,CHELLAMPATTI,Rural,5,HSS (VI-XII),90,Social welfare Department,7,7,6,0,7,3,7,7,0,0,7,7,0,3,1,7,7,7,7,7,7,5,6,6,6,7,7,3,7,2,7,6,7,7,7,7,5,7
2019-20,33,Tamilnadu,3324,MADURAI,332402,CHELLAMPATTI,Rural,6,SS (I-X),5,Private Unaided (Recognized),1,1,1,0,1,1,1,1,0,0,1,1,0,0,0,1,1,1,1,1,1,1,1,1,1,1,1,1,1,0,1,0,1,0,1,1,1,1
2019-20,33,Tamilnadu,3324,MADURAI,332402,CHELLAMPATTI,Rural,7,SS (VI-X),1,Department of Education,2,2,1,0,2,0,2,2,0,0,1,2,0,2,0,2,2,2,2,2,2,2,2,2,2,2,2,1,2,1,2,2,2,2,2,2,2,2
2019-20,33,Tamilnadu,3324,MADURAI,332402,CHELLAMPATTI,Rural,7,SS (VI-X),90,Social welfare Department,2,1,1,0,2,1,2,2,0,0,1,2,0,0,0,2,2,2,2,2,2,2,2,2,2,2,2,0,1,0,2,1,2,1,2,2,0,2
2019-20,33,Tamilnadu,3324,MADURAI,332402,CHELLAMPATTI,Urban,2,UPS (I-VIII),1,Department of Education,1,0,1,0,1,1,1,1,0,0,1,1,0,0,0,1,1,1,1,1,1,1,1,1,1,1,1,0,1,0,1,0,1,1,1,1,0,1
2019-20,33,Tamilnadu,3324,MADURAI,332403,KALLIKUDI,Rural,1,PS (I-V),1,Department of Education,39,28,33,1,39,8,39,39,0,0,29,39,0,3,2,39,39,39,39,39,39,37,36,37,37,39,39,10,35,5,39,1,39,34,39,29,0,23
2019-20,33,Tamilnadu,3324,MADURAI,332403,KALLIKUDI,Rural,1,PS (I-V),4,Government Aided,6,6,5,1,2,2,6,6,0,0,6,6,0,2,1,6,6,6,6,6,6,6,5,6,6,6,6,2,6,2,6,0,6,2,6,5,0,1
2019-20,33,Tamilnadu,3324,MADURAI,332403,KALLIKUDI,Rural,1,PS (I-V),5,Private Unaided (Recognized),3,3,3,0,2,1,3,3,0,0,3,3,1,1,1,3,3,3,3,3,3,1,1,1,1,3,3,2,3,0,3,0,3,0,3,2,2,3
2019-20,33,Tamilnadu,3324,MADURAI,332403,KALLIKUDI,Rural,1,PS (I-V),8,Unrecognized,1,1,1,0,1,0,1,1,0,0,1,1,0,0,0,1,1,1,1,1,1,1,1,1,1,1,1,0,0,0,1,0,1,0,1,0,1,1
2019-20,33,Tamilnadu,3324,MADURAI,332403,KALLIKUDI,Rural,2,UPS (I-VIII),1,Department of Education,21,12,16,0,21,12,21,21,0,0,16,21,0,1,3,21,21,21,21,21,21,20,20,20,20,21,21,3,20,2,21,3,21,20,21,21,0,21
2019-20,33,Tamilnadu,3324,MADURAI,332403,KALLIKUDI,Rural,2,UPS (I-VIII),5,Private Unaided (Recognized),1,1,1,0,1,0,1,1,0,0,1,1,0,0,0,1,1,1,1,1,1,1,1,1,1,1,1,1,1,0,1,0,1,0,1,0,0,1
2019-20,33,Tamilnadu,3324,MADURAI,332403,KALLIKUDI,Rural,5,HSS (VI-XII),1,Department of Education,5,4,4,0,5,3,5,5,1,0,5,5,0,3,0,5,5,5,5,5,5,4,5,5,5,5,5,3,5,1,5,4,5,5,5,5,5,5
2019-20,33,Tamilnadu,3324,MADURAI,332403,KALLIKUDI,Rural,5,HSS (VI-XII),4,Government Aided,1,1,1,0,1,1,1,1,0,0,1,1,0,0,0,1,1,1,1,1,1,1,1,1,1,1,1,0,1,0,1,0,1,1,1,1,1,1
2019-20,33,Tamilnadu,3324,MADURAI,332403,KALLIKUDI,Rural,7,SS (VI-X),1,Department of Education,8,6,3,0,8,4,8,8,0,0,5,8,0,5,1,8,8,8,8,8,8,7,8,8,8,8,8,3,8,1,8,6,8,8,8,8,8,8
2019-20,33,Tamilnadu,3324,MADURAI,332403,KALLIKUDI,Rural,7,SS (VI-X),4,Government Aided,1,1,1,0,1,0,1,1,0,0,1,1,0,0,0,1,1,1,1,1,1,1,1,1,1,1,1,0,1,0,1,0,1,0,1,1,1,1
2019-20,33,Tamilnadu,3324,MADURAI,332404,T.KALLUPATTI,Rural,1,PS (I-V),1,Department of Education,41,40,31,1,41,8,41,41,0,0,31,41,0,5,5,41,41,41,41,41,41,39,39,40,40,41,41,13,40,6,41,0,41,41,41,36,0,16
2019-20,33,Tamilnadu,3324,MADURAI,332404,T.KALLUPATTI,Rural,1,PS (I-V),4,Government Aided,8,8,5,1,1,1,8,8,1,0,7,8,0,1,0,8,8,8,8,8,8,8,8,8,8,8,8,0,4,1,8,0,8,2,8,5,0,1
2019-20,33,Tamilnadu,3324,MADURAI,332404,T.KALLUPATTI,Rural,1,PS (I-V),5,Private Unaided (Recognized),2,2,2,0,0,0,2,2,1,0,1,2,0,1,0,2,2,2,2,2,2,1,1,1,1,2,2,1,2,0,2,0,2,0,2,1,2,2
2019-20,33,Tamilnadu,3324,MADURAI,332404,T.KALLUPATTI,Rural,2,UPS (I-VIII),1,Department of Education,14,12,11,0,14,4,14,14,0,0,10,14,0,0,0,14,14,14,14,14,14,14,14,14,14,14,14,2,12,3,14,4,14,14,14,13,2,14
2019-20,33,Tamilnadu,3324,MADURAI,332404,T.KALLUPATTI,Rural,2,UPS (I-VIII),2,Tribal Welfare Department,2,2,2,0,2,0,2,2,0,0,1,2,0,0,0,2,2,2,2,2,2,2,2,2,2,2,2,0,1,0,2,1,2,2,2,2,0,2
2019-20,33,Tamilnadu,3324,MADURAI,332404,T.KALLUPATTI,Rural,2,UPS (I-VIII),4,Government Aided,1,1,1,0,1,0,1,1,0,0,0,1,0,1,1,1,1,1,1,1,1,1,1,1,1,1,1,0,1,0,1,0,1,0,1,1,1,1
2019-20,33,Tamilnadu,3324,MADURAI,332404,T.KALLUPATTI,Rural,3,HSS (I-XII),5,Private Unaided (Recognized),2,2,2,0,2,0,2,2,0,0,2,2,1,1,0,2,2,2,2,2,2,2,2,2,2,2,2,2,2,0,2,0,2,1,2,2,2,2
2019-20,33,Tamilnadu,3324,MADURAI,332404,T.KALLUPATTI,Rural,5,HSS (VI-XII),1,Department of Education,2,2,1,0,2,1,2,2,0,0,2,2,0,1,0,2,2,2,2,2,2,1,2,2,2,2,2,0,2,1,2,1,2,2,2,2,2,2
2019-20,33,Tamilnadu,3324,MADURAI,332404,T.KALLUPATTI,Rural,5,HSS (VI-XII),4,Government Aided,2,2,2,0,2,2,2,2,0,0,2,2,0,2,1,2,2,2,2,2,2,2,2,2,2,2,2,2,2,2,2,2,2,2,2,2,2,2
2019-20,33,Tamilnadu,3324,MADURAI,332404,T.KALLUPATTI,Rural,7,SS (VI-X),1,Department of Education,4,4,1,0,4,2,4,4,0,0,2,4,0,2,0,4,4,4,4,4,4,3,4,4,4,4,4,2,4,1,4,3,4,4,4,3,4,4
2019-20,33,Tamilnadu,3324,MADURAI,332404,T.KALLUPATTI,Rural,7,SS (VI-X),4,Government Aided,1,1,1,0,0,0,1,1,0,0,1,1,0,0,0,1,1,1,1,1,1,1,1,1,1,1,1,0,1,0,1,0,1,0,0,0,1,1
2019-20,33,Tamilnadu,3324,MADURAI,332404,T.KALLUPATTI,Rural,8,SS (IX-X),1,Department of Education,1,1,1,0,1,1,1,1,0,0,1,1,0,1,0,1,1,1,1,1,1,1,1,1,1,1,1,0,1,0,1,1,1,1,1,1,1,1
2019-20,33,Tamilnadu,3324,MADURAI,332404,T.KALLUPATTI,Urban,1,PS (I-V),1,Department of Education,2,2,0,0,2,0,2,2,0,0,1,2,0,0,0,2,2,2,2,2,2,1,2,2,2,2,2,0,1,0,2,0,2,2,2,1,0,0
2019-20,33,Tamilnadu,3324,MADURAI,332404,T.KALLUPATTI,Urban,1,PS (I-V),4,Government Aided,2,2,2,0,1,2,2,2,0,0,2,2,1,1,0,2,2,2,2,2,2,2,2,2,2,2,2,0,2,0,2,0,2,1,1,1,0,1
2019-20,33,Tamilnadu,3324,MADURAI,332404,T.KALLUPATTI,Urban,1,PS (I-V),5,Private Unaided (Recognized),2,2,2,0,2,0,2,2,0,0,2,2,0,0,0,2,2,2,2,2,2,2,2,2,2,2,2,1,1,0,2,0,2,0,2,1,1,2
2019-20,33,Tamilnadu,3324,MADURAI,332404,T.KALLUPATTI,Urban,3,HSS (I-XII),5,Private Unaided (Recognized),2,2,2,0,1,0,2,2,1,0,2,2,1,1,0,2,2,2,2,2,2,2,2,2,2,2,2,2,2,1,2,1,2,0,1,1,1,1
2019-20,33,Tamilnadu,3324,MADURAI,332404,T.KALLUPATTI,Urban,5,HSS (VI-XII),1,Department of Education,3,3,3,0,3,2,3,3,0,0,3,3,0,1,0,2,2,2,2,3,3,2,2,3,3,3,3,2,3,0,3,2,3,3,3,3,3,3
2019-20,33,Tamilnadu,3324,MADURAI,332404,T.KALLUPATTI,Urban,5,HSS (VI-XII),4,Government Aided,1,1,1,0,1,1,1,1,0,0,1,1,0,1,0,1,1,1,1,1,1,1,0,1,1,1,1,1,1,0,1,1,1,1,1,1,1,1
2019-20,33,Tamilnadu,3324,MADURAI,332405,KOTTAMPATTI,Rural,1,PS (I-V),1,Department of Education,78,76,55,3,78,15,78,78,0,2,68,78,1,20,16,76,75,78,78,78,78,66,65,71,71,78,78,23,74,20,78,0,78,68,77,66,1,59
2019-20,33,Tamilnadu,3324,MADURAI,332405,KOTTAMPATTI,Rural,1,PS (I-V),4,Government Aided,3,2,2,0,0,1,3,3,0,0,3,3,0,1,1,3,3,3,3,3,3,2,1,2,2,3,3,0,3,1,3,0,3,2,3,2,0,0
2019-20,33,Tamilnadu,3324,MADURAI,332405,KOTTAMPATTI,Rural,1,PS (I-V),5,Private Unaided (Recognized),9,9,9,0,4,3,9,9,0,0,9,9,1,4,0,9,9,9,9,9,9,8,8,8,8,9,9,6,8,3,9,1,9,2,8,5,6,8
2019-20,33,Tamilnadu,3324,MADURAI,332405,KOTTAMPATTI,Rural,2,UPS (I-VIII),1,Department of Education,14,14,13,0,14,4,14,14,0,0,12,14,0,5,1,13,13,13,13,13,13,12,13,13,12,14,14,10,13,6,14,3,13,13,14,14,1,14
2019-20,33,Tamilnadu,3324,MADURAI,332405,KOTTAMPATTI,Rural,5,HSS (VI-XII),1,Department of Education,11,11,10,0,11,9,11,11,0,0,11,11,0,4,2,9,9,9,9,11,11,8,7,10,10,11,11,2,10,5,11,5,11,11,11,11,9,11
2019-20,33,Tamilnadu,3324,MADURAI,332405,KOTTAMPATTI,Rural,6,SS (I-X),5,Private Unaided (Recognized),2,2,2,0,2,1,2,2,0,0,2,2,1,2,0,2,2,2,2,2,2,2,2,2,2,2,2,1,2,2,2,2,2,1,2,2,2,2
2019-20,33,Tamilnadu,3324,MADURAI,332405,KOTTAMPATTI,Rural,7,SS (VI-X),1,Department of Education,5,4,2,0,5,2,5,5,0,0,4,5,0,4,1,5,5,5,5,5,5,4,4,4,4,5,5,2,5,2,5,4,5,5,5,5,4,5
2019-20,33,Tamilnadu,3324,MADURAI,332406,MADURAI EAST,Rural,1,PS (I-V),1,Department of Education,57,56,47,1,57,9,57,57,0,0,41,57,0,8,16,57,57,57,57,57,57,49,50,53,53,57,57,25,55,13,57,0,57,49,57,49,1,44
2019-20,33,Tamilnadu,3324,MADURAI,332406,MADURAI EAST,Rural,1,PS (I-V),2,Tribal Welfare Department,3,3,3,1,3,1,3,3,0,0,2,3,0,1,1,3,3,3,3,3,3,3,3,3,3,3,3,1,3,0,3,0,3,2,3,2,0,2
2019-20,33,Tamilnadu,3324,MADURAI,332406,MADURAI EAST,Rural,1,PS (I-V),3,Local body,1,1,0,0,1,0,1,1,0,0,0,1,0,1,0,1,1,1,1,1,1,1,0,1,1,1,1,0,1,1,1,0,1,0,1,1,0,1
2019-20,33,Tamilnadu,3324,MADURAI,332406,MADURAI EAST,Rural,1,PS (I-V),4,Government Aided,13,12,9,0,4,3,13,13,0,0,12,13,0,4,5,11,11,13,13,13,13,10,11,12,12,13,13,5,11,1,13,0,13,10,13,12,1,6
2019-20,33,Tamilnadu,3324,MADURAI,332406,MADURAI EAST,Rural,1,PS (I-V),5,Private Unaided (Recognized),13,12,13,1,8,3,13,13,0,0,12,13,0,1,0,13,13,13,13,13,13,12,12,12,12,13,13,9,12,1,13,0,13,2,12,9,7,10
2019-20,33,Tamilnadu,3324,MADURAI,332406,MADURAI EAST,Rural,1,PS (I-V),8,Unrecognized,8,8,7,0,3,2,8,8,0,0,7,8,0,2,0,7,7,8,8,8,8,8,7,8,8,8,8,5,7,1,8,0,8,1,8,1,3,5
2019-20,33,Tamilnadu,3324,MADURAI,332406,MADURAI EAST,Rural,2,UPS (I-VIII),1,Department of Education,16,16,14,0,16,7,16,16,0,0,14,16,0,4,6,16,16,16,16,16,16,16,16,16,16,16,16,6,16,4,16,5,16,15,16,16,1,16
2019-20,33,Tamilnadu,3324,MADURAI,332406,MADURAI EAST,Rural,2,UPS (I-VIII),2,Tribal Welfare Department,1,1,0,0,1,1,1,1,0,0,1,1,0,1,0,1,1,1,1,1,1,1,1,1,1,1,1,1,0,1,1,0,1,1,1,1,0,1
2019-20,33,Tamilnadu,3324,MADURAI,332406,MADURAI EAST,Rural,2,UPS (I-VIII),5,Private Unaided (Recognized),4,4,3,0,2,1,4,4,0,0,3,4,0,2,0,4,4,4,4,4,4,4,4,4,4,4,4,2,4,1,4,0,4,0,3,3,3,4
2019-20,33,Tamilnadu,3324,MADURAI,332406,MADURAI EAST,Rural,2,UPS (I-VIII),8,Unrecognized,1,1,1,0,1,1,1,1,0,0,1,1,0,0,0,1,1,1,1,1,1,1,1,1,1,1,1,1,1,0,1,0,1,1,1,1,1,1
2019-20,33,Tamilnadu,3324,MADURAI,332406,MADURAI EAST,Rural,3,HSS (I-XII),1,Department of Education,1,1,1,0,1,1,1,1,0,0,1,1,0,1,1,0,0,1,1,1,1,0,1,1,1,1,1,1,1,0,1,1,1,1,1,1,1,1
2019-20,33,Tamilnadu,3324,MADURAI,332406,MADURAI EAST,Rural,3,HSS (I-XII),5,Private Unaided (Recognized),7,7,7,0,7,2,7,7,0,0,7,7,4,6,3,7,7,7,7,7,7,7,7,7,7,7,7,6,7,4,7,1,7,3,7,4,7,7
2019-20,33,Tamilnadu,3324,MADURAI,332406,MADURAI EAST,Rural,5,HSS (VI-XII),1,Department of Education,2,2,1,0,2,1,2,2,0,0,1,2,0,2,1,2,2,1,1,2,2,2,1,2,2,2,2,1,2,1,2,1,2,2,2,2,2,2
2019-20,33,Tamilnadu,3324,MADURAI,332406,MADURAI EAST,Rural,5,HSS (VI-XII),2,Tribal Welfare Department,1,1,1,0,1,0,1,1,0,0,1,1,0,0,0,1,1,1,1,1,1,1,0,1,1,1,1,0,1,0,1,1,1,1,1,1,1,1
2019-20,33,Tamilnadu,3324,MADURAI,332406,MADURAI EAST,Rural,5,HSS (VI-XII),4,Government Aided,1,1,1,0,1,0,1,1,0,0,1,1,0,0,0,1,1,1,1,1,1,1,1,1,1,1,1,0,1,0,1,1,1,1,1,1,1,1
2019-20,33,Tamilnadu,3324,MADURAI,332406,MADURAI EAST,Rural,6,SS (I-X),5,Private Unaided (Recognized),3,3,3,0,3,3,3,3,1,0,3,3,2,3,2,3,3,3,3,3,3,3,2,3,3,3,3,3,2,2,3,0,3,3,3,3,3,3
2019-20,33,Tamilnadu,3324,MADURAI,332406,MADURAI EAST,Rural,7,SS (VI-X),1,Department of Education,8,6,4,0,8,5,8,8,0,0,7,8,0,4,1,8,8,8,8,8,8,7,5,7,7,8,8,3,6,4,8,3,8,7,8,8,8,8
2019-20,33,Tamilnadu,3324,MADURAI,332406,MADURAI EAST,Rural,7,SS (VI-X),2,Tribal Welfare Department,1,1,1,0,1,0,1,1,0,0,1,1,0,1,0,1,1,1,1,1,1,1,1,1,1,1,1,0,1,0,1,1,1,1,1,1,1,1
2019-20,33,Tamilnadu,3324,MADURAI,332406,MADURAI EAST,Rural,7,SS (VI-X),4,Government Aided,1,1,1,0,0,0,1,1,0,0,1,1,0,1,0,1,1,1,1,1,1,1,1,1,1,1,1,1,1,0,1,0,1,1,1,1,1,1
2019-20,33,Tamilnadu,3324,MADURAI,332406,MADURAI EAST,Urban,1,PS (I-V),1,Department of Education,1,1,1,0,1,0,1,1,0,0,1,1,0,0,1,1,1,1,1,1,1,1,1,1,1,1,1,1,1,0,1,0,1,1,1,1,0,1
2019-20,33,Tamilnadu,3324,MADURAI,332406,MADURAI EAST,Urban,1,PS (I-V),3,Local body,3,3,3,0,3,3,3,3,0,0,2,3,0,2,0,3,3,3,3,3,3,3,3,3,3,3,3,2,3,1,3,0,3,3,3,0,1,2
2019-20,33,Tamilnadu,3324,MADURAI,332406,MADURAI EAST,Urban,1,PS (I-V),4,Government Aided,4,3,4,0,1,0,4,4,1,0,4,4,0,2,2,4,4,4,4,4,4,4,3,4,4,4,4,3,4,0,4,0,4,2,4,2,0,1
2019-20,33,Tamilnadu,3324,MADURAI,332406,MADURAI EAST,Urban,1,PS (I-V),5,Private Unaided (Recognized),23,23,22,0,11,1,23,23,0,0,19,23,1,3,0,23,23,23,23,23,23,22,14,22,22,23,23,11,20,3,23,0,23,1,21,15,10,20
2019-20,33,Tamilnadu,3324,MADURAI,332406,MADURAI EAST,Urban,1,PS (I-V),8,Unrecognized,17,16,15,0,6,0,17,17,0,0,14,17,1,1,1,16,16,17,17,17,17,15,13,15,15,17,17,10,14,0,17,0,17,0,16,8,8,12
2019-20,33,Tamilnadu,3324,MADURAI,332406,MADURAI EAST,Urban,2,UPS (I-VIII),1,Department of Education,3,3,3,0,3,1,3,3,0,0,3,3,0,0,2,3,3,3,3,3,3,3,3,3,3,3,3,2,3,2,3,0,3,3,3,3,0,3
2019-20,33,Tamilnadu,3324,MADURAI,332406,MADURAI EAST,Urban,2,UPS (I-VIII),3,Local body,1,1,1,0,1,1,1,1,0,0,1,1,0,0,1,1,1,1,1,1,1,0,1,1,1,1,1,1,1,0,1,1,1,1,1,1,1,1
2019-20,33,Tamilnadu,3324,MADURAI,332406,MADURAI EAST,Urban,2,UPS (I-VIII),4,Government Aided,1,1,1,0,1,0,1,1,0,0,1,1,0,1,0,1,1,1,1,1,1,1,1,1,1,1,1,0,0,0,1,0,1,0,1,1,1,1
2019-20,33,Tamilnadu,3324,MADURAI,332406,MADURAI EAST,Urban,2,UPS (I-VIII),5,Private Unaided (Recognized),2,2,2,1,2,1,2,2,1,0,2,2,1,1,1,2,2,2,2,2,2,2,2,2,2,2,2,0,1,1,2,0,2,1,1,1,2,2
2019-20,33,Tamilnadu,3324,MADURAI,332406,MADURAI EAST,Urban,2,UPS (I-VIII),90,Social welfare Department,1,1,1,0,1,1,1,1,0,0,1,1,0,0,0,0,0,1,1,1,1,0,0,0,0,1,1,1,1,0,1,0,1,0,1,1,1,0
2019-20,33,Tamilnadu,3324,MADURAI,332406,MADURAI EAST,Urban,3,HSS (I-XII),4,Government Aided,1,1,1,0,1,1,1,1,1,0,1,1,1,1,1,0,0,1,1,1,1,0,1,1,1,1,1,1,1,1,1,1,1,1,1,1,1,1
2019-20,33,Tamilnadu,3324,MADURAI,332406,MADURAI EAST,Urban,3,HSS (I-XII),5,Private Unaided (Recognized),12,12,12,0,10,1,12,12,0,0,12,12,2,4,0,12,12,12,12,12,12,12,11,12,12,12,12,10,12,2,12,3,12,5,12,10,11,12
2019-20,33,Tamilnadu,3324,MADURAI,332406,MADURAI EAST,Urban,5,HSS (VI-XII),3,Local body,2,2,2,0,2,0,2,2,0,0,1,2,0,0,0,1,1,2,2,2,2,1,2,2,2,2,2,1,2,0,2,0,2,1,2,1,2,2
2019-20,33,Tamilnadu,3324,MADURAI,332406,MADURAI EAST,Urban,5,HSS (VI-XII),4,Government Aided,2,2,2,0,2,0,2,2,0,0,2,2,1,0,0,2,2,1,1,2,2,2,1,2,2,2,2,1,2,0,2,1,2,1,1,0,2,2
2019-20,33,Tamilnadu,3324,MADURAI,332406,MADURAI EAST,Urban,6,SS (I-X),5,Private Unaided (Recognized),3,3,3,0,2,1,3,3,0,0,2,3,0,1,0,3,3,3,3,3,3,3,2,3,3,3,3,3,3,1,3,1,3,2,3,2,2,3
2019-20,33,Tamilnadu,3324,MADURAI,332406,MADURAI EAST,Urban,6,SS (I-X),8,Unrecognized,1,1,0,0,1,0,1,1,0,0,1,1,0,0,0,1,1,1,1,1,1,1,1,1,1,1,1,1,1,0,1,0,1,1,1,1,1,1
2019-20,33,Tamilnadu,3324,MADURAI,332406,MADURAI EAST,Urban,7,SS (VI-X),1,Department of Education,1,1,1,0,1,0,1,1,0,0,0,1,0,1,0,1,1,1,1,1,1,0,1,1,1,1,1,0,0,0,1,0,1,1,1,1,1,1
2019-20,33,Tamilnadu,3324,MADURAI,332406,MADURAI EAST,Urban,7,SS (VI-X),3,Local body,1,1,1,0,1,0,1,1,0,0,0,1,0,0,0,1,1,1,1,1,1,1,1,1,1,1,1,0,0,0,1,0,1,1,1,1,1,1
2019-20,33,Tamilnadu,3324,MADURAI,332406,MADURAI EAST,Urban,7,SS (VI-X),4,Government Aided,1,0,1,0,1,0,1,1,0,0,1,1,0,0,1,1,1,1,1,1,1,1,1,1,1,1,1,0,1,0,1,0,1,1,1,1,1,1
2019-20,33,Tamilnadu,3324,MADURAI,332406,MADURAI EAST,Urban,7,SS (VI-X),5,Private Unaided (Recognized),1,1,0,0,1,0,1,1,0,0,1,1,0,1,0,1,1,1,1,1,1,1,1,1,1,1,1,1,1,0,1,0,1,0,1,1,1,1
2019-20,33,Tamilnadu,3324,MADURAI,332407,MADURAI WEST,Rural,1,PS (I-V),1,Department of Education,49,45,43,1,49,6,49,49,1,0,35,49,0,5,3,49,49,49,49,49,49,45,47,47,47,49,49,14,40,11,49,0,49,41,48,41,0,33
2019-20,33,Tamilnadu,3324,MADURAI,332407,MADURAI WEST,Rural,1,PS (I-V),2,Tribal Welfare Department,1,0,1,0,1,1,1,1,0,0,0,1,0,0,0,1,1,1,1,1,1,1,1,1,1,1,1,0,1,0,1,0,1,1,1,1,1,1
2019-20,33,Tamilnadu,3324,MADURAI,332407,MADURAI WEST,Rural,1,PS (I-V),4,Government Aided,3,3,2,0,1,1,3,3,0,0,3,3,0,2,1,3,3,3,3,3,3,3,3,3,3,3,3,2,3,1,3,1,3,3,3,3,0,1
2019-20,33,Tamilnadu,3324,MADURAI,332407,MADURAI WEST,Rural,1,PS (I-V),5,Private Unaided (Recognized),19,19,18,0,15,7,19,19,1,0,17,19,0,3,1,19,19,19,19,19,19,19,17,19,19,19,19,9,18,3,19,1,19,5,18,13,11,16
2019-20,33,Tamilnadu,3324,MADURAI,332407,MADURAI WEST,Rural,1,PS (I-V),8,Unrecognized,1,1,1,0,1,0,1,1,0,0,0,1,0,0,0,1,1,1,1,1,1,1,0,1,1,1,1,0,0,0,1,0,1,0,0,0,1,0
2019-20,33,Tamilnadu,3324,MADURAI,332407,MADURAI WEST,Rural,2,UPS (I-VIII),1,Department of Education,10,10,9,0,10,2,10,10,0,0,6,10,0,2,0,10,10,10,10,10,10,9,9,9,9,10,10,2,10,4,10,1,10,9,10,10,1,10
2019-20,33,Tamilnadu,3324,MADURAI,332407,MADURAI WEST,Rural,2,UPS (I-VIII),4,Government Aided,3,3,1,0,3,0,3,3,0,0,2,3,0,0,0,3,3,3,3,3,3,2,2,2,2,3,3,1,1,0,3,0,3,2,3,3,1,3
2019-20,33,Tamilnadu,3324,MADURAI,332407,MADURAI WEST,Rural,2,UPS (I-VIII),5,Private Unaided (Recognized),1,1,1,0,1,0,1,1,0,0,1,1,0,1,0,1,1,1,1,1,1,1,0,1,1,1,1,1,1,0,1,0,1,0,1,1,1,1
2019-20,33,Tamilnadu,3324,MADURAI,332407,MADURAI WEST,Rural,3,HSS (I-XII),5,Private Unaided (Recognized),10,10,10,0,10,3,10,10,1,0,10,10,5,6,0,10,10,10,10,10,10,9,6,9,9,10,10,9,10,4,10,3,10,7,10,6,10,10
2019-20,33,Tamilnadu,3324,MADURAI,332407,MADURAI WEST,Rural,5,HSS (VI-XII),1,Department of Education,4,4,4,0,4,3,4,4,0,0,4,4,0,1,1,3,2,4,4,4,4,2,3,3,3,4,4,1,4,1,4,4,4,3,4,4,4,4
2019-20,33,Tamilnadu,3324,MADURAI,332407,MADURAI WEST,Rural,5,HSS (VI-XII),3,Local body,1,1,1,0,1,0,1,1,0,0,0,1,0,0,0,0,0,1,1,1,1,0,1,1,1,1,1,1,1,1,1,1,1,0,1,1,1,1
2019-20,33,Tamilnadu,3324,MADURAI,332407,MADURAI WEST,Rural,5,HSS (VI-XII),4,Government Aided,1,1,1,0,1,0,1,1,0,0,1,1,0,0,0,1,1,1,1,1,1,1,1,1,1,1,1,0,1,0,1,0,1,1,1,1,1,1
2019-20,33,Tamilnadu,3324,MADURAI,332407,MADURAI WEST,Rural,5,HSS (VI-XII),5,Private Unaided (Recognized),3,3,3,0,2,1,3,3,0,0,3,3,0,0,0,2,2,3,3,3,3,2,3,3,3,3,3,3,3,0,3,0,3,0,2,0,3,3
2019-20,33,Tamilnadu,3324,MADURAI,332407,MADURAI WEST,Rural,6,SS (I-X),5,Private Unaided (Recognized),2,2,2,0,2,0,2,2,0,0,2,2,0,0,0,2,2,2,2,2,2,2,1,2,2,2,2,2,2,0,2,0,2,1,2,1,1,2
2019-20,33,Tamilnadu,3324,MADURAI,332407,MADURAI WEST,Rural,7,SS (VI-X),1,Department of Education,6,6,1,0,6,5,6,6,0,0,6,6,0,1,1,6,6,6,6,6,6,4,5,5,5,6,6,4,6,0,6,5,6,6,6,6,6,6
2019-20,33,Tamilnadu,3324,MADURAI,332407,MADURAI WEST,Rural,7,SS (VI-X),2,Tribal Welfare Department,1,1,1,0,1,0,1,1,0,0,0,1,0,0,0,1,1,1,1,1,1,1,1,1,1,1,1,1,0,0,1,0,1,1,1,1,0,1
2019-20,33,Tamilnadu,3324,MADURAI,332407,MADURAI WEST,Rural,7,SS (VI-X),4,Government Aided,1,1,1,0,0,0,1,1,0,0,1,1,0,0,0,1,1,1,1,1,1,1,1,1,1,1,1,0,0,0,1,0,1,0,1,1,1,1
2019-20,33,Tamilnadu,3324,MADURAI,332407,MADURAI WEST,Urban,1,PS (I-V),1,Department of Education,11,11,8,1,11,2,11,11,0,0,8,11,0,2,0,11,11,11,11,11,11,11,11,11,11,11,11,1,9,4,11,0,11,8,11,9,0,6
2019-20,33,Tamilnadu,3324,MADURAI,332407,MADURAI WEST,Urban,1,PS (I-V),3,Local body,3,3,3,0,3,1,3,3,0,0,3,3,0,2,0,3,3,3,3,3,3,3,3,3,3,3,3,2,3,0,3,0,3,1,3,2,0,3
2019-20,33,Tamilnadu,3324,MADURAI,332407,MADURAI WEST,Urban,1,PS (I-V),4,Government Aided,8,8,4,0,5,1,8,8,0,0,8,8,0,2,0,8,8,8,8,8,8,6,5,6,6,8,8,2,6,1,8,1,8,5,7,3,2,3
2019-20,33,Tamilnadu,3324,MADURAI,332407,MADURAI WEST,Urban,1,PS (I-V),5,Private Unaided (Recognized),50,47,47,0,33,15,50,50,0,1,43,50,1,15,5,50,50,48,48,50,50,49,44,49,49,50,50,29,47,7,50,1,50,6,47,31,33,44
2019-20,33,Tamilnadu,3324,MADURAI,332407,MADURAI WEST,Urban,1,PS (I-V),8,Unrecognized,17,17,15,1,3,2,17,17,0,0,16,17,0,0,1,17,17,17,17,17,17,17,16,17,17,17,17,13,15,1,17,1,17,1,15,11,14,14
2019-20,33,Tamilnadu,3324,MADURAI,332407,MADURAI WEST,Urban,2,UPS (I-VIII),1,Department of Education,5,3,5,0,5,1,5,5,0,0,3,5,0,2,1,5,5,5,5,5,5,5,5,5,5,5,5,1,4,3,5,0,5,2,5,5,0,5
2019-20,33,Tamilnadu,3324,MADURAI,332407,MADURAI WEST,Urban,2,UPS (I-VIII),3,Local body,1,1,1,0,1,0,1,1,0,0,1,1,0,1,0,1,1,1,1,1,1,1,1,1,1,1,1,1,1,1,1,0,1,1,1,1,0,1
2019-20,33,Tamilnadu,3324,MADURAI,332407,MADURAI WEST,Urban,2,UPS (I-VIII),4,Government Aided,3,3,3,0,1,0,3,3,0,0,3,3,0,2,0,3,3,3,3,3,3,3,3,3,3,3,3,0,3,2,3,0,3,3,3,3,0,2
2019-20,33,Tamilnadu,3324,MADURAI,332407,MADURAI WEST,Urban,2,UPS (I-VIII),5,Private Unaided (Recognized),4,4,4,0,3,3,4,4,0,0,4,4,3,3,1,4,4,4,4,4,4,4,2,4,4,4,4,4,4,2,4,0,4,3,4,3,3,3
2019-20,33,Tamilnadu,3324,MADURAI,332407,MADURAI WEST,Urban,3,HSS (I-XII),4,Government Aided,2,2,2,0,2,2,2,2,0,0,2,2,0,0,0,1,1,2,2,2,2,1,2,2,2,2,2,1,2,0,2,1,2,1,2,2,2,2
2019-20,33,Tamilnadu,3324,MADURAI,332407,MADURAI WEST,Urban,3,HSS (I-XII),5,Private Unaided (Recognized),27,27,26,0,26,11,27,27,4,0,27,27,10,15,4,27,27,27,27,27,27,26,23,26,26,27,27,20,26,11,27,5,27,13,26,14,25,27
2019-20,33,Tamilnadu,3324,MADURAI,332407,MADURAI WEST,Urban,3,HSS (I-XII),92,Kendriya Vidyalaya / Central School,1,1,1,0,1,0,1,1,0,0,1,1,0,0,0,1,1,1,1,1,1,1,1,1,1,1,1,1,1,0,1,1,1,1,1,1,1,1
2019-20,33,Tamilnadu,3324,MADURAI,332407,MADURAI WEST,Urban,5,HSS (VI-XII),1,Department of Education,1,1,1,0,1,0,1,1,0,0,1,1,0,0,0,1,1,1,1,1,1,1,1,1,1,1,1,1,1,0,1,0,1,1,0,0,1,1
2019-20,33,Tamilnadu,3324,MADURAI,332407,MADURAI WEST,Urban,5,HSS (VI-XII),3,Local body,2,1,2,0,2,1,2,2,1,0,2,2,0,0,1,2,2,2,2,2,2,2,1,2,2,2,2,1,2,0,2,2,2,2,2,1,2,2
2019-20,33,Tamilnadu,3324,MADURAI,332407,MADURAI WEST,Urban,5,HSS (VI-XII),4,Government Aided,7,7,6,0,6,1,7,7,0,0,7,7,0,0,1,4,4,6,6,7,7,4,6,7,7,7,7,6,7,2,7,2,7,5,7,6,4,7
2019-20,33,Tamilnadu,3324,MADURAI,332407,MADURAI WEST,Urban,5,HSS (VI-XII),5,Private Unaided (Recognized),2,2,1,0,2,1,2,2,0,0,2,2,1,1,0,1,1,1,1,2,2,1,1,2,2,2,2,2,2,1,2,0,2,0,2,0,1,2
2019-20,33,Tamilnadu,3324,MADURAI,332407,MADURAI WEST,Urban,6,SS (I-X),5,Private Unaided (Recognized),8,8,8,0,8,1,8,8,0,0,8,8,0,2,0,8,8,8,8,8,8,7,4,7,7,8,8,7,8,1,8,2,8,3,7,5,7,8
2019-20,33,Tamilnadu,3324,MADURAI,332407,MADURAI WEST,Urban,6,SS (I-X),90,Social welfare Department,1,1,1,0,1,0,1,1,0,0,1,1,0,0,0,1,1,1,1,1,1,1,1,1,1,1,1,1,1,0,1,0,1,1,1,0,1,1
2019-20,33,Tamilnadu,3324,MADURAI,332407,MADURAI WEST,Urban,7,SS (VI-X),1,Department of Education,5,4,2,0,5,2,5,5,0,0,3,5,0,1,0,5,4,5,5,5,5,4,4,4,4,5,5,0,3,1,5,2,5,5,5,4,5,5
2019-20,33,Tamilnadu,3324,MADURAI,332407,MADURAI WEST,Urban,7,SS (VI-X),3,Local body,1,1,1,0,1,0,1,1,0,0,0,1,0,1,0,1,1,0,0,1,1,1,0,1,1,1,1,1,1,0,1,0,1,1,1,1,1,1
2019-20,33,Tamilnadu,3324,MADURAI,332407,MADURAI WEST,Urban,7,SS (VI-X),4,Government Aided,1,1,1,0,1,1,1,1,0,0,1,1,0,1,0,1,1,1,1,1,1,1,1,1,1,1,1,0,1,1,1,0,1,0,1,1,1,1
2019-20,33,Tamilnadu,3324,MADURAI,332408,MELUR,Rural,1,PS (I-V),1,Department of Education,72,69,44,6,72,20,72,72,0,0,59,72,2,14,12,71,68,72,72,72,72,65,67,69,69,72,72,28,60,20,72,1,72,65,70,61,1,51
2019-20,33,Tamilnadu,3324,MADURAI,332408,MELUR,Rural,1,PS (I-V),3,Local body,1,1,0,0,1,0,1,1,0,0,0,1,0,0,0,1,1,1,1,1,1,1,0,1,1,1,1,0,1,0,1,0,1,1,1,1,0,1
2019-20,33,Tamilnadu,3324,MADURAI,332408,MELUR,Rural,1,PS (I-V),4,Government Aided,3,3,3,0,1,1,3,3,0,0,3,3,0,1,2,3,3,3,3,3,3,3,3,3,3,3,3,2,3,1,3,0,3,2,3,3,0,0
2019-20,33,Tamilnadu,3324,MADURAI,332408,MELUR,Rural,1,PS (I-V),5,Private Unaided (Recognized),17,17,17,0,13,10,17,17,1,0,16,17,0,5,1,17,17,17,17,17,17,17,17,17,17,17,17,11,16,2,17,0,17,2,15,8,10,16
2019-20,33,Tamilnadu,3324,MADURAI,332408,MELUR,Rural,2,UPS (I-VIII),1,Department of Education,18,18,17,1,18,5,18,18,0,0,10,18,0,4,3,18,18,18,18,18,18,18,18,18,18,18,18,8,17,5,18,6,18,18,18,18,1,18
2019-20,33,Tamilnadu,3324,MADURAI,332408,MELUR,Rural,2,UPS (I-VIII),4,Government Aided,1,1,1,0,1,0,1,1,0,0,1,1,0,0,0,1,1,1,1,1,1,1,1,1,1,1,1,0,1,0,1,0,1,1,1,1,0,1
2019-20,33,Tamilnadu,3324,MADURAI,332408,MELUR,Rural,2,UPS (I-VIII),8,Unrecognized,1,1,1,0,1,0,1,1,0,0,1,1,0,0,0,1,1,1,1,1,1,1,0,1,1,1,1,0,1,0,1,0,1,0,1,0,1,1
2019-20,33,Tamilnadu,3324,MADURAI,332408,MELUR,Rural,3,HSS (I-XII),5,Private Unaided (Recognized),7,7,6,0,6,3,7,7,1,0,7,7,0,1,0,7,7,7,7,7,7,7,7,7,7,7,7,5,7,0,7,1,7,3,7,5,7,7
2019-20,33,Tamilnadu,3324,MADURAI,332408,MELUR,Rural,5,HSS (VI-XII),1,Department of Education,8,8,8,0,8,6,8,8,0,0,8,8,0,3,1,8,8,8,8,8,8,6,7,7,7,8,8,3,8,1,8,6,8,8,8,8,6,8
2019-20,33,Tamilnadu,3324,MADURAI,332408,MELUR,Rural,5,HSS (VI-XII),5,Private Unaided (Recognized),1,1,1,0,1,0,1,1,0,0,1,1,0,0,0,1,1,1,1,1,1,1,1,1,1,1,1,0,0,0,1,0,1,1,1,0,1,1
2019-20,33,Tamilnadu,3324,MADURAI,332408,MELUR,Rural,6,SS (I-X),5,Private Unaided (Recognized),2,2,2,0,2,2,2,2,1,0,2,2,1,2,1,2,2,2,2,2,2,1,1,1,1,2,2,2,2,2,2,0,2,1,2,2,2,2
2019-20,33,Tamilnadu,3324,MADURAI,332408,MELUR,Rural,7,SS (VI-X),1,Department of Education,3,2,2,0,3,1,3,3,0,0,2,3,0,2,1,3,3,3,3,3,3,3,3,3,3,3,3,2,3,2,3,2,3,3,3,3,3,3
2019-20,33,Tamilnadu,3324,MADURAI,332408,MELUR,Rural,7,SS (VI-X),3,Local body,1,1,1,0,1,0,1,1,1,0,1,1,0,1,0,1,1,1,1,1,1,1,1,1,1,1,1,1,1,1,1,0,1,1,1,1,1,1
2019-20,33,Tamilnadu,3324,MADURAI,332408,MELUR,Rural,7,SS (VI-X),4,Government Aided,1,1,1,0,0,0,1,1,0,0,1,1,0,0,0,1,1,1,1,1,1,0,0,0,0,1,1,1,1,0,1,0,1,1,1,1,1,1
2019-20,33,Tamilnadu,3324,MADURAI,332408,MELUR,Urban,1,PS (I-V),1,Department of Education,2,2,2,0,2,0,2,2,0,0,1,2,0,0,0,2,2,2,2,2,2,2,1,2,2,2,2,0,1,0,2,0,2,1,2,2,0,1
2019-20,33,Tamilnadu,3324,MADURAI,332408,MELUR,Urban,1,PS (I-V),3,Local body,2,2,2,0,2,0,2,2,0,0,2,2,0,0,1,2,2,2,2,2,2,1,1,2,2,2,2,1,2,2,2,0,2,2,2,2,0,0
2019-20,33,Tamilnadu,3324,MADURAI,332408,MELUR,Urban,1,PS (I-V),4,Government Aided,4,4,4,0,2,2,4,4,0,0,4,4,0,2,2,4,4,4,4,4,4,4,4,4,4,4,4,0,3,1,4,0,4,3,3,2,0,1
2019-20,33,Tamilnadu,3324,MADURAI,332408,MELUR,Urban,1,PS (I-V),5,Private Unaided (Recognized),4,4,4,0,4,0,4,4,0,0,4,4,0,2,0,4,4,4,4,4,4,4,4,4,4,4,4,2,4,2,4,0,4,0,4,4,2,3
2019-20,33,Tamilnadu,3324,MADURAI,332408,MELUR,Urban,2,UPS (I-VIII),4,Government Aided,3,3,2,0,2,0,3,3,0,0,3,3,0,0,0,3,3,3,3,3,3,3,3,3,3,3,3,1,2,0,3,0,3,2,2,1,0,3
2019-20,33,Tamilnadu,3324,MADURAI,332408,MELUR,Urban,2,UPS (I-VIII),5,Private Unaided (Recognized),1,1,1,0,1,0,1,1,0,0,1,1,0,0,0,1,1,1,1,1,1,1,1,1,1,1,1,1,1,1,1,0,1,0,1,1,1,1
2019-20,33,Tamilnadu,3324,MADURAI,332408,MELUR,Urban,3,HSS (I-XII),5,Private Unaided (Recognized),7,7,6,0,7,1,7,7,1,0,7,7,0,2,0,7,7,7,7,7,7,6,6,6,6,7,7,7,6,1,7,2,7,1,7,5,7,7
2019-20,33,Tamilnadu,3324,MADURAI,332408,MELUR,Urban,5,HSS (VI-XII),1,Department of Education,3,3,3,0,3,3,3,3,0,0,3,3,0,0,1,2,2,3,2,3,3,2,2,3,3,3,3,2,3,1,3,1,3,3,3,3,3,3
2019-20,33,Tamilnadu,3324,MADURAI,332408,MELUR,Urban,6,SS (I-X),5,Private Unaided (Recognized),1,1,1,0,1,0,1,1,0,0,1,1,0,0,0,1,1,1,1,1,1,1,1,1,1,1,1,0,1,1,1,0,1,0,1,1,1,1
2019-20,33,Tamilnadu,3324,MADURAI,332408,MELUR,Urban,7,SS (VI-X),4,Government Aided,3,3,3,0,2,2,3,3,0,0,3,3,0,3,1,3,3,3,3,3,3,3,3,3,3,3,3,2,3,0,3,0,3,3,3,3,3,3
2019-20,33,Tamilnadu,3324,MADURAI,332409,SEDAPATTI,Rural,1,PS (I-V),1,Department of Education,53,53,47,3,53,10,53,53,0,1,42,53,1,18,4,53,53,53,53,53,53,50,47,50,50,53,53,9,49,13,53,0,53,51,53,39,0,35
2019-20,33,Tamilnadu,3324,MADURAI,332409,SEDAPATTI,Rural,1,PS (I-V),2,Tribal Welfare Department,1,1,1,0,1,0,1,1,0,0,0,1,0,1,0,1,1,1,1,1,1,1,1,1,1,1,1,0,1,0,1,0,1,1,1,1,0,1
2019-20,33,Tamilnadu,3324,MADURAI,332409,SEDAPATTI,Rural,1,PS (I-V),4,Government Aided,16,16,6,0,1,4,16,16,0,0,14,16,0,8,1,16,15,16,16,16,16,14,15,15,15,16,16,4,14,7,16,0,16,9,16,8,5,8
2019-20,33,Tamilnadu,3324,MADURAI,332409,SEDAPATTI,Rural,1,PS (I-V),5,Private Unaided (Recognized),4,4,4,0,4,1,4,4,0,0,4,4,0,1,0,4,4,4,4,4,4,4,4,4,4,4,4,4,4,1,4,0,4,2,4,2,2,4
2019-20,33,Tamilnadu,3324,MADURAI,332409,SEDAPATTI,Rural,1,PS (I-V),90,Social welfare Department,7,7,6,0,7,2,7,7,0,0,6,7,0,3,1,7,7,7,7,7,7,6,4,6,6,7,7,2,7,4,7,0,7,7,7,7,0,7
2019-20,33,Tamilnadu,3324,MADURAI,332409,SEDAPATTI,Rural,2,UPS (I-VIII),1,Department of Education,11,11,10,0,11,3,11,11,0,0,7,11,0,2,1,11,11,11,11,11,11,10,9,10,10,11,11,3,11,1,11,2,11,11,11,11,0,11
2019-20,33,Tamilnadu,3324,MADURAI,332409,SEDAPATTI,Rural,2,UPS (I-VIII),2,Tribal Welfare Department,1,1,0,0,1,1,1,1,0,0,1,1,0,1,0,1,1,1,1,1,1,1,1,1,1,1,1,1,1,0,1,0,1,1,1,1,0,1
2019-20,33,Tamilnadu,3324,MADURAI,332409,SEDAPATTI,Rural,2,UPS (I-VIII),4,Government Aided,2,2,1,0,0,1,2,2,0,0,2,2,0,0,2,2,2,2,2,2,2,2,2,2,2,2,2,1,2,0,2,0,2,2,2,2,0,1
2019-20,33,Tamilnadu,3324,MADURAI,332409,SEDAPATTI,Rural,2,UPS (I-VIII),90,Social welfare Department,1,1,1,0,1,1,1,1,0,0,1,1,0,0,1,1,1,1,1,1,1,1,1,1,1,1,1,0,1,1,1,0,1,1,1,1,0,1
2019-20,33,Tamilnadu,3324,MADURAI,332409,SEDAPATTI,Rural,3,HSS (I-XII),5,Private Unaided (Recognized),3,3,2,0,3,2,3,3,1,0,3,3,1,1,1,3,3,3,3,3,3,3,3,3,3,3,3,3,3,1,3,1,3,3,3,3,3,3
2019-20,33,Tamilnadu,3324,MADURAI,332409,SEDAPATTI,Rural,5,HSS (VI-XII),1,Department of Education,3,3,3,0,3,2,3,3,0,0,3,3,0,0,0,3,3,3,3,3,3,3,3,3,3,3,3,2,2,0,3,2,3,3,3,3,3,3
2019-20,33,Tamilnadu,3324,MADURAI,332409,SEDAPATTI,Rural,5,HSS (VI-XII),4,Government Aided,2,2,2,0,1,2,2,2,0,0,2,2,0,0,0,2,2,2,2,2,2,2,2,2,2,2,2,2,2,0,2,0,2,2,2,2,2,2
2019-20,33,Tamilnadu,3324,MADURAI,332409,SEDAPATTI,Rural,5,HSS (VI-XII),90,Social welfare Department,3,3,2,0,3,1,3,3,0,0,3,3,0,1,0,3,3,3,3,3,3,3,3,3,3,3,3,0,3,0,3,3,3,3,3,3,2,3
2019-20,33,Tamilnadu,3324,MADURAI,332409,SEDAPATTI,Rural,6,SS (I-X),5,Private Unaided (Recognized),1,1,1,0,1,1,1,1,0,0,1,1,1,1,0,1,1,1,1,1,1,1,1,1,1,1,1,1,1,1,1,0,1,0,1,1,1,1
2019-20,33,Tamilnadu,3324,MADURAI,332409,SEDAPATTI,Rural,7,SS (VI-X),1,Department of Education,6,6,4,0,6,4,6,6,0,0,3,6,0,2,0,5,5,6,6,6,6,4,5,5,5,6,6,2,6,2,6,3,6,6,5,4,6,6
2019-20,33,Tamilnadu,3324,MADURAI,332409,SEDAPATTI,Rural,7,SS (VI-X),2,Tribal Welfare Department,1,1,1,0,1,1,1,1,0,0,1,1,0,0,0,1,1,1,1,1,1,1,0,1,1,1,1,0,0,0,1,1,1,1,1,1,1,1
2019-20,33,Tamilnadu,3324,MADURAI,332409,SEDAPATTI,Urban,1,PS (I-V),1,Department of Education,3,3,2,0,3,0,3,3,0,0,2,3,0,1,0,3,3,3,3,3,3,2,3,3,3,3,3,1,2,0,3,0,3,0,3,2,0,2
2019-20,33,Tamilnadu,3324,MADURAI,332409,SEDAPATTI,Urban,1,PS (I-V),4,Government Aided,1,1,1,0,0,0,1,1,0,0,1,1,0,0,0,1,1,1,1,1,1,1,1,1,1,1,1,1,1,0,1,0,1,1,1,1,1,1
2019-20,33,Tamilnadu,3324,MADURAI,332409,SEDAPATTI,Urban,1,PS (I-V),5,Private Unaided (Recognized),2,2,1,0,1,1,2,2,0,0,1,2,0,0,0,2,2,2,2,2,2,2,2,2,2,2,2,2,2,0,2,0,2,0,1,1,1,2
2019-20,33,Tamilnadu,3324,MADURAI,332409,SEDAPATTI,Urban,2,UPS (I-VIII),5,Private Unaided (Recognized),1,1,1,0,1,0,1,1,0,0,1,1,0,0,0,1,1,1,1,1,1,1,0,1,1,1,1,1,1,0,1,0,1,0,1,1,1,1
2019-20,33,Tamilnadu,3324,MADURAI,332409,SEDAPATTI,Urban,5,HSS (VI-XII),1,Department of Education,2,2,1,0,2,2,2,2,0,0,2,2,0,1,1,1,1,1,1,2,2,0,1,1,1,2,2,2,2,0,2,1,2,2,2,2,2,2
2019-20,33,Tamilnadu,3324,MADURAI,332410,THIRUMANGALAM,Rural,1,PS (I-V),1,Department of Education,46,46,33,4,46,13,46,46,0,0,34,46,0,3,3,44,44,46,45,46,46,42,42,43,43,46,46,7,38,9,46,0,46,41,45,36,0,22
2019-20,33,Tamilnadu,3324,MADURAI,332410,THIRUMANGALAM,Rural,1,PS (I-V),4,Government Aided,9,9,7,0,1,1,9,9,0,0,8,9,0,1,0,9,9,9,9,9,9,9,6,9,9,9,9,2,9,0,9,0,9,2,8,6,1,3
2019-20,33,Tamilnadu,3324,MADURAI,332410,THIRUMANGALAM,Rural,1,PS (I-V),5,Private Unaided (Recognized),7,6,6,0,7,2,7,7,1,0,7,7,0,2,2,7,7,7,7,7,7,7,7,7,7,7,7,4,7,3,7,0,7,4,7,5,5,6
2019-20,33,Tamilnadu,3324,MADURAI,332410,THIRUMANGALAM,Rural,1,PS (I-V),90,Social welfare Department,19,19,18,0,19,7,19,19,0,0,12,19,0,2,0,19,19,19,19,19,19,18,18,18,18,19,19,2,17,1,19,0,19,16,18,15,0,14
2019-20,33,Tamilnadu,3324,MADURAI,332410,THIRUMANGALAM,Rural,2,UPS (I-VIII),1,Department of Education,15,15,13,0,15,4,15,15,0,0,14,15,0,1,3,15,15,15,15,15,15,14,15,15,15,15,15,2,15,5,15,3,15,15,15,14,0,15
2019-20,33,Tamilnadu,3324,MADURAI,332410,THIRUMANGALAM,Rural,2,UPS (I-VIII),5,Private Unaided (Recognized),3,3,3,0,3,1,3,3,0,0,3,3,0,0,0,3,3,3,3,3,3,3,3,3,3,3,3,2,3,0,3,0,3,1,3,3,3,3
2019-20,33,Tamilnadu,3324,MADURAI,332410,THIRUMANGALAM,Rural,3,HSS (I-XII),5,Private Unaided (Recognized),5,5,5,0,5,2,5,5,0,0,5,5,2,3,2,5,5,5,5,5,5,5,5,5,5,5,5,3,5,3,5,0,5,1,5,2,4,4
2019-20,33,Tamilnadu,3324,MADURAI,332410,THIRUMANGALAM,Rural,4,UPS (VI-VIII),4,Government Aided,1,1,1,0,0,0,1,1,0,0,1,1,0,1,0,1,1,1,1,1,1,1,1,1,1,1,1,0,1,0,1,0,1,0,1,1,1,1
2019-20,33,Tamilnadu,3324,MADURAI,332410,THIRUMANGALAM,Rural,5,HSS (VI-XII),1,Department of Education,3,3,3,0,3,1,3,3,0,0,3,3,0,1,0,3,3,3,3,3,3,3,3,3,3,3,3,2,3,1,3,3,3,3,3,3,2,3
2019-20,33,Tamilnadu,3324,MADURAI,332410,THIRUMANGALAM,Rural,5,HSS (VI-XII),4,Government Aided,3,3,3,0,2,1,3,3,0,0,3,3,0,2,0,2,2,3,3,3,3,2,3,3,3,3,3,1,3,1,3,1,3,1,3,2,3,3
2019-20,33,Tamilnadu,3324,MADURAI,332410,THIRUMANGALAM,Rural,5,HSS (VI-XII),5,Private Unaided (Recognized),2,2,2,0,2,2,2,2,0,0,2,2,0,0,1,2,2,2,2,2,2,2,2,2,2,2,2,2,2,1,2,0,2,1,2,1,2,2
2019-20,33,Tamilnadu,3324,MADURAI,332410,THIRUMANGALAM,Rural,5,HSS (VI-XII),90,Social welfare Department,4,4,4,0,4,2,4,4,0,0,3,4,0,2,0,3,3,3,3,4,4,3,3,4,4,4,4,1,4,0,4,2,4,4,4,4,4,4
2019-20,33,Tamilnadu,3324,MADURAI,332410,THIRUMANGALAM,Rural,6,SS (I-X),90,Social welfare Department,1,1,1,0,1,0,1,1,0,0,0,1,0,0,0,1,1,1,1,1,1,0,0,0,0,1,1,0,0,0,1,1,1,1,1,1,1,1
2019-20,33,Tamilnadu,3324,MADURAI,332410,THIRUMANGALAM,Rural,7,SS (VI-X),1,Department of Education,3,2,2,0,3,2,3,3,0,0,2,3,0,1,0,3,3,3,3,3,3,3,3,3,3,3,3,2,3,0,3,2,3,3,3,3,3,3
2019-20,33,Tamilnadu,3324,MADURAI,332410,THIRUMANGALAM,Rural,7,SS (VI-X),4,Government Aided,1,1,1,0,1,1,1,1,0,0,1,1,1,1,0,1,1,1,1,1,1,1,1,1,1,1,1,1,1,0,1,0,1,1,1,1,1,1
2019-20,33,Tamilnadu,3324,MADURAI,332410,THIRUMANGALAM,Rural,7,SS (VI-X),90,Social welfare Department,2,2,0,0,2,0,2,2,0,0,1,2,0,1,0,2,2,2,2,2,2,2,2,2,2,2,2,2,2,0,2,1,2,2,2,2,1,2
2019-20,33,Tamilnadu,3324,MADURAI,332410,THIRUMANGALAM,Urban,1,PS (I-V),3,Local body,5,5,4,0,5,0,5,5,0,0,4,5,0,1,2,5,5,5,5,5,5,5,5,5,5,5,5,0,5,1,5,0,5,3,5,5,0,2
2019-20,33,Tamilnadu,3324,MADURAI,332410,THIRUMANGALAM,Urban,1,PS (I-V),4,Government Aided,5,5,3,0,1,0,5,5,0,0,3,5,0,2,0,5,5,5,5,5,5,5,5,5,5,5,5,1,5,2,5,0,5,1,4,3,2,3
2019-20,33,Tamilnadu,3324,MADURAI,332410,THIRUMANGALAM,Urban,1,PS (I-V),5,Private Unaided (Recognized),8,8,8,0,7,0,8,8,0,0,7,8,1,3,0,8,8,8,8,8,8,8,7,8,8,8,8,6,7,0,8,0,8,0,6,4,6,7
2019-20,33,Tamilnadu,3324,MADURAI,332410,THIRUMANGALAM,Urban,1,PS (I-V),8,Unrecognized,1,1,1,0,1,0,1,1,0,0,1,1,0,1,0,1,1,1,1,1,1,1,1,1,1,1,1,1,1,1,1,0,1,0,1,0,0,1
2019-20,33,Tamilnadu,3324,MADURAI,332410,THIRUMANGALAM,Urban,1,PS (I-V),90,Social welfare Department,1,1,1,0,1,0,1,1,0,0,0,1,0,1,0,1,1,1,1,1,1,1,1,1,1,1,1,1,1,0,1,0,1,1,1,1,0,1
2019-20,33,Tamilnadu,3324,MADURAI,332410,THIRUMANGALAM,Urban,2,UPS (I-VIII),5,Private Unaided (Recognized),1,1,1,0,0,0,1,1,0,0,1,1,0,0,0,1,1,1,1,1,1,1,1,1,1,1,1,0,1,0,1,0,1,1,1,1,1,1
2019-20,33,Tamilnadu,3324,MADURAI,332410,THIRUMANGALAM,Urban,3,HSS (I-XII),5,Private Unaided (Recognized),2,2,2,0,2,0,2,2,0,0,2,2,2,2,0,2,2,2,2,2,2,2,2,2,2,2,2,2,2,2,2,1,2,0,2,1,2,2
2019-20,33,Tamilnadu,3324,MADURAI,332410,THIRUMANGALAM,Urban,5,HSS (VI-XII),1,Department of Education,2,2,2,0,2,2,2,2,0,0,2,2,0,1,1,1,1,2,2,2,2,1,2,2,2,2,2,1,2,0,2,1,2,2,2,2,2,2
2019-20,33,Tamilnadu,3324,MADURAI,332410,THIRUMANGALAM,Urban,5,HSS (VI-XII),4,Government Aided,2,2,2,0,2,0,2,2,0,0,2,2,1,2,0,1,1,1,1,2,2,1,1,2,2,2,2,2,2,1,2,1,2,2,2,1,2,2
2019-20,33,Tamilnadu,3324,MADURAI,332410,THIRUMANGALAM,Urban,5,HSS (VI-XII),5,Private Unaided (Recognized),1,1,1,0,1,1,1,1,0,0,1,1,0,0,0,1,1,1,1,1,1,1,1,1,1,1,1,0,1,0,1,0,1,1,1,1,1,1
2019-20,33,Tamilnadu,3324,MADURAI,332410,THIRUMANGALAM,Urban,6,SS (I-X),8,Unrecognized,1,1,1,0,1,0,1,1,0,0,1,1,0,1,0,1,1,1,1,1,1,1,1,1,1,1,1,0,1,1,1,0,1,0,1,0,1,1
2019-20,33,Tamilnadu,3324,MADURAI,332410,THIRUMANGALAM,Urban,7,SS (VI-X),4,Government Aided,1,1,1,0,1,1,1,1,0,0,1,1,0,0,0,1,1,1,1,1,1,1,1,1,1,1,1,0,1,0,1,0,1,1,1,1,1,1
2019-20,33,Tamilnadu,3324,MADURAI,332411,THIRUPARAMKUNDRAM,Rural,1,PS (I-V),1,Department of Education,33,33,26,0,33,10,33,33,0,0,22,33,0,9,4,33,33,33,33,33,33,28,31,31,31,33,33,6,27,11,33,2,33,31,33,30,0,29
2019-20,33,Tamilnadu,3324,MADURAI,332411,THIRUPARAMKUNDRAM,Rural,1,PS (I-V),4,Government Aided,8,8,6,0,2,3,8,8,0,0,7,8,0,4,2,8,8,8,8,8,8,5,5,5,5,8,8,0,5,2,8,0,8,6,8,7,0,2
2019-20,33,Tamilnadu,3324,MADURAI,332411,THIRUPARAMKUNDRAM,Rural,1,PS (I-V),5,Private Unaided (Recognized),27,27,19,0,18,7,27,27,1,0,23,27,0,9,0,27,27,27,27,27,27,24,24,25,25,27,27,11,25,3,27,0,27,1,25,19,16,20
2019-20,33,Tamilnadu,3324,MADURAI,332411,THIRUPARAMKUNDRAM,Rural,1,PS (I-V),8,Unrecognized,7,7,5,0,4,2,7,7,0,0,6,7,0,1,1,7,7,7,7,7,7,3,4,4,4,7,7,4,7,0,7,0,7,2,7,4,5,4
2019-20,33,Tamilnadu,3324,MADURAI,332411,THIRUPARAMKUNDRAM,Rural,1,PS (I-V),90,Social welfare Department,4,4,4,0,4,1,4,4,0,0,3,4,0,1,0,4,4,4,4,4,4,4,3,4,4,4,4,2,3,1,4,0,4,3,4,4,0,4
2019-20,33,Tamilnadu,3324,MADURAI,332411,THIRUPARAMKUNDRAM,Rural,2,UPS (I-VIII),1,Department of Education,13,13,12,0,13,5,13,13,0,0,10,13,0,3,2,13,13,13,13,13,13,12,12,12,12,13,13,3,11,5,13,5,13,13,13,13,2,13
2019-20,33,Tamilnadu,3324,MADURAI,332411,THIRUPARAMKUNDRAM,Rural,2,UPS (I-VIII),4,Government Aided,1,1,1,0,0,1,1,1,0,0,1,1,0,0,0,1,1,1,1,1,1,1,1,1,1,1,1,1,1,0,1,0,1,1,1,1,0,1
2019-20,33,Tamilnadu,3324,MADURAI,332411,THIRUPARAMKUNDRAM,Rural,2,UPS (I-VIII),5,Private Unaided (Recognized),6,6,6,0,4,3,6,6,0,0,6,6,3,5,1,6,6,6,6,6,6,6,6,6,6,6,6,5,6,0,6,1,6,4,3,2,5,6
2019-20,33,Tamilnadu,3324,MADURAI,332411,THIRUPARAMKUNDRAM,Rural,2,UPS (I-VIII),90,Social welfare Department,2,2,2,0,2,0,2,2,0,0,1,2,0,0,1,2,2,2,2,2,2,2,2,2,2,2,2,1,2,1,2,1,2,2,2,2,0,2
2019-20,33,Tamilnadu,3324,MADURAI,332411,THIRUPARAMKUNDRAM,Rural,3,HSS (I-XII),5,Private Unaided (Recognized),19,19,19,0,19,7,19,19,5,0,19,19,9,12,5,19,19,19,19,19,19,18,18,18,18,19,19,18,18,6,19,5,19,7,17,11,19,19
2019-20,33,Tamilnadu,3324,MADURAI,332411,THIRUPARAMKUNDRAM,Rural,4,UPS (VI-VIII),4,Government Aided,1,1,0,0,0,0,1,1,0,0,1,1,0,0,1,1,1,1,1,1,1,1,1,1,1,1,1,0,1,0,1,0,1,1,1,1,0,0
2019-20,33,Tamilnadu,3324,MADURAI,332411,THIRUPARAMKUNDRAM,Rural,5,HSS (VI-XII),1,Department of Education,2,2,2,0,2,1,2,2,0,0,2,2,0,2,0,2,2,2,2,2,2,2,2,2,2,2,2,1,2,2,2,2,2,2,2,2,2,2
2019-20,33,Tamilnadu,3324,MADURAI,332411,THIRUPARAMKUNDRAM,Rural,5,HSS (VI-XII),4,Government Aided,4,4,4,0,4,0,4,4,1,0,4,4,1,3,1,1,1,3,3,4,4,1,2,3,3,4,4,4,4,0,4,1,4,2,4,4,4,4
2019-20,33,Tamilnadu,3324,MADURAI,332411,THIRUPARAMKUNDRAM,Rural,5,HSS (VI-XII),5,Private Unaided (Recognized),1,1,1,0,1,0,1,1,1,0,1,1,0,1,1,1,1,1,1,1,1,1,1,1,1,1,1,1,1,1,1,0,1,0,1,1,1,1
2019-20,33,Tamilnadu,3324,MADURAI,332411,THIRUPARAMKUNDRAM,Rural,6,SS (I-X),5,Private Unaided (Recognized),10,10,10,0,9,3,10,10,0,0,9,10,1,2,0,10,10,10,10,10,10,10,9,10,10,10,10,7,8,1,10,0,10,4,9,3,7,10
2019-20,33,Tamilnadu,3324,MADURAI,332411,THIRUPARAMKUNDRAM,Rural,7,SS (VI-X),1,Department of Education,13,12,10,0,13,6,13,13,0,0,4,13,0,3,0,13,13,13,13,13,13,11,6,11,11,13,13,10,12,2,13,11,13,13,13,13,9,13
2019-20,33,Tamilnadu,3324,MADURAI,332411,THIRUPARAMKUNDRAM,Rural,7,SS (VI-X),5,Private Unaided (Recognized),1,1,0,0,1,1,1,1,0,0,1,1,0,0,0,1,1,1,1,1,1,1,0,1,1,1,1,0,0,0,1,0,1,0,0,0,1,1
2019-20,33,Tamilnadu,3324,MADURAI,332411,THIRUPARAMKUNDRAM,Rural,7,SS (VI-X),90,Social welfare Department,1,1,1,0,1,0,1,1,0,0,1,1,0,0,0,1,1,1,1,1,1,1,1,1,1,1,1,1,1,0,1,1,1,1,1,1,1,1
2019-20,33,Tamilnadu,3324,MADURAI,332411,THIRUPARAMKUNDRAM,Urban,1,PS (I-V),1,Department of Education,8,8,7,0,8,2,8,8,0,0,6,8,0,2,2,8,8,8,8,8,8,7,7,7,7,8,8,4,8,1,8,0,8,7,8,2,0,8
2019-20,33,Tamilnadu,3324,MADURAI,332411,THIRUPARAMKUNDRAM,Urban,1,PS (I-V),3,Local body,3,3,3,1,3,1,3,3,0,0,2,3,0,2,1,2,2,3,3,3,3,2,2,2,2,3,3,2,3,2,3,0,3,2,3,3,1,2
2019-20,33,Tamilnadu,3324,MADURAI,332411,THIRUPARAMKUNDRAM,Urban,1,PS (I-V),4,Government Aided,13,13,11,0,5,4,13,13,0,0,12,13,1,6,2,13,13,13,13,13,13,13,13,13,13,13,13,2,11,2,13,0,13,5,13,9,2,6
2019-20,33,Tamilnadu,3324,MADURAI,332411,THIRUPARAMKUNDRAM,Urban,1,PS (I-V),5,Private Unaided (Recognized),57,56,50,0,39,13,57,57,0,0,48,57,3,18,0,56,56,56,56,57,57,54,53,55,55,57,57,29,52,6,57,1,57,7,49,30,32,47
2019-20,33,Tamilnadu,3324,MADURAI,332411,THIRUPARAMKUNDRAM,Urban,1,PS (I-V),8,Unrecognized,13,13,11,0,8,1,13,13,0,0,11,13,1,1,0,13,13,12,12,13,13,12,10,12,12,13,13,5,11,1,13,1,13,1,11,7,7,10
2019-20,33,Tamilnadu,3324,MADURAI,332411,THIRUPARAMKUNDRAM,Urban,2,UPS (I-VIII),1,Department of Education,4,4,4,0,4,0,4,4,0,0,4,4,0,0,0,4,4,4,4,4,4,3,3,3,3,4,4,2,3,0,4,0,4,4,4,4,0,4
2019-20,33,Tamilnadu,3324,MADURAI,332411,THIRUPARAMKUNDRAM,Urban,2,UPS (I-VIII),3,Local body,5,5,4,0,5,2,5,5,0,0,3,5,1,2,0,5,5,5,5,5,5,4,4,4,4,5,5,4,5,0,5,2,5,5,5,5,1,5
2019-20,33,Tamilnadu,3324,MADURAI,332411,THIRUPARAMKUNDRAM,Urban,2,UPS (I-VIII),4,Government Aided,6,6,4,0,4,1,6,6,0,0,3,6,0,3,0,6,6,6,6,6,6,5,5,5,5,6,6,2,5,0,6,1,6,2,6,4,2,6
2019-20,33,Tamilnadu,3324,MADURAI,332411,THIRUPARAMKUNDRAM,Urban,2,UPS (I-VIII),5,Private Unaided (Recognized),2,2,2,0,2,2,2,2,0,0,2,2,1,1,0,2,2,2,2,2,2,2,2,2,2,2,2,1,1,1,2,0,2,1,1,0,2,2
2019-20,33,Tamilnadu,3324,MADURAI,332411,THIRUPARAMKUNDRAM,Urban,2,UPS (I-VIII),8,Unrecognized,1,1,1,0,0,1,1,1,0,0,1,1,0,1,0,1,1,1,1,1,1,1,1,1,1,1,1,1,1,1,1,0,1,0,1,1,1,1
2019-20,33,Tamilnadu,3324,MADURAI,332411,THIRUPARAMKUNDRAM,Urban,2,UPS (I-VIII),90,Social welfare Department,1,1,1,0,1,0,1,1,0,0,1,1,0,0,0,1,1,1,1,1,1,1,1,1,1,1,1,1,1,0,1,0,1,1,1,0,0,0
2019-20,33,Tamilnadu,3324,MADURAI,332411,THIRUPARAMKUNDRAM,Urban,3,HSS (I-XII),5,Private Unaided (Recognized),23,23,23,0,23,7,23,23,3,0,23,23,10,11,0,23,23,23,23,23,23,23,20,23,23,23,23,21,21,8,23,6,23,7,18,16,22,23
2019-20,33,Tamilnadu,3324,MADURAI,332411,THIRUPARAMKUNDRAM,Urban,3,HSS (I-XII),92,Kendriya Vidyalaya / Central School,1,1,1,0,1,0,1,1,0,0,1,1,1,1,0,1,1,1,1,1,1,1,1,1,1,1,1,1,1,0,1,0,1,1,1,1,1,1
2019-20,33,Tamilnadu,3324,MADURAI,332411,THIRUPARAMKUNDRAM,Urban,4,UPS (VI-VIII),4,Government Aided,2,2,2,0,0,1,2,2,0,0,2,2,0,2,0,2,2,2,2,2,2,2,2,2,2,2,2,0,2,1,2,0,2,2,2,2,1,1
2019-20,33,Tamilnadu,3324,MADURAI,332411,THIRUPARAMKUNDRAM,Urban,5,HSS (VI-XII),1,Department of Education,2,2,1,0,2,1,2,2,0,0,1,2,0,1,0,2,2,2,2,2,2,1,1,1,1,2,2,0,2,1,2,2,2,2,2,2,2,2
2019-20,33,Tamilnadu,3324,MADURAI,332411,THIRUPARAMKUNDRAM,Urban,5,HSS (VI-XII),3,Local body,1,0,1,0,1,1,1,1,0,0,1,1,0,0,0,0,0,1,1,1,1,0,1,1,1,1,1,1,1,0,1,1,1,1,1,1,1,1
2019-20,33,Tamilnadu,3324,MADURAI,332411,THIRUPARAMKUNDRAM,Urban,5,HSS (VI-XII),4,Government Aided,9,8,8,0,7,3,9,9,0,0,9,9,1,4,1,6,6,6,6,9,9,6,5,9,9,9,9,9,9,2,9,1,9,5,8,8,9,9
2019-20,33,Tamilnadu,3324,MADURAI,332411,THIRUPARAMKUNDRAM,Urban,5,HSS (VI-XII),5,Private Unaided (Recognized),1,1,1,0,1,0,1,1,0,0,1,1,0,0,0,1,1,1,1,1,1,1,1,1,1,1,1,1,1,0,1,0,1,0,1,1,1,1
2019-20,33,Tamilnadu,3324,MADURAI,332411,THIRUPARAMKUNDRAM,Urban,6,SS (I-X),5,Private Unaided (Recognized),11,11,11,0,11,1,11,11,1,0,11,11,2,7,3,11,11,11,11,11,11,11,10,11,11,11,11,5,10,2,11,1,11,3,11,11,11,11
2019-20,33,Tamilnadu,3324,MADURAI,332411,THIRUPARAMKUNDRAM,Urban,6,SS (I-X),90,Social welfare Department,1,1,1,0,1,0,1,1,0,0,0,1,0,1,0,1,1,1,1,1,1,1,1,1,1,1,1,1,1,1,1,1,1,1,1,1,1,1
2019-20,33,Tamilnadu,3324,MADURAI,332411,THIRUPARAMKUNDRAM,Urban,7,SS (VI-X),1,Department of Education,1,1,1,0,1,0,1,1,0,0,1,1,0,1,0,1,1,1,1,1,1,1,1,1,1,1,1,1,1,1,1,1,1,1,1,1,1,1
2019-20,33,Tamilnadu,3324,MADURAI,332411,THIRUPARAMKUNDRAM,Urban,7,SS (VI-X),4,Government Aided,2,2,1,0,2,0,2,2,0,0,2,2,0,1,0,2,2,2,2,2,2,1,1,1,1,2,2,1,2,0,2,1,2,1,2,2,2,2
2019-20,33,Tamilnadu,3324,MADURAI,332412,USILAMPATTI,Rural,1,PS (I-V),1,Department of Education,32,31,28,1,32,5,32,32,0,0,26,32,0,22,8,32,32,32,31,32,32,29,28,29,29,32,32,7,30,16,32,0,32,31,31,23,0,16
2019-20,33,Tamilnadu,3324,MADURAI,332412,USILAMPATTI,Rural,1,PS (I-V),4,Government Aided,3,3,3,0,2,0,3,3,0,0,2,3,0,1,1,3,3,3,3,3,3,3,3,3,3,3,3,0,3,2,3,0,3,2,3,3,0,1
2019-20,33,Tamilnadu,3324,MADURAI,332412,USILAMPATTI,Rural,1,PS (I-V),5,Private Unaided (Recognized),4,4,4,0,4,1,4,4,1,0,4,4,0,4,0,4,4,4,4,4,4,4,4,4,4,4,4,2,3,4,4,0,4,1,3,3,2,4
2019-20,33,Tamilnadu,3324,MADURAI,332412,USILAMPATTI,Rural,1,PS (I-V),90,Social welfare Department,28,27,25,0,28,6,28,28,0,0,24,28,0,20,6,28,28,28,28,28,28,25,26,26,26,28,28,5,27,17,28,1,28,27,27,25,0,21
2019-20,33,Tamilnadu,3324,MADURAI,332412,USILAMPATTI,Rural,2,UPS (I-VIII),1,Department of Education,12,12,10,0,12,1,12,12,0,0,9,12,0,10,2,12,12,12,12,12,12,12,11,12,12,12,12,3,12,10,12,5,12,12,12,12,0,12
2019-20,33,Tamilnadu,3324,MADURAI,332412,USILAMPATTI,Rural,2,UPS (I-VIII),5,Private Unaided (Recognized),2,2,2,0,1,0,2,2,0,0,2,2,0,0,0,2,2,2,2,2,2,2,2,2,2,2,2,1,1,0,2,0,2,1,2,1,1,2
2019-20,33,Tamilnadu,3324,MADURAI,332412,USILAMPATTI,Rural,2,UPS (I-VIII),90,Social welfare Department,3,3,3,0,3,0,3,3,0,0,2,3,0,2,1,3,3,3,3,3,3,3,3,3,3,3,3,1,3,3,3,3,3,3,3,3,0,3
2019-20,33,Tamilnadu,3324,MADURAI,332412,USILAMPATTI,Rural,3,HSS (I-XII),5,Private Unaided (Recognized),1,1,1,0,1,0,1,1,0,0,1,1,0,0,0,1,1,1,1,1,1,1,1,1,1,1,1,1,1,0,1,0,1,1,1,0,1,1
2019-20,33,Tamilnadu,3324,MADURAI,332412,USILAMPATTI,Rural,5,HSS (VI-XII),5,Private Unaided (Recognized),1,1,1,0,1,1,1,1,0,0,1,1,0,0,0,1,1,1,1,1,1,1,1,1,1,1,1,1,1,0,1,0,1,0,1,0,1,1
2019-20,33,Tamilnadu,3324,MADURAI,332412,USILAMPATTI,Rural,5,HSS (VI-XII),90,Social welfare Department,3,3,3,0,3,1,3,3,0,0,2,3,0,3,1,3,3,3,3,3,3,3,3,3,3,3,3,2,3,1,3,3,3,3,3,3,3,3
2019-20,33,Tamilnadu,3324,MADURAI,332412,USILAMPATTI,Rural,6,SS (I-X),5,Private Unaided (Recognized),4,4,4,0,4,2,4,4,1,0,4,4,2,2,0,4,4,4,4,4,4,2,2,2,2,4,4,4,4,1,4,1,4,3,4,4,4,4
2019-20,33,Tamilnadu,3324,MADURAI,332412,USILAMPATTI,Rural,7,SS (VI-X),1,Department of Education,1,1,1,0,1,1,1,1,0,0,1,1,0,1,0,1,1,1,1,1,1,1,1,1,1,1,1,0,1,0,1,1,1,1,1,1,1,1
2019-20,33,Tamilnadu,3324,MADURAI,332412,USILAMPATTI,Rural,7,SS (VI-X),90,Social welfare Department,7,6,5,0,7,4,7,7,0,0,5,7,0,5,0,7,7,7,7,7,7,5,5,5,5,7,7,4,6,4,7,5,7,7,7,7,6,7
2019-20,33,Tamilnadu,3324,MADURAI,332412,USILAMPATTI,Urban,1,PS (I-V),4,Government Aided,4,4,4,0,2,0,4,4,0,0,4,4,0,3,1,4,4,4,4,4,4,4,4,4,4,4,4,1,4,2,4,0,4,1,4,4,1,2
2019-20,33,Tamilnadu,3324,MADURAI,332412,USILAMPATTI,Urban,2,UPS (I-VIII),4,Government Aided,2,2,2,0,0,0,2,2,0,0,2,2,0,1,0,2,2,2,2,2,2,2,2,2,2,2,2,0,2,0,2,0,2,2,2,1,1,2
2019-20,33,Tamilnadu,3324,MADURAI,332412,USILAMPATTI,Urban,2,UPS (I-VIII),5,Private Unaided (Recognized),1,1,1,0,1,1,1,1,0,0,1,1,0,1,0,1,1,1,1,1,1,1,1,1,1,1,1,1,1,0,1,0,1,0,0,0,1,1
2019-20,33,Tamilnadu,3324,MADURAI,332412,USILAMPATTI,Urban,3,HSS (I-XII),5,Private Unaided (Recognized),3,3,3,0,3,1,3,3,0,0,3,3,0,2,0,3,3,3,3,3,3,3,3,3,3,3,3,3,3,0,3,3,3,1,3,3,3,3
2019-20,33,Tamilnadu,3324,MADURAI,332412,USILAMPATTI,Urban,5,HSS (VI-XII),1,Department of Education,1,1,1,0,1,0,1,1,0,0,1,1,0,0,0,1,1,0,0,1,1,1,0,1,1,1,1,0,1,0,1,0,1,0,1,1,1,1
2019-20,33,Tamilnadu,3324,MADURAI,332412,USILAMPATTI,Urban,5,HSS (VI-XII),4,Government Aided,3,3,3,0,3,1,3,3,0,0,3,3,1,2,2,1,1,2,2,3,3,1,1,2,2,3,3,2,3,1,3,2,3,2,3,3,3,3
2019-20,33,Tamilnadu,3324,MADURAI,332412,USILAMPATTI,Urban,7,SS (VI-X),90,Social welfare Department,1,1,1,0,1,0,1,1,0,0,1,1,0,1,0,1,1,1,1,1,1,1,1,1,1,1,1,1,1,0,1,1,1,1,1,1,1,1
2019-20,33,Tamilnadu,3324,MADURAI,332413,T.VADIPATTI,Rural,1,PS (I-V),1,Department of Education,27,19,24,2,27,6,27,27,1,0,20,27,1,4,2,27,27,27,27,27,27,22,22,24,24,27,27,9,21,9,27,0,27,22,25,19,0,18
2019-20,33,Tamilnadu,3324,MADURAI,332413,T.VADIPATTI,Rural,1,PS (I-V),2,Tribal Welfare Department,2,2,1,0,2,0,2,2,0,0,1,2,0,0,1,2,2,2,2,2,2,2,2,2,2,2,2,1,1,2,2,0,2,1,2,2,0,1
2019-20,33,Tamilnadu,3324,MADURAI,332413,T.VADIPATTI,Rural,1,PS (I-V),4,Government Aided,5,5,2,1,3,0,5,5,0,0,3,5,0,3,1,5,5,5,5,5,5,4,4,4,4,5,5,1,5,2,5,0,5,4,5,5,0,2
2019-20,33,Tamilnadu,3324,MADURAI,332413,T.VADIPATTI,Rural,1,PS (I-V),5,Private Unaided (Recognized),3,3,2,0,2,1,3,3,0,0,3,3,0,0,0,3,3,3,3,3,3,3,3,3,3,3,3,3,3,2,3,0,3,0,3,3,2,3
2019-20,33,Tamilnadu,3324,MADURAI,332413,T.VADIPATTI,Rural,1,PS (I-V),8,Unrecognized,2,1,1,0,0,2,2,2,0,0,2,2,0,0,0,2,2,2,2,2,2,1,2,2,2,2,2,0,2,1,2,0,2,0,2,2,1,2
2019-20,33,Tamilnadu,3324,MADURAI,332413,T.VADIPATTI,Rural,1,PS (I-V),90,Social welfare Department,4,4,4,0,4,1,4,4,0,0,2,4,0,2,1,4,4,4,4,4,4,4,4,4,4,4,4,0,4,0,4,0,4,4,4,4,0,3
2019-20,33,Tamilnadu,3324,MADURAI,332413,T.VADIPATTI,Rural,2,UPS (I-VIII),1,Department of Education,15,11,13,0,15,4,15,15,1,0,10,15,0,7,1,15,15,15,15,15,15,15,14,15,15,15,15,12,15,9,15,2,15,13,13,12,2,15
2019-20,33,Tamilnadu,3324,MADURAI,332413,T.VADIPATTI,Rural,2,UPS (I-VIII),4,Government Aided,1,1,1,0,1,0,1,1,0,0,1,1,0,0,0,1,1,1,1,1,1,0,0,0,0,1,1,0,1,0,1,0,1,0,1,1,1,1
2019-20,33,Tamilnadu,3324,MADURAI,332413,T.VADIPATTI,Rural,2,UPS (I-VIII),5,Private Unaided (Recognized),3,3,3,0,3,1,3,3,0,0,3,3,0,0,0,3,3,3,2,3,3,3,3,3,3,3,3,3,3,1,3,0,3,1,2,2,0,1
2019-20,33,Tamilnadu,3324,MADURAI,332413,T.VADIPATTI,Rural,3,HSS (I-XII),5,Private Unaided (Recognized),1,1,1,0,1,1,1,1,1,0,1,1,1,1,0,1,1,1,1,1,1,1,1,1,1,1,1,1,1,1,1,1,1,1,1,0,1,1
2019-20,33,Tamilnadu,3324,MADURAI,332413,T.VADIPATTI,Rural,5,HSS (VI-XII),1,Department of Education,1,1,1,0,1,0,1,1,0,0,1,1,0,1,0,1,1,1,1,1,1,1,1,1,1,1,1,1,1,1,1,1,1,1,1,1,1,1
2019-20,33,Tamilnadu,3324,MADURAI,332413,T.VADIPATTI,Rural,5,HSS (VI-XII),2,Tribal Welfare Department,1,1,1,0,1,0,1,1,0,0,0,1,0,0,0,1,1,1,1,1,1,0,1,1,1,1,1,1,1,0,1,1,1,1,1,1,1,1
2019-20,33,Tamilnadu,3324,MADURAI,332413,T.VADIPATTI,Rural,5,HSS (VI-XII),4,Government Aided,1,1,1,0,1,0,1,1,0,0,1,1,0,0,0,1,1,0,0,1,1,0,0,0,0,1,1,1,1,0,1,1,1,0,1,1,1,1
2019-20,33,Tamilnadu,3324,MADURAI,332413,T.VADIPATTI,Rural,5,HSS (VI-XII),90,Social welfare Department,2,2,2,0,2,1,2,2,0,0,1,2,0,1,0,2,2,2,2,2,2,2,2,2,2,2,2,2,2,1,2,1,2,2,2,2,1,2
2019-20,33,Tamilnadu,3324,MADURAI,332413,T.VADIPATTI,Rural,6,SS (I-X),5,Private Unaided (Recognized),1,1,1,0,1,0,1,1,0,0,1,1,1,1,0,1,1,1,1,1,1,1,1,1,1,1,1,1,1,1,1,0,1,0,1,0,1,1
2019-20,33,Tamilnadu,3324,MADURAI,332413,T.VADIPATTI,Rural,7,SS (VI-X),1,Department of Education,4,4,2,0,4,2,4,4,0,0,3,4,0,3,0,4,4,4,4,4,4,4,4,4,4,4,4,3,3,3,4,3,4,3,4,4,4,4
2019-20,33,Tamilnadu,3324,MADURAI,332413,T.VADIPATTI,Rural,7,SS (VI-X),5,Private Unaided (Recognized),1,1,1,0,1,0,1,1,0,0,1,1,0,0,0,1,1,1,1,1,1,1,1,1,1,1,1,1,1,0,1,0,1,0,1,0,0,1
2019-20,33,Tamilnadu,3324,MADURAI,332413,T.VADIPATTI,Urban,1,PS (I-V),1,Department of Education,8,4,7,0,8,2,8,8,1,0,6,8,0,2,4,8,8,8,8,8,8,8,8,8,8,8,8,4,8,7,8,0,8,7,8,8,1,6
2019-20,33,Tamilnadu,3324,MADURAI,332413,T.VADIPATTI,Urban,1,PS (I-V),4,Government Aided,5,5,4,0,3,1,5,5,0,0,4,5,0,2,0,5,5,5,5,5,5,5,5,5,5,5,5,2,4,1,5,0,5,4,5,5,1,3
2019-20,33,Tamilnadu,3324,MADURAI,332413,T.VADIPATTI,Urban,1,PS (I-V),5,Private Unaided (Recognized),5,5,4,0,5,0,5,5,0,0,3,5,0,2,0,5,5,5,5,5,5,5,5,5,5,5,5,4,5,3,5,0,5,0,5,3,3,4
2019-20,33,Tamilnadu,3324,MADURAI,332413,T.VADIPATTI,Urban,1,PS (I-V),8,Unrecognized,1,1,1,0,1,1,1,1,0,0,1,1,0,0,0,1,1,1,1,1,1,1,0,1,1,1,1,0,1,0,1,0,1,1,1,1,1,1
2019-20,33,Tamilnadu,3324,MADURAI,332413,T.VADIPATTI,Urban,1,PS (I-V),90,Social welfare Department,1,1,1,0,1,0,1,1,0,0,0,1,0,0,0,1,1,1,1,1,1,1,1,1,1,1,1,0,1,0,1,0,1,1,1,1,0,1
2019-20,33,Tamilnadu,3324,MADURAI,332413,T.VADIPATTI,Urban,2,UPS (I-VIII),1,Department of Education,1,0,0,0,1,0,1,1,0,0,0,1,0,0,0,1,1,1,1,1,1,0,1,1,1,1,1,1,1,0,1,0,1,1,1,1,0,1
2019-20,33,Tamilnadu,3324,MADURAI,332413,T.VADIPATTI,Urban,2,UPS (I-VIII),4,Government Aided,2,1,2,0,2,1,2,2,0,0,2,2,0,1,0,2,2,2,2,2,2,2,2,2,2,2,2,0,2,1,2,0,2,1,2,2,1,1
2019-20,33,Tamilnadu,3324,MADURAI,332413,T.VADIPATTI,Urban,3,HSS (I-XII),5,Private Unaided (Recognized),5,5,5,0,5,1,5,5,0,0,5,5,2,4,0,5,5,5,5,5,5,5,4,5,5,5,5,5,5,2,5,2,5,1,4,3,3,4
2019-20,33,Tamilnadu,3324,MADURAI,332413,T.VADIPATTI,Urban,5,HSS (VI-XII),1,Department of Education,5,5,4,0,5,2,5,5,0,0,5,5,0,2,2,3,3,4,4,5,5,3,4,5,5,5,5,4,3,0,5,2,5,2,5,4,4,5
2019-20,33,Tamilnadu,3324,MADURAI,332413,T.VADIPATTI,Urban,6,SS (I-X),5,Private Unaided (Recognized),1,1,1,0,1,1,1,1,0,0,1,1,1,1,0,1,1,1,1,1,1,1,1,1,1,1,1,1,1,0,1,0,1,1,1,1,1,1
2019-20,33,Tamilnadu,3324,MADURAI,332414,MADURAI NORTH,Rural,2,UPS (I-VIII),4,Government Aided,2,2,1,0,2,0,2,2,0,0,1,2,0,2,0,2,2,2,2,2,2,2,1,2,2,2,2,0,2,1,2,0,2,0,2,2,2,2
2019-20,33,Tamilnadu,3324,MADURAI,332414,MADURAI NORTH,Rural,3,HSS (I-XII),5,Private Unaided (Recognized),2,2,2,0,2,1,2,2,0,0,2,2,0,1,0,2,2,2,2,2,2,1,1,1,1,2,2,2,2,0,2,1,2,0,1,1,2,2
2019-20,33,Tamilnadu,3324,MADURAI,332414,MADURAI NORTH,Rural,5,HSS (VI-XII),4,Government Aided,1,1,1,0,1,0,1,1,0,0,1,1,0,0,0,1,1,1,1,1,1,1,1,1,1,1,1,1,1,0,1,0,1,0,1,1,1,1
2019-20,33,Tamilnadu,3324,MADURAI,332414,MADURAI NORTH,Rural,6,SS (I-X),5,Private Unaided (Recognized),1,1,1,0,1,0,1,1,0,0,1,1,0,1,1,1,1,1,1,1,1,1,1,1,1,1,1,1,1,0,1,1,1,0,1,0,1,1
2019-20,33,Tamilnadu,3324,MADURAI,332414,MADURAI NORTH,Urban,1,PS (I-V),3,Local body,7,6,6,0,7,4,7,7,0,0,6,7,0,5,0,7,7,7,7,7,7,4,4,4,4,7,7,4,6,2,7,0,7,5,7,5,0,3
2019-20,33,Tamilnadu,3324,MADURAI,332414,MADURAI NORTH,Urban,1,PS (I-V),4,Government Aided,10,10,7,0,3,0,10,10,0,0,7,10,0,2,1,9,9,10,10,10,10,7,7,8,8,10,10,2,10,3,10,0,10,2,10,7,2,6
2019-20,33,Tamilnadu,3324,MADURAI,332414,MADURAI NORTH,Urban,1,PS (I-V),5,Private Unaided (Recognized),29,28,26,0,20,2,29,29,0,0,22,29,0,10,0,28,28,29,29,29,29,27,24,28,28,29,29,11,28,3,29,0,29,7,25,19,19,25
2019-20,33,Tamilnadu,3324,MADURAI,332414,MADURAI NORTH,Urban,1,PS (I-V),8,Unrecognized,4,4,3,0,0,0,4,4,0,0,3,4,0,0,0,4,4,4,4,4,4,2,2,2,2,4,4,1,4,0,4,0,4,1,1,1,2,3
2019-20,33,Tamilnadu,3324,MADURAI,332414,MADURAI NORTH,Urban,2,UPS (I-VIII),3,Local body,4,3,4,0,4,1,4,4,0,0,2,4,0,2,0,4,4,4,4,4,4,3,3,3,3,4,4,1,4,2,4,0,4,4,4,4,2,3
2019-20,33,Tamilnadu,3324,MADURAI,332414,MADURAI NORTH,Urban,2,UPS (I-VIII),4,Government Aided,17,17,12,0,12,1,17,17,1,0,10,17,0,8,1,17,17,17,17,17,17,16,13,16,16,17,17,9,15,2,17,0,17,6,16,15,8,10
2019-20,33,Tamilnadu,3324,MADURAI,332414,MADURAI NORTH,Urban,2,UPS (I-VIII),5,Private Unaided (Recognized),1,1,1,0,1,0,1,1,0,0,1,1,1,1,0,1,1,1,1,1,1,1,0,1,1,1,1,1,1,1,1,0,1,1,1,0,1,1
2019-20,33,Tamilnadu,3324,MADURAI,332414,MADURAI NORTH,Urban,3,HSS (I-XII),4,Government Aided,1,1,1,0,1,1,1,1,0,0,1,1,0,0,0,0,0,1,1,1,1,0,1,1,1,1,1,1,1,0,1,0,1,1,1,1,1,1
2019-20,33,Tamilnadu,3324,MADURAI,332414,MADURAI NORTH,Urban,3,HSS (I-XII),5,Private Unaided (Recognized),6,6,6,0,5,0,6,6,1,0,6,6,3,3,0,6,6,6,6,6,6,6,6,6,6,6,6,5,6,0,6,0,6,3,6,4,6,6
2019-20,33,Tamilnadu,3324,MADURAI,332414,MADURAI NORTH,Urban,3,HSS (I-XII),95,Railway School,1,1,1,0,1,0,1,1,0,0,1,1,0,1,0,1,1,1,1,1,1,1,1,1,1,1,1,1,1,1,1,1,1,1,1,1,1,1
2019-20,33,Tamilnadu,3324,MADURAI,332414,MADURAI NORTH,Urban,5,HSS (VI-XII),1,Department of Education,1,1,1,0,1,0,1,1,0,0,0,1,0,0,0,0,0,1,1,1,1,0,0,0,0,1,1,0,0,0,1,1,1,1,1,1,1,1
2019-20,33,Tamilnadu,3324,MADURAI,332414,MADURAI NORTH,Urban,5,HSS (VI-XII),3,Local body,2,2,2,0,2,1,2,2,0,0,2,2,0,1,1,1,1,1,1,2,2,1,1,2,2,2,2,1,2,0,2,1,2,2,2,2,2,2
2019-20,33,Tamilnadu,3324,MADURAI,332414,MADURAI NORTH,Urban,5,HSS (VI-XII),4,Government Aided,7,7,6,0,7,1,7,7,0,0,7,7,0,2,2,6,6,2,2,7,7,6,1,6,6,7,7,4,7,2,7,0,7,7,7,4,7,7
2019-20,33,Tamilnadu,3324,MADURAI,332414,MADURAI NORTH,Urban,6,SS (I-X),5,Private Unaided (Recognized),2,2,2,0,2,0,2,2,0,0,2,2,0,1,0,2,2,2,2,2,2,1,1,1,1,2,2,2,2,1,2,0,2,0,2,1,1,2
2019-20,33,Tamilnadu,3324,MADURAI,332414,MADURAI NORTH,Urban,7,SS (VI-X),4,Government Aided,1,1,1,0,1,0,1,1,0,0,1,1,0,0,0,1,1,1,1,1,1,1,1,1,1,1,1,0,1,0,1,0,1,1,1,1,1,1
2019-20,33,Tamilnadu,3324,MADURAI,332415,MADURAI SOUTH,Rural,1,PS (I-V),8,Unrecognized,1,1,1,0,0,0,1,1,0,0,1,1,0,0,0,1,1,1,1,1,1,1,1,1,1,1,1,0,1,0,1,0,1,0,0,0,1,1
2019-20,33,Tamilnadu,3324,MADURAI,332415,MADURAI SOUTH,Rural,3,HSS (I-XII),5,Private Unaided (Recognized),1,1,1,0,1,0,1,1,0,0,1,1,0,0,0,1,1,1,1,1,1,1,1,1,1,1,1,1,1,0,1,1,1,0,1,1,1,1
2019-20,33,Tamilnadu,3324,MADURAI,332415,MADURAI SOUTH,Rural,5,HSS (VI-XII),4,Government Aided,1,1,1,0,1,0,1,1,0,0,1,1,0,1,0,1,1,0,0,1,1,1,0,1,1,1,1,1,1,1,1,0,1,0,1,1,1,1
2019-20,33,Tamilnadu,3324,MADURAI,332415,MADURAI SOUTH,Rural,7,SS (VI-X),4,Government Aided,1,1,1,0,1,0,1,1,0,0,1,1,0,1,0,1,1,1,1,1,1,1,1,1,1,1,1,1,1,1,1,1,1,0,1,1,1,1
2019-20,33,Tamilnadu,3324,MADURAI,332415,MADURAI SOUTH,Urban,1,PS (I-V),3,Local body,9,9,7,0,9,3,9,9,0,0,6,9,0,5,1,9,9,9,9,9,9,7,6,7,7,9,9,4,8,4,9,1,9,8,8,6,4,7
2019-20,33,Tamilnadu,3324,MADURAI,332415,MADURAI SOUTH,Urban,1,PS (I-V),4,Government Aided,17,17,7,0,11,0,17,17,0,0,7,17,0,9,2,17,17,15,15,17,17,15,13,15,15,17,17,6,16,4,17,0,17,4,15,9,3,8
2019-20,33,Tamilnadu,3324,MADURAI,332415,MADURAI SOUTH,Urban,1,PS (I-V),5,Private Unaided (Recognized),37,36,24,0,24,4,37,37,1,0,26,37,0,4,0,36,36,35,35,37,37,32,29,33,33,37,37,15,32,6,37,1,37,2,34,16,21,31
2019-20,33,Tamilnadu,3324,MADURAI,332415,MADURAI SOUTH,Urban,1,PS (I-V),8,Unrecognized,6,6,2,0,4,1,6,6,0,0,4,6,0,1,0,6,6,6,6,6,6,4,4,4,4,6,6,1,6,1,6,0,6,0,6,2,5,6
2019-20,33,Tamilnadu,3324,MADURAI,332415,MADURAI SOUTH,Urban,2,UPS (I-VIII),3,Local body,3,3,3,0,3,0,3,3,0,0,3,3,0,0,0,3,3,3,3,3,3,1,1,1,1,3,3,2,3,0,3,1,3,2,3,3,1,3
2019-20,33,Tamilnadu,3324,MADURAI,332415,MADURAI SOUTH,Urban,2,UPS (I-VIII),4,Government Aided,15,15,12,0,13,1,15,15,0,0,12,15,0,5,1,14,14,15,15,15,15,13,14,14,14,15,15,2,15,2,15,0,15,3,15,15,9,12
2019-20,33,Tamilnadu,3324,MADURAI,332415,MADURAI SOUTH,Urban,3,HSS (I-XII),5,Private Unaided (Recognized),13,13,12,0,12,2,13,13,2,0,13,13,3,8,1,12,12,13,13,13,13,12,11,13,13,13,13,10,12,4,13,3,13,2,13,8,13,13
2019-20,33,Tamilnadu,3324,MADURAI,332415,MADURAI SOUTH,Urban,4,UPS (VI-VIII),4,Government Aided,1,1,1,0,0,0,1,1,0,0,1,1,0,0,0,1,1,1,1,1,1,1,1,1,1,1,1,0,1,0,1,0,1,1,1,0,0,0
2019-20,33,Tamilnadu,3324,MADURAI,332415,MADURAI SOUTH,Urban,5,HSS (VI-XII),3,Local body,7,6,7,0,7,1,7,7,0,0,5,7,0,5,0,3,3,7,7,7,7,3,5,6,6,7,7,6,7,5,7,6,7,6,7,7,7,7
2019-20,33,Tamilnadu,3324,MADURAI,332415,MADURAI SOUTH,Urban,5,HSS (VI-XII),4,Government Aided,13,12,10,0,13,4,13,13,1,0,12,13,1,6,2,7,7,8,8,13,13,7,4,9,9,13,13,13,13,3,13,7,13,8,13,13,13,13
2019-20,33,Tamilnadu,3324,MADURAI,332415,MADURAI SOUTH,Urban,6,SS (I-X),5,Private Unaided (Recognized),2,2,2,0,0,1,2,2,0,0,2,2,0,0,0,2,2,2,2,2,2,2,2,2,2,2,2,1,2,0,2,0,2,0,2,1,1,2
2019-20,33,Tamilnadu,3324,MADURAI,332415,MADURAI SOUTH,Urban,7,SS (VI-X),3,Local body,7,7,6,0,7,0,7,7,1,0,4,7,0,3,0,6,6,5,5,7,7,6,3,6,6,7,7,5,7,2,7,4,7,7,7,7,7,7
2019-20,33,Tamilnadu,3324,MADURAI,332415,MADURAI SOUTH,Urban,7,SS (VI-X),4,Government Aided,2,2,1,0,1,0,2,2,0,0,2,2,0,0,0,1,1,2,2,2,2,1,2,2,2,2,2,1,2,1,2,0,2,0,2,2,2,2
2019-20,33,Tamilnadu,3324,MADURAI,332415,MADURAI SOUTH,Urban,7,SS (VI-X),5,Private Unaided (Recognized),1,1,1,0,1,0,1,1,0,0,1,1,0,0,0,0,0,1,1,1,1,0,1,1,1,1,1,0,0,0,1,1,1,0,1,1,0,1
2019-20,33,Tamilnadu,3324,MADURAI,332415,MADURAI SOUTH,Urban,10,HSS (IX-XII),4,Government Aided,1,0,0,0,1,0,1,1,0,0,1,1,0,1,0,1,1,1,1,1,1,1,1,1,1,1,1,0,1,0,1,0,1,1,1,0,1,0
