Academic_Year,State_Code,State_Name,District_Code,District_Name,Block_Code,Udise_Block_Name,Location,School_Category_Id,School_Category_Name,School_Management_Id,School_Management_Name,Total_Number_of_Schools,Building,Boundary_Wall,Single_Class_Room,Separate_Room_for_Headmaster,Land_Available,Electricity,Functional_Electricity,Solar_Panel,Furniture,Playground,Library_or_Reading_Corner_or_Book_Bank,Librarian,Newspaper,Kitchen_Garden,Boy_Toilet,Functional_Boy_Toilet,Girl_Toilet,Functional_Girl_Toilet,Toilet_Facility,Functional_Toilet_Facility,Functional_Urinal_Boy,Functional_Urinal_Girl,Functional_Urinal,Functional_Toilet_and_Urinal,Drinking_Water,Functional_Drinking_Water,Water_Purifier,Rain_Water_Harvesting,Water_Tested,Handwash,Incinerator,WASH_Facility_Drinking_Water_Toilet_and_Handwash,Ramps,Medical_Checkup,Complete_Medical_Checkup,Internet,Computer_Available
2019-20,33,Tamilnadu,3307,VILLUPURAM,330701,MELMALAYANUR,Rural,1,PS (I-V),1,Department of Education,82,48,51,2,82,36,82,82,0,0,66,82,0,30,17,78,76,81,81,82,82,70,71,75,75,82,82,29,81,42,82,0,82,57,79,78,1,81
2019-20,33,Tamilnadu,3307,VILLUPURAM,330701,MELMALAYANUR,Rural,1,PS (I-V),4,Government Aided,11,10,5,1,1,4,11,11,0,0,10,11,0,1,1,10,10,11,11,11,11,10,9,10,10,11,11,0,8,6,11,0,11,5,11,10,0,0
2019-20,33,Tamilnadu,3307,VILLUPURAM,330701,MELMALAYANUR,Rural,1,PS (I-V),5,Private Unaided (Recognized),12,12,10,1,6,7,12,12,0,0,12,12,0,2,1,12,12,12,12,12,12,11,11,11,11,12,12,6,8,5,12,0,12,5,11,10,9,12
2019-20,33,Tamilnadu,3307,VILLUPURAM,330701,MELMALAYANUR,Rural,2,UPS (I-VIII),1,Department of Education,18,10,13,0,18,8,18,18,0,0,16,18,0,9,4,18,17,18,18,18,18,17,18,18,18,18,18,10,17,9,18,4,18,12,18,18,6,18
2019-20,33,Tamilnadu,3307,VILLUPURAM,330701,MELMALAYANUR,Rural,2,UPS (I-VIII),4,Government Aided,1,1,1,0,0,0,1,1,0,0,0,1,0,0,0,1,1,1,1,1,1,0,0,0,0,1,1,0,0,1,1,0,1,1,1,1,0,1
2019-20,33,Tamilnadu,3307,VILLUPURAM,330701,MELMALAYANUR,Rural,2,UPS (I-VIII),5,Private Unaided (Recognized),1,1,1,0,1,1,1,1,0,0,1,1,0,1,1,1,1,1,1,1,1,1,1,1,1,1,1,0,1,1,1,0,1,1,1,1,1,1
2019-20,33,Tamilnadu,3307,VILLUPURAM,330701,MELMALAYANUR,Rural,3,HSS (I-XII),5,Private Unaided (Recognized),1,1,1,0,0,0,1,1,0,0,1,1,0,1,0,1,1,1,1,1,1,1,1,1,1,1,1,1,1,1,1,0,1,1,1,1,1,1
2019-20,33,Tamilnadu,3307,VILLUPURAM,330701,MELMALAYANUR,Rural,5,HSS (VI-XII),1,Department of Education,11,11,10,0,11,7,11,11,0,0,11,11,0,7,3,10,10,10,10,11,11,10,10,11,11,11,11,10,10,4,11,6,11,7,10,9,10,11
2019-20,33,Tamilnadu,3307,VILLUPURAM,330701,MELMALAYANUR,Rural,6,SS (I-X),5,Private Unaided (Recognized),3,3,3,0,3,2,3,3,0,0,3,3,0,2,0,3,3,3,3,3,3,3,3,3,3,3,3,2,3,0,3,0,3,1,3,3,3,3
2019-20,33,Tamilnadu,3307,VILLUPURAM,330701,MELMALAYANUR,Rural,6,SS (I-X),8,Unrecognized,1,1,1,0,1,1,1,1,0,0,1,1,0,1,0,1,1,1,1,1,1,1,1,1,1,1,1,1,1,1,1,1,1,1,1,1,1,1
2019-20,33,Tamilnadu,3307,VILLUPURAM,330701,MELMALAYANUR,Rural,7,SS (VI-X),1,Department of Education,7,5,2,0,7,4,7,7,0,0,7,7,0,3,2,7,7,7,7,7,7,6,6,7,7,7,7,4,6,2,7,5,7,7,7,7,6,7
2019-20,33,Tamilnadu,3307,VILLUPURAM,330701,MELMALAYANUR,Rural,7,SS (VI-X),4,Government Aided,2,2,0,0,2,2,2,2,0,0,2,2,0,1,1,2,2,2,2,2,2,2,2,2,2,2,2,0,2,1,2,0,2,2,2,1,1,2
2019-20,33,Tamilnadu,3307,VILLUPURAM,330701,MELMALAYANUR,Rural,7,SS (VI-X),5,Private Unaided (Recognized),1,1,1,0,0,0,1,1,0,0,1,1,1,0,0,1,1,1,1,1,1,1,1,1,1,1,1,1,1,1,1,0,1,0,1,1,0,1
2019-20,33,Tamilnadu,3307,VILLUPURAM,330702,GINGEE,Rural,1,PS (I-V),1,Department of Education,49,21,30,0,49,20,49,49,0,0,43,49,0,19,9,49,49,48,48,49,49,46,48,48,48,49,49,17,45,24,49,0,49,35,44,40,0,49
2019-20,33,Tamilnadu,3307,VILLUPURAM,330702,GINGEE,Rural,1,PS (I-V),2,Tribal Welfare Department,3,1,2,0,3,1,3,3,0,0,3,3,0,0,0,3,3,3,3,3,3,3,3,3,3,3,3,0,2,2,3,0,3,1,3,3,0,3
2019-20,33,Tamilnadu,3307,VILLUPURAM,330702,GINGEE,Rural,1,PS (I-V),4,Government Aided,25,25,13,0,3,13,25,25,0,0,25,25,0,2,5,21,20,24,24,25,25,21,23,24,24,25,25,1,23,6,25,0,25,9,25,21,0,6
2019-20,33,Tamilnadu,3307,VILLUPURAM,330702,GINGEE,Rural,1,PS (I-V),5,Private Unaided (Recognized),10,10,7,1,5,8,10,10,0,0,10,10,0,6,1,10,10,10,10,10,10,9,9,9,9,10,10,5,10,3,10,0,10,4,8,8,3,8
2019-20,33,Tamilnadu,3307,VILLUPURAM,330702,GINGEE,Rural,2,UPS (I-VIII),1,Department of Education,19,6,15,0,19,11,19,19,0,0,16,19,0,7,2,18,18,19,19,19,19,18,18,18,18,19,19,12,17,8,19,0,19,15,18,17,2,19
2019-20,33,Tamilnadu,3307,VILLUPURAM,330702,GINGEE,Rural,2,UPS (I-VIII),4,Government Aided,3,3,3,0,0,2,3,3,0,0,3,3,0,1,1,3,3,3,3,3,3,3,3,3,3,3,3,1,3,2,3,0,3,2,3,3,0,2
2019-20,33,Tamilnadu,3307,VILLUPURAM,330702,GINGEE,Rural,2,UPS (I-VIII),5,Private Unaided (Recognized),1,1,1,0,0,0,1,1,0,0,0,1,0,0,0,1,1,1,1,1,1,0,0,0,0,1,1,0,0,0,1,0,1,0,0,0,0,0
2019-20,33,Tamilnadu,3307,VILLUPURAM,330702,GINGEE,Rural,3,HSS (I-XII),5,Private Unaided (Recognized),4,4,4,0,4,2,4,4,0,0,4,4,1,2,0,4,4,4,4,4,4,4,4,4,4,4,4,4,4,1,4,0,4,2,4,3,4,4
2019-20,33,Tamilnadu,3307,VILLUPURAM,330702,GINGEE,Rural,4,UPS (VI-VIII),5,Private Unaided (Recognized),1,1,1,0,0,1,1,1,0,0,1,1,0,1,1,1,1,1,1,1,1,1,1,1,1,1,1,1,1,1,1,0,1,1,1,1,0,1
2019-20,33,Tamilnadu,3307,VILLUPURAM,330702,GINGEE,Rural,5,HSS (VI-XII),1,Department of Education,5,5,4,0,5,4,5,5,0,0,5,5,0,2,1,4,4,5,5,5,5,4,5,5,5,5,5,5,5,0,5,5,5,4,5,5,5,5
2019-20,33,Tamilnadu,3307,VILLUPURAM,330702,GINGEE,Rural,5,HSS (VI-XII),2,Tribal Welfare Department,1,1,1,0,1,1,1,1,0,0,1,1,0,0,0,1,1,1,1,1,1,1,1,1,1,1,1,1,1,0,1,1,1,0,1,1,1,1
2019-20,33,Tamilnadu,3307,VILLUPURAM,330702,GINGEE,Rural,5,HSS (VI-XII),4,Government Aided,2,2,2,0,2,1,2,2,0,0,2,2,0,0,0,2,2,2,2,2,2,2,2,2,2,2,2,2,2,0,2,1,2,0,2,1,2,2
2019-20,33,Tamilnadu,3307,VILLUPURAM,330702,GINGEE,Rural,6,SS (I-X),5,Private Unaided (Recognized),2,2,2,0,2,2,2,2,0,0,2,2,1,2,0,2,2,2,2,2,2,2,2,2,2,2,2,1,2,1,2,0,2,1,2,0,2,2
2019-20,33,Tamilnadu,3307,VILLUPURAM,330702,GINGEE,Rural,7,SS (VI-X),1,Department of Education,8,8,4,0,8,5,8,8,0,0,5,8,1,5,0,7,7,8,8,8,8,7,8,8,8,8,8,7,8,4,8,2,8,8,8,8,8,8
2019-20,33,Tamilnadu,3307,VILLUPURAM,330702,GINGEE,Rural,7,SS (VI-X),4,Government Aided,2,2,2,0,0,1,2,2,0,0,2,2,0,1,0,2,2,2,2,2,2,2,2,2,2,2,2,1,2,1,2,1,2,1,2,1,2,2
2019-20,33,Tamilnadu,3307,VILLUPURAM,330702,GINGEE,Rural,7,SS (VI-X),5,Private Unaided (Recognized),1,1,1,1,1,0,1,1,0,0,1,1,0,1,1,1,1,1,1,1,1,1,0,1,1,1,1,0,1,1,1,0,1,1,1,1,1,1
2019-20,33,Tamilnadu,3307,VILLUPURAM,330702,GINGEE,Urban,1,PS (I-V),1,Department of Education,6,1,4,0,6,1,6,6,0,0,2,6,0,1,0,6,6,5,5,6,6,4,3,4,4,6,6,0,5,4,6,0,6,4,5,5,0,6
2019-20,33,Tamilnadu,3307,VILLUPURAM,330702,GINGEE,Urban,1,PS (I-V),4,Government Aided,3,3,3,0,1,2,3,3,0,0,3,3,0,1,1,3,3,3,3,3,3,3,3,3,3,3,3,0,3,1,3,0,3,2,3,2,0,1
2019-20,33,Tamilnadu,3307,VILLUPURAM,330702,GINGEE,Urban,1,PS (I-V),5,Private Unaided (Recognized),4,4,4,0,3,1,4,4,0,0,4,4,1,3,0,4,4,4,4,4,4,3,3,3,3,4,4,3,4,1,4,0,4,2,4,1,3,4
2019-20,33,Tamilnadu,3307,VILLUPURAM,330702,GINGEE,Urban,2,UPS (I-VIII),1,Department of Education,1,0,0,0,1,1,1,1,0,0,1,1,0,0,0,0,0,1,1,1,1,0,1,1,1,1,1,1,1,0,1,0,1,0,1,1,0,1
2019-20,33,Tamilnadu,3307,VILLUPURAM,330702,GINGEE,Urban,3,HSS (I-XII),5,Private Unaided (Recognized),6,6,6,0,5,2,6,6,1,0,6,6,2,4,0,6,6,6,6,6,6,6,6,6,6,6,6,5,6,3,6,0,6,3,5,3,6,6
2019-20,33,Tamilnadu,3307,VILLUPURAM,330702,GINGEE,Urban,5,HSS (VI-XII),1,Department of Education,2,2,2,0,2,2,2,2,0,0,2,2,0,2,0,2,2,1,1,2,2,2,1,2,2,2,2,2,2,0,2,1,2,2,2,2,2,2
2019-20,33,Tamilnadu,3307,VILLUPURAM,330702,GINGEE,Urban,6,SS (I-X),5,Private Unaided (Recognized),1,1,1,0,1,1,1,1,0,0,1,1,1,1,1,1,1,1,1,1,1,1,1,1,1,1,1,1,1,1,1,0,1,1,1,0,1,1
2019-20,33,Tamilnadu,3307,VILLUPURAM,330702,GINGEE,Urban,7,SS (VI-X),1,Department of Education,1,1,1,0,1,0,1,1,0,0,0,1,0,0,0,1,1,1,1,1,1,1,1,1,1,1,1,1,1,1,1,1,1,1,1,1,1,1
2019-20,33,Tamilnadu,3307,VILLUPURAM,330703,VALLAM,Rural,1,PS (I-V),1,Department of Education,63,62,40,5,63,20,63,63,0,0,48,63,0,21,9,60,58,63,63,63,63,54,56,58,58,63,63,10,48,32,63,0,63,44,61,55,0,59
2019-20,33,Tamilnadu,3307,VILLUPURAM,330703,VALLAM,Rural,1,PS (I-V),2,Tribal Welfare Department,4,4,3,0,4,2,4,4,0,0,2,4,0,0,0,4,4,4,4,4,4,4,4,4,4,4,4,0,4,2,4,0,4,3,4,3,0,3
2019-20,33,Tamilnadu,3307,VILLUPURAM,330703,VALLAM,Rural,1,PS (I-V),4,Government Aided,17,16,7,2,2,8,17,17,0,0,17,17,0,1,1,15,15,17,17,17,17,9,12,12,12,17,17,1,12,6,17,0,17,7,17,14,0,2
2019-20,33,Tamilnadu,3307,VILLUPURAM,330703,VALLAM,Rural,1,PS (I-V),5,Private Unaided (Recognized),1,1,1,0,1,1,1,1,0,0,1,1,0,0,1,1,1,1,1,1,1,0,0,0,0,1,1,0,1,1,1,0,1,0,1,1,1,1
2019-20,33,Tamilnadu,3307,VILLUPURAM,330703,VALLAM,Rural,2,UPS (I-VIII),1,Department of Education,15,15,10,0,15,6,15,15,0,0,15,15,0,9,1,14,14,15,15,15,15,13,13,13,13,15,15,6,15,6,15,4,15,14,15,15,1,15
2019-20,33,Tamilnadu,3307,VILLUPURAM,330703,VALLAM,Rural,2,UPS (I-VIII),2,Tribal Welfare Department,1,1,1,0,1,0,1,1,0,0,1,1,0,1,1,1,1,1,1,1,1,1,1,1,1,1,1,0,1,1,1,0,1,1,1,1,0,1
2019-20,33,Tamilnadu,3307,VILLUPURAM,330703,VALLAM,Rural,2,UPS (I-VIII),5,Private Unaided (Recognized),2,2,2,0,2,2,2,2,0,0,2,2,0,0,0,2,2,2,2,2,2,2,2,2,2,2,2,2,2,0,2,0,2,2,2,1,2,2
2019-20,33,Tamilnadu,3307,VILLUPURAM,330703,VALLAM,Rural,3,HSS (I-XII),5,Private Unaided (Recognized),1,1,1,0,1,0,1,1,0,0,1,1,0,0,0,1,1,1,1,1,1,1,1,1,1,1,1,1,1,0,1,0,1,1,1,1,0,1
2019-20,33,Tamilnadu,3307,VILLUPURAM,330703,VALLAM,Rural,5,HSS (VI-XII),1,Department of Education,6,6,4,0,6,5,6,6,0,0,6,6,0,5,1,6,6,6,6,6,6,6,6,6,6,6,6,5,6,2,6,6,6,5,6,6,6,6
2019-20,33,Tamilnadu,3307,VILLUPURAM,330703,VALLAM,Rural,5,HSS (VI-XII),4,Government Aided,1,1,1,0,1,0,1,1,0,0,1,1,0,1,0,1,1,1,1,1,1,1,1,1,1,1,1,1,1,0,1,0,1,1,1,1,1,1
2019-20,33,Tamilnadu,3307,VILLUPURAM,330703,VALLAM,Rural,6,SS (I-X),5,Private Unaided (Recognized),1,1,1,0,1,0,1,1,0,0,1,1,0,0,0,1,1,1,1,1,1,1,1,1,1,1,1,1,1,0,1,0,1,0,1,1,1,1
2019-20,33,Tamilnadu,3307,VILLUPURAM,330703,VALLAM,Rural,7,SS (VI-X),1,Department of Education,7,7,3,0,7,4,7,7,0,0,5,7,0,4,0,7,7,7,7,7,7,7,7,7,7,7,7,5,6,2,7,6,7,5,7,7,7,7
2019-20,33,Tamilnadu,3307,VILLUPURAM,330703,VALLAM,Rural,7,SS (VI-X),5,Private Unaided (Recognized),1,1,1,0,1,1,1,1,0,0,1,1,0,0,1,1,1,1,1,1,1,1,1,1,1,1,1,0,1,1,1,0,1,0,1,1,1,1
2019-20,33,Tamilnadu,3307,VILLUPURAM,330704,OLAKKUR,Rural,1,PS (I-V),1,Department of Education,46,14,35,3,46,14,46,46,1,0,36,46,1,26,19,46,43,46,46,46,46,38,38,38,38,46,46,24,42,32,46,0,46,37,46,34,2,44
2019-20,33,Tamilnadu,3307,VILLUPURAM,330704,OLAKKUR,Rural,1,PS (I-V),2,Tribal Welfare Department,3,2,1,0,3,1,3,3,1,0,2,3,1,2,1,3,3,3,3,3,3,3,3,3,3,3,3,1,3,3,3,0,3,2,3,3,0,3
2019-20,33,Tamilnadu,3307,VILLUPURAM,330704,OLAKKUR,Rural,1,PS (I-V),4,Government Aided,12,10,3,1,3,5,12,12,0,0,11,12,0,2,6,8,8,11,11,12,12,6,7,8,8,12,12,4,9,8,12,0,12,7,11,9,1,2
2019-20,33,Tamilnadu,3307,VILLUPURAM,330704,OLAKKUR,Rural,1,PS (I-V),5,Private Unaided (Recognized),4,4,4,0,4,1,4,4,0,0,4,4,0,2,0,4,4,3,3,4,4,4,3,4,4,4,4,4,4,1,4,0,4,1,3,3,3,4
2019-20,33,Tamilnadu,3307,VILLUPURAM,330704,OLAKKUR,Rural,1,PS (I-V),8,Unrecognized,1,1,1,0,0,0,1,1,0,1,1,1,0,0,0,1,1,1,1,1,1,1,1,1,1,1,1,0,1,0,1,0,1,0,1,1,0,0
2019-20,33,Tamilnadu,3307,VILLUPURAM,330704,OLAKKUR,Rural,2,UPS (I-VIII),1,Department of Education,11,4,9,0,11,4,11,11,0,0,9,11,0,6,8,11,11,11,11,11,11,11,9,11,11,11,11,9,11,8,11,3,11,11,11,11,0,11
2019-20,33,Tamilnadu,3307,VILLUPURAM,330704,OLAKKUR,Rural,2,UPS (I-VIII),2,Tribal Welfare Department,1,0,1,0,1,0,1,1,0,0,0,1,0,1,1,1,1,1,1,1,1,1,1,1,1,1,1,1,1,1,1,0,1,1,1,1,0,1
2019-20,33,Tamilnadu,3307,VILLUPURAM,330704,OLAKKUR,Rural,2,UPS (I-VIII),4,Government Aided,1,1,1,0,0,1,1,1,0,0,1,1,0,1,0,1,1,1,1,1,1,1,0,1,1,1,1,0,1,0,1,0,1,1,1,1,0,1
2019-20,33,Tamilnadu,3307,VILLUPURAM,330704,OLAKKUR,Rural,2,UPS (I-VIII),5,Private Unaided (Recognized),1,1,1,0,1,1,1,1,0,0,1,1,0,0,0,1,1,1,1,1,1,1,1,1,1,1,1,1,1,0,1,0,1,1,1,1,1,1
2019-20,33,Tamilnadu,3307,VILLUPURAM,330704,OLAKKUR,Rural,3,HSS (I-XII),5,Private Unaided (Recognized),3,3,3,0,3,1,3,3,1,0,3,3,2,2,0,3,3,3,3,3,3,3,3,3,3,3,3,3,3,3,3,1,3,2,3,1,3,3
2019-20,33,Tamilnadu,3307,VILLUPURAM,330704,OLAKKUR,Rural,5,HSS (VI-XII),1,Department of Education,7,3,7,0,7,5,7,7,0,0,7,7,0,5,1,7,7,7,7,7,7,7,6,7,7,7,7,5,7,4,7,2,7,7,7,7,6,7
2019-20,33,Tamilnadu,3307,VILLUPURAM,330704,OLAKKUR,Rural,5,HSS (VI-XII),4,Government Aided,2,2,2,0,1,2,2,2,0,0,2,2,0,2,1,2,2,2,2,2,2,2,2,2,2,2,2,1,2,1,2,0,2,1,2,2,2,2
2019-20,33,Tamilnadu,3307,VILLUPURAM,330704,OLAKKUR,Rural,6,SS (I-X),5,Private Unaided (Recognized),3,3,2,0,3,2,3,3,0,0,3,3,0,1,0,3,3,3,3,3,3,3,3,3,3,3,3,2,3,1,3,0,3,1,3,3,1,3
2019-20,33,Tamilnadu,3307,VILLUPURAM,330704,OLAKKUR,Rural,7,SS (VI-X),1,Department of Education,1,1,1,0,1,1,1,1,0,0,1,1,0,1,0,1,1,1,1,1,1,1,1,1,1,1,1,0,1,1,1,1,1,1,1,1,1,1
2019-20,33,Tamilnadu,3307,VILLUPURAM,330704,OLAKKUR,Urban,1,PS (I-V),3,Local body,6,0,3,1,6,0,6,6,3,0,4,6,0,5,2,6,6,6,6,6,6,3,3,3,3,6,6,5,6,4,6,0,6,3,6,5,1,4
2019-20,33,Tamilnadu,3307,VILLUPURAM,330704,OLAKKUR,Urban,1,PS (I-V),4,Government Aided,6,5,4,0,4,1,6,6,0,0,6,6,0,1,1,6,6,6,6,6,6,5,5,5,5,6,6,1,6,4,6,0,6,3,6,6,0,1
2019-20,33,Tamilnadu,3307,VILLUPURAM,330704,OLAKKUR,Urban,1,PS (I-V),5,Private Unaided (Recognized),6,6,5,0,5,0,6,6,0,0,5,6,0,3,0,6,6,6,6,6,6,6,6,6,6,6,6,5,5,2,6,0,6,0,5,2,3,6
2019-20,33,Tamilnadu,3307,VILLUPURAM,330704,OLAKKUR,Urban,1,PS (I-V),8,Unrecognized,1,1,1,0,1,0,1,1,0,0,1,1,0,0,0,1,1,1,1,1,1,1,1,1,1,1,1,1,1,1,1,0,1,0,1,0,0,1
2019-20,33,Tamilnadu,3307,VILLUPURAM,330704,OLAKKUR,Urban,2,UPS (I-VIII),4,Government Aided,5,4,4,0,4,1,5,5,0,0,5,5,0,1,2,5,5,5,5,5,5,5,5,5,5,5,5,2,4,0,5,1,5,0,5,5,1,5
2019-20,33,Tamilnadu,3307,VILLUPURAM,330704,OLAKKUR,Urban,2,UPS (I-VIII),5,Private Unaided (Recognized),1,1,1,0,0,1,1,1,0,0,1,1,0,1,0,1,1,1,1,1,1,1,1,1,1,1,1,1,1,0,1,0,1,1,1,1,1,1
2019-20,33,Tamilnadu,3307,VILLUPURAM,330704,OLAKKUR,Urban,3,HSS (I-XII),5,Private Unaided (Recognized),5,5,5,0,5,4,5,5,0,0,5,5,2,3,0,5,5,5,5,5,5,5,5,5,5,5,5,5,5,3,5,0,5,0,5,3,5,5
2019-20,33,Tamilnadu,3307,VILLUPURAM,330704,OLAKKUR,Urban,5,HSS (VI-XII),1,Department of Education,1,1,1,0,1,1,1,1,0,0,1,1,0,1,0,0,0,1,1,1,1,0,1,1,1,1,1,1,1,1,1,1,1,1,1,1,1,1
2019-20,33,Tamilnadu,3307,VILLUPURAM,330704,OLAKKUR,Urban,5,HSS (VI-XII),3,Local body,1,0,1,0,1,0,1,1,1,0,0,1,0,0,1,1,1,1,1,1,1,1,1,1,1,1,1,1,1,1,1,0,1,1,1,0,1,1
2019-20,33,Tamilnadu,3307,VILLUPURAM,330704,OLAKKUR,Urban,5,HSS (VI-XII),4,Government Aided,4,3,3,0,4,2,4,4,0,0,4,4,1,3,1,3,3,3,3,4,4,3,2,3,3,4,4,3,4,4,4,2,4,1,3,2,4,4
2019-20,33,Tamilnadu,3307,VILLUPURAM,330704,OLAKKUR,Urban,6,SS (I-X),5,Private Unaided (Recognized),1,1,1,0,1,1,1,1,0,0,1,1,0,1,0,1,1,1,1,1,1,1,1,1,1,1,1,1,1,1,1,0,1,0,1,1,1,1
2019-20,33,Tamilnadu,3307,VILLUPURAM,330704,OLAKKUR,Urban,7,SS (VI-X),4,Government Aided,2,2,2,0,2,2,2,2,0,0,2,2,0,2,2,1,1,2,2,2,2,1,2,2,2,2,2,0,2,2,2,1,2,2,2,2,1,2
2019-20,33,Tamilnadu,3307,VILLUPURAM,330705,MAILAM,Rural,1,PS (I-V),1,Department of Education,51,49,32,1,51,24,51,51,0,0,43,51,1,10,8,50,48,51,51,51,51,39,43,43,43,51,51,18,48,14,51,0,51,39,49,46,0,50
2019-20,33,Tamilnadu,3307,VILLUPURAM,330705,MAILAM,Rural,1,PS (I-V),2,Tribal Welfare Department,5,5,4,0,5,4,5,5,0,0,5,5,0,2,1,5,5,5,5,5,5,5,5,5,5,5,5,4,5,1,5,0,5,3,4,4,0,5
2019-20,33,Tamilnadu,3307,VILLUPURAM,330705,MAILAM,Rural,1,PS (I-V),4,Government Aided,11,10,5,2,2,6,11,11,0,0,9,11,0,1,5,10,10,11,11,11,11,10,9,10,10,11,11,1,10,3,11,0,11,6,11,10,0,3
2019-20,33,Tamilnadu,3307,VILLUPURAM,330705,MAILAM,Rural,1,PS (I-V),5,Private Unaided (Recognized),7,7,5,0,3,3,7,7,0,0,7,7,0,1,0,7,7,7,7,7,7,7,7,7,7,7,7,4,6,2,7,1,7,2,7,4,5,6
2019-20,33,Tamilnadu,3307,VILLUPURAM,330705,MAILAM,Rural,1,PS (I-V),8,Unrecognized,2,2,1,0,0,1,2,2,0,0,2,2,0,0,0,2,2,2,2,2,2,0,0,0,0,2,2,0,1,0,2,0,2,0,1,0,0,1
2019-20,33,Tamilnadu,3307,VILLUPURAM,330705,MAILAM,Rural,2,UPS (I-VIII),1,Department of Education,9,9,7,0,9,1,9,9,0,0,9,9,0,3,2,9,9,9,9,9,9,9,9,9,9,9,9,8,8,3,9,0,9,9,9,9,1,9
2019-20,33,Tamilnadu,3307,VILLUPURAM,330705,MAILAM,Rural,2,UPS (I-VIII),4,Government Aided,2,2,2,0,0,2,2,2,0,0,2,2,0,1,1,2,2,2,2,2,2,2,2,2,2,2,2,0,2,1,2,0,2,2,2,2,0,1
2019-20,33,Tamilnadu,3307,VILLUPURAM,330705,MAILAM,Rural,2,UPS (I-VIII),5,Private Unaided (Recognized),3,3,3,0,3,2,3,3,0,0,3,3,2,2,1,3,3,3,3,3,3,3,3,3,3,3,3,2,3,1,3,0,3,2,3,2,2,3
2019-20,33,Tamilnadu,3307,VILLUPURAM,330705,MAILAM,Rural,3,HSS (I-XII),5,Private Unaided (Recognized),4,4,4,0,4,4,4,4,0,0,4,4,0,1,0,4,4,4,4,4,4,4,4,4,4,4,4,4,4,0,4,0,4,2,4,4,4,4
2019-20,33,Tamilnadu,3307,VILLUPURAM,330705,MAILAM,Rural,4,UPS (VI-VIII),8,Unrecognized,1,1,1,0,0,0,1,1,0,0,1,1,0,0,0,1,1,1,1,1,1,1,1,1,1,1,1,1,1,0,1,0,1,0,1,1,1,1
2019-20,33,Tamilnadu,3307,VILLUPURAM,330705,MAILAM,Rural,5,HSS (VI-XII),1,Department of Education,10,10,8,0,10,5,10,10,0,0,9,10,0,4,1,10,9,10,10,10,10,9,10,10,10,10,10,7,8,4,10,3,10,8,10,10,9,10
2019-20,33,Tamilnadu,3307,VILLUPURAM,330705,MAILAM,Rural,5,HSS (VI-XII),4,Government Aided,1,1,0,0,1,1,1,1,0,0,1,1,0,1,0,1,1,1,1,1,1,1,1,1,1,1,1,0,1,1,1,0,1,0,1,1,1,1
2019-20,33,Tamilnadu,3307,VILLUPURAM,330705,MAILAM,Rural,6,SS (I-X),5,Private Unaided (Recognized),2,2,2,0,2,1,2,2,0,0,2,2,1,2,0,2,2,2,2,2,2,1,1,1,1,2,2,2,2,1,2,0,2,0,2,2,2,2
2019-20,33,Tamilnadu,3307,VILLUPURAM,330705,MAILAM,Rural,7,SS (VI-X),1,Department of Education,11,11,5,0,11,8,11,11,0,0,9,11,1,8,3,11,10,11,11,11,11,9,8,10,10,11,11,9,9,4,11,6,11,8,11,10,11,11
2019-20,33,Tamilnadu,3307,VILLUPURAM,330705,MAILAM,Urban,6,SS (I-X),5,Private Unaided (Recognized),1,1,1,0,1,1,1,1,0,0,1,1,0,1,0,1,1,1,1,1,1,1,0,1,1,1,1,1,1,0,1,0,1,0,1,1,1,1
2019-20,33,Tamilnadu,3307,VILLUPURAM,330706,MARAKKANAM,Rural,1,PS (I-V),1,Department of Education,64,37,29,5,64,28,64,64,1,1,52,64,1,25,24,63,63,64,63,64,64,59,59,60,60,64,64,28,58,43,64,0,64,47,64,63,1,63
2019-20,33,Tamilnadu,3307,VILLUPURAM,330706,MARAKKANAM,Rural,1,PS (I-V),2,Tribal Welfare Department,4,3,1,0,4,2,4,4,0,0,3,4,0,0,1,4,4,4,4,4,4,4,4,4,4,4,4,0,4,2,4,0,4,3,4,4,1,4
2019-20,33,Tamilnadu,3307,VILLUPURAM,330706,MARAKKANAM,Rural,1,PS (I-V),4,Government Aided,7,6,5,0,1,5,7,7,0,0,7,7,0,3,4,6,6,7,7,7,7,6,6,6,6,7,7,1,7,4,7,0,7,4,6,6,0,0
2019-20,33,Tamilnadu,3307,VILLUPURAM,330706,MARAKKANAM,Rural,1,PS (I-V),5,Private Unaided (Recognized),7,7,7,0,6,3,7,7,0,0,6,7,0,3,1,7,7,7,7,7,7,7,7,7,7,7,7,7,5,3,7,0,7,1,6,4,4,6
2019-20,33,Tamilnadu,3307,VILLUPURAM,330706,MARAKKANAM,Rural,1,PS (I-V),8,Unrecognized,3,3,3,1,1,1,3,3,0,0,3,3,0,1,2,2,2,3,3,3,3,1,2,2,2,3,3,1,3,0,3,0,3,1,2,2,1,2
2019-20,33,Tamilnadu,3307,VILLUPURAM,330706,MARAKKANAM,Rural,2,UPS (I-VIII),1,Department of Education,18,9,11,0,18,11,18,18,0,0,17,18,0,8,6,17,17,18,18,18,18,17,18,18,18,18,18,16,18,14,18,7,18,17,18,17,3,18
2019-20,33,Tamilnadu,3307,VILLUPURAM,330706,MARAKKANAM,Rural,2,UPS (I-VIII),5,Private Unaided (Recognized),2,2,2,0,2,0,2,2,0,0,1,2,0,0,0,2,2,2,2,2,2,2,2,2,2,2,2,0,1,0,2,0,2,0,2,0,1,2
2019-20,33,Tamilnadu,3307,VILLUPURAM,330706,MARAKKANAM,Rural,3,HSS (I-XII),5,Private Unaided (Recognized),3,3,3,0,3,1,3,3,1,0,3,3,2,3,1,3,3,3,3,3,3,3,3,3,3,3,3,2,3,1,3,1,3,0,3,2,3,3
2019-20,33,Tamilnadu,3307,VILLUPURAM,330706,MARAKKANAM,Rural,5,HSS (VI-XII),1,Department of Education,7,4,3,0,7,4,7,7,0,0,6,7,0,4,1,7,7,7,7,7,7,7,7,7,7,7,7,6,7,1,7,4,7,6,7,7,6,7
2019-20,33,Tamilnadu,3307,VILLUPURAM,330706,MARAKKANAM,Rural,5,HSS (VI-XII),2,Tribal Welfare Department,1,1,1,0,1,1,1,1,0,0,1,1,0,1,0,1,1,1,1,1,1,0,1,1,1,1,1,1,1,1,1,1,1,0,1,1,1,1
2019-20,33,Tamilnadu,3307,VILLUPURAM,330706,MARAKKANAM,Rural,6,SS (I-X),5,Private Unaided (Recognized),3,3,3,0,2,2,3,3,0,0,3,3,0,0,0,3,3,3,3,3,3,3,2,3,3,3,3,2,2,1,3,0,3,1,3,2,2,3
2019-20,33,Tamilnadu,3307,VILLUPURAM,330706,MARAKKANAM,Rural,7,SS (VI-X),1,Department of Education,8,4,4,0,8,4,8,8,0,0,7,8,0,5,0,8,8,8,8,8,8,7,7,7,7,8,8,6,7,3,8,5,8,8,8,8,8,8
2019-20,33,Tamilnadu,3307,VILLUPURAM,330706,MARAKKANAM,Rural,7,SS (VI-X),4,Government Aided,1,1,0,0,1,1,1,1,0,0,1,1,0,0,0,1,1,1,1,1,1,1,1,1,1,1,1,0,1,1,1,0,1,1,1,1,0,0
2019-20,33,Tamilnadu,3307,VILLUPURAM,330706,MARAKKANAM,Urban,1,PS (I-V),1,Department of Education,9,5,4,0,9,4,9,9,0,0,8,9,0,4,5,8,8,9,9,9,9,9,8,9,9,9,9,4,8,8,9,2,9,7,9,9,0,9
2019-20,33,Tamilnadu,3307,VILLUPURAM,330706,MARAKKANAM,Urban,1,PS (I-V),4,Government Aided,1,1,1,0,0,0,1,1,0,0,1,1,0,0,1,1,1,1,1,1,1,1,1,1,1,1,1,0,1,0,1,0,1,1,1,1,0,0
2019-20,33,Tamilnadu,3307,VILLUPURAM,330706,MARAKKANAM,Urban,2,UPS (I-VIII),1,Department of Education,1,1,0,0,1,0,1,1,0,0,1,1,0,1,0,1,1,1,1,1,1,1,1,1,1,1,1,1,1,1,1,1,1,1,1,1,0,1
2019-20,33,Tamilnadu,3307,VILLUPURAM,330706,MARAKKANAM,Urban,2,UPS (I-VIII),2,Tribal Welfare Department,1,1,1,0,1,1,1,1,0,0,1,1,0,0,0,1,1,1,1,1,1,1,1,1,1,1,1,1,1,0,1,1,1,1,1,1,0,1
2019-20,33,Tamilnadu,3307,VILLUPURAM,330706,MARAKKANAM,Urban,3,HSS (I-XII),5,Private Unaided (Recognized),2,2,2,0,2,2,2,2,0,0,2,2,1,2,0,2,2,2,2,2,2,2,2,2,2,2,2,1,2,1,2,1,2,0,2,1,2,2
2019-20,33,Tamilnadu,3307,VILLUPURAM,330706,MARAKKANAM,Urban,5,HSS (VI-XII),1,Department of Education,1,1,1,0,1,1,1,1,0,0,1,1,0,0,1,1,1,1,1,1,1,1,1,1,1,1,1,1,1,0,1,1,1,1,1,1,1,1
2019-20,33,Tamilnadu,3307,VILLUPURAM,330706,MARAKKANAM,Urban,6,SS (I-X),5,Private Unaided (Recognized),2,2,2,0,2,1,2,2,0,0,1,2,1,2,0,2,2,2,2,2,2,2,2,2,2,2,2,2,2,1,2,0,2,1,2,1,2,2
2019-20,33,Tamilnadu,3307,VILLUPURAM,330706,MARAKKANAM,Urban,7,SS (VI-X),1,Department of Education,2,2,2,0,2,2,2,2,0,0,2,2,0,1,1,1,1,2,2,2,2,1,1,2,2,2,2,2,2,0,2,1,2,2,2,2,2,2
2019-20,33,Tamilnadu,3307,VILLUPURAM,330707,VAANUR,Rural,1,PS (I-V),1,Department of Education,62,38,31,6,62,9,62,62,0,3,47,62,1,4,6,57,56,62,62,62,62,56,58,59,59,62,62,35,53,23,62,0,62,48,62,57,2,58
2019-20,33,Tamilnadu,3307,VILLUPURAM,330707,VAANUR,Rural,1,PS (I-V),2,Tribal Welfare Department,7,3,3,0,7,0,7,7,0,0,6,7,0,0,0,7,7,7,7,7,7,5,5,5,5,7,7,3,7,1,7,0,7,4,7,7,1,7
2019-20,33,Tamilnadu,3307,VILLUPURAM,330707,VAANUR,Rural,1,PS (I-V),4,Government Aided,6,6,3,2,1,2,6,6,0,0,3,6,0,0,1,6,6,6,6,6,6,2,2,2,2,6,6,1,2,2,6,0,6,2,6,3,0,1
2019-20,33,Tamilnadu,3307,VILLUPURAM,330707,VAANUR,Rural,1,PS (I-V),5,Private Unaided (Recognized),12,12,10,0,7,6,12,12,0,0,12,12,1,5,3,12,12,12,12,12,12,10,9,10,10,12,12,9,11,5,12,0,12,2,10,8,7,10
2019-20,33,Tamilnadu,3307,VILLUPURAM,330707,VAANUR,Rural,1,PS (I-V),8,Unrecognized,2,2,1,0,2,2,2,2,0,0,2,2,0,0,0,2,2,2,2,2,2,1,1,1,1,2,2,1,1,0,2,0,2,0,1,0,0,0
2019-20,33,Tamilnadu,3307,VILLUPURAM,330707,VAANUR,Rural,2,UPS (I-VIII),1,Department of Education,19,10,16,0,19,6,19,19,0,0,17,19,0,2,2,18,17,19,19,19,19,13,15,16,16,19,19,13,18,8,19,1,19,16,19,19,1,19
2019-20,33,Tamilnadu,3307,VILLUPURAM,330707,VAANUR,Rural,2,UPS (I-VIII),4,Government Aided,4,4,2,0,2,1,4,4,0,0,4,4,0,0,0,4,4,4,4,4,4,2,2,2,2,4,4,0,2,1,4,0,4,2,4,4,0,1
2019-20,33,Tamilnadu,3307,VILLUPURAM,330707,VAANUR,Rural,2,UPS (I-VIII),5,Private Unaided (Recognized),5,5,4,0,5,4,5,5,0,0,4,5,1,4,0,5,5,5,5,5,5,5,4,5,5,5,5,3,4,1,5,0,5,1,4,3,4,5
2019-20,33,Tamilnadu,3307,VILLUPURAM,330707,VAANUR,Rural,3,HSS (I-XII),5,Private Unaided (Recognized),2,2,2,0,2,2,2,2,0,0,2,2,0,1,1,2,2,2,2,2,2,2,2,2,2,2,2,2,2,1,2,0,2,0,2,2,2,2
2019-20,33,Tamilnadu,3307,VILLUPURAM,330707,VAANUR,Rural,4,UPS (VI-VIII),4,Government Aided,1,1,0,0,1,0,1,1,0,0,1,1,0,0,0,1,1,1,1,1,1,1,1,1,1,1,1,0,1,0,1,0,1,1,1,1,0,0
2019-20,33,Tamilnadu,3307,VILLUPURAM,330707,VAANUR,Rural,4,UPS (VI-VIII),5,Private Unaided (Recognized),1,1,0,0,0,0,1,1,0,0,1,1,0,0,0,1,1,1,1,1,1,1,1,1,1,1,1,1,0,0,1,0,1,0,1,1,1,1
2019-20,33,Tamilnadu,3307,VILLUPURAM,330707,VAANUR,Rural,5,HSS (VI-XII),1,Department of Education,7,6,5,0,7,6,7,7,0,0,7,7,0,2,2,7,7,7,7,7,7,6,7,7,7,7,7,7,7,2,7,2,7,6,6,6,6,7
2019-20,33,Tamilnadu,3307,VILLUPURAM,330707,VAANUR,Rural,5,HSS (VI-XII),2,Tribal Welfare Department,2,2,2,0,2,2,2,2,0,0,2,2,0,0,0,2,2,2,2,2,2,2,2,2,2,2,2,1,1,0,2,2,2,1,2,2,1,2
2019-20,33,Tamilnadu,3307,VILLUPURAM,330707,VAANUR,Rural,5,HSS (VI-XII),5,Private Unaided (Recognized),1,1,1,0,1,0,1,1,0,0,1,1,0,0,0,1,1,1,1,1,1,1,1,1,1,1,1,1,1,0,1,1,1,1,1,1,1,1
2019-20,33,Tamilnadu,3307,VILLUPURAM,330707,VAANUR,Rural,6,SS (I-X),5,Private Unaided (Recognized),2,2,2,0,2,2,2,2,0,0,2,2,1,1,1,2,2,2,2,2,2,2,2,2,2,2,2,1,2,2,2,0,2,1,2,2,2,2
2019-20,33,Tamilnadu,3307,VILLUPURAM,330707,VAANUR,Rural,7,SS (VI-X),1,Department of Education,11,10,6,0,11,10,11,11,0,0,10,11,0,7,0,10,10,11,11,11,11,8,10,10,10,11,11,5,11,4,11,6,11,8,11,11,11,11
2019-20,33,Tamilnadu,3307,VILLUPURAM,330707,VAANUR,Rural,7,SS (VI-X),2,Tribal Welfare Department,1,0,1,0,1,1,1,1,0,0,1,1,0,0,0,1,1,1,1,1,1,1,1,1,1,1,1,0,1,0,1,1,1,1,1,1,0,1
2019-20,33,Tamilnadu,3307,VILLUPURAM,330707,VAANUR,Rural,7,SS (VI-X),5,Private Unaided (Recognized),1,1,1,0,1,0,1,1,0,0,1,1,0,0,0,1,1,1,1,1,1,0,0,0,0,1,1,1,1,0,1,0,1,0,1,1,1,1
2019-20,33,Tamilnadu,3307,VILLUPURAM,330707,VAANUR,Rural,10,HSS (IX-XII),4,Government Aided,1,1,1,0,1,0,1,1,0,0,1,1,0,0,1,1,1,1,1,1,1,0,0,0,0,1,1,1,1,1,1,0,1,0,1,1,1,1
2019-20,33,Tamilnadu,3307,VILLUPURAM,330707,VAANUR,Urban,1,PS (I-V),1,Department of Education,4,1,3,0,4,0,4,4,0,0,1,4,0,0,0,4,4,4,4,4,4,3,2,3,3,4,4,2,4,1,4,0,4,2,4,4,0,4
2019-20,33,Tamilnadu,3307,VILLUPURAM,330707,VAANUR,Urban,1,PS (I-V),4,Government Aided,1,1,0,0,0,0,1,1,0,0,1,1,0,1,0,1,1,1,1,1,1,1,1,1,1,1,1,0,1,0,1,0,1,1,1,1,0,1
2019-20,33,Tamilnadu,3307,VILLUPURAM,330707,VAANUR,Urban,1,PS (I-V),5,Private Unaided (Recognized),5,5,4,0,4,2,5,5,1,0,5,5,1,3,0,5,5,5,5,5,5,5,5,5,5,5,5,4,5,2,5,0,5,2,4,4,4,5
2019-20,33,Tamilnadu,3307,VILLUPURAM,330707,VAANUR,Urban,2,UPS (I-VIII),1,Department of Education,1,1,1,0,1,1,1,1,0,0,1,1,0,0,0,1,1,1,1,1,1,1,1,1,1,1,1,1,1,0,1,0,1,1,1,1,0,1
2019-20,33,Tamilnadu,3307,VILLUPURAM,330707,VAANUR,Urban,5,HSS (VI-XII),1,Department of Education,1,1,1,0,1,1,1,1,0,0,1,1,0,1,0,1,1,1,1,1,1,1,1,1,1,1,1,0,0,0,1,1,1,1,1,1,1,1
2019-20,33,Tamilnadu,3307,VILLUPURAM,330707,VAANUR,Urban,7,SS (VI-X),4,Government Aided,1,1,1,0,0,0,1,1,0,0,1,1,0,1,1,1,1,1,1,1,1,1,1,1,1,1,1,1,1,0,1,1,1,1,0,0,1,1
2019-20,33,Tamilnadu,3307,VILLUPURAM,330707,VAANUR,Urban,7,SS (VI-X),5,Private Unaided (Recognized),1,1,1,0,1,1,1,1,1,0,1,1,0,0,0,1,1,1,1,1,1,1,1,1,1,1,1,1,0,0,1,0,1,0,0,0,1,1
2019-20,33,Tamilnadu,3307,VILLUPURAM,330708,KANAI,Rural,1,PS (I-V),1,Department of Education,59,57,44,2,59,24,59,59,0,0,37,59,1,13,8,53,51,59,58,59,59,47,50,53,53,59,59,22,51,28,59,0,59,43,59,51,2,59
2019-20,33,Tamilnadu,3307,VILLUPURAM,330708,KANAI,Rural,1,PS (I-V),2,Tribal Welfare Department,2,2,2,0,2,1,2,2,0,0,1,2,0,0,0,2,2,2,2,2,2,2,2,2,2,2,2,0,2,0,2,0,2,2,2,2,0,2
2019-20,33,Tamilnadu,3307,VILLUPURAM,330708,KANAI,Rural,1,PS (I-V),4,Government Aided,11,11,10,2,3,7,11,11,0,0,9,11,0,2,5,11,11,11,11,11,11,10,10,10,10,11,11,2,7,6,11,0,11,5,11,10,0,1
2019-20,33,Tamilnadu,3307,VILLUPURAM,330708,KANAI,Rural,1,PS (I-V),5,Private Unaided (Recognized),11,11,10,0,6,4,11,11,0,0,11,11,0,3,1,11,11,11,11,11,11,9,9,9,9,11,11,5,8,2,11,0,11,4,11,8,5,9
2019-20,33,Tamilnadu,3307,VILLUPURAM,330708,KANAI,Rural,2,UPS (I-VIII),1,Department of Education,14,12,11,0,14,5,14,14,0,0,9,14,0,1,1,13,13,14,14,14,14,13,13,13,13,14,14,10,12,3,14,2,14,11,14,13,2,14
2019-20,33,Tamilnadu,3307,VILLUPURAM,330708,KANAI,Rural,2,UPS (I-VIII),2,Tribal Welfare Department,1,1,1,0,1,1,1,1,0,0,1,1,0,0,0,1,1,1,1,1,1,1,1,1,1,1,1,0,0,1,1,0,1,1,1,1,0,1
2019-20,33,Tamilnadu,3307,VILLUPURAM,330708,KANAI,Rural,2,UPS (I-VIII),4,Government Aided,1,1,1,0,0,0,1,1,0,0,1,1,0,0,0,1,1,1,1,1,1,1,1,1,1,1,1,0,1,0,1,0,1,1,1,1,0,1
2019-20,33,Tamilnadu,3307,VILLUPURAM,330708,KANAI,Rural,2,UPS (I-VIII),5,Private Unaided (Recognized),4,4,3,0,2,4,4,4,0,0,4,4,1,3,1,4,4,4,4,4,4,3,3,3,3,4,4,3,4,2,4,2,4,2,4,3,3,4
2019-20,33,Tamilnadu,3307,VILLUPURAM,330708,KANAI,Rural,3,HSS (I-XII),5,Private Unaided (Recognized),2,2,2,0,2,0,2,2,0,0,2,2,0,0,0,2,2,2,2,2,2,2,2,2,2,2,2,0,1,0,2,0,2,0,2,1,2,2
2019-20,33,Tamilnadu,3307,VILLUPURAM,330708,KANAI,Rural,5,HSS (VI-XII),1,Department of Education,10,9,8,0,10,8,10,10,0,0,9,10,0,4,1,9,9,9,9,10,10,9,8,9,9,10,10,6,8,3,10,4,10,9,10,10,8,10
2019-20,33,Tamilnadu,3307,VILLUPURAM,330708,KANAI,Rural,6,SS (I-X),5,Private Unaided (Recognized),4,4,4,0,4,3,4,4,0,0,4,4,1,3,0,4,4,4,4,4,4,4,4,4,4,4,4,3,4,2,4,1,4,2,4,3,3,4
2019-20,33,Tamilnadu,3307,VILLUPURAM,330708,KANAI,Rural,7,SS (VI-X),1,Department of Education,16,15,7,0,16,7,16,16,0,0,10,16,0,3,1,14,14,16,16,16,16,12,11,14,14,16,16,13,12,5,16,10,16,12,16,16,16,16
2019-20,33,Tamilnadu,3307,VILLUPURAM,330708,KANAI,Rural,7,SS (VI-X),4,Government Aided,2,2,2,0,1,1,2,2,0,0,2,2,0,1,1,2,2,2,2,2,2,2,2,2,2,2,2,0,2,1,2,0,2,0,2,1,1,2
2019-20,33,Tamilnadu,3307,VILLUPURAM,330709,VIKARAVANDI,Rural,1,PS (I-V),1,Department of Education,48,43,32,0,48,13,48,48,0,0,42,48,1,15,8,44,44,45,45,48,48,42,42,44,44,48,48,11,43,26,48,0,48,39,44,40,0,47
2019-20,33,Tamilnadu,3307,VILLUPURAM,330709,VIKARAVANDI,Rural,1,PS (I-V),2,Tribal Welfare Department,3,1,3,0,3,2,3,3,0,0,3,3,0,0,2,3,3,3,3,3,3,3,3,3,3,3,3,2,1,2,3,0,3,2,3,3,1,3
2019-20,33,Tamilnadu,3307,VILLUPURAM,330709,VIKARAVANDI,Rural,1,PS (I-V),4,Government Aided,9,9,5,0,2,2,9,9,0,0,8,9,0,1,0,9,9,9,9,9,9,4,4,4,4,9,9,0,7,3,9,0,9,5,7,5,0,0
2019-20,33,Tamilnadu,3307,VILLUPURAM,330709,VIKARAVANDI,Rural,1,PS (I-V),5,Private Unaided (Recognized),8,8,7,0,5,2,8,8,0,0,8,8,0,0,0,7,7,7,7,7,7,7,7,7,6,8,8,3,5,0,8,0,7,2,6,4,5,7
2019-20,33,Tamilnadu,3307,VILLUPURAM,330709,VIKARAVANDI,Rural,1,PS (I-V),8,Unrecognized,1,1,1,0,0,1,1,1,0,0,1,1,0,0,0,1,1,1,1,1,1,1,1,1,1,1,1,1,1,0,1,0,1,1,1,0,0,1
2019-20,33,Tamilnadu,3307,VILLUPURAM,330709,VIKARAVANDI,Rural,2,UPS (I-VIII),1,Department of Education,15,14,13,0,15,6,15,15,0,0,13,15,1,7,3,14,14,15,15,15,15,14,15,15,15,15,15,12,15,7,15,0,15,13,15,15,0,15
2019-20,33,Tamilnadu,3307,VILLUPURAM,330709,VIKARAVANDI,Rural,2,UPS (I-VIII),4,Government Aided,1,1,1,0,0,0,1,1,1,0,1,1,0,1,1,1,1,1,1,1,1,1,1,1,1,1,1,1,1,1,1,0,1,0,1,1,0,0
2019-20,33,Tamilnadu,3307,VILLUPURAM,330709,VIKARAVANDI,Rural,3,HSS (I-XII),5,Private Unaided (Recognized),3,3,3,0,1,1,3,3,1,0,3,3,1,3,1,3,3,3,3,3,3,3,2,3,3,3,3,3,3,2,3,1,3,3,3,1,3,3
2019-20,33,Tamilnadu,3307,VILLUPURAM,330709,VIKARAVANDI,Rural,5,HSS (VI-XII),1,Department of Education,8,7,7,0,8,4,8,8,0,0,8,8,0,3,2,8,8,8,8,8,8,8,8,8,8,8,8,7,6,1,8,6,8,6,7,7,8,8
2019-20,33,Tamilnadu,3307,VILLUPURAM,330709,VIKARAVANDI,Rural,5,HSS (VI-XII),4,Government Aided,1,1,1,0,0,1,1,1,0,0,1,1,0,1,0,1,1,1,1,1,1,1,1,1,1,1,1,0,1,0,1,0,1,0,1,1,1,1
2019-20,33,Tamilnadu,3307,VILLUPURAM,330709,VIKARAVANDI,Rural,5,HSS (VI-XII),5,Private Unaided (Recognized),1,1,1,0,1,0,1,1,1,0,1,1,0,1,1,1,1,1,1,1,1,1,1,1,1,1,1,1,1,1,1,0,1,0,1,0,1,1
2019-20,33,Tamilnadu,3307,VILLUPURAM,330709,VIKARAVANDI,Rural,6,SS (I-X),5,Private Unaided (Recognized),4,4,4,0,4,1,4,4,0,0,4,4,1,2,0,4,4,4,4,4,4,4,4,4,4,4,4,2,3,1,4,0,4,1,1,0,3,4
2019-20,33,Tamilnadu,3307,VILLUPURAM,330709,VIKARAVANDI,Rural,7,SS (VI-X),1,Department of Education,8,6,4,0,8,2,8,8,0,0,8,8,0,4,0,5,5,8,8,8,8,5,7,8,8,8,8,6,7,1,8,3,8,6,7,6,8,8
2019-20,33,Tamilnadu,3307,VILLUPURAM,330709,VIKARAVANDI,Rural,7,SS (VI-X),2,Tribal Welfare Department,1,1,1,0,1,1,1,1,0,0,1,1,0,1,0,1,1,1,1,1,1,1,1,1,1,1,1,1,1,0,1,1,1,0,1,1,1,1
2019-20,33,Tamilnadu,3307,VILLUPURAM,330709,VIKARAVANDI,Urban,1,PS (I-V),1,Department of Education,2,0,2,0,2,1,2,2,0,0,2,2,0,1,0,2,2,2,2,2,2,2,1,2,2,2,2,1,0,2,2,0,2,1,2,1,0,2
2019-20,33,Tamilnadu,3307,VILLUPURAM,330709,VIKARAVANDI,Urban,1,PS (I-V),5,Private Unaided (Recognized),1,1,1,0,1,0,1,1,0,0,1,1,0,0,0,1,1,1,1,1,1,1,1,1,1,1,1,0,0,0,1,0,1,0,1,0,1,1
2019-20,33,Tamilnadu,3307,VILLUPURAM,330709,VIKARAVANDI,Urban,2,UPS (I-VIII),1,Department of Education,1,1,1,0,1,0,1,1,0,0,0,1,0,0,0,1,1,1,1,1,1,1,1,1,1,1,1,0,1,1,1,1,1,1,1,1,0,1
2019-20,33,Tamilnadu,3307,VILLUPURAM,330709,VIKARAVANDI,Urban,3,HSS (I-XII),5,Private Unaided (Recognized),1,1,1,0,1,0,1,1,0,0,1,1,0,0,0,1,1,1,1,1,1,1,1,1,1,1,1,1,1,1,1,0,1,0,1,1,1,1
2019-20,33,Tamilnadu,3307,VILLUPURAM,330709,VIKARAVANDI,Urban,5,HSS (VI-XII),1,Department of Education,1,1,1,0,1,0,1,1,0,0,1,1,0,0,0,1,1,1,1,1,1,1,1,1,1,1,1,1,1,0,1,1,1,1,1,1,1,1
2019-20,33,Tamilnadu,3307,VILLUPURAM,330709,VIKARAVANDI,Urban,7,SS (VI-X),1,Department of Education,1,1,0,0,1,1,1,1,0,0,1,1,0,0,0,0,0,1,1,1,1,0,1,1,1,1,1,0,0,0,1,1,1,0,1,1,0,1
2019-20,33,Tamilnadu,3307,VILLUPURAM,330710,KOLIYANUR,Rural,1,PS (I-V),1,Department of Education,61,24,38,2,61,16,61,61,0,0,46,61,0,25,12,60,60,60,60,61,61,52,55,55,55,61,61,16,58,41,61,0,61,50,59,56,2,61
2019-20,33,Tamilnadu,3307,VILLUPURAM,330710,KOLIYANUR,Rural,1,PS (I-V),2,Tribal Welfare Department,6,1,4,0,6,1,6,6,0,0,4,6,0,1,0,6,6,5,5,6,6,6,6,6,6,6,6,1,6,2,6,0,6,6,5,5,0,6
2019-20,33,Tamilnadu,3307,VILLUPURAM,330710,KOLIYANUR,Rural,1,PS (I-V),4,Government Aided,1,1,0,0,0,1,1,1,0,0,1,1,0,0,0,1,1,1,1,1,1,0,0,0,0,1,1,0,0,1,1,0,1,1,1,1,0,0
2019-20,33,Tamilnadu,3307,VILLUPURAM,330710,KOLIYANUR,Rural,1,PS (I-V),5,Private Unaided (Recognized),6,6,5,0,5,4,6,6,1,0,6,6,0,1,0,6,6,6,6,6,6,4,3,4,4,6,6,3,5,1,6,0,6,2,6,5,4,6
2019-20,33,Tamilnadu,3307,VILLUPURAM,330710,KOLIYANUR,Rural,2,UPS (I-VIII),1,Department of Education,13,6,9,0,13,5,13,13,0,0,9,13,0,10,2,13,13,13,13,13,13,11,11,11,11,13,13,8,12,7,13,3,13,12,13,13,0,13
2019-20,33,Tamilnadu,3307,VILLUPURAM,330710,KOLIYANUR,Rural,2,UPS (I-VIII),4,Government Aided,2,2,2,0,0,1,2,2,0,0,2,2,0,1,1,2,2,2,2,2,2,2,2,2,2,2,2,0,2,2,2,0,2,2,2,2,0,1
2019-20,33,Tamilnadu,3307,VILLUPURAM,330710,KOLIYANUR,Rural,2,UPS (I-VIII),5,Private Unaided (Recognized),2,2,0,0,1,2,2,2,0,0,2,2,0,1,0,2,2,2,2,2,2,2,2,2,2,2,2,1,2,0,2,0,2,2,2,1,1,1
2019-20,33,Tamilnadu,3307,VILLUPURAM,330710,KOLIYANUR,Rural,2,UPS (I-VIII),8,Unrecognized,1,1,1,0,1,0,1,1,0,0,1,1,0,0,0,1,1,1,1,1,1,1,1,1,1,1,1,1,0,0,1,0,1,0,1,0,1,1
2019-20,33,Tamilnadu,3307,VILLUPURAM,330710,KOLIYANUR,Rural,3,HSS (I-XII),5,Private Unaided (Recognized),3,3,3,0,3,3,3,3,0,0,3,3,0,1,0,3,3,3,3,3,3,3,3,3,3,3,3,2,2,0,3,0,3,1,3,2,3,3
2019-20,33,Tamilnadu,3307,VILLUPURAM,330710,KOLIYANUR,Rural,5,HSS (VI-XII),1,Department of Education,5,4,4,0,5,3,5,5,0,0,3,5,0,5,0,5,5,5,5,5,5,4,5,5,5,5,5,3,5,2,5,2,5,5,5,5,4,5
2019-20,33,Tamilnadu,3307,VILLUPURAM,330710,KOLIYANUR,Rural,6,SS (I-X),5,Private Unaided (Recognized),9,8,8,0,6,4,9,9,0,0,9,9,1,3,0,9,9,9,9,9,9,8,9,9,9,9,9,8,8,4,9,0,9,5,8,5,7,9
2019-20,33,Tamilnadu,3307,VILLUPURAM,330710,KOLIYANUR,Rural,7,SS (VI-X),1,Department of Education,12,11,3,0,12,7,12,12,0,0,9,12,0,11,2,12,12,12,12,12,12,12,11,12,12,12,12,9,11,8,12,10,12,12,12,12,10,12
2019-20,33,Tamilnadu,3307,VILLUPURAM,330710,KOLIYANUR,Rural,7,SS (VI-X),2,Tribal Welfare Department,2,2,2,0,2,0,2,2,0,0,1,2,0,1,0,2,2,2,2,2,2,2,2,2,2,2,2,0,1,0,2,1,2,2,2,2,2,2
2019-20,33,Tamilnadu,3307,VILLUPURAM,330710,KOLIYANUR,Urban,1,PS (I-V),1,Department of Education,7,3,4,0,7,3,7,7,0,0,7,7,0,2,1,7,7,7,7,7,7,7,7,7,7,7,7,2,6,4,7,0,7,7,7,7,1,7
2019-20,33,Tamilnadu,3307,VILLUPURAM,330710,KOLIYANUR,Urban,1,PS (I-V),2,Tribal Welfare Department,2,2,2,0,2,1,2,2,0,0,1,2,0,1,0,2,2,2,2,2,2,2,2,2,2,2,2,0,2,0,2,0,2,2,2,2,0,2
2019-20,33,Tamilnadu,3307,VILLUPURAM,330710,KOLIYANUR,Urban,1,PS (I-V),5,Private Unaided (Recognized),5,5,5,0,4,2,5,5,0,0,5,5,0,3,0,5,5,5,5,5,5,5,5,5,5,5,5,4,5,2,5,0,5,5,4,4,3,5
2019-20,33,Tamilnadu,3307,VILLUPURAM,330710,KOLIYANUR,Urban,2,UPS (I-VIII),1,Department of Education,4,2,2,0,4,2,4,4,0,0,3,4,0,2,0,4,4,4,4,4,4,4,4,4,4,4,4,3,2,2,4,1,4,4,4,3,2,4
2019-20,33,Tamilnadu,3307,VILLUPURAM,330710,KOLIYANUR,Urban,2,UPS (I-VIII),4,Government Aided,2,2,1,0,1,0,2,2,0,0,2,2,0,0,0,2,2,2,2,2,2,2,2,2,2,2,2,1,1,1,2,1,2,2,2,2,0,1
2019-20,33,Tamilnadu,3307,VILLUPURAM,330710,KOLIYANUR,Urban,3,HSS (I-XII),5,Private Unaided (Recognized),1,1,1,0,1,0,1,1,0,0,1,1,1,1,0,1,1,1,1,1,1,1,1,1,1,1,1,1,1,1,1,1,1,1,1,1,1,1
2019-20,33,Tamilnadu,3307,VILLUPURAM,330710,KOLIYANUR,Urban,5,HSS (VI-XII),1,Department of Education,2,2,2,0,2,2,2,2,0,0,2,2,0,1,0,1,1,1,1,2,2,1,1,2,2,2,2,1,2,1,2,1,2,2,2,2,2,2
2019-20,33,Tamilnadu,3307,VILLUPURAM,330710,KOLIYANUR,Urban,6,SS (I-X),5,Private Unaided (Recognized),1,1,1,0,1,0,1,1,0,0,1,1,1,1,0,1,1,1,1,1,1,1,1,1,1,1,1,1,1,0,1,0,1,0,1,1,1,1
2019-20,33,Tamilnadu,3307,VILLUPURAM,330711,KANDAMANGALAM,Rural,1,PS (I-V),1,Department of Education,60,49,45,3,60,16,60,60,2,0,46,60,1,25,13,59,59,60,60,60,60,60,59,60,60,60,60,13,49,34,60,0,60,53,59,56,0,56
2019-20,33,Tamilnadu,3307,VILLUPURAM,330711,KANDAMANGALAM,Rural,1,PS (I-V),2,Tribal Welfare Department,8,6,7,0,8,5,8,8,0,0,8,8,0,3,1,8,8,8,8,8,8,8,8,8,8,8,8,0,8,7,8,0,8,7,7,6,0,8
2019-20,33,Tamilnadu,3307,VILLUPURAM,330711,KANDAMANGALAM,Rural,1,PS (I-V),4,Government Aided,4,4,2,0,2,2,4,4,0,0,4,4,0,0,0,4,4,3,3,4,4,2,2,2,2,4,4,1,1,1,4,0,4,1,4,4,0,0
2019-20,33,Tamilnadu,3307,VILLUPURAM,330711,KANDAMANGALAM,Rural,1,PS (I-V),5,Private Unaided (Recognized),7,6,7,0,4,5,7,7,0,0,7,7,1,3,1,7,7,7,7,7,7,7,6,7,7,7,7,3,5,4,7,0,7,3,6,6,2,7
2019-20,33,Tamilnadu,3307,VILLUPURAM,330711,KANDAMANGALAM,Rural,1,PS (I-V),8,Unrecognized,3,3,2,0,1,1,3,3,0,0,2,3,0,0,0,3,3,3,3,3,3,3,3,3,3,3,3,1,2,1,3,0,3,0,1,1,3,3
2019-20,33,Tamilnadu,3307,VILLUPURAM,330711,KANDAMANGALAM,Rural,2,UPS (I-VIII),1,Department of Education,11,8,10,0,11,5,11,11,0,0,10,11,0,4,4,11,11,11,11,11,11,10,10,10,10,11,11,7,10,6,11,2,11,9,11,10,1,11
2019-20,33,Tamilnadu,3307,VILLUPURAM,330711,KANDAMANGALAM,Rural,2,UPS (I-VIII),2,Tribal Welfare Department,3,2,3,0,3,2,3,3,0,0,1,3,0,2,0,3,3,3,3,3,3,2,2,2,2,3,3,1,1,2,3,0,3,3,3,3,0,3
2019-20,33,Tamilnadu,3307,VILLUPURAM,330711,KANDAMANGALAM,Rural,2,UPS (I-VIII),4,Government Aided,4,4,4,0,2,3,4,4,0,0,3,4,0,2,1,4,4,4,4,4,4,2,3,3,3,4,4,2,4,1,4,0,4,3,4,4,0,2
2019-20,33,Tamilnadu,3307,VILLUPURAM,330711,KANDAMANGALAM,Rural,5,HSS (VI-XII),1,Department of Education,5,4,5,0,5,4,5,5,0,0,5,5,0,3,3,5,5,5,4,5,5,5,4,5,5,5,5,4,5,4,5,3,5,5,5,5,5,5
2019-20,33,Tamilnadu,3307,VILLUPURAM,330711,KANDAMANGALAM,Rural,7,SS (VI-X),1,Department of Education,9,7,3,0,9,4,9,9,0,0,6,9,0,3,1,8,8,9,9,9,9,6,8,9,9,9,9,7,6,5,9,6,9,8,9,9,9,9
2019-20,33,Tamilnadu,3307,VILLUPURAM,330712,MUGAIYUR,Rural,1,PS (I-V),1,Department of Education,62,31,35,1,62,18,62,62,0,0,36,62,0,1,5,60,60,61,61,62,62,58,57,60,60,62,62,9,51,21,62,0,62,54,58,40,1,61
2019-20,33,Tamilnadu,3307,VILLUPURAM,330712,MUGAIYUR,Rural,1,PS (I-V),2,Tribal Welfare Department,3,2,2,1,3,3,3,3,0,0,3,3,0,0,1,3,3,3,3,3,3,3,3,3,3,3,3,0,2,1,3,0,3,2,3,3,0,3
2019-20,33,Tamilnadu,3307,VILLUPURAM,330712,MUGAIYUR,Rural,1,PS (I-V),4,Government Aided,20,20,16,0,3,8,20,20,0,1,18,20,0,4,5,19,19,19,19,20,20,18,18,19,19,20,20,3,16,4,20,0,20,17,20,11,0,3
2019-20,33,Tamilnadu,3307,VILLUPURAM,330712,MUGAIYUR,Rural,1,PS (I-V),5,Private Unaided (Recognized),14,14,13,0,11,6,14,14,1,0,14,14,1,4,3,14,14,14,14,14,14,14,13,14,14,14,14,7,13,5,14,0,14,8,13,9,7,12
2019-20,33,Tamilnadu,3307,VILLUPURAM,330712,MUGAIYUR,Rural,2,UPS (I-VIII),1,Department of Education,21,11,15,0,21,9,21,21,1,0,17,21,0,6,4,20,20,21,21,21,21,16,17,17,17,21,21,15,20,9,21,5,21,20,20,19,5,21
2019-20,33,Tamilnadu,3307,VILLUPURAM,330712,MUGAIYUR,Rural,2,UPS (I-VIII),4,Government Aided,1,1,1,0,1,1,1,1,0,0,1,1,0,1,0,1,1,1,1,1,1,1,1,1,1,1,1,0,1,0,1,0,1,1,1,1,0,0
2019-20,33,Tamilnadu,3307,VILLUPURAM,330712,MUGAIYUR,Rural,2,UPS (I-VIII),5,Private Unaided (Recognized),1,1,0,0,1,1,1,1,1,0,1,1,0,0,1,1,1,1,1,1,1,1,1,1,1,1,1,1,1,1,1,0,1,1,1,1,1,1
2019-20,33,Tamilnadu,3307,VILLUPURAM,330712,MUGAIYUR,Rural,3,HSS (I-XII),5,Private Unaided (Recognized),2,2,2,0,1,1,2,2,0,0,2,2,0,0,0,2,2,2,2,2,2,2,2,2,2,2,2,2,2,0,2,0,2,0,2,1,2,2
2019-20,33,Tamilnadu,3307,VILLUPURAM,330712,MUGAIYUR,Rural,5,HSS (VI-XII),1,Department of Education,10,10,10,0,10,4,10,10,0,0,9,10,0,3,0,8,8,9,8,10,10,6,7,8,8,10,10,9,10,4,10,5,10,8,9,9,10,10
2019-20,33,Tamilnadu,3307,VILLUPURAM,330712,MUGAIYUR,Rural,5,HSS (VI-XII),4,Government Aided,2,2,1,0,2,1,2,2,0,0,2,2,0,1,0,1,1,1,1,2,2,1,1,2,2,2,2,1,2,0,2,0,2,2,2,2,2,2
2019-20,33,Tamilnadu,3307,VILLUPURAM,330712,MUGAIYUR,Rural,5,HSS (VI-XII),5,Private Unaided (Recognized),1,1,1,0,1,1,1,1,0,0,1,1,0,0,0,1,1,1,1,1,1,1,1,1,1,1,1,1,0,0,1,0,1,0,1,0,1,1
2019-20,33,Tamilnadu,3307,VILLUPURAM,330712,MUGAIYUR,Rural,6,SS (I-X),5,Private Unaided (Recognized),4,4,4,0,4,3,4,4,1,0,4,4,2,3,2,4,4,4,4,4,4,4,3,4,4,4,4,3,4,2,4,0,4,0,4,3,3,4
2019-20,33,Tamilnadu,3307,VILLUPURAM,330712,MUGAIYUR,Rural,6,SS (I-X),8,Unrecognized,1,1,1,0,1,1,1,1,0,0,1,1,0,0,0,1,1,1,1,1,1,1,1,1,1,1,1,1,1,0,1,0,1,1,1,0,1,1
2019-20,33,Tamilnadu,3307,VILLUPURAM,330712,MUGAIYUR,Rural,7,SS (VI-X),1,Department of Education,8,6,2,0,8,5,8,8,0,0,6,8,0,5,0,8,8,8,8,8,8,7,7,7,7,8,8,7,6,4,8,5,8,7,7,6,7,8
2019-20,33,Tamilnadu,3307,VILLUPURAM,330712,MUGAIYUR,Rural,7,SS (VI-X),4,Government Aided,2,2,2,0,2,1,2,2,0,0,2,2,0,1,0,2,2,2,2,2,2,2,2,2,2,2,2,2,1,0,2,0,2,2,2,1,1,1
2019-20,33,Tamilnadu,3307,VILLUPURAM,330712,MUGAIYUR,Urban,1,PS (I-V),1,Department of Education,4,2,2,0,4,2,4,4,0,0,3,4,0,0,0,3,3,4,4,4,4,2,3,3,3,4,4,0,3,1,4,0,4,4,4,3,0,4
2019-20,33,Tamilnadu,3307,VILLUPURAM,330712,MUGAIYUR,Urban,1,PS (I-V),4,Government Aided,1,1,1,0,1,0,1,1,0,0,1,1,0,0,0,1,1,1,1,1,1,1,1,1,1,1,1,1,1,0,1,0,1,1,0,0,0,1
2019-20,33,Tamilnadu,3307,VILLUPURAM,330712,MUGAIYUR,Urban,1,PS (I-V),5,Private Unaided (Recognized),1,1,1,0,1,1,1,1,0,0,1,1,0,1,0,1,1,1,1,1,1,1,1,1,1,1,1,1,1,1,1,0,1,0,1,1,1,1
2019-20,33,Tamilnadu,3307,VILLUPURAM,330712,MUGAIYUR,Urban,2,UPS (I-VIII),5,Private Unaided (Recognized),3,3,3,0,2,2,3,3,1,0,3,3,1,2,0,2,2,3,3,3,3,2,3,3,3,3,3,3,3,2,3,1,3,2,3,1,1,1
2019-20,33,Tamilnadu,3307,VILLUPURAM,330712,MUGAIYUR,Urban,3,HSS (I-XII),5,Private Unaided (Recognized),2,2,2,0,1,1,2,2,1,0,2,2,1,2,0,2,2,2,2,2,2,2,2,2,2,2,2,1,2,1,2,1,2,2,2,0,2,2
2019-20,33,Tamilnadu,3307,VILLUPURAM,330712,MUGAIYUR,Urban,4,UPS (VI-VIII),4,Government Aided,1,1,0,0,1,0,1,1,0,0,1,1,0,1,1,1,1,1,1,1,1,0,0,0,0,1,1,0,0,0,1,0,1,0,1,1,0,1
2019-20,33,Tamilnadu,3307,VILLUPURAM,330712,MUGAIYUR,Urban,5,HSS (VI-XII),1,Department of Education,1,1,1,0,1,1,1,1,0,0,1,1,0,0,0,1,1,0,0,1,1,1,0,1,1,1,1,1,1,0,1,0,1,1,1,1,1,1
2019-20,33,Tamilnadu,3307,VILLUPURAM,330713,THIRUKOILUR,Rural,1,PS (I-V),1,Department of Education,39,26,26,0,39,5,39,39,0,0,22,39,0,11,14,37,37,38,38,39,39,37,36,37,37,39,39,9,36,17,39,0,39,35,35,22,1,37
2019-20,33,Tamilnadu,3307,VILLUPURAM,330713,THIRUKOILUR,Rural,1,PS (I-V),4,Government Aided,3,3,1,0,1,1,3,3,0,0,2,3,0,0,1,3,3,3,3,3,3,3,3,3,3,3,3,1,2,1,3,0,3,3,3,2,0,1
2019-20,33,Tamilnadu,3307,VILLUPURAM,330713,THIRUKOILUR,Rural,1,PS (I-V),5,Private Unaided (Recognized),3,3,2,0,1,1,3,3,0,0,3,3,1,1,0,3,3,3,3,3,3,2,2,2,2,3,3,1,3,0,3,0,3,0,2,1,2,2
2019-20,33,Tamilnadu,3307,VILLUPURAM,330713,THIRUKOILUR,Rural,2,UPS (I-VIII),1,Department of Education,27,20,15,0,27,8,27,27,0,0,14,27,1,10,10,27,26,27,26,27,27,21,23,23,23,27,27,10,20,9,27,9,27,25,27,27,2,27
2019-20,33,Tamilnadu,3307,VILLUPURAM,330713,THIRUKOILUR,Rural,2,UPS (I-VIII),4,Government Aided,2,2,1,0,0,1,2,2,0,0,2,2,0,1,1,2,2,2,2,2,2,2,2,2,2,2,2,0,2,1,2,0,2,2,2,2,1,2
2019-20,33,Tamilnadu,3307,VILLUPURAM,330713,THIRUKOILUR,Rural,2,UPS (I-VIII),5,Private Unaided (Recognized),1,1,1,0,1,1,1,1,0,0,1,1,0,0,0,1,1,1,1,1,1,1,1,1,1,1,1,0,1,0,1,1,1,0,1,1,1,1
2019-20,33,Tamilnadu,3307,VILLUPURAM,330713,THIRUKOILUR,Rural,4,UPS (VI-VIII),6,Other Govt. managed schools,1,1,1,0,1,0,1,1,0,0,1,1,0,1,1,0,0,1,1,1,1,0,1,1,1,1,1,1,0,0,1,1,1,0,1,1,0,1
2019-20,33,Tamilnadu,3307,VILLUPURAM,330713,THIRUKOILUR,Rural,5,HSS (VI-XII),1,Department of Education,3,3,3,0,3,2,3,3,0,0,3,3,0,0,0,3,3,3,3,3,3,3,3,3,3,3,3,3,3,0,3,0,3,3,3,3,3,3
2019-20,33,Tamilnadu,3307,VILLUPURAM,330713,THIRUKOILUR,Rural,6,SS (I-X),5,Private Unaided (Recognized),3,3,3,0,3,2,3,3,1,0,3,3,1,1,1,3,3,3,3,3,3,3,3,3,3,3,3,3,3,2,3,1,3,0,3,3,3,3
2019-20,33,Tamilnadu,3307,VILLUPURAM,330713,THIRUKOILUR,Rural,7,SS (VI-X),1,Department of Education,11,11,6,0,11,8,11,11,0,0,11,11,0,7,3,10,10,11,11,11,11,10,10,11,11,11,11,9,11,4,11,6,11,10,9,9,10,11
2019-20,33,Tamilnadu,3307,VILLUPURAM,330713,THIRUKOILUR,Urban,1,PS (I-V),1,Department of Education,1,1,0,0,1,1,1,1,0,0,0,1,0,1,1,1,1,1,1,1,1,1,1,1,1,1,1,1,1,1,1,0,1,1,1,0,0,1
2019-20,33,Tamilnadu,3307,VILLUPURAM,330713,THIRUKOILUR,Urban,1,PS (I-V),4,Government Aided,2,2,2,0,1,0,2,2,0,0,2,2,0,2,0,2,2,2,2,2,2,2,2,2,2,2,2,0,2,1,2,0,2,1,2,1,0,0
2019-20,33,Tamilnadu,3307,VILLUPURAM,330713,THIRUKOILUR,Urban,1,PS (I-V),5,Private Unaided (Recognized),5,5,5,0,4,1,5,5,1,0,5,5,1,2,0,5,5,5,5,5,5,5,4,5,5,5,5,4,5,2,5,0,5,4,5,4,3,5
2019-20,33,Tamilnadu,3307,VILLUPURAM,330713,THIRUKOILUR,Urban,2,UPS (I-VIII),1,Department of Education,1,1,1,0,1,0,1,1,0,0,0,1,0,1,1,1,1,1,1,1,1,1,1,1,1,1,1,1,1,1,1,1,1,1,1,1,0,1
2019-20,33,Tamilnadu,3307,VILLUPURAM,330713,THIRUKOILUR,Urban,2,UPS (I-VIII),4,Government Aided,2,2,2,0,1,1,2,2,0,0,2,2,0,1,2,2,2,2,2,2,2,2,2,2,2,2,2,0,2,0,2,0,2,0,2,2,0,0
2019-20,33,Tamilnadu,3307,VILLUPURAM,330713,THIRUKOILUR,Urban,2,UPS (I-VIII),5,Private Unaided (Recognized),1,1,1,0,0,0,1,1,0,0,1,1,0,0,0,1,1,1,1,1,1,0,0,0,0,1,1,0,0,0,1,0,1,0,1,1,0,1
2019-20,33,Tamilnadu,3307,VILLUPURAM,330713,THIRUKOILUR,Urban,3,HSS (I-XII),5,Private Unaided (Recognized),2,2,2,0,2,0,2,2,0,0,2,2,1,1,0,2,2,2,2,2,2,2,1,2,2,2,2,2,2,0,2,0,2,2,2,2,2,2
2019-20,33,Tamilnadu,3307,VILLUPURAM,330713,THIRUKOILUR,Urban,5,HSS (VI-XII),1,Department of Education,2,2,2,0,2,1,2,2,0,0,2,2,0,1,1,1,1,1,1,2,2,1,0,1,1,2,2,1,2,0,2,1,2,2,2,2,2,2
2019-20,33,Tamilnadu,3307,VILLUPURAM,330713,THIRUKOILUR,Urban,5,HSS (VI-XII),4,Government Aided,1,1,1,0,1,0,1,1,0,0,1,1,0,1,0,0,0,1,1,1,1,0,1,1,1,1,1,1,1,0,1,1,1,1,1,1,1,1
2019-20,33,Tamilnadu,3307,VILLUPURAM,330713,THIRUKOILUR,Urban,6,SS (I-X),5,Private Unaided (Recognized),1,1,1,0,1,0,1,1,0,0,1,1,1,1,0,1,1,1,1,1,1,1,1,1,1,1,1,1,1,1,1,0,1,0,1,1,1,1
2019-20,33,Tamilnadu,3307,VILLUPURAM,330713,THIRUKOILUR,Urban,7,SS (VI-X),4,Government Aided,1,1,1,0,0,1,1,1,0,0,1,1,0,1,0,1,1,1,1,1,1,1,1,1,1,1,1,0,1,1,1,1,1,1,1,1,1,1
2019-20,33,Tamilnadu,3307,VILLUPURAM,330714,THIRUVENNAINALLUR,Rural,1,PS (I-V),1,Department of Education,49,48,35,0,49,19,49,49,0,1,32,49,3,7,4,44,44,46,46,49,49,39,42,44,44,49,49,20,40,12,49,0,49,39,48,22,1,48
2019-20,33,Tamilnadu,3307,VILLUPURAM,330714,THIRUVENNAINALLUR,Rural,1,PS (I-V),4,Government Aided,6,6,6,0,2,2,6,6,0,0,5,6,0,0,1,6,6,6,6,6,6,6,6,6,6,6,6,2,4,2,6,0,6,2,6,4,0,1
2019-20,33,Tamilnadu,3307,VILLUPURAM,330714,THIRUVENNAINALLUR,Rural,1,PS (I-V),5,Private Unaided (Recognized),5,5,4,0,4,4,5,5,0,0,5,5,0,2,0,5,5,5,5,5,5,4,4,4,4,5,5,3,3,1,5,0,5,1,4,3,3,3
2019-20,33,Tamilnadu,3307,VILLUPURAM,330714,THIRUVENNAINALLUR,Rural,2,UPS (I-VIII),1,Department of Education,22,21,17,0,22,9,22,22,0,0,16,22,0,8,5,22,21,22,22,22,22,21,21,21,21,22,22,15,21,11,22,3,22,20,22,22,5,22
2019-20,33,Tamilnadu,3307,VILLUPURAM,330714,THIRUVENNAINALLUR,Rural,2,UPS (I-VIII),4,Government Aided,1,1,1,0,1,1,1,1,0,0,1,1,0,0,0,1,1,1,1,1,1,1,1,1,1,1,1,0,1,0,1,0,1,1,1,1,0,0
2019-20,33,Tamilnadu,3307,VILLUPURAM,330714,THIRUVENNAINALLUR,Rural,2,UPS (I-VIII),5,Private Unaided (Recognized),1,1,1,0,1,0,1,1,0,0,1,1,0,1,0,1,1,1,1,1,1,1,1,1,1,1,1,0,1,0,1,0,1,0,1,1,0,1
2019-20,33,Tamilnadu,3307,VILLUPURAM,330714,THIRUVENNAINALLUR,Rural,2,UPS (I-VIII),8,Unrecognized,1,1,1,0,0,0,1,1,0,0,1,1,0,0,0,1,1,1,1,1,1,1,1,1,1,1,1,0,1,0,1,0,1,0,1,1,0,1
2019-20,33,Tamilnadu,3307,VILLUPURAM,330714,THIRUVENNAINALLUR,Rural,3,HSS (I-XII),5,Private Unaided (Recognized),1,1,1,0,1,1,1,1,0,0,1,1,0,0,1,1,1,1,1,1,1,1,1,1,1,1,1,1,1,1,1,0,1,0,1,0,1,1
2019-20,33,Tamilnadu,3307,VILLUPURAM,330714,THIRUVENNAINALLUR,Rural,4,UPS (VI-VIII),6,Other Govt. managed schools,1,1,0,0,1,0,1,1,0,0,1,1,0,0,0,0,0,1,1,1,1,0,1,1,1,1,1,1,1,0,1,1,1,1,1,1,0,1
2019-20,33,Tamilnadu,3307,VILLUPURAM,330714,THIRUVENNAINALLUR,Rural,5,HSS (VI-XII),1,Department of Education,10,10,9,0,10,10,10,10,1,0,10,10,1,3,1,9,9,9,9,10,10,8,9,10,10,10,10,7,9,3,10,8,10,9,10,10,10,10
2019-20,33,Tamilnadu,3307,VILLUPURAM,330714,THIRUVENNAINALLUR,Rural,5,HSS (VI-XII),5,Private Unaided (Recognized),1,1,1,0,1,1,1,1,0,0,1,1,0,1,0,1,1,1,1,1,1,1,1,1,1,1,1,0,1,0,1,0,1,0,1,0,1,1
2019-20,33,Tamilnadu,3307,VILLUPURAM,330714,THIRUVENNAINALLUR,Rural,6,SS (I-X),5,Private Unaided (Recognized),1,1,1,0,1,1,1,1,0,0,1,1,0,1,0,1,1,1,1,1,1,1,1,1,1,1,1,0,1,1,1,0,1,1,1,1,1,1
2019-20,33,Tamilnadu,3307,VILLUPURAM,330714,THIRUVENNAINALLUR,Rural,7,SS (VI-X),1,Department of Education,7,6,4,0,7,2,7,7,0,0,5,7,0,2,1,7,7,7,7,7,7,7,7,7,7,7,7,4,7,2,7,5,7,6,7,7,6,7
2019-20,33,Tamilnadu,3307,VILLUPURAM,330714,THIRUVENNAINALLUR,Urban,1,PS (I-V),1,Department of Education,1,1,1,0,1,0,1,1,0,0,1,1,0,0,0,1,1,1,1,1,1,1,1,1,1,1,1,1,1,0,1,0,1,1,1,1,0,1
2019-20,33,Tamilnadu,3307,VILLUPURAM,330714,THIRUVENNAINALLUR,Urban,1,PS (I-V),5,Private Unaided (Recognized),2,2,2,0,2,2,2,2,0,0,2,2,0,0,0,2,2,2,2,2,2,2,2,2,2,2,2,2,2,0,2,0,2,1,2,1,2,2
2019-20,33,Tamilnadu,3307,VILLUPURAM,330714,THIRUVENNAINALLUR,Urban,2,UPS (I-VIII),1,Department of Education,1,1,1,0,1,0,1,1,0,0,1,1,0,0,0,1,1,1,1,1,1,1,1,1,1,1,1,0,1,0,1,0,1,1,1,1,0,1
2019-20,33,Tamilnadu,3307,VILLUPURAM,330714,THIRUVENNAINALLUR,Urban,4,UPS (VI-VIII),6,Other Govt. managed schools,1,1,1,0,1,0,1,1,1,0,1,1,0,1,1,0,0,1,1,1,1,0,1,1,1,1,1,1,0,0,1,1,1,1,1,1,1,1
2019-20,33,Tamilnadu,3307,VILLUPURAM,330714,THIRUVENNAINALLUR,Urban,5,HSS (VI-XII),1,Department of Education,1,1,1,0,1,0,1,1,0,0,0,1,0,0,0,0,0,1,1,1,1,0,1,1,1,1,1,1,1,0,1,0,1,1,1,1,1,1
2019-20,33,Tamilnadu,3307,VILLUPURAM,330714,THIRUVENNAINALLUR,Urban,5,HSS (VI-XII),4,Government Aided,1,1,1,0,0,1,1,1,0,0,1,1,0,1,0,1,1,1,1,1,1,1,1,1,1,1,1,1,1,1,1,0,1,1,1,0,1,1
2019-20,33,Tamilnadu,3307,VILLUPURAM,330714,THIRUVENNAINALLUR,Urban,5,HSS (VI-XII),5,Private Unaided (Recognized),1,1,1,0,1,1,1,1,0,0,1,1,0,1,1,1,1,1,1,1,1,1,1,1,1,1,1,1,1,1,1,0,1,1,1,1,1,1
2019-20,33,Tamilnadu,3307,VILLUPURAM,330715,SANKARAPURAM,Rural,1,PS (I-V),1,Department of Education,57,35,36,0,57,16,57,57,0,0,50,57,0,30,6,55,54,57,57,57,57,48,49,49,49,57,57,24,52,13,57,0,57,48,56,47,1,56
2019-20,33,Tamilnadu,3307,VILLUPURAM,330715,SANKARAPURAM,Rural,1,PS (I-V),2,Tribal Welfare Department,10,4,7,0,10,0,10,10,1,0,9,10,0,6,1,10,10,10,10,10,10,9,9,9,9,10,10,1,9,3,10,0,10,7,10,10,0,10
2019-20,33,Tamilnadu,3307,VILLUPURAM,330715,SANKARAPURAM,Rural,1,PS (I-V),4,Government Aided,7,7,6,0,3,2,7,7,0,0,7,7,0,4,1,6,6,6,6,7,7,5,5,6,6,7,7,0,7,1,7,0,7,4,6,6,0,1
2019-20,33,Tamilnadu,3307,VILLUPURAM,330715,SANKARAPURAM,Rural,1,PS (I-V),5,Private Unaided (Recognized),19,19,16,0,6,3,19,19,0,0,19,19,0,4,1,19,19,19,19,19,19,17,17,17,17,19,19,7,18,2,19,0,19,6,18,14,7,14
2019-20,33,Tamilnadu,3307,VILLUPURAM,330715,SANKARAPURAM,Rural,2,UPS (I-VIII),1,Department of Education,14,10,12,0,14,2,14,14,0,0,13,14,0,8,3,14,14,14,14,14,14,13,13,14,14,14,14,4,14,7,14,4,14,12,14,14,0,14
2019-20,33,Tamilnadu,3307,VILLUPURAM,330715,SANKARAPURAM,Rural,2,UPS (I-VIII),2,Tribal Welfare Department,7,5,7,0,7,2,7,7,3,0,6,7,0,4,1,7,7,7,7,7,7,6,7,7,7,7,7,1,6,1,7,1,7,3,7,7,1,7
2019-20,33,Tamilnadu,3307,VILLUPURAM,330715,SANKARAPURAM,Rural,2,UPS (I-VIII),4,Government Aided,3,3,2,0,1,3,3,3,0,0,3,3,0,0,1,3,3,3,3,3,3,1,1,1,1,3,3,0,3,1,3,1,3,3,3,3,2,2
2019-20,33,Tamilnadu,3307,VILLUPURAM,330715,SANKARAPURAM,Rural,2,UPS (I-VIII),5,Private Unaided (Recognized),2,2,2,0,1,1,2,2,0,0,2,2,1,0,1,2,2,2,2,2,2,2,2,2,2,2,2,1,2,1,2,1,2,1,2,1,1,2
2019-20,33,Tamilnadu,3307,VILLUPURAM,330715,SANKARAPURAM,Rural,3,HSS (I-XII),5,Private Unaided (Recognized),7,7,7,0,6,2,7,7,2,0,7,7,1,5,1,7,7,7,7,7,7,7,7,7,7,7,7,6,7,3,7,1,7,5,7,7,6,7
2019-20,33,Tamilnadu,3307,VILLUPURAM,330715,SANKARAPURAM,Rural,4,UPS (VI-VIII),5,Private Unaided (Recognized),1,1,1,0,0,0,1,1,0,0,1,1,0,0,0,1,1,1,1,1,1,1,1,1,1,1,1,0,1,0,1,1,1,0,1,0,1,1
2019-20,33,Tamilnadu,3307,VILLUPURAM,330715,SANKARAPURAM,Rural,5,HSS (VI-XII),1,Department of Education,11,11,9,0,11,7,11,11,0,0,11,11,0,10,2,10,10,10,10,11,11,10,10,11,11,11,11,6,11,2,11,6,11,11,11,10,11,11
2019-20,33,Tamilnadu,3307,VILLUPURAM,330715,SANKARAPURAM,Rural,5,HSS (VI-XII),4,Government Aided,2,2,2,0,2,0,2,2,0,0,2,2,0,2,0,2,2,2,2,2,2,2,2,2,2,2,2,2,2,2,2,1,2,0,2,2,2,2
2019-20,33,Tamilnadu,3307,VILLUPURAM,330715,SANKARAPURAM,Rural,5,HSS (VI-XII),5,Private Unaided (Recognized),1,1,1,0,1,0,1,1,0,0,1,1,0,0,0,1,1,1,1,1,1,1,1,1,1,1,1,0,1,0,1,1,1,0,0,0,1,1
2019-20,33,Tamilnadu,3307,VILLUPURAM,330715,SANKARAPURAM,Rural,6,SS (I-X),2,Tribal Welfare Department,1,1,1,0,1,0,1,1,1,0,1,1,0,1,0,1,1,1,1,1,1,1,1,1,1,1,1,0,1,0,1,1,1,1,1,1,0,1
2019-20,33,Tamilnadu,3307,VILLUPURAM,330715,SANKARAPURAM,Rural,6,SS (I-X),5,Private Unaided (Recognized),1,1,0,0,1,1,1,1,0,0,1,1,0,0,0,1,1,1,1,1,1,1,1,1,1,1,1,1,1,1,1,0,1,0,1,1,1,1
2019-20,33,Tamilnadu,3307,VILLUPURAM,330715,SANKARAPURAM,Rural,7,SS (VI-X),1,Department of Education,7,5,3,0,7,3,7,7,0,0,6,7,0,6,1,6,6,7,7,7,7,6,7,7,7,7,7,5,6,3,7,5,7,6,7,7,7,7
2019-20,33,Tamilnadu,3307,VILLUPURAM,330715,SANKARAPURAM,Rural,7,SS (VI-X),2,Tribal Welfare Department,1,1,1,0,1,0,1,1,0,0,0,1,0,0,0,1,1,1,1,1,1,1,1,1,1,1,1,0,1,0,1,0,1,1,1,0,1,1
2019-20,33,Tamilnadu,3307,VILLUPURAM,330715,SANKARAPURAM,Rural,7,SS (VI-X),4,Government Aided,1,1,1,0,1,1,1,1,0,0,1,1,0,1,1,1,1,1,1,1,1,1,1,1,1,1,1,0,1,0,1,1,1,1,1,1,1,1
2019-20,33,Tamilnadu,3307,VILLUPURAM,330715,SANKARAPURAM,Urban,1,PS (I-V),1,Department of Education,3,1,2,0,3,0,3,3,0,0,3,3,0,1,0,3,3,3,3,3,3,3,3,3,3,3,3,0,3,0,3,0,3,3,3,3,0,3
2019-20,33,Tamilnadu,3307,VILLUPURAM,330715,SANKARAPURAM,Urban,1,PS (I-V),4,Government Aided,1,1,1,0,0,1,1,1,0,0,1,1,0,0,0,1,1,1,1,1,1,1,1,1,1,1,1,0,1,0,1,0,1,1,1,1,0,0
2019-20,33,Tamilnadu,3307,VILLUPURAM,330715,SANKARAPURAM,Urban,1,PS (I-V),5,Private Unaided (Recognized),6,6,5,0,5,1,6,6,0,0,6,6,0,3,1,6,6,6,6,6,6,6,6,6,6,6,6,5,5,1,6,0,6,3,5,4,2,4
2019-20,33,Tamilnadu,3307,VILLUPURAM,330715,SANKARAPURAM,Urban,2,UPS (I-VIII),1,Department of Education,1,0,1,0,1,0,1,1,0,0,0,1,0,1,0,1,1,1,1,1,1,1,1,1,1,1,1,1,1,1,1,0,1,0,1,1,0,1
2019-20,33,Tamilnadu,3307,VILLUPURAM,330715,SANKARAPURAM,Urban,2,UPS (I-VIII),2,Tribal Welfare Department,1,1,1,0,1,0,1,1,0,0,1,1,0,1,0,1,1,1,1,1,1,1,1,1,1,1,1,0,1,0,1,0,1,1,1,1,0,1
2019-20,33,Tamilnadu,3307,VILLUPURAM,330715,SANKARAPURAM,Urban,3,HSS (I-XII),5,Private Unaided (Recognized),3,3,3,0,3,1,3,3,0,0,3,3,0,2,0,3,3,3,3,3,3,3,3,3,3,3,3,3,3,1,3,1,3,1,3,1,3,3
2019-20,33,Tamilnadu,3307,VILLUPURAM,330715,SANKARAPURAM,Urban,5,HSS (VI-XII),1,Department of Education,2,2,2,0,2,1,2,2,0,0,2,2,0,1,1,1,1,1,1,2,2,1,1,2,2,2,2,1,2,0,2,1,2,2,2,2,2,2
2019-20,33,Tamilnadu,3307,VILLUPURAM,330715,SANKARAPURAM,Urban,6,SS (I-X),5,Private Unaided (Recognized),1,1,1,0,1,0,1,1,0,0,1,1,0,0,0,1,1,0,0,1,1,1,1,1,1,1,1,1,1,0,1,0,1,1,1,1,1,1
2019-20,33,Tamilnadu,3307,VILLUPURAM,330716,RISHIVANTHIYAM,Rural,1,PS (I-V),1,Department of Education,50,36,32,4,50,13,50,50,0,0,39,50,0,18,8,45,44,50,50,50,50,41,43,45,45,50,50,11,42,16,50,0,50,31,42,24,0,49
2019-20,33,Tamilnadu,3307,VILLUPURAM,330716,RISHIVANTHIYAM,Rural,1,PS (I-V),4,Government Aided,8,8,7,0,3,1,8,8,0,0,7,8,0,1,2,7,7,7,7,8,8,6,6,7,7,8,8,0,7,5,8,1,8,3,6,5,4,3
2019-20,33,Tamilnadu,3307,VILLUPURAM,330716,RISHIVANTHIYAM,Rural,1,PS (I-V),5,Private Unaided (Recognized),10,10,8,0,5,5,10,10,1,0,10,10,0,4,0,10,10,10,10,10,10,10,9,10,10,10,10,3,8,3,10,1,10,2,8,5,3,9
2019-20,33,Tamilnadu,3307,VILLUPURAM,330716,RISHIVANTHIYAM,Rural,2,UPS (I-VIII),1,Department of Education,28,18,20,0,28,15,28,28,0,0,26,28,0,17,5,27,26,28,28,28,28,19,21,21,21,28,28,7,26,10,28,5,28,27,28,27,3,28
2019-20,33,Tamilnadu,3307,VILLUPURAM,330716,RISHIVANTHIYAM,Rural,2,UPS (I-VIII),2,Tribal Welfare Department,2,2,1,0,2,1,2,2,0,0,1,2,0,1,0,2,2,2,2,2,2,2,2,2,2,2,2,2,2,0,2,0,2,1,0,0,0,2
2019-20,33,Tamilnadu,3307,VILLUPURAM,330716,RISHIVANTHIYAM,Rural,2,UPS (I-VIII),4,Government Aided,1,1,1,0,1,0,1,1,0,0,1,1,0,0,1,1,1,1,1,1,1,1,1,1,1,1,1,1,1,0,1,0,1,1,1,1,1,1
2019-20,33,Tamilnadu,3307,VILLUPURAM,330716,RISHIVANTHIYAM,Rural,4,UPS (VI-VIII),5,Private Unaided (Recognized),1,1,1,0,0,0,1,1,0,0,1,1,0,0,0,1,1,1,1,1,1,1,1,1,1,1,1,0,0,0,1,0,1,0,0,0,0,1
2019-20,33,Tamilnadu,3307,VILLUPURAM,330716,RISHIVANTHIYAM,Rural,4,UPS (VI-VIII),6,Other Govt. managed schools,2,1,1,0,2,1,2,2,0,0,2,2,0,2,1,0,0,2,2,2,2,0,1,1,1,2,2,2,2,0,2,1,2,2,2,2,1,2
2019-20,33,Tamilnadu,3307,VILLUPURAM,330716,RISHIVANTHIYAM,Rural,5,HSS (VI-XII),1,Department of Education,7,7,5,0,7,5,7,7,0,0,7,7,0,3,1,7,7,7,7,7,7,7,5,7,7,7,7,4,6,2,7,3,7,5,7,7,7,7
2019-20,33,Tamilnadu,3307,VILLUPURAM,330716,RISHIVANTHIYAM,Rural,5,HSS (VI-XII),5,Private Unaided (Recognized),1,1,1,0,1,0,1,1,0,0,1,1,0,1,0,1,1,1,1,1,1,1,1,1,1,1,1,0,1,0,1,0,1,1,0,0,0,1
2019-20,33,Tamilnadu,3307,VILLUPURAM,330716,RISHIVANTHIYAM,Rural,6,SS (I-X),5,Private Unaided (Recognized),1,1,1,0,1,0,1,1,0,0,1,1,0,0,0,1,1,1,1,1,1,1,1,1,1,1,1,0,1,0,1,0,1,0,1,0,1,1
2019-20,33,Tamilnadu,3307,VILLUPURAM,330716,RISHIVANTHIYAM,Rural,7,SS (VI-X),1,Department of Education,5,5,3,0,5,3,5,5,0,0,5,5,0,3,2,4,4,5,5,5,5,3,5,5,5,5,5,1,3,2,5,4,5,4,5,5,5,5
2019-20,33,Tamilnadu,3307,VILLUPURAM,330716,RISHIVANTHIYAM,Rural,7,SS (VI-X),4,Government Aided,2,2,1,0,1,1,2,2,0,0,2,2,0,1,0,2,2,2,2,2,2,2,2,2,2,2,2,1,2,0,2,0,2,1,1,1,2,1
2019-20,33,Tamilnadu,3307,VILLUPURAM,330717,KALLAKURICHI,Rural,1,PS (I-V),1,Department of Education,54,35,45,2,54,15,54,54,0,0,43,54,0,17,7,54,53,54,54,54,54,49,48,51,51,54,54,4,45,13,54,0,54,43,49,36,2,52
2019-20,33,Tamilnadu,3307,VILLUPURAM,330717,KALLAKURICHI,Rural,1,PS (I-V),2,Tribal Welfare Department,21,17,16,0,21,3,21,21,4,0,17,21,0,6,8,20,20,21,21,21,21,16,17,17,17,21,21,5,15,3,21,0,21,11,21,16,0,21
2019-20,33,Tamilnadu,3307,VILLUPURAM,330717,KALLAKURICHI,Rural,1,PS (I-V),4,Government Aided,4,4,1,0,2,2,4,4,0,0,3,4,0,1,1,4,4,4,3,4,4,2,2,2,2,4,4,0,1,1,4,0,4,3,4,4,1,1
2019-20,33,Tamilnadu,3307,VILLUPURAM,330717,KALLAKURICHI,Rural,1,PS (I-V),5,Private Unaided (Recognized),13,12,11,0,6,6,13,13,0,0,13,13,1,2,1,13,13,13,13,13,13,12,12,12,12,13,13,7,9,2,13,1,13,4,9,4,9,11
2019-20,33,Tamilnadu,3307,VILLUPURAM,330717,KALLAKURICHI,Rural,1,PS (I-V),8,Unrecognized,2,2,2,0,1,2,2,2,0,0,2,2,0,1,1,2,2,2,2,2,2,2,2,2,2,2,2,1,1,1,2,0,2,0,2,2,0,1
2019-20,33,Tamilnadu,3307,VILLUPURAM,330717,KALLAKURICHI,Rural,2,UPS (I-VIII),1,Department of Education,16,8,16,0,16,6,16,16,0,0,10,16,0,7,4,15,15,16,16,16,16,11,12,13,13,16,16,4,13,4,16,0,16,13,16,16,1,16
2019-20,33,Tamilnadu,3307,VILLUPURAM,330717,KALLAKURICHI,Rural,2,UPS (I-VIII),2,Tribal Welfare Department,6,5,6,0,6,2,6,6,2,0,5,6,0,1,1,6,6,6,6,6,6,5,5,5,5,6,6,2,4,1,6,1,6,2,6,5,0,6
2019-20,33,Tamilnadu,3307,VILLUPURAM,330717,KALLAKURICHI,Rural,2,UPS (I-VIII),4,Government Aided,4,4,3,0,1,2,4,4,0,0,4,4,0,0,1,4,4,4,4,4,4,4,3,4,4,4,4,0,4,1,4,0,4,2,4,3,0,1
2019-20,33,Tamilnadu,3307,VILLUPURAM,330717,KALLAKURICHI,Rural,2,UPS (I-VIII),5,Private Unaided (Recognized),3,3,3,0,2,2,3,3,1,0,3,3,1,1,2,2,2,2,2,2,2,3,2,3,2,3,3,2,2,0,3,0,2,2,2,1,2,3
2019-20,33,Tamilnadu,3307,VILLUPURAM,330717,KALLAKURICHI,Rural,2,UPS (I-VIII),6,Other Govt. managed schools,1,1,1,0,1,0,1,1,0,0,1,1,0,0,0,1,1,1,1,1,1,1,1,1,1,1,1,1,1,0,1,0,1,0,1,1,0,1
2019-20,33,Tamilnadu,3307,VILLUPURAM,330717,KALLAKURICHI,Rural,3,HSS (I-XII),5,Private Unaided (Recognized),9,9,9,0,8,5,9,9,0,0,9,9,6,7,1,9,9,9,9,9,9,9,8,9,9,9,9,9,9,4,9,1,9,5,9,6,8,9
2019-20,33,Tamilnadu,3307,VILLUPURAM,330717,KALLAKURICHI,Rural,4,UPS (VI-VIII),6,Other Govt. managed schools,4,4,4,0,4,1,4,4,3,0,3,4,0,1,2,0,0,4,4,4,4,0,2,2,2,4,4,4,2,0,4,2,4,1,4,4,0,4
2019-20,33,Tamilnadu,3307,VILLUPURAM,330717,KALLAKURICHI,Rural,5,HSS (VI-XII),1,Department of Education,6,6,5,0,6,4,6,6,0,0,6,6,0,6,1,6,6,6,6,6,6,6,6,6,6,6,6,4,4,4,6,1,6,6,6,5,5,6
2019-20,33,Tamilnadu,3307,VILLUPURAM,330717,KALLAKURICHI,Rural,5,HSS (VI-XII),2,Tribal Welfare Department,2,2,2,0,2,2,2,2,2,0,2,2,1,1,2,2,2,1,1,2,2,2,1,2,2,2,2,2,1,1,2,1,2,1,2,2,1,2
2019-20,33,Tamilnadu,3307,VILLUPURAM,330717,KALLAKURICHI,Rural,6,SS (I-X),5,Private Unaided (Recognized),5,5,5,0,3,0,5,5,0,0,5,5,0,1,0,5,5,5,5,5,5,5,5,5,5,5,5,5,5,0,5,0,5,1,3,1,5,5
2019-20,33,Tamilnadu,3307,VILLUPURAM,330717,KALLAKURICHI,Rural,7,SS (VI-X),1,Department of Education,12,11,6,0,12,7,12,12,0,0,10,12,0,5,0,12,12,12,12,12,12,12,11,12,12,12,12,8,12,3,12,3,12,12,11,11,12,12
2019-20,33,Tamilnadu,3307,VILLUPURAM,330717,KALLAKURICHI,Rural,7,SS (VI-X),2,Tribal Welfare Department,3,2,2,0,3,2,3,3,1,0,3,3,0,1,0,3,3,3,3,3,3,1,2,2,2,3,3,2,3,0,3,1,3,2,3,3,1,3
2019-20,33,Tamilnadu,3307,VILLUPURAM,330717,KALLAKURICHI,Rural,7,SS (VI-X),5,Private Unaided (Recognized),2,2,2,0,0,1,2,2,0,0,2,2,0,1,0,2,2,2,2,2,2,2,2,2,2,2,2,1,2,1,2,0,2,0,2,2,1,2
2019-20,33,Tamilnadu,3307,VILLUPURAM,330717,KALLAKURICHI,Urban,1,PS (I-V),1,Department of Education,6,2,4,1,6,1,6,6,0,0,1,6,0,5,1,5,5,5,5,6,6,5,5,6,6,6,6,0,5,2,6,0,6,5,5,5,0,6
2019-20,33,Tamilnadu,3307,VILLUPURAM,330717,KALLAKURICHI,Urban,1,PS (I-V),4,Government Aided,2,2,2,0,2,0,2,2,0,0,2,2,0,0,0,2,2,2,2,2,2,2,2,2,2,2,2,0,2,1,2,0,2,2,2,1,0,0
2019-20,33,Tamilnadu,3307,VILLUPURAM,330717,KALLAKURICHI,Urban,1,PS (I-V),5,Private Unaided (Recognized),5,5,4,0,3,0,5,5,0,0,5,5,0,2,1,5,5,5,5,5,5,4,4,4,4,5,5,3,4,1,5,0,5,1,3,2,3,5
2019-20,33,Tamilnadu,3307,VILLUPURAM,330717,KALLAKURICHI,Urban,2,UPS (I-VIII),1,Department of Education,2,1,2,0,2,1,2,2,0,0,2,2,0,1,1,2,2,2,2,2,2,2,2,2,2,2,2,1,2,2,2,1,2,2,2,2,0,2
2019-20,33,Tamilnadu,3307,VILLUPURAM,330717,KALLAKURICHI,Urban,2,UPS (I-VIII),4,Government Aided,1,1,1,0,1,1,1,1,0,0,1,1,0,0,1,1,1,1,1,1,1,1,1,1,1,1,1,1,1,0,1,0,1,1,1,1,0,0
2019-20,33,Tamilnadu,3307,VILLUPURAM,330717,KALLAKURICHI,Urban,3,HSS (I-XII),5,Private Unaided (Recognized),2,2,2,0,2,0,2,2,0,0,2,2,1,1,0,2,2,2,2,2,2,2,2,2,2,2,2,2,2,0,2,1,2,2,2,1,2,2
2019-20,33,Tamilnadu,3307,VILLUPURAM,330717,KALLAKURICHI,Urban,5,HSS (VI-XII),1,Department of Education,2,2,2,0,2,1,2,2,0,0,2,2,0,1,0,1,1,1,1,2,2,1,1,2,2,2,2,0,2,0,2,1,2,2,2,2,2,2
2019-20,33,Tamilnadu,3307,VILLUPURAM,330717,KALLAKURICHI,Urban,6,SS (I-X),5,Private Unaided (Recognized),1,1,1,0,1,1,1,1,0,0,1,1,0,0,0,1,1,1,1,1,1,1,1,1,1,1,1,1,1,1,1,0,1,1,1,1,1,1
2019-20,33,Tamilnadu,3307,VILLUPURAM,330717,KALLAKURICHI,Urban,7,SS (VI-X),1,Department of Education,1,1,1,0,1,0,1,1,0,0,1,1,0,0,0,1,1,1,1,1,1,1,1,1,1,1,1,1,0,0,1,0,1,1,1,1,1,1
2019-20,33,Tamilnadu,3307,VILLUPURAM,330717,KALLAKURICHI,Urban,7,SS (VI-X),5,Private Unaided (Recognized),1,1,1,0,0,1,1,1,0,0,1,1,0,1,0,1,1,1,1,1,1,1,1,1,1,1,1,1,1,0,1,0,1,0,1,1,1,1
2019-20,33,Tamilnadu,3307,VILLUPURAM,330718,CHINNASALEM,Rural,1,PS (I-V),1,Department of Education,48,25,40,1,48,32,48,48,0,0,44,48,0,11,10,48,48,48,48,48,48,48,48,48,48,48,48,21,46,23,48,0,48,35,44,28,3,43
2019-20,33,Tamilnadu,3307,VILLUPURAM,330718,CHINNASALEM,Rural,1,PS (I-V),2,Tribal Welfare Department,1,1,1,0,1,0,1,1,0,0,1,1,0,0,1,1,1,1,1,1,1,1,1,1,1,1,1,1,1,0,1,0,1,1,1,1,0,1
2019-20,33,Tamilnadu,3307,VILLUPURAM,330718,CHINNASALEM,Rural,1,PS (I-V),4,Government Aided,12,11,9,0,5,7,12,12,0,0,12,12,0,2,4,12,12,12,12,12,12,11,11,11,11,12,12,9,12,5,12,0,12,8,11,6,2,4
2019-20,33,Tamilnadu,3307,VILLUPURAM,330718,CHINNASALEM,Rural,1,PS (I-V),5,Private Unaided (Recognized),9,9,8,0,7,2,9,9,0,0,9,9,0,1,0,9,9,9,9,9,9,9,9,9,9,9,9,9,9,2,9,0,9,4,7,5,5,5
2019-20,33,Tamilnadu,3307,VILLUPURAM,330718,CHINNASALEM,Rural,2,UPS (I-VIII),1,Department of Education,13,5,11,0,13,7,13,13,0,0,12,13,1,5,3,13,13,13,13,13,13,13,13,13,13,13,13,6,12,10,13,4,13,13,13,13,2,13
2019-20,33,Tamilnadu,3307,VILLUPURAM,330718,CHINNASALEM,Rural,2,UPS (I-VIII),2,Tribal Welfare Department,1,0,1,0,1,1,1,1,0,0,1,1,0,1,0,1,1,1,1,1,1,1,1,1,1,1,1,0,1,0,1,0,1,1,1,1,0,1
2019-20,33,Tamilnadu,3307,VILLUPURAM,330718,CHINNASALEM,Rural,3,HSS (I-XII),5,Private Unaided (Recognized),5,5,5,0,5,3,5,5,0,0,5,5,1,1,2,5,5,5,5,5,5,4,4,4,4,5,5,5,5,1,5,2,5,2,5,4,5,5
2019-20,33,Tamilnadu,3307,VILLUPURAM,330718,CHINNASALEM,Rural,5,HSS (VI-XII),1,Department of Education,6,4,5,0,6,4,6,6,0,0,6,6,0,5,2,6,6,6,6,6,6,5,6,6,6,6,6,4,6,3,6,6,6,6,6,6,5,6
2019-20,33,Tamilnadu,3307,VILLUPURAM,330718,CHINNASALEM,Rural,5,HSS (VI-XII),4,Government Aided,3,3,3,0,3,3,3,3,0,0,3,3,0,0,0,3,3,3,3,3,3,3,3,3,3,3,3,1,3,1,3,1,3,2,2,1,3,3
2019-20,33,Tamilnadu,3307,VILLUPURAM,330718,CHINNASALEM,Rural,5,HSS (VI-XII),5,Private Unaided (Recognized),2,2,1,0,2,0,2,2,0,0,2,2,0,0,0,2,2,2,2,2,2,2,2,2,2,2,2,2,2,1,2,0,2,0,2,2,2,2
2019-20,33,Tamilnadu,3307,VILLUPURAM,330718,CHINNASALEM,Rural,6,SS (I-X),5,Private Unaided (Recognized),4,4,4,0,4,1,4,4,0,0,4,4,0,1,0,4,4,4,4,4,4,4,4,4,4,4,4,4,4,0,4,0,4,1,4,3,3,3
2019-20,33,Tamilnadu,3307,VILLUPURAM,330718,CHINNASALEM,Rural,7,SS (VI-X),1,Department of Education,7,5,3,0,7,6,7,7,0,0,7,7,0,3,3,7,7,7,7,7,7,5,7,7,7,7,7,5,6,3,7,4,7,7,7,7,5,7
2019-20,33,Tamilnadu,3307,VILLUPURAM,330718,CHINNASALEM,Rural,7,SS (VI-X),4,Government Aided,1,1,1,0,1,1,1,1,0,0,1,1,0,1,0,1,1,1,1,1,1,1,1,1,1,1,1,1,1,1,1,1,1,1,1,1,0,0
2019-20,33,Tamilnadu,3307,VILLUPURAM,330718,CHINNASALEM,Rural,7,SS (VI-X),5,Private Unaided (Recognized),3,3,3,0,2,2,3,3,1,0,3,3,2,3,2,3,3,3,3,3,3,3,3,3,3,3,3,3,3,3,3,1,3,2,2,2,2,2
2019-20,33,Tamilnadu,3307,VILLUPURAM,330718,CHINNASALEM,Urban,1,PS (I-V),1,Department of Education,8,3,6,0,8,2,8,8,0,0,6,8,0,0,0,7,7,8,8,8,8,8,8,8,8,8,8,5,6,4,8,0,8,6,8,3,0,8
2019-20,33,Tamilnadu,3307,VILLUPURAM,330718,CHINNASALEM,Urban,1,PS (I-V),2,Tribal Welfare Department,1,0,1,0,1,1,1,1,0,0,1,1,0,0,0,1,1,1,1,1,1,1,1,1,1,1,1,1,0,0,1,0,1,0,1,0,0,1
2019-20,33,Tamilnadu,3307,VILLUPURAM,330718,CHINNASALEM,Urban,1,PS (I-V),4,Government Aided,3,3,3,0,3,0,3,3,0,0,3,3,0,1,2,3,3,3,3,3,3,2,2,2,2,3,3,1,3,0,3,0,3,2,2,1,1,1
2019-20,33,Tamilnadu,3307,VILLUPURAM,330718,CHINNASALEM,Urban,1,PS (I-V),5,Private Unaided (Recognized),6,6,5,0,1,3,6,6,0,0,6,6,0,1,1,6,6,6,6,6,6,6,6,6,6,6,6,4,6,2,6,0,6,4,6,4,4,6
2019-20,33,Tamilnadu,3307,VILLUPURAM,330718,CHINNASALEM,Urban,2,UPS (I-VIII),1,Department of Education,2,2,2,0,2,0,2,2,0,0,2,2,0,0,1,2,2,2,2,2,2,2,2,2,2,2,2,0,2,2,2,0,2,2,2,2,0,2
2019-20,33,Tamilnadu,3307,VILLUPURAM,330718,CHINNASALEM,Urban,2,UPS (I-VIII),4,Government Aided,2,2,2,0,1,1,2,2,0,0,2,2,0,0,0,2,2,2,2,2,2,2,2,2,2,2,2,1,2,0,2,0,2,2,2,2,0,2
2019-20,33,Tamilnadu,3307,VILLUPURAM,330718,CHINNASALEM,Urban,3,HSS (I-XII),5,Private Unaided (Recognized),2,2,2,0,2,0,2,2,0,0,2,2,0,0,0,2,2,2,2,2,2,2,2,2,2,2,2,2,2,0,2,0,2,2,2,2,2,2
2019-20,33,Tamilnadu,3307,VILLUPURAM,330718,CHINNASALEM,Urban,5,HSS (VI-XII),1,Department of Education,4,1,4,0,4,3,4,4,0,0,4,4,0,2,0,2,2,2,2,4,4,2,2,4,4,4,4,3,4,0,4,2,4,4,4,4,3,4
2019-20,33,Tamilnadu,3307,VILLUPURAM,330718,CHINNASALEM,Urban,5,HSS (VI-XII),2,Tribal Welfare Department,1,1,1,0,1,1,1,1,0,0,1,1,0,1,1,1,1,1,1,1,1,1,1,1,1,1,1,1,1,1,1,0,1,1,1,1,1,1
2019-20,33,Tamilnadu,3307,VILLUPURAM,330718,CHINNASALEM,Urban,5,HSS (VI-XII),4,Government Aided,1,1,1,0,1,1,1,1,0,0,1,1,0,0,0,1,1,1,1,1,1,1,1,1,1,1,1,1,1,0,1,1,1,1,0,0,1,1
2019-20,33,Tamilnadu,3307,VILLUPURAM,330719,THIYAGADURGAM,Rural,1,PS (I-V),1,Department of Education,54,40,35,1,54,6,54,54,1,0,28,54,0,15,5,52,51,54,54,54,54,49,51,51,51,54,54,12,48,10,54,0,54,40,53,32,2,54
2019-20,33,Tamilnadu,3307,VILLUPURAM,330719,THIYAGADURGAM,Rural,1,PS (I-V),2,Tribal Welfare Department,2,2,2,0,2,0,2,2,0,0,1,2,0,1,0,2,2,2,2,2,2,2,2,2,2,2,2,1,2,1,2,0,2,1,2,1,0,2
2019-20,33,Tamilnadu,3307,VILLUPURAM,330719,THIYAGADURGAM,Rural,1,PS (I-V),4,Government Aided,4,4,2,0,0,1,4,4,0,0,4,4,0,1,1,3,3,4,4,4,4,4,4,4,4,4,4,0,4,2,4,0,4,2,4,3,0,0
2019-20,33,Tamilnadu,3307,VILLUPURAM,330719,THIYAGADURGAM,Rural,1,PS (I-V),5,Private Unaided (Recognized),2,2,2,0,2,0,2,2,0,0,2,2,1,1,0,2,2,2,2,2,2,2,2,2,2,2,2,1,2,1,2,0,2,0,2,0,0,1
2019-20,33,Tamilnadu,3307,VILLUPURAM,330719,THIYAGADURGAM,Rural,2,UPS (I-VIII),1,Department of Education,13,11,11,0,13,6,13,13,0,0,9,13,0,6,3,13,13,13,13,13,13,12,13,13,13,13,13,7,13,5,13,0,13,11,12,11,1,13
2019-20,33,Tamilnadu,3307,VILLUPURAM,330719,THIYAGADURGAM,Rural,2,UPS (I-VIII),2,Tribal Welfare Department,1,0,1,0,1,0,1,1,0,0,0,1,0,1,0,1,1,1,1,1,1,1,1,1,1,1,1,1,1,1,1,0,1,1,1,1,0,1
2019-20,33,Tamilnadu,3307,VILLUPURAM,330719,THIYAGADURGAM,Rural,2,UPS (I-VIII),4,Government Aided,1,1,0,0,1,1,1,1,0,0,1,1,0,1,1,1,1,1,1,1,1,1,1,1,1,1,1,1,1,0,1,0,1,1,1,1,0,1
2019-20,33,Tamilnadu,3307,VILLUPURAM,330719,THIYAGADURGAM,Rural,3,HSS (I-XII),5,Private Unaided (Recognized),2,2,2,0,1,0,2,2,0,0,2,2,1,1,0,2,2,2,2,2,2,2,2,2,2,2,2,2,1,0,2,1,2,0,2,0,2,2
2019-20,33,Tamilnadu,3307,VILLUPURAM,330719,THIYAGADURGAM,Rural,4,UPS (VI-VIII),6,Other Govt. managed schools,2,2,2,0,2,0,2,2,2,0,1,2,0,2,1,0,0,2,2,2,2,0,2,2,2,2,2,2,1,0,2,2,2,0,1,1,2,2
2019-20,33,Tamilnadu,3307,VILLUPURAM,330719,THIYAGADURGAM,Rural,5,HSS (VI-XII),1,Department of Education,6,5,5,0,6,6,6,6,0,0,6,6,1,5,1,6,6,6,6,6,6,6,6,6,6,6,6,4,5,2,6,2,6,4,6,6,6,6
2019-20,33,Tamilnadu,3307,VILLUPURAM,330719,THIYAGADURGAM,Rural,7,SS (VI-X),1,Department of Education,8,7,1,0,8,4,8,8,0,0,4,8,0,4,0,8,8,8,8,8,8,7,7,8,8,8,8,4,7,3,8,4,8,5,8,7,7,8
2019-20,33,Tamilnadu,3307,VILLUPURAM,330719,THIYAGADURGAM,Rural,7,SS (VI-X),2,Tribal Welfare Department,1,1,1,0,1,0,1,1,0,0,1,1,0,1,1,1,1,1,1,1,1,1,1,1,1,1,1,0,1,0,1,0,1,1,0,0,0,1
2019-20,33,Tamilnadu,3307,VILLUPURAM,330719,THIYAGADURGAM,Urban,1,PS (I-V),1,Department of Education,8,5,6,1,8,0,8,8,0,0,3,8,0,3,1,6,6,6,6,7,7,8,6,8,7,8,8,2,7,2,8,0,7,5,8,4,0,8
2019-20,33,Tamilnadu,3307,VILLUPURAM,330719,THIYAGADURGAM,Urban,1,PS (I-V),5,Private Unaided (Recognized),1,1,1,0,1,1,1,1,0,0,1,1,0,0,0,1,1,1,1,1,1,1,1,1,1,1,1,1,1,0,1,0,1,0,0,0,1,1
2019-20,33,Tamilnadu,3307,VILLUPURAM,330719,THIYAGADURGAM,Urban,2,UPS (I-VIII),1,Department of Education,1,0,1,0,1,0,1,1,0,0,1,1,0,0,0,1,1,1,1,1,1,1,1,1,1,1,1,0,1,0,1,1,1,0,1,1,0,1
2019-20,33,Tamilnadu,3307,VILLUPURAM,330719,THIYAGADURGAM,Urban,2,UPS (I-VIII),5,Private Unaided (Recognized),1,1,1,0,1,0,1,1,0,0,1,1,1,1,0,1,1,1,1,1,1,1,1,1,1,1,1,1,1,0,1,1,1,1,0,0,1,1
2019-20,33,Tamilnadu,3307,VILLUPURAM,330719,THIYAGADURGAM,Urban,5,HSS (VI-XII),1,Department of Education,2,2,2,0,2,0,2,2,0,0,1,2,0,1,0,1,1,1,1,2,2,0,1,1,1,2,2,1,2,1,2,1,2,2,2,2,2,2
2019-20,33,Tamilnadu,3307,VILLUPURAM,330719,THIYAGADURGAM,Urban,5,HSS (VI-XII),5,Private Unaided (Recognized),1,1,1,0,1,1,1,1,0,0,1,1,0,0,0,1,1,1,1,1,1,1,1,1,1,1,1,1,1,0,1,0,1,0,1,0,1,1
2019-20,33,Tamilnadu,3307,VILLUPURAM,330721,ULUNDURPET,Rural,1,PS (I-V),1,Department of Education,66,32,43,2,66,16,66,66,0,0,58,66,0,35,29,62,61,63,63,66,66,58,62,64,64,66,66,7,62,34,66,0,66,47,66,53,0,63
2019-20,33,Tamilnadu,3307,VILLUPURAM,330721,ULUNDURPET,Rural,1,PS (I-V),2,Tribal Welfare Department,4,4,3,0,4,2,4,4,0,0,2,4,0,2,1,4,4,4,4,4,4,4,4,4,4,4,4,2,2,2,4,0,4,4,4,3,0,3
2019-20,33,Tamilnadu,3307,VILLUPURAM,330721,ULUNDURPET,Rural,1,PS (I-V),4,Government Aided,11,11,7,0,4,4,11,11,0,0,10,11,0,5,5,10,10,10,10,11,11,9,9,10,10,11,11,0,9,8,11,0,11,7,11,9,0,2
2019-20,33,Tamilnadu,3307,VILLUPURAM,330721,ULUNDURPET,Rural,1,PS (I-V),5,Private Unaided (Recognized),5,5,5,1,3,2,5,5,0,0,5,5,1,2,0,5,5,5,5,5,5,5,5,5,5,5,5,4,5,1,5,0,5,3,4,3,1,5
2019-20,33,Tamilnadu,3307,VILLUPURAM,330721,ULUNDURPET,Rural,1,PS (I-V),8,Unrecognized,1,1,1,0,1,1,1,1,0,0,1,1,0,0,1,1,1,1,1,1,1,1,1,1,1,1,1,1,1,1,1,0,1,0,0,0,1,1
2019-20,33,Tamilnadu,3307,VILLUPURAM,330721,ULUNDURPET,Rural,2,UPS (I-VIII),1,Department of Education,23,11,16,0,23,12,23,23,0,0,21,23,0,15,9,22,22,23,23,23,23,20,22,22,22,23,23,10,23,15,23,6,23,22,23,23,2,23
2019-20,33,Tamilnadu,3307,VILLUPURAM,330721,ULUNDURPET,Rural,2,UPS (I-VIII),5,Private Unaided (Recognized),1,1,1,0,1,1,1,1,0,0,1,1,0,1,0,1,1,1,1,1,1,1,1,1,1,1,1,1,1,1,1,0,1,0,1,1,0,1
2019-20,33,Tamilnadu,3307,VILLUPURAM,330721,ULUNDURPET,Rural,3,HSS (I-XII),5,Private Unaided (Recognized),2,2,2,0,2,2,2,2,0,0,2,2,0,0,0,2,2,2,2,2,2,2,2,2,2,2,2,2,2,1,2,1,2,0,2,2,2,2
2019-20,33,Tamilnadu,3307,VILLUPURAM,330721,ULUNDURPET,Rural,4,UPS (VI-VIII),6,Other Govt. managed schools,2,2,1,0,2,2,2,2,0,0,2,2,2,2,1,0,0,2,2,2,2,0,1,1,1,2,2,1,1,0,2,0,2,0,1,1,0,1
2019-20,33,Tamilnadu,3307,VILLUPURAM,330721,ULUNDURPET,Rural,5,HSS (VI-XII),1,Department of Education,7,6,7,0,7,4,7,7,0,0,6,7,1,6,3,6,6,6,6,7,7,5,6,6,6,7,7,5,7,6,7,4,7,7,6,6,6,7
2019-20,33,Tamilnadu,3307,VILLUPURAM,330721,ULUNDURPET,Rural,5,HSS (VI-XII),4,Government Aided,1,1,1,0,1,1,1,1,0,0,1,1,0,1,1,1,1,1,1,1,1,1,1,1,1,1,1,1,1,0,1,0,1,1,1,1,1,1
2019-20,33,Tamilnadu,3307,VILLUPURAM,330721,ULUNDURPET,Rural,5,HSS (VI-XII),5,Private Unaided (Recognized),1,1,1,0,1,0,1,1,1,0,1,1,1,1,1,1,1,1,1,1,1,1,0,1,1,1,1,1,1,1,1,1,1,1,1,1,1,1
2019-20,33,Tamilnadu,3307,VILLUPURAM,330721,ULUNDURPET,Rural,6,SS (I-X),5,Private Unaided (Recognized),4,4,3,0,3,1,4,4,0,0,4,4,1,1,0,4,4,4,4,4,4,4,3,4,4,4,4,4,3,1,4,0,4,3,3,2,3,4
2019-20,33,Tamilnadu,3307,VILLUPURAM,330721,ULUNDURPET,Rural,7,SS (VI-X),1,Department of Education,5,4,1,0,5,2,5,5,0,0,2,5,0,2,2,5,4,5,5,5,5,3,3,3,3,5,5,2,3,2,5,3,5,3,5,4,4,5
2019-20,33,Tamilnadu,3307,VILLUPURAM,330721,ULUNDURPET,Rural,7,SS (VI-X),4,Government Aided,2,2,2,0,2,1,2,2,0,0,2,2,0,2,2,1,1,2,2,2,2,1,2,2,2,2,2,1,2,2,2,0,2,2,2,1,2,2
2019-20,33,Tamilnadu,3307,VILLUPURAM,330721,ULUNDURPET,Urban,1,PS (I-V),1,Department of Education,2,2,1,0,2,0,2,2,0,0,2,2,0,1,0,2,2,2,2,2,2,2,2,2,2,2,2,1,1,1,2,0,2,2,2,1,0,2
2019-20,33,Tamilnadu,3307,VILLUPURAM,330721,ULUNDURPET,Urban,1,PS (I-V),4,Government Aided,1,1,1,0,1,0,1,1,0,0,1,1,0,0,0,1,1,1,1,1,1,1,1,1,1,1,1,0,1,0,1,0,1,1,1,0,0,0
2019-20,33,Tamilnadu,3307,VILLUPURAM,330721,ULUNDURPET,Urban,1,PS (I-V),5,Private Unaided (Recognized),3,3,3,0,2,1,3,3,0,0,3,3,0,1,0,3,3,3,3,3,3,3,3,3,3,3,3,2,3,2,3,0,3,1,2,1,2,3
2019-20,33,Tamilnadu,3307,VILLUPURAM,330721,ULUNDURPET,Urban,2,UPS (I-VIII),1,Department of Education,2,1,2,0,2,0,2,2,0,0,1,2,0,1,1,2,2,2,2,2,2,1,1,1,1,2,2,2,2,2,2,0,2,2,2,2,1,2
2019-20,33,Tamilnadu,3307,VILLUPURAM,330721,ULUNDURPET,Urban,2,UPS (I-VIII),5,Private Unaided (Recognized),1,1,1,0,1,0,1,1,0,0,1,1,0,0,0,1,1,1,1,1,1,1,1,1,1,1,1,1,1,1,1,0,1,0,1,1,0,1
2019-20,33,Tamilnadu,3307,VILLUPURAM,330721,ULUNDURPET,Urban,3,HSS (I-XII),5,Private Unaided (Recognized),1,1,1,0,1,1,1,1,0,0,1,1,0,0,1,1,1,1,1,1,1,1,1,1,1,1,1,1,1,0,1,0,1,1,1,1,1,1
2019-20,33,Tamilnadu,3307,VILLUPURAM,330721,ULUNDURPET,Urban,4,UPS (VI-VIII),8,Unrecognized,1,1,0,0,1,0,1,1,0,0,1,1,0,0,0,1,1,1,1,1,1,1,0,1,1,1,1,1,1,0,1,0,1,0,1,0,1,1
2019-20,33,Tamilnadu,3307,VILLUPURAM,330721,ULUNDURPET,Urban,5,HSS (VI-XII),1,Department of Education,2,2,2,0,2,2,2,2,0,0,2,2,0,2,1,1,1,1,1,2,2,1,1,2,2,2,2,2,2,2,2,1,2,1,2,2,2,2
2019-20,33,Tamilnadu,3307,VILLUPURAM,330721,ULUNDURPET,Urban,5,HSS (VI-XII),4,Government Aided,1,1,1,0,1,0,1,1,1,0,1,1,0,1,1,1,1,1,1,1,1,1,1,1,1,1,1,1,1,1,1,1,1,0,1,1,1,1
2019-20,33,Tamilnadu,3307,VILLUPURAM,330721,ULUNDURPET,Urban,6,SS (I-X),5,Private Unaided (Recognized),2,2,2,0,2,1,2,2,0,0,2,2,1,1,0,2,2,2,2,2,2,2,2,2,2,2,2,2,2,0,2,0,2,1,2,1,2,2
2019-20,33,Tamilnadu,3307,VILLUPURAM,330722,THIRUNAVALUR,Rural,1,PS (I-V),1,Department of Education,63,59,33,5,63,19,63,63,0,0,49,63,1,31,19,63,62,61,61,63,63,59,59,61,61,63,63,7,59,20,63,0,63,49,58,44,1,62
2019-20,33,Tamilnadu,3307,VILLUPURAM,330722,THIRUNAVALUR,Rural,1,PS (I-V),2,Tribal Welfare Department,7,7,5,0,7,1,7,7,0,0,4,7,0,2,1,7,7,7,7,7,7,6,7,7,7,7,7,2,5,0,7,0,7,7,7,6,0,7
2019-20,33,Tamilnadu,3307,VILLUPURAM,330722,THIRUNAVALUR,Rural,1,PS (I-V),4,Government Aided,11,11,9,0,4,7,11,11,0,0,11,11,0,3,4,11,11,11,11,11,11,9,9,9,9,11,11,1,10,5,11,0,11,6,9,8,1,3
2019-20,33,Tamilnadu,3307,VILLUPURAM,330722,THIRUNAVALUR,Rural,1,PS (I-V),5,Private Unaided (Recognized),9,9,7,0,4,4,9,9,1,0,9,9,0,3,1,9,9,9,9,9,9,9,8,9,9,9,9,6,9,2,9,0,9,4,8,6,6,8
2019-20,33,Tamilnadu,3307,VILLUPURAM,330722,THIRUNAVALUR,Rural,1,PS (I-V),8,Unrecognized,1,1,1,0,1,0,1,1,0,0,1,1,0,1,0,1,1,1,1,1,1,1,0,1,1,1,1,0,1,0,1,0,1,0,1,1,1,1
2019-20,33,Tamilnadu,3307,VILLUPURAM,330722,THIRUNAVALUR,Rural,2,UPS (I-VIII),1,Department of Education,22,21,15,0,22,10,22,22,0,0,16,22,0,8,5,21,21,22,22,22,22,20,21,22,22,22,22,5,21,7,22,8,22,21,22,22,2,22
2019-20,33,Tamilnadu,3307,VILLUPURAM,330722,THIRUNAVALUR,Rural,2,UPS (I-VIII),4,Government Aided,1,1,0,0,0,0,1,1,0,0,1,1,0,0,0,1,1,1,1,1,1,1,1,1,1,1,1,0,1,1,1,0,1,0,1,0,0,1
2019-20,33,Tamilnadu,3307,VILLUPURAM,330722,THIRUNAVALUR,Rural,2,UPS (I-VIII),5,Private Unaided (Recognized),1,1,1,0,1,1,1,1,0,0,1,1,0,1,0,1,1,1,1,1,1,1,1,1,1,1,1,1,1,1,1,1,1,0,1,1,1,1
2019-20,33,Tamilnadu,3307,VILLUPURAM,330722,THIRUNAVALUR,Rural,3,HSS (I-XII),5,Private Unaided (Recognized),2,2,2,0,2,1,2,2,1,0,2,2,1,2,1,2,2,2,2,2,2,1,1,1,1,2,2,2,2,0,2,0,2,0,2,1,2,2
2019-20,33,Tamilnadu,3307,VILLUPURAM,330722,THIRUNAVALUR,Rural,4,UPS (VI-VIII),6,Other Govt. managed schools,2,1,1,0,2,0,2,2,0,0,2,2,1,1,2,0,0,2,2,2,2,0,0,0,0,2,2,2,2,1,2,2,2,0,2,1,0,2
2019-20,33,Tamilnadu,3307,VILLUPURAM,330722,THIRUNAVALUR,Rural,5,HSS (VI-XII),1,Department of Education,6,6,5,0,6,4,6,6,0,0,5,6,1,4,0,5,5,6,6,6,6,4,3,4,4,6,6,4,6,3,6,0,6,4,6,6,6,6
2019-20,33,Tamilnadu,3307,VILLUPURAM,330722,THIRUNAVALUR,Rural,5,HSS (VI-XII),4,Government Aided,1,1,1,0,0,0,1,1,0,0,1,1,0,0,0,1,1,1,1,1,1,1,1,1,1,1,1,1,1,0,1,1,1,1,1,1,1,1
2019-20,33,Tamilnadu,3307,VILLUPURAM,330722,THIRUNAVALUR,Rural,5,HSS (VI-XII),5,Private Unaided (Recognized),2,2,2,0,2,1,2,2,0,0,2,2,0,0,0,2,2,2,2,2,2,2,2,2,2,2,2,2,2,0,2,0,2,1,2,1,2,2
2019-20,33,Tamilnadu,3307,VILLUPURAM,330722,THIRUNAVALUR,Rural,6,SS (I-X),5,Private Unaided (Recognized),1,1,1,0,1,0,1,1,0,0,1,1,0,0,0,1,1,1,1,1,1,1,1,1,1,1,1,1,1,0,1,0,1,0,1,1,1,1
2019-20,33,Tamilnadu,3307,VILLUPURAM,330722,THIRUNAVALUR,Rural,7,SS (VI-X),1,Department of Education,4,3,2,0,4,1,4,4,0,0,3,4,0,3,1,4,3,4,4,4,4,2,3,3,3,4,4,0,2,0,4,1,4,3,4,4,4,4
2019-20,33,Tamilnadu,3307,VILLUPURAM,330722,THIRUNAVALUR,Rural,7,SS (VI-X),2,Tribal Welfare Department,1,1,0,0,1,1,1,1,0,0,1,1,0,0,0,1,1,1,1,1,1,1,1,1,1,1,1,1,1,0,1,0,1,0,1,1,1,1
2019-20,33,Tamilnadu,3307,VILLUPURAM,330722,THIRUNAVALUR,Urban,1,PS (I-V),5,Private Unaided (Recognized),1,1,1,0,1,1,1,1,1,0,1,1,1,1,1,1,1,1,1,1,1,1,1,1,1,1,1,1,1,1,1,0,1,0,1,1,1,1
2019-20,33,Tamilnadu,3307,VILLUPURAM,330722,THIRUNAVALUR,Urban,4,UPS (VI-VIII),4,Government Aided,1,1,1,0,1,0,1,1,0,0,1,1,0,0,0,1,1,1,1,1,1,1,1,1,1,1,1,0,1,0,1,0,1,1,1,1,0,0
2019-20,33,Tamilnadu,3307,VILLUPURAM,330724,VILUPPURAM,Rural,1,PS (I-V),5,Private Unaided (Recognized),1,1,1,0,0,0,1,1,0,0,1,1,0,0,0,1,1,1,1,1,1,0,0,0,0,1,1,0,1,0,1,0,1,0,1,0,0,1
2019-20,33,Tamilnadu,3307,VILLUPURAM,330724,VILUPPURAM,Urban,1,PS (I-V),3,Local body,6,5,6,1,6,0,6,6,0,0,4,6,0,1,0,6,6,6,6,6,6,3,4,4,4,6,6,2,5,1,6,0,6,6,6,3,0,6
2019-20,33,Tamilnadu,3307,VILLUPURAM,330724,VILUPPURAM,Urban,1,PS (I-V),4,Government Aided,5,5,5,0,2,1,5,5,0,0,4,5,0,1,1,5,5,5,5,5,5,5,5,5,5,5,5,2,4,1,5,0,5,3,5,2,0,0
2019-20,33,Tamilnadu,3307,VILLUPURAM,330724,VILUPPURAM,Urban,1,PS (I-V),5,Private Unaided (Recognized),12,12,12,0,9,0,12,12,0,0,12,12,0,2,0,12,12,12,12,12,12,12,11,12,12,12,12,8,11,1,12,0,12,4,11,5,9,11
2019-20,33,Tamilnadu,3307,VILLUPURAM,330724,VILUPPURAM,Urban,1,PS (I-V),8,Unrecognized,1,1,1,0,1,0,1,1,0,0,1,1,0,0,0,1,1,1,1,1,1,1,1,1,1,1,1,0,1,0,1,0,1,0,1,0,1,1
2019-20,33,Tamilnadu,3307,VILLUPURAM,330724,VILUPPURAM,Urban,2,UPS (I-VIII),4,Government Aided,4,4,4,0,4,3,4,4,0,0,4,4,0,2,1,4,4,4,4,4,4,4,4,4,4,4,4,2,4,1,4,0,4,3,4,4,3,3
2019-20,33,Tamilnadu,3307,VILLUPURAM,330724,VILUPPURAM,Urban,2,UPS (I-VIII),90,Social welfare Department,1,1,1,0,1,0,1,1,1,0,0,1,0,0,1,1,1,0,0,1,1,1,0,1,1,1,1,1,1,1,1,0,1,0,1,1,0,1
2019-20,33,Tamilnadu,3307,VILLUPURAM,330724,VILUPPURAM,Urban,3,HSS (I-XII),1,Department of Education,1,1,1,0,1,1,1,1,0,0,1,1,0,1,0,0,0,1,1,1,1,0,1,1,1,1,1,1,1,1,1,1,1,0,1,1,1,1
2019-20,33,Tamilnadu,3307,VILLUPURAM,330724,VILUPPURAM,Urban,3,HSS (I-XII),4,Government Aided,1,1,1,0,1,0,1,1,0,0,1,1,0,1,0,1,1,1,1,1,1,1,1,1,1,1,1,1,1,1,1,0,1,0,1,0,1,1
2019-20,33,Tamilnadu,3307,VILLUPURAM,330724,VILUPPURAM,Urban,3,HSS (I-XII),5,Private Unaided (Recognized),7,6,7,0,7,1,7,7,2,0,6,7,3,3,0,7,7,7,7,7,7,7,7,7,7,7,7,7,6,3,7,2,7,5,7,6,6,7
2019-20,33,Tamilnadu,3307,VILLUPURAM,330724,VILUPPURAM,Urban,5,HSS (VI-XII),1,Department of Education,1,1,1,0,1,0,1,1,0,0,1,1,0,1,0,1,1,1,1,1,1,1,0,1,1,1,1,0,1,0,1,1,1,1,1,1,1,1
2019-20,33,Tamilnadu,3307,VILLUPURAM,330724,VILUPPURAM,Urban,5,HSS (VI-XII),3,Local body,2,2,2,0,2,2,2,2,1,0,2,2,0,1,0,2,2,1,1,2,2,1,0,1,1,2,2,2,2,0,2,0,2,1,2,2,2,2
2019-20,33,Tamilnadu,3307,VILLUPURAM,330724,VILUPPURAM,Urban,5,HSS (VI-XII),5,Private Unaided (Recognized),2,2,2,0,1,1,2,2,0,0,2,2,0,0,0,2,2,2,2,2,2,2,2,2,2,2,2,2,2,0,2,0,2,2,2,2,2,2
2019-20,33,Tamilnadu,3307,VILLUPURAM,330724,VILUPPURAM,Urban,6,SS (I-X),5,Private Unaided (Recognized),6,6,6,0,5,2,6,6,2,0,6,6,0,4,0,6,6,6,6,6,6,5,5,5,5,6,6,5,6,3,6,2,6,3,6,3,5,5
2019-20,33,Tamilnadu,3307,VILLUPURAM,330724,VILUPPURAM,Urban,6,SS (I-X),95,Railway School,1,1,1,0,1,1,1,1,0,0,1,1,0,1,0,1,1,1,1,1,1,1,1,1,1,1,1,1,1,1,1,1,1,0,1,1,1,1
2019-20,33,Tamilnadu,3307,VILLUPURAM,330724,VILUPPURAM,Urban,7,SS (VI-X),3,Local body,2,2,2,0,2,0,2,2,0,0,2,2,0,1,0,2,2,2,2,2,2,2,2,2,2,2,2,1,2,1,2,2,2,2,2,2,2,2
2019-20,33,Tamilnadu,3307,VILLUPURAM,330724,VILUPPURAM,Urban,7,SS (VI-X),4,Government Aided,4,4,4,0,2,1,4,4,0,0,4,4,1,3,1,4,4,4,4,4,4,4,4,4,4,4,4,1,4,1,4,0,4,2,4,4,4,4
