Academic_Year,State_Code,State_Name,District_Code,District_Name,Block_Code,Udise_Block_Name,Location,School_Category_Id,School_Category_Name,School_Management_Id,School_Management_Name,Total_Number_of_Schools,Building,Boundary_Wall,Single_Class_Room,Separate_Room_for_Headmaster,Land_Available,Electricity,Functional_Electricity,Solar_Panel,Furniture,Playground,Library_or_Reading_Corner_or_Book_Bank,Librarian,Newspaper,Kitchen_Garden,Boy_Toilet,Functional_Boy_Toilet,Girl_Toilet,Functional_Girl_Toilet,Toilet_Facility,Functional_Toilet_Facility,Functional_Urinal_Boy,Functional_Urinal_Girl,Functional_Urinal,Functional_Toilet_and_Urinal,Drinking_Water,Functional_Drinking_Water,Water_Purifier,Rain_Water_Harvesting,Water_Tested,Handwash,Incinerator,WASH_Facility_Drinking_Water_Toilet_and_Handwash,Ramps,Medical_Checkup,Complete_Medical_Checkup,Internet,Computer_Available
2019-20,33,Tamilnadu,3322,PUDUKKOTTAI,332201,KUNNANDARKOIL,Rural,1,PS (I-V),1,Department of Education,77,76,55,1,77,39,77,77,0,0,68,77,0,6,5,77,69,77,76,77,76,72,76,77,76,77,77,45,71,58,77,0,76,76,76,32,0,62
2019-20,33,Tamilnadu,3322,PUDUKKOTTAI,332201,KUNNANDARKOIL,Rural,1,PS (I-V),4,Government Aided,4,4,1,1,0,1,4,4,0,0,4,4,0,1,2,4,4,4,4,4,4,4,4,4,4,4,4,3,4,4,4,0,4,3,4,1,0,0
2019-20,33,Tamilnadu,3322,PUDUKKOTTAI,332201,KUNNANDARKOIL,Rural,1,PS (I-V),5,Private Unaided (Recognized),5,5,4,0,3,1,5,5,0,0,5,5,0,1,1,5,5,5,5,5,5,4,3,4,4,5,5,2,4,2,5,0,5,2,5,2,2,4
2019-20,33,Tamilnadu,3322,PUDUKKOTTAI,332201,KUNNANDARKOIL,Rural,1,PS (I-V),8,Unrecognized,1,1,1,0,0,1,1,1,0,0,0,1,0,0,0,1,1,1,1,1,1,1,1,1,1,1,1,0,1,0,1,0,1,1,1,1,0,1
2019-20,33,Tamilnadu,3322,PUDUKKOTTAI,332201,KUNNANDARKOIL,Rural,2,UPS (I-VIII),1,Department of Education,15,15,14,0,15,7,15,15,0,0,12,15,0,2,2,15,14,15,15,15,15,15,15,15,15,15,15,10,15,12,15,4,15,15,15,15,1,15
2019-20,33,Tamilnadu,3322,PUDUKKOTTAI,332201,KUNNANDARKOIL,Rural,2,UPS (I-VIII),4,Government Aided,2,2,2,0,1,1,2,2,0,0,2,2,0,0,1,2,2,2,2,2,2,2,2,2,2,2,2,1,2,2,2,0,2,1,2,2,1,2
2019-20,33,Tamilnadu,3322,PUDUKKOTTAI,332201,KUNNANDARKOIL,Rural,2,UPS (I-VIII),5,Private Unaided (Recognized),1,1,1,0,1,1,1,1,0,0,1,1,0,0,0,1,1,1,1,1,1,1,1,1,1,1,1,0,1,0,1,0,1,1,1,1,1,1
2019-20,33,Tamilnadu,3322,PUDUKKOTTAI,332201,KUNNANDARKOIL,Rural,3,HSS (I-XII),5,Private Unaided (Recognized),1,1,1,0,1,1,1,1,0,0,1,1,1,1,1,1,1,1,1,1,1,1,1,1,1,1,1,1,1,1,1,0,1,0,1,1,0,1
2019-20,33,Tamilnadu,3322,PUDUKKOTTAI,332201,KUNNANDARKOIL,Rural,5,HSS (VI-XII),1,Department of Education,4,4,2,0,4,3,4,4,1,0,4,4,0,1,1,4,4,4,4,4,4,4,4,4,4,4,4,4,4,4,4,4,4,4,4,4,4,4
2019-20,33,Tamilnadu,3322,PUDUKKOTTAI,332201,KUNNANDARKOIL,Rural,7,SS (VI-X),1,Department of Education,6,6,4,0,6,4,6,6,0,0,5,6,0,2,1,6,6,6,6,6,6,5,6,6,6,6,6,5,6,2,6,4,6,6,6,5,5,6
2019-20,33,Tamilnadu,3322,PUDUKKOTTAI,332201,KUNNANDARKOIL,Rural,7,SS (VI-X),5,Private Unaided (Recognized),1,1,1,0,1,0,1,1,0,0,1,1,0,0,0,1,1,1,1,1,1,1,1,1,1,1,1,0,1,0,1,0,1,0,1,1,0,1
2019-20,33,Tamilnadu,3322,PUDUKKOTTAI,332201,KUNNANDARKOIL,Urban,1,PS (I-V),1,Department of Education,1,1,1,0,1,1,1,1,0,0,1,1,0,0,0,1,0,1,1,1,1,0,1,1,1,1,1,1,1,1,1,0,1,1,1,1,0,1
2019-20,33,Tamilnadu,3322,PUDUKKOTTAI,332201,KUNNANDARKOIL,Urban,1,PS (I-V),5,Private Unaided (Recognized),5,5,5,0,4,2,5,5,0,0,5,5,0,2,0,5,5,5,5,5,5,5,4,5,5,5,5,4,5,1,5,0,5,0,5,3,4,5
2019-20,33,Tamilnadu,3322,PUDUKKOTTAI,332201,KUNNANDARKOIL,Urban,2,UPS (I-VIII),4,Government Aided,1,1,1,0,1,0,1,1,0,0,1,1,0,1,0,1,1,1,1,1,1,1,1,1,1,1,1,1,1,0,1,0,1,0,1,1,1,1
2019-20,33,Tamilnadu,3322,PUDUKKOTTAI,332201,KUNNANDARKOIL,Urban,5,HSS (VI-XII),1,Department of Education,2,2,2,0,2,1,2,2,1,0,1,2,0,2,0,1,1,1,1,2,2,1,1,2,2,2,2,2,2,2,2,1,2,2,2,2,2,2
2019-20,33,Tamilnadu,3322,PUDUKKOTTAI,332201,KUNNANDARKOIL,Urban,5,HSS (VI-XII),4,Government Aided,1,1,1,0,1,0,1,1,0,0,1,1,0,1,1,1,1,1,1,1,1,1,1,1,1,1,1,1,1,1,1,1,1,0,0,0,1,1
2019-20,33,Tamilnadu,3322,PUDUKKOTTAI,332202,ANNAVASAL,Rural,1,PS (I-V),1,Department of Education,106,105,61,4,106,56,106,106,1,0,89,106,0,13,7,100,95,104,102,106,106,89,100,103,103,106,106,36,101,48,106,3,106,94,105,95,0,98
2019-20,33,Tamilnadu,3322,PUDUKKOTTAI,332202,ANNAVASAL,Rural,1,PS (I-V),2,Tribal Welfare Department,2,2,2,0,2,1,2,2,0,0,2,2,0,0,0,2,2,2,2,2,2,2,2,2,2,2,2,2,2,0,2,0,2,2,2,2,0,2
2019-20,33,Tamilnadu,3322,PUDUKKOTTAI,332202,ANNAVASAL,Rural,1,PS (I-V),4,Government Aided,3,3,1,0,1,3,3,3,0,0,3,3,0,2,1,3,3,3,3,3,3,2,2,2,2,3,3,1,3,1,3,0,3,3,3,2,0,1
2019-20,33,Tamilnadu,3322,PUDUKKOTTAI,332202,ANNAVASAL,Rural,1,PS (I-V),5,Private Unaided (Recognized),8,8,6,0,3,3,8,8,1,0,7,8,0,1,1,8,8,8,8,8,8,7,7,7,7,8,8,4,6,3,8,0,8,3,7,4,3,7
2019-20,33,Tamilnadu,3322,PUDUKKOTTAI,332202,ANNAVASAL,Rural,2,UPS (I-VIII),1,Department of Education,23,23,15,0,23,19,23,23,0,0,22,23,0,5,5,23,21,23,23,23,23,20,22,22,22,23,23,18,22,15,23,4,23,23,23,23,5,23
2019-20,33,Tamilnadu,3322,PUDUKKOTTAI,332202,ANNAVASAL,Rural,2,UPS (I-VIII),5,Private Unaided (Recognized),1,1,0,0,1,1,1,1,0,0,1,1,0,1,0,1,1,1,1,1,1,1,1,1,1,1,1,1,1,1,1,0,1,1,1,0,1,1
2019-20,33,Tamilnadu,3322,PUDUKKOTTAI,332202,ANNAVASAL,Rural,3,HSS (I-XII),5,Private Unaided (Recognized),3,3,3,0,3,1,3,3,1,0,3,3,1,1,0,3,3,3,3,3,3,3,3,3,3,3,3,3,3,2,3,1,3,1,2,2,3,3
2019-20,33,Tamilnadu,3322,PUDUKKOTTAI,332202,ANNAVASAL,Rural,5,HSS (VI-XII),1,Department of Education,11,11,10,0,11,8,11,11,0,0,10,11,0,9,1,11,11,11,11,11,11,8,9,9,9,11,11,6,11,7,11,6,11,11,11,11,10,11
2019-20,33,Tamilnadu,3322,PUDUKKOTTAI,332202,ANNAVASAL,Rural,6,SS (I-X),5,Private Unaided (Recognized),2,2,2,0,2,2,2,2,0,0,2,2,0,0,0,2,2,2,2,2,2,2,1,2,2,2,2,2,2,0,2,0,2,1,2,2,2,2
2019-20,33,Tamilnadu,3322,PUDUKKOTTAI,332202,ANNAVASAL,Rural,7,SS (VI-X),1,Department of Education,10,8,5,0,10,6,10,10,0,0,7,10,0,7,1,10,10,10,10,10,10,10,10,10,10,10,10,3,9,4,10,2,10,9,8,8,10,10
2019-20,33,Tamilnadu,3322,PUDUKKOTTAI,332202,ANNAVASAL,Rural,7,SS (VI-X),2,Tribal Welfare Department,1,1,1,0,1,1,1,1,0,0,1,1,0,0,0,1,1,1,1,1,1,1,1,1,1,1,1,1,1,0,1,0,1,0,1,1,1,1
2019-20,33,Tamilnadu,3322,PUDUKKOTTAI,332202,ANNAVASAL,Rural,7,SS (VI-X),5,Private Unaided (Recognized),2,2,2,0,1,2,2,2,0,0,2,2,0,1,1,2,2,2,2,2,2,2,2,2,2,2,2,1,2,2,2,0,2,1,2,1,1,2
2019-20,33,Tamilnadu,3322,PUDUKKOTTAI,332202,ANNAVASAL,Urban,1,PS (I-V),1,Department of Education,7,7,6,0,7,3,7,7,0,0,6,7,0,1,1,7,7,7,7,7,7,7,7,7,7,7,7,2,7,2,7,1,7,7,7,3,0,7
2019-20,33,Tamilnadu,3322,PUDUKKOTTAI,332202,ANNAVASAL,Urban,1,PS (I-V),4,Government Aided,1,1,1,0,0,0,1,1,0,0,1,1,0,0,0,1,1,1,1,1,1,1,1,1,1,1,1,0,1,0,1,0,1,1,1,1,1,1
2019-20,33,Tamilnadu,3322,PUDUKKOTTAI,332202,ANNAVASAL,Urban,3,HSS (I-XII),5,Private Unaided (Recognized),2,2,2,0,2,1,2,2,0,0,2,2,1,1,0,2,2,2,2,2,2,2,2,2,2,2,2,1,2,0,2,0,2,0,1,1,2,2
2019-20,33,Tamilnadu,3322,PUDUKKOTTAI,332202,ANNAVASAL,Urban,5,HSS (VI-XII),1,Department of Education,3,3,3,0,3,3,3,3,0,0,3,3,0,2,0,2,2,3,3,3,3,1,3,3,3,3,3,3,2,3,3,3,3,2,3,3,3,3
2019-20,33,Tamilnadu,3322,PUDUKKOTTAI,332202,ANNAVASAL,Urban,5,HSS (VI-XII),4,Government Aided,1,1,1,0,1,0,1,1,0,0,1,1,0,1,0,1,1,1,1,1,1,1,1,1,1,1,1,1,1,0,1,0,1,0,1,0,1,1
2019-20,33,Tamilnadu,3322,PUDUKKOTTAI,332202,ANNAVASAL,Urban,6,SS (I-X),5,Private Unaided (Recognized),2,2,2,0,1,0,2,2,0,0,2,2,1,1,0,2,2,2,2,2,2,2,2,2,2,2,2,2,1,1,2,0,2,0,2,2,2,2
2019-20,33,Tamilnadu,3322,PUDUKKOTTAI,332202,ANNAVASAL,Urban,7,SS (VI-X),1,Department of Education,1,1,1,0,1,0,1,1,0,0,1,1,0,1,0,0,0,1,1,1,1,0,1,1,1,1,1,1,1,0,1,1,1,1,1,0,1,1
2019-20,33,Tamilnadu,3322,PUDUKKOTTAI,332203,VIRALIMALAI,Rural,1,PS (I-V),1,Department of Education,113,113,67,5,113,48,113,113,0,0,106,113,0,17,21,112,110,112,108,113,113,100,101,105,105,113,113,50,108,27,113,6,113,112,112,94,0,89
2019-20,33,Tamilnadu,3322,PUDUKKOTTAI,332203,VIRALIMALAI,Rural,1,PS (I-V),4,Government Aided,6,6,4,0,1,6,6,6,0,0,6,6,0,3,3,6,6,6,6,6,6,5,5,5,5,6,6,2,6,1,6,0,6,5,6,5,1,2
2019-20,33,Tamilnadu,3322,PUDUKKOTTAI,332203,VIRALIMALAI,Rural,1,PS (I-V),5,Private Unaided (Recognized),4,4,4,0,3,3,4,4,0,0,4,4,0,0,0,4,4,4,4,4,4,4,4,4,4,4,4,2,4,2,4,0,4,2,3,1,1,4
2019-20,33,Tamilnadu,3322,PUDUKKOTTAI,332203,VIRALIMALAI,Rural,2,UPS (I-VIII),1,Department of Education,20,20,14,0,20,13,20,20,0,0,19,20,0,6,1,20,20,20,20,20,20,20,20,20,20,20,20,7,19,7,20,7,20,20,19,19,1,20
2019-20,33,Tamilnadu,3322,PUDUKKOTTAI,332203,VIRALIMALAI,Rural,2,UPS (I-VIII),4,Government Aided,1,1,1,0,1,0,1,1,0,0,1,1,0,1,0,1,1,1,1,1,1,1,1,1,1,1,1,1,1,1,1,0,1,1,1,1,0,1
2019-20,33,Tamilnadu,3322,PUDUKKOTTAI,332203,VIRALIMALAI,Rural,2,UPS (I-VIII),5,Private Unaided (Recognized),1,1,1,0,1,0,1,1,0,0,1,1,0,0,1,1,1,1,1,1,1,1,1,1,1,1,1,1,1,0,1,0,1,1,1,1,1,1
2019-20,33,Tamilnadu,3322,PUDUKKOTTAI,332203,VIRALIMALAI,Rural,3,HSS (I-XII),1,Department of Education,1,1,1,0,1,0,1,1,0,0,1,1,0,1,0,1,1,1,1,1,1,1,1,1,1,1,1,1,1,1,1,1,1,1,1,1,1,1
2019-20,33,Tamilnadu,3322,PUDUKKOTTAI,332203,VIRALIMALAI,Rural,3,HSS (I-XII),5,Private Unaided (Recognized),3,3,3,0,1,2,3,3,0,0,3,3,2,2,0,3,3,3,3,3,3,3,2,3,3,3,3,3,3,0,3,0,3,2,3,2,3,3
2019-20,33,Tamilnadu,3322,PUDUKKOTTAI,332203,VIRALIMALAI,Rural,5,HSS (VI-XII),1,Department of Education,9,9,9,0,9,9,9,9,0,0,9,9,0,6,3,8,8,8,8,9,9,7,8,9,9,9,9,3,8,3,9,7,9,9,9,9,9,9
2019-20,33,Tamilnadu,3322,PUDUKKOTTAI,332203,VIRALIMALAI,Rural,5,HSS (VI-XII),4,Government Aided,1,1,1,0,1,1,1,1,0,0,1,1,0,1,0,1,1,1,1,1,1,0,0,0,0,1,1,1,1,0,1,0,1,1,0,0,1,1
2019-20,33,Tamilnadu,3322,PUDUKKOTTAI,332203,VIRALIMALAI,Rural,6,SS (I-X),5,Private Unaided (Recognized),3,3,3,0,2,3,3,3,0,0,3,3,2,3,0,3,3,3,3,3,3,3,2,3,3,3,3,3,3,2,3,2,3,2,3,3,2,3
2019-20,33,Tamilnadu,3322,PUDUKKOTTAI,332203,VIRALIMALAI,Rural,7,SS (VI-X),1,Department of Education,8,7,5,0,8,3,8,8,0,0,5,8,0,3,1,7,7,8,8,8,8,7,8,8,8,8,8,5,8,4,8,4,8,8,8,8,8,8
2019-20,33,Tamilnadu,3322,PUDUKKOTTAI,332203,VIRALIMALAI,Rural,7,SS (VI-X),4,Government Aided,1,1,1,0,0,0,1,1,0,0,1,1,0,1,0,0,0,1,1,1,1,0,1,1,1,1,1,0,1,1,1,0,1,1,1,1,0,1
2019-20,33,Tamilnadu,3322,PUDUKKOTTAI,332204,GANDARVAKKOTTAI,Rural,1,PS (I-V),1,Department of Education,63,62,29,1,63,35,63,63,0,0,55,63,0,38,5,63,59,63,63,63,63,60,61,61,61,63,63,33,46,10,63,4,63,57,62,40,1,51
2019-20,33,Tamilnadu,3322,PUDUKKOTTAI,332204,GANDARVAKKOTTAI,Rural,1,PS (I-V),2,Tribal Welfare Department,1,1,1,0,1,0,1,1,0,0,1,1,0,1,0,1,1,1,1,1,1,1,1,1,1,1,1,0,0,0,1,0,1,0,1,1,0,0
2019-20,33,Tamilnadu,3322,PUDUKKOTTAI,332204,GANDARVAKKOTTAI,Rural,1,PS (I-V),5,Private Unaided (Recognized),8,8,7,0,6,2,8,8,0,0,8,8,0,1,0,8,8,8,8,8,8,7,7,7,7,8,8,4,5,1,8,0,8,1,7,4,4,7
2019-20,33,Tamilnadu,3322,PUDUKKOTTAI,332204,GANDARVAKKOTTAI,Rural,1,PS (I-V),8,Unrecognized,1,1,1,0,0,1,1,1,0,0,1,1,0,0,0,1,1,1,1,1,1,1,1,1,1,1,1,0,0,0,1,0,1,0,0,0,1,1
2019-20,33,Tamilnadu,3322,PUDUKKOTTAI,332204,GANDARVAKKOTTAI,Rural,2,UPS (I-VIII),1,Department of Education,24,24,12,0,24,18,24,24,0,0,20,24,0,14,4,24,23,24,24,24,24,22,22,22,22,24,24,18,22,10,24,9,24,24,23,22,2,24
2019-20,33,Tamilnadu,3322,PUDUKKOTTAI,332204,GANDARVAKKOTTAI,Rural,3,HSS (I-XII),5,Private Unaided (Recognized),3,3,3,0,3,1,3,3,2,0,3,3,2,2,1,3,3,2,2,3,3,3,2,3,3,3,3,3,3,2,3,1,3,1,3,3,3,3
2019-20,33,Tamilnadu,3322,PUDUKKOTTAI,332204,GANDARVAKKOTTAI,Rural,5,HSS (VI-XII),1,Department of Education,3,3,3,0,3,1,3,3,0,0,2,3,0,2,0,2,2,2,2,3,3,2,2,3,3,3,3,2,3,0,3,2,3,3,1,1,3,3
2019-20,33,Tamilnadu,3322,PUDUKKOTTAI,332204,GANDARVAKKOTTAI,Rural,5,HSS (VI-XII),4,Government Aided,1,1,1,0,1,1,1,1,0,0,1,1,0,0,0,1,1,1,1,1,1,1,0,1,1,1,1,1,1,0,1,0,1,0,1,1,1,1
2019-20,33,Tamilnadu,3322,PUDUKKOTTAI,332204,GANDARVAKKOTTAI,Rural,6,SS (I-X),5,Private Unaided (Recognized),2,2,2,0,2,1,2,2,0,0,2,2,1,1,0,2,2,2,2,2,2,2,2,2,2,2,2,2,1,0,2,0,2,1,1,1,2,2
2019-20,33,Tamilnadu,3322,PUDUKKOTTAI,332204,GANDARVAKKOTTAI,Rural,7,SS (VI-X),1,Department of Education,9,7,3,0,9,7,9,9,0,0,8,9,0,3,0,9,9,9,9,9,9,9,9,9,9,9,9,3,8,0,9,4,9,9,9,9,8,9
2019-20,33,Tamilnadu,3322,PUDUKKOTTAI,332205,PUDUKKOTTAI,Rural,1,PS (I-V),1,Department of Education,68,58,46,2,68,27,68,68,0,0,52,68,1,23,8,67,67,68,63,68,68,67,65,68,68,68,68,44,66,33,68,0,68,57,63,56,1,56
2019-20,33,Tamilnadu,3322,PUDUKKOTTAI,332205,PUDUKKOTTAI,Rural,1,PS (I-V),2,Tribal Welfare Department,1,1,1,0,1,0,1,1,0,0,1,1,0,1,0,1,1,1,1,1,1,1,1,1,1,1,1,0,1,0,1,0,1,1,1,1,0,0
2019-20,33,Tamilnadu,3322,PUDUKKOTTAI,332205,PUDUKKOTTAI,Rural,1,PS (I-V),4,Government Aided,1,1,0,0,0,0,1,1,0,0,1,1,0,0,0,1,1,1,1,1,1,1,1,1,1,1,1,0,1,0,1,0,1,1,1,1,0,0
2019-20,33,Tamilnadu,3322,PUDUKKOTTAI,332205,PUDUKKOTTAI,Rural,1,PS (I-V),5,Private Unaided (Recognized),9,9,7,1,6,5,9,9,0,0,9,9,2,3,0,9,9,9,9,9,9,9,9,9,9,9,9,5,9,4,9,0,9,1,5,5,5,8
2019-20,33,Tamilnadu,3322,PUDUKKOTTAI,332205,PUDUKKOTTAI,Rural,1,PS (I-V),8,Unrecognized,1,1,1,0,0,0,1,1,0,0,1,1,0,0,0,1,1,1,1,1,1,1,1,1,1,1,1,1,1,0,1,0,1,0,1,1,0,1
2019-20,33,Tamilnadu,3322,PUDUKKOTTAI,332205,PUDUKKOTTAI,Rural,2,UPS (I-VIII),1,Department of Education,21,18,17,0,21,10,21,21,0,0,15,21,0,8,1,21,21,21,19,21,21,20,21,21,21,21,21,17,20,11,21,8,21,20,21,21,2,21
2019-20,33,Tamilnadu,3322,PUDUKKOTTAI,332205,PUDUKKOTTAI,Rural,2,UPS (I-VIII),4,Government Aided,1,1,1,0,1,0,1,1,0,0,1,1,0,0,0,1,1,1,1,1,1,1,1,1,1,1,1,0,1,0,1,0,1,1,1,0,0,0
2019-20,33,Tamilnadu,3322,PUDUKKOTTAI,332205,PUDUKKOTTAI,Rural,3,HSS (I-XII),1,Department of Education,1,1,1,0,1,1,1,1,0,0,1,1,0,0,0,1,1,1,1,1,1,1,1,1,1,1,1,1,1,0,1,1,1,1,1,1,1,1
2019-20,33,Tamilnadu,3322,PUDUKKOTTAI,332205,PUDUKKOTTAI,Rural,3,HSS (I-XII),5,Private Unaided (Recognized),2,2,2,0,2,1,2,2,0,0,2,2,1,0,1,2,2,2,2,2,2,2,2,2,2,2,2,2,2,1,2,1,2,1,2,1,2,2
2019-20,33,Tamilnadu,3322,PUDUKKOTTAI,332205,PUDUKKOTTAI,Rural,5,HSS (VI-XII),1,Department of Education,5,5,5,0,5,4,5,5,0,0,5,5,1,1,2,5,5,5,5,5,5,5,5,5,5,5,5,4,5,3,5,3,5,4,5,5,4,5
2019-20,33,Tamilnadu,3322,PUDUKKOTTAI,332205,PUDUKKOTTAI,Rural,6,SS (I-X),5,Private Unaided (Recognized),1,1,1,0,1,1,1,1,0,0,1,1,0,0,0,1,1,1,1,1,1,1,1,1,1,1,1,1,1,1,1,1,1,0,1,1,0,1
2019-20,33,Tamilnadu,3322,PUDUKKOTTAI,332205,PUDUKKOTTAI,Rural,7,SS (VI-X),1,Department of Education,10,9,4,0,10,7,10,10,0,0,9,10,0,7,0,10,10,10,10,10,10,9,9,10,10,10,10,10,10,6,10,8,10,10,10,10,9,10
2019-20,33,Tamilnadu,3322,PUDUKKOTTAI,332205,PUDUKKOTTAI,Urban,1,PS (I-V),1,Department of Education,2,2,2,0,2,1,2,2,0,0,1,2,0,1,0,2,2,2,2,2,2,1,1,1,1,2,2,2,2,2,2,0,2,2,2,2,0,1
2019-20,33,Tamilnadu,3322,PUDUKKOTTAI,332205,PUDUKKOTTAI,Urban,1,PS (I-V),3,Local body,8,8,8,0,8,1,8,8,2,0,7,8,0,0,3,8,8,8,8,8,8,8,8,8,8,8,8,5,8,6,8,0,8,7,8,4,0,8
2019-20,33,Tamilnadu,3322,PUDUKKOTTAI,332205,PUDUKKOTTAI,Urban,1,PS (I-V),4,Government Aided,4,3,4,0,4,0,4,4,0,0,3,4,0,1,0,4,4,4,4,4,4,4,4,4,4,4,4,1,4,2,4,0,4,1,4,2,0,1
2019-20,33,Tamilnadu,3322,PUDUKKOTTAI,332205,PUDUKKOTTAI,Urban,1,PS (I-V),5,Private Unaided (Recognized),38,38,35,0,27,7,38,38,0,1,31,38,1,6,2,38,38,38,38,38,38,36,36,36,36,38,38,27,35,5,38,1,38,3,25,21,18,25
2019-20,33,Tamilnadu,3322,PUDUKKOTTAI,332205,PUDUKKOTTAI,Urban,1,PS (I-V),90,Social welfare Department,1,1,1,0,1,0,1,1,0,0,0,1,0,1,0,1,1,1,1,1,1,1,1,1,1,1,1,1,1,1,1,0,1,0,1,1,0,0
2019-20,33,Tamilnadu,3322,PUDUKKOTTAI,332205,PUDUKKOTTAI,Urban,2,UPS (I-VIII),1,Department of Education,3,3,3,0,3,2,3,3,0,0,3,3,0,1,0,3,3,3,3,3,3,3,3,3,3,3,3,3,3,2,3,0,3,3,3,2,0,3
2019-20,33,Tamilnadu,3322,PUDUKKOTTAI,332205,PUDUKKOTTAI,Urban,2,UPS (I-VIII),3,Local body,7,6,7,0,7,3,7,7,1,0,6,7,0,3,1,7,7,7,7,7,7,7,7,7,7,7,7,7,7,4,7,0,7,6,7,6,1,7
2019-20,33,Tamilnadu,3322,PUDUKKOTTAI,332205,PUDUKKOTTAI,Urban,2,UPS (I-VIII),4,Government Aided,3,3,3,0,3,0,3,3,0,0,2,3,0,1,0,3,3,3,3,3,3,3,3,3,3,3,3,2,3,1,3,1,3,3,3,3,1,2
2019-20,33,Tamilnadu,3322,PUDUKKOTTAI,332205,PUDUKKOTTAI,Urban,2,UPS (I-VIII),5,Private Unaided (Recognized),1,1,1,0,1,1,1,1,0,0,1,1,1,1,0,1,1,1,1,1,1,1,1,1,1,1,1,1,1,1,1,0,1,1,0,0,0,1
2019-20,33,Tamilnadu,3322,PUDUKKOTTAI,332205,PUDUKKOTTAI,Urban,2,UPS (I-VIII),90,Social welfare Department,2,2,2,0,2,0,2,2,0,0,1,2,0,0,0,2,2,2,2,2,2,2,2,2,2,2,2,2,2,1,2,0,2,2,2,1,1,2
2019-20,33,Tamilnadu,3322,PUDUKKOTTAI,332205,PUDUKKOTTAI,Urban,3,HSS (I-XII),5,Private Unaided (Recognized),7,7,7,0,6,2,7,7,0,0,7,7,2,3,0,7,7,7,7,7,7,7,7,7,7,7,7,7,7,1,7,2,7,2,5,4,6,6
2019-20,33,Tamilnadu,3322,PUDUKKOTTAI,332205,PUDUKKOTTAI,Urban,4,UPS (VI-VIII),4,Government Aided,1,0,1,0,1,0,1,1,0,0,1,1,0,1,0,1,1,1,1,1,1,1,1,1,1,1,1,1,1,1,1,0,1,0,1,0,0,1
2019-20,33,Tamilnadu,3322,PUDUKKOTTAI,332205,PUDUKKOTTAI,Urban,5,HSS (VI-XII),1,Department of Education,4,4,4,0,4,3,4,4,1,0,2,4,0,1,0,2,2,3,3,4,4,1,3,4,4,4,4,4,4,2,4,1,4,3,4,4,4,4
2019-20,33,Tamilnadu,3322,PUDUKKOTTAI,332205,PUDUKKOTTAI,Urban,5,HSS (VI-XII),4,Government Aided,4,4,3,0,4,1,4,4,0,0,4,4,0,1,1,3,3,3,3,4,4,3,2,4,4,4,4,3,4,0,4,0,4,2,4,4,4,4
2019-20,33,Tamilnadu,3322,PUDUKKOTTAI,332205,PUDUKKOTTAI,Urban,6,SS (I-X),5,Private Unaided (Recognized),2,2,2,0,2,1,2,2,0,0,2,2,0,1,0,2,2,2,2,2,2,2,2,2,2,2,2,2,2,1,2,1,2,0,2,2,1,2
2019-20,33,Tamilnadu,3322,PUDUKKOTTAI,332205,PUDUKKOTTAI,Urban,7,SS (VI-X),1,Department of Education,3,3,3,0,3,1,3,3,0,0,1,3,0,2,0,1,1,3,3,3,3,1,3,3,3,3,3,3,2,1,3,1,3,3,3,3,3,3
2019-20,33,Tamilnadu,3322,PUDUKKOTTAI,332205,PUDUKKOTTAI,Urban,7,SS (VI-X),3,Local body,3,3,3,0,3,1,3,3,2,0,3,3,0,2,1,3,3,3,3,3,3,3,3,3,3,3,3,3,3,2,3,0,3,3,3,3,2,3
2019-20,33,Tamilnadu,3322,PUDUKKOTTAI,332205,PUDUKKOTTAI,Urban,7,SS (VI-X),4,Government Aided,2,2,2,0,2,2,2,2,0,0,2,2,0,0,0,2,2,2,2,2,2,2,2,2,2,2,2,2,2,0,2,0,2,0,2,2,2,2
2019-20,33,Tamilnadu,3322,PUDUKKOTTAI,332206,THIRUVARANKULAM,Rural,1,PS (I-V),1,Department of Education,105,105,75,2,105,73,105,105,0,0,98,105,1,21,16,100,93,103,103,105,105,93,101,102,102,105,105,67,98,30,105,1,105,96,104,85,1,74
2019-20,33,Tamilnadu,3322,PUDUKKOTTAI,332206,THIRUVARANKULAM,Rural,1,PS (I-V),2,Tribal Welfare Department,1,1,1,0,1,1,1,1,0,0,1,1,0,1,0,1,1,1,1,1,1,1,1,1,1,1,1,0,1,0,1,0,1,1,1,1,0,1
2019-20,33,Tamilnadu,3322,PUDUKKOTTAI,332206,THIRUVARANKULAM,Rural,1,PS (I-V),4,Government Aided,5,5,3,1,3,1,5,5,0,0,5,5,1,0,1,5,5,5,5,5,5,5,5,5,5,5,5,2,5,2,5,0,5,0,5,5,0,0
2019-20,33,Tamilnadu,3322,PUDUKKOTTAI,332206,THIRUVARANKULAM,Rural,1,PS (I-V),5,Private Unaided (Recognized),14,13,11,0,9,6,14,14,0,0,14,14,0,3,0,14,14,14,14,14,14,14,14,14,14,14,14,6,12,2,14,0,14,2,13,6,8,8
2019-20,33,Tamilnadu,3322,PUDUKKOTTAI,332206,THIRUVARANKULAM,Rural,2,UPS (I-VIII),1,Department of Education,22,21,16,0,22,16,22,22,0,0,20,22,0,8,6,22,20,21,21,22,22,19,19,20,20,22,22,21,21,8,22,3,22,21,22,22,3,22
2019-20,33,Tamilnadu,3322,PUDUKKOTTAI,332206,THIRUVARANKULAM,Rural,2,UPS (I-VIII),4,Government Aided,1,1,1,0,0,0,1,1,0,0,1,1,0,0,0,1,1,1,1,1,1,1,1,1,1,1,1,1,1,0,1,0,1,1,1,1,1,1
2019-20,33,Tamilnadu,3322,PUDUKKOTTAI,332206,THIRUVARANKULAM,Rural,3,HSS (I-XII),5,Private Unaided (Recognized),4,4,4,0,2,1,4,4,0,0,4,4,1,1,0,4,4,4,4,4,4,3,3,3,3,4,4,3,2,0,4,1,4,1,4,4,4,4
2019-20,33,Tamilnadu,3322,PUDUKKOTTAI,332206,THIRUVARANKULAM,Rural,5,HSS (VI-XII),1,Department of Education,13,13,13,0,13,10,13,13,0,0,13,13,0,6,1,11,11,11,11,13,13,10,9,12,12,13,13,9,13,3,13,8,13,13,13,13,11,13
2019-20,33,Tamilnadu,3322,PUDUKKOTTAI,332206,THIRUVARANKULAM,Rural,5,HSS (VI-XII),4,Government Aided,1,1,1,0,1,1,1,1,0,0,1,1,0,1,1,1,1,1,1,1,1,1,1,1,1,1,1,0,1,1,1,1,1,1,1,1,1,1
2019-20,33,Tamilnadu,3322,PUDUKKOTTAI,332206,THIRUVARANKULAM,Rural,6,SS (I-X),5,Private Unaided (Recognized),2,2,2,0,2,0,2,2,1,0,2,2,0,0,0,2,2,2,2,2,2,2,2,2,2,2,2,2,2,0,2,0,2,0,2,2,1,2
2019-20,33,Tamilnadu,3322,PUDUKKOTTAI,332206,THIRUVARANKULAM,Rural,7,SS (VI-X),1,Department of Education,11,10,8,0,11,8,11,11,0,0,10,11,0,8,1,10,10,11,11,11,11,5,7,7,7,11,11,7,11,2,11,5,11,8,11,10,10,11
2019-20,33,Tamilnadu,3322,PUDUKKOTTAI,332206,THIRUVARANKULAM,Rural,7,SS (VI-X),5,Private Unaided (Recognized),1,1,1,0,1,1,1,1,0,0,1,1,0,0,0,1,1,1,1,1,1,0,0,0,0,1,1,1,1,0,1,0,1,0,1,1,1,1
2019-20,33,Tamilnadu,3322,PUDUKKOTTAI,332206,THIRUVARANKULAM,Urban,1,PS (I-V),1,Department of Education,6,6,5,0,6,4,6,6,0,0,6,6,0,0,0,6,6,6,6,6,6,6,6,6,6,6,6,6,6,1,6,0,6,6,5,4,0,5
2019-20,33,Tamilnadu,3322,PUDUKKOTTAI,332206,THIRUVARANKULAM,Urban,1,PS (I-V),5,Private Unaided (Recognized),5,5,4,0,3,1,5,5,0,0,5,5,1,1,0,5,5,5,5,5,5,4,4,4,4,5,5,0,4,0,5,0,5,0,5,3,0,2
2019-20,33,Tamilnadu,3322,PUDUKKOTTAI,332206,THIRUVARANKULAM,Urban,2,UPS (I-VIII),1,Department of Education,1,1,1,0,1,0,1,1,0,0,0,1,0,1,0,1,1,1,1,1,1,1,1,1,1,1,1,1,0,0,1,0,1,1,1,1,0,1
2019-20,33,Tamilnadu,3322,PUDUKKOTTAI,332206,THIRUVARANKULAM,Urban,2,UPS (I-VIII),4,Government Aided,1,1,1,0,0,1,1,1,0,0,1,1,0,1,0,1,1,1,1,1,1,1,1,1,1,1,1,1,0,0,1,0,1,1,1,1,0,0
2019-20,33,Tamilnadu,3322,PUDUKKOTTAI,332206,THIRUVARANKULAM,Urban,2,UPS (I-VIII),5,Private Unaided (Recognized),1,1,1,0,0,0,1,1,0,0,1,1,0,1,0,1,1,1,1,1,1,1,1,1,1,1,1,1,1,0,1,0,1,0,0,0,1,1
2019-20,33,Tamilnadu,3322,PUDUKKOTTAI,332206,THIRUVARANKULAM,Urban,3,HSS (I-XII),5,Private Unaided (Recognized),1,1,1,0,1,0,1,1,0,0,1,1,1,1,0,1,1,1,1,1,1,1,1,1,1,1,1,1,1,0,1,0,1,1,1,1,1,1
2019-20,33,Tamilnadu,3322,PUDUKKOTTAI,332206,THIRUVARANKULAM,Urban,5,HSS (VI-XII),1,Department of Education,2,2,2,0,2,1,2,2,0,0,2,2,0,2,1,1,1,1,1,2,2,1,1,2,2,2,2,2,2,0,2,1,2,2,2,2,2,2
2019-20,33,Tamilnadu,3322,PUDUKKOTTAI,332207,KARAMBAKKUDI,Rural,1,PS (I-V),1,Department of Education,83,80,52,3,83,36,83,83,4,0,66,83,0,9,7,83,82,83,82,83,83,79,78,80,80,83,83,45,82,63,83,0,83,83,79,58,6,67
2019-20,33,Tamilnadu,3322,PUDUKKOTTAI,332207,KARAMBAKKUDI,Rural,1,PS (I-V),2,Tribal Welfare Department,3,3,2,0,3,1,3,3,0,0,3,3,0,1,0,3,3,3,3,3,3,3,3,3,3,3,3,1,3,2,3,0,3,3,3,2,0,2
2019-20,33,Tamilnadu,3322,PUDUKKOTTAI,332207,KARAMBAKKUDI,Rural,1,PS (I-V),4,Government Aided,2,2,2,0,0,2,2,2,0,0,2,2,0,0,1,2,2,2,2,2,2,2,2,2,2,2,2,0,2,1,2,0,2,2,2,2,2,2
2019-20,33,Tamilnadu,3322,PUDUKKOTTAI,332207,KARAMBAKKUDI,Rural,1,PS (I-V),5,Private Unaided (Recognized),3,3,3,0,2,2,3,3,0,0,3,3,0,1,0,3,3,3,3,3,3,3,3,3,3,3,3,2,3,2,3,0,3,3,2,1,1,3
2019-20,33,Tamilnadu,3322,PUDUKKOTTAI,332207,KARAMBAKKUDI,Rural,2,UPS (I-VIII),1,Department of Education,27,25,20,0,27,23,27,27,1,0,24,27,0,10,7,27,24,27,27,27,27,25,27,27,27,27,27,22,27,25,27,2,27,27,27,26,3,27
2019-20,33,Tamilnadu,3322,PUDUKKOTTAI,332207,KARAMBAKKUDI,Rural,2,UPS (I-VIII),5,Private Unaided (Recognized),1,1,1,0,1,1,1,1,0,0,0,1,0,1,0,1,1,1,1,1,1,1,1,1,1,1,1,1,1,1,1,0,1,1,1,1,1,1
2019-20,33,Tamilnadu,3322,PUDUKKOTTAI,332207,KARAMBAKKUDI,Rural,5,HSS (VI-XII),1,Department of Education,4,4,3,0,4,3,4,4,0,0,4,4,0,2,3,4,4,4,4,4,4,4,4,4,4,4,4,4,4,3,4,1,4,4,4,4,4,4
2019-20,33,Tamilnadu,3322,PUDUKKOTTAI,332207,KARAMBAKKUDI,Rural,5,HSS (VI-XII),2,Tribal Welfare Department,1,1,1,0,1,1,1,1,0,0,1,1,0,0,0,1,1,1,1,1,1,1,1,1,1,1,1,1,1,1,1,1,1,1,1,1,1,1
2019-20,33,Tamilnadu,3322,PUDUKKOTTAI,332207,KARAMBAKKUDI,Rural,5,HSS (VI-XII),4,Government Aided,1,1,1,0,0,1,1,1,0,0,1,1,0,1,0,1,1,1,1,1,1,1,1,1,1,1,1,1,1,1,1,0,1,1,1,1,1,1
2019-20,33,Tamilnadu,3322,PUDUKKOTTAI,332207,KARAMBAKKUDI,Rural,5,HSS (VI-XII),5,Private Unaided (Recognized),1,1,1,0,1,0,1,1,0,0,1,1,0,1,0,1,1,1,1,1,1,1,1,1,1,1,1,1,1,1,1,0,1,1,1,1,1,1
2019-20,33,Tamilnadu,3322,PUDUKKOTTAI,332207,KARAMBAKKUDI,Rural,7,SS (VI-X),1,Department of Education,9,8,5,0,9,5,9,9,0,0,6,9,0,5,0,9,9,9,9,9,9,9,9,9,9,9,9,6,9,8,9,3,9,9,9,9,9,9
2019-20,33,Tamilnadu,3322,PUDUKKOTTAI,332207,KARAMBAKKUDI,Rural,7,SS (VI-X),2,Tribal Welfare Department,1,1,1,0,1,1,1,1,0,0,1,1,0,0,0,1,1,1,1,1,1,1,1,1,1,1,1,1,1,1,1,0,1,1,1,1,1,1
2019-20,33,Tamilnadu,3322,PUDUKKOTTAI,332207,KARAMBAKKUDI,Urban,1,PS (I-V),1,Department of Education,3,3,2,0,3,1,3,3,0,0,3,3,0,0,0,3,3,3,3,3,3,3,3,3,3,3,3,3,3,3,3,0,3,3,3,3,1,2
2019-20,33,Tamilnadu,3322,PUDUKKOTTAI,332207,KARAMBAKKUDI,Urban,1,PS (I-V),4,Government Aided,1,1,1,0,0,1,1,1,0,0,1,1,0,1,0,1,1,1,1,1,1,1,1,1,1,1,1,0,1,1,1,0,1,1,1,1,0,0
2019-20,33,Tamilnadu,3322,PUDUKKOTTAI,332207,KARAMBAKKUDI,Urban,1,PS (I-V),5,Private Unaided (Recognized),3,3,3,0,3,1,3,3,0,0,3,3,0,1,0,3,3,3,3,3,3,1,1,1,1,3,3,3,2,2,3,0,3,2,3,2,2,2
2019-20,33,Tamilnadu,3322,PUDUKKOTTAI,332207,KARAMBAKKUDI,Urban,2,UPS (I-VIII),1,Department of Education,1,1,0,0,1,0,1,1,0,0,1,1,0,0,0,1,1,1,1,1,1,1,1,1,1,1,1,1,1,1,1,0,1,1,1,1,1,1
2019-20,33,Tamilnadu,3322,PUDUKKOTTAI,332207,KARAMBAKKUDI,Urban,5,HSS (VI-XII),1,Department of Education,2,2,2,0,2,1,2,2,0,0,2,2,0,1,0,1,1,1,1,2,2,1,1,2,2,2,2,2,2,2,2,1,2,2,2,2,2,2
2019-20,33,Tamilnadu,3322,PUDUKKOTTAI,332207,KARAMBAKKUDI,Urban,6,SS (I-X),5,Private Unaided (Recognized),3,3,3,0,3,1,3,3,0,0,3,3,0,1,0,3,3,3,3,3,3,3,3,3,3,3,3,3,2,2,3,0,3,3,3,2,3,3
2019-20,33,Tamilnadu,3322,PUDUKKOTTAI,332208,THIRUMAYAM,Rural,1,PS (I-V),1,Department of Education,50,50,44,1,50,15,50,50,0,0,36,50,0,3,6,48,48,50,49,50,50,44,49,50,50,50,50,34,46,11,50,0,50,47,46,35,0,30
2019-20,33,Tamilnadu,3322,PUDUKKOTTAI,332208,THIRUMAYAM,Rural,1,PS (I-V),2,Tribal Welfare Department,1,1,1,0,1,0,1,1,0,0,0,1,0,0,0,1,1,1,1,1,1,1,1,1,1,1,1,0,0,0,1,0,1,0,1,0,0,1
2019-20,33,Tamilnadu,3322,PUDUKKOTTAI,332208,THIRUMAYAM,Rural,1,PS (I-V),4,Government Aided,11,11,8,0,1,5,11,11,0,0,10,11,0,0,0,10,10,11,11,11,11,10,11,11,11,11,11,3,10,1,11,0,11,3,10,8,1,4
2019-20,33,Tamilnadu,3322,PUDUKKOTTAI,332208,THIRUMAYAM,Rural,1,PS (I-V),5,Private Unaided (Recognized),4,4,3,0,2,0,4,4,0,0,3,4,0,0,0,4,4,4,4,4,4,4,4,4,4,4,4,2,4,0,4,1,4,0,4,0,2,2
2019-20,33,Tamilnadu,3322,PUDUKKOTTAI,332208,THIRUMAYAM,Rural,2,UPS (I-VIII),1,Department of Education,15,14,13,0,15,8,15,15,0,0,11,15,0,4,1,15,15,15,15,15,15,15,15,15,15,15,15,15,15,6,15,1,15,15,15,15,0,15
2019-20,33,Tamilnadu,3322,PUDUKKOTTAI,332208,THIRUMAYAM,Rural,2,UPS (I-VIII),4,Government Aided,5,5,3,0,1,3,5,5,0,0,5,5,0,1,0,5,5,5,5,5,5,5,4,5,5,5,5,4,5,3,5,0,5,4,5,5,1,3
2019-20,33,Tamilnadu,3322,PUDUKKOTTAI,332208,THIRUMAYAM,Rural,2,UPS (I-VIII),5,Private Unaided (Recognized),1,1,1,0,1,0,1,1,0,0,1,1,0,0,0,1,1,1,1,1,1,1,1,1,1,1,1,0,0,0,1,0,1,0,0,0,1,1
2019-20,33,Tamilnadu,3322,PUDUKKOTTAI,332208,THIRUMAYAM,Rural,3,HSS (I-XII),5,Private Unaided (Recognized),3,3,3,0,3,1,3,3,0,0,3,3,0,1,0,3,3,3,3,3,3,3,3,3,3,3,3,3,3,1,3,0,3,1,3,2,3,3
2019-20,33,Tamilnadu,3322,PUDUKKOTTAI,332208,THIRUMAYAM,Rural,5,HSS (VI-XII),1,Department of Education,4,4,3,0,4,1,4,4,0,0,2,4,0,2,1,2,2,4,4,4,4,2,4,4,4,4,4,4,4,4,4,2,4,4,4,4,4,4
2019-20,33,Tamilnadu,3322,PUDUKKOTTAI,332208,THIRUMAYAM,Rural,5,HSS (VI-XII),4,Government Aided,3,2,3,0,0,2,3,3,0,0,3,3,0,0,0,3,3,3,3,3,3,3,3,3,3,3,3,2,3,0,3,1,3,3,3,3,2,2
2019-20,33,Tamilnadu,3322,PUDUKKOTTAI,332208,THIRUMAYAM,Rural,6,SS (I-X),4,Government Aided,1,1,1,0,1,1,1,1,0,0,1,1,0,1,0,1,1,1,1,1,1,1,1,1,1,1,1,1,1,1,1,0,1,1,1,1,0,1
2019-20,33,Tamilnadu,3322,PUDUKKOTTAI,332208,THIRUMAYAM,Rural,6,SS (I-X),5,Private Unaided (Recognized),5,5,5,0,4,3,5,5,0,0,5,5,1,3,1,5,5,5,5,5,5,4,4,4,4,5,5,4,5,2,5,2,5,3,5,5,4,5
2019-20,33,Tamilnadu,3322,PUDUKKOTTAI,332208,THIRUMAYAM,Rural,7,SS (VI-X),1,Department of Education,1,1,0,0,1,0,1,1,0,0,1,1,0,1,0,1,1,1,1,1,1,1,1,1,1,1,1,1,1,1,1,1,1,1,1,1,1,1
2019-20,33,Tamilnadu,3322,PUDUKKOTTAI,332208,THIRUMAYAM,Rural,7,SS (VI-X),4,Government Aided,2,2,2,0,2,1,2,2,0,0,2,2,0,0,0,2,2,2,2,2,2,2,2,2,2,2,2,1,2,1,2,1,2,1,2,2,2,2
2019-20,33,Tamilnadu,3322,PUDUKKOTTAI,332209,PONNAMARAVATHY,Rural,1,PS (I-V),1,Department of Education,83,83,53,5,83,34,83,83,0,0,45,83,0,5,12,83,83,83,83,83,83,83,83,83,83,83,83,37,83,13,83,0,83,83,83,83,0,68
2019-20,33,Tamilnadu,3322,PUDUKKOTTAI,332209,PONNAMARAVATHY,Rural,1,PS (I-V),4,Government Aided,4,4,3,0,4,2,4,4,0,0,4,4,0,0,0,4,4,4,4,4,4,4,4,4,4,4,4,3,4,0,4,0,4,4,4,4,0,0
2019-20,33,Tamilnadu,3322,PUDUKKOTTAI,332209,PONNAMARAVATHY,Rural,1,PS (I-V),8,Unrecognized,2,2,1,0,2,2,2,2,0,0,2,2,0,0,0,2,2,2,2,2,2,2,2,2,2,2,2,2,2,0,2,0,2,2,2,2,1,1
2019-20,33,Tamilnadu,3322,PUDUKKOTTAI,332209,PONNAMARAVATHY,Rural,2,UPS (I-VIII),1,Department of Education,17,17,9,0,17,9,17,17,0,0,12,17,0,2,2,17,17,17,17,17,17,17,17,17,17,17,17,10,17,6,17,9,17,17,17,17,1,17
2019-20,33,Tamilnadu,3322,PUDUKKOTTAI,332209,PONNAMARAVATHY,Rural,3,HSS (I-XII),5,Private Unaided (Recognized),2,2,2,0,2,2,2,2,0,0,2,2,0,0,0,2,2,2,2,2,2,2,2,2,2,2,2,2,2,0,2,1,2,2,2,2,2,2
2019-20,33,Tamilnadu,3322,PUDUKKOTTAI,332209,PONNAMARAVATHY,Rural,5,HSS (VI-XII),1,Department of Education,6,6,5,0,6,6,6,6,0,0,6,6,0,2,2,6,6,6,6,6,6,6,6,6,6,6,6,3,6,4,6,6,6,6,6,6,6,6
2019-20,33,Tamilnadu,3322,PUDUKKOTTAI,332209,PONNAMARAVATHY,Rural,6,SS (I-X),5,Private Unaided (Recognized),2,2,2,0,2,1,2,2,0,0,2,2,0,0,0,2,2,2,2,2,2,2,2,2,2,2,2,2,2,1,2,1,2,2,2,2,2,2
2019-20,33,Tamilnadu,3322,PUDUKKOTTAI,332209,PONNAMARAVATHY,Rural,7,SS (VI-X),1,Department of Education,4,4,2,0,4,4,4,4,0,0,4,4,0,1,0,4,4,4,4,4,4,4,4,4,4,4,4,2,4,0,4,3,4,3,4,4,3,4
2019-20,33,Tamilnadu,3322,PUDUKKOTTAI,332209,PONNAMARAVATHY,Rural,7,SS (VI-X),4,Government Aided,2,2,2,0,2,2,2,2,0,0,2,2,0,2,0,1,1,1,1,2,2,1,1,2,2,2,2,1,2,1,2,0,2,2,2,2,0,2
2019-20,33,Tamilnadu,3322,PUDUKKOTTAI,332209,PONNAMARAVATHY,Urban,1,PS (I-V),1,Department of Education,1,1,1,0,1,1,1,1,0,0,1,1,0,0,0,1,1,1,1,1,1,1,1,1,1,1,1,1,1,0,1,0,1,1,1,1,0,1
2019-20,33,Tamilnadu,3322,PUDUKKOTTAI,332209,PONNAMARAVATHY,Urban,1,PS (I-V),4,Government Aided,2,2,2,0,1,0,2,2,0,0,2,2,0,1,1,2,2,2,2,2,2,2,2,2,2,2,2,2,2,1,2,0,2,2,2,2,0,1
2019-20,33,Tamilnadu,3322,PUDUKKOTTAI,332209,PONNAMARAVATHY,Urban,1,PS (I-V),5,Private Unaided (Recognized),2,2,2,0,2,0,2,2,0,0,2,2,0,0,0,2,2,2,2,2,2,2,2,2,2,2,2,1,2,0,2,0,2,2,2,2,0,2
2019-20,33,Tamilnadu,3322,PUDUKKOTTAI,332209,PONNAMARAVATHY,Urban,2,UPS (I-VIII),1,Department of Education,1,1,1,0,1,1,1,1,0,0,1,1,0,0,0,1,1,1,1,1,1,1,1,1,1,1,1,1,1,0,1,1,1,1,1,1,0,1
2019-20,33,Tamilnadu,3322,PUDUKKOTTAI,332209,PONNAMARAVATHY,Urban,3,HSS (I-XII),5,Private Unaided (Recognized),3,3,3,0,3,1,3,3,0,0,3,3,2,3,1,3,3,3,3,3,3,3,3,3,3,3,3,3,3,2,3,3,3,3,3,3,2,3
2019-20,33,Tamilnadu,3322,PUDUKKOTTAI,332209,PONNAMARAVATHY,Urban,5,HSS (VI-XII),1,Department of Education,1,1,1,0,1,1,1,1,0,0,1,1,0,1,0,0,0,1,1,1,1,0,1,1,1,1,1,1,1,1,1,1,1,1,1,1,0,1
2019-20,33,Tamilnadu,3322,PUDUKKOTTAI,332209,PONNAMARAVATHY,Urban,5,HSS (VI-XII),4,Government Aided,1,1,1,0,1,1,1,1,0,0,1,1,0,0,1,1,1,1,1,1,1,1,1,1,1,1,1,0,1,1,1,1,1,1,1,1,1,1
2019-20,33,Tamilnadu,3322,PUDUKKOTTAI,332209,PONNAMARAVATHY,Urban,6,SS (I-X),5,Private Unaided (Recognized),1,1,1,0,1,0,1,1,0,0,1,1,0,0,0,1,1,1,1,1,1,1,1,1,1,1,1,1,1,1,1,0,1,1,1,1,1,1
2019-20,33,Tamilnadu,3322,PUDUKKOTTAI,332210,ARIMALAM,Rural,1,PS (I-V),1,Department of Education,63,62,50,4,63,27,63,63,0,0,52,63,0,2,5,63,59,62,61,63,63,56,61,62,62,63,63,39,59,17,63,1,63,58,60,47,1,39
2019-20,33,Tamilnadu,3322,PUDUKKOTTAI,332210,ARIMALAM,Rural,1,PS (I-V),4,Government Aided,4,3,4,0,1,1,4,4,0,0,4,4,0,0,1,4,4,4,4,4,4,4,4,4,4,4,4,2,3,2,4,0,4,3,4,2,0,3
2019-20,33,Tamilnadu,3322,PUDUKKOTTAI,332210,ARIMALAM,Rural,1,PS (I-V),5,Private Unaided (Recognized),8,8,8,0,5,2,8,8,0,0,7,8,0,2,0,8,8,8,8,8,8,7,7,7,7,8,8,5,7,1,8,0,8,1,8,4,3,5
2019-20,33,Tamilnadu,3322,PUDUKKOTTAI,332210,ARIMALAM,Rural,2,UPS (I-VIII),1,Department of Education,13,10,10,0,13,4,13,13,0,0,11,13,0,0,0,13,12,13,13,13,13,12,11,12,12,13,13,8,13,3,13,1,13,11,10,10,0,13
2019-20,33,Tamilnadu,3322,PUDUKKOTTAI,332210,ARIMALAM,Rural,2,UPS (I-VIII),4,Government Aided,1,1,0,0,0,0,1,1,0,0,1,1,0,0,0,1,1,1,1,1,1,0,0,0,0,1,1,0,1,0,1,0,1,1,1,1,1,1
2019-20,33,Tamilnadu,3322,PUDUKKOTTAI,332210,ARIMALAM,Rural,2,UPS (I-VIII),5,Private Unaided (Recognized),1,1,0,0,0,0,1,1,0,0,1,1,0,0,0,1,1,1,1,1,1,1,1,1,1,1,1,1,1,0,1,0,1,0,0,0,0,1
2019-20,33,Tamilnadu,3322,PUDUKKOTTAI,332210,ARIMALAM,Rural,3,HSS (I-XII),5,Private Unaided (Recognized),4,4,4,0,3,4,4,4,1,0,4,4,3,3,1,4,4,4,4,4,4,4,4,4,4,4,4,4,4,3,4,2,4,4,4,2,3,4
2019-20,33,Tamilnadu,3322,PUDUKKOTTAI,332210,ARIMALAM,Rural,5,HSS (VI-XII),1,Department of Education,7,7,6,0,7,5,7,7,0,0,6,7,0,3,1,6,6,7,7,7,7,5,6,6,6,7,7,3,5,5,7,2,7,4,6,5,7,7
2019-20,33,Tamilnadu,3322,PUDUKKOTTAI,332210,ARIMALAM,Rural,5,HSS (VI-XII),4,Government Aided,1,1,1,0,1,0,1,1,0,0,1,1,0,0,0,1,1,1,1,1,1,1,1,1,1,1,1,1,1,1,1,0,1,1,1,1,1,1
2019-20,33,Tamilnadu,3322,PUDUKKOTTAI,332210,ARIMALAM,Rural,6,SS (I-X),5,Private Unaided (Recognized),3,2,3,0,3,3,3,3,0,0,3,3,0,1,0,3,3,3,3,3,3,3,3,3,3,3,3,2,2,0,3,0,3,3,2,2,3,3
2019-20,33,Tamilnadu,3322,PUDUKKOTTAI,332210,ARIMALAM,Rural,7,SS (VI-X),1,Department of Education,5,5,4,0,5,4,5,5,2,0,4,5,0,3,1,5,5,5,5,5,5,5,5,5,5,5,5,3,5,3,5,4,5,5,5,5,4,5
2019-20,33,Tamilnadu,3322,PUDUKKOTTAI,332210,ARIMALAM,Rural,7,SS (VI-X),4,Government Aided,2,2,2,0,2,1,2,2,0,0,2,2,0,0,0,2,2,2,2,2,2,2,2,2,2,2,2,1,1,0,2,0,2,1,2,1,2,2
2019-20,33,Tamilnadu,3322,PUDUKKOTTAI,332210,ARIMALAM,Urban,1,PS (I-V),1,Department of Education,1,1,1,0,1,1,1,1,0,0,1,1,0,0,0,1,1,1,1,1,1,1,1,1,1,1,1,0,1,1,1,0,1,1,1,1,0,1
2019-20,33,Tamilnadu,3322,PUDUKKOTTAI,332210,ARIMALAM,Urban,1,PS (I-V),5,Private Unaided (Recognized),1,1,0,0,0,1,1,1,0,0,1,1,0,0,0,1,1,1,1,1,1,0,0,0,0,1,1,1,1,0,1,0,1,0,0,0,0,0
2019-20,33,Tamilnadu,3322,PUDUKKOTTAI,332210,ARIMALAM,Urban,3,HSS (I-XII),5,Private Unaided (Recognized),1,1,1,0,1,1,1,1,1,0,1,1,1,1,0,1,1,1,1,1,1,1,1,1,1,1,1,1,1,1,1,0,1,0,1,1,1,1
2019-20,33,Tamilnadu,3322,PUDUKKOTTAI,332211,ARANTHANGI,Rural,1,PS (I-V),1,Department of Education,88,87,80,0,88,37,88,88,0,0,71,88,1,22,11,88,87,88,88,88,88,83,85,85,85,88,88,62,86,23,88,0,88,83,83,67,1,64
2019-20,33,Tamilnadu,3322,PUDUKKOTTAI,332211,ARANTHANGI,Rural,1,PS (I-V),5,Private Unaided (Recognized),19,19,18,0,14,4,19,19,0,0,19,19,2,7,0,19,19,19,19,19,19,18,18,18,18,19,19,12,14,6,19,0,19,8,17,8,10,16
2019-20,33,Tamilnadu,3322,PUDUKKOTTAI,332211,ARANTHANGI,Rural,2,UPS (I-VIII),1,Department of Education,40,39,35,0,40,22,40,40,0,0,32,40,0,10,4,40,39,40,39,40,39,38,37,38,38,40,40,35,40,18,40,5,39,37,39,38,3,40
2019-20,33,Tamilnadu,3322,PUDUKKOTTAI,332211,ARANTHANGI,Rural,2,UPS (I-VIII),4,Government Aided,1,1,0,0,0,0,1,1,0,0,1,1,0,1,0,1,1,1,1,1,1,1,1,1,1,1,1,0,0,0,1,0,1,1,1,1,0,1
2019-20,33,Tamilnadu,3322,PUDUKKOTTAI,332211,ARANTHANGI,Rural,2,UPS (I-VIII),5,Private Unaided (Recognized),1,1,1,0,1,1,1,1,0,0,1,1,0,1,0,1,1,1,1,1,1,1,1,1,1,1,1,1,1,1,1,0,1,1,1,1,1,1
2019-20,33,Tamilnadu,3322,PUDUKKOTTAI,332211,ARANTHANGI,Rural,3,HSS (I-XII),5,Private Unaided (Recognized),4,4,3,0,3,1,4,4,0,0,4,4,1,3,0,3,3,4,4,4,4,3,4,4,4,4,4,4,4,1,4,1,4,2,3,1,3,4
2019-20,33,Tamilnadu,3322,PUDUKKOTTAI,332211,ARANTHANGI,Rural,5,HSS (VI-XII),1,Department of Education,10,9,9,0,10,7,10,10,0,0,9,10,0,7,2,9,9,9,9,10,10,8,9,9,9,10,10,9,10,5,10,4,10,8,10,10,10,10
2019-20,33,Tamilnadu,3322,PUDUKKOTTAI,332211,ARANTHANGI,Rural,5,HSS (VI-XII),5,Private Unaided (Recognized),2,2,2,0,2,2,2,2,0,0,2,2,0,0,1,2,2,2,2,2,2,1,1,1,1,2,2,2,2,0,2,0,2,0,2,2,2,2
2019-20,33,Tamilnadu,3322,PUDUKKOTTAI,332211,ARANTHANGI,Rural,6,SS (I-X),4,Government Aided,1,1,1,0,0,1,1,1,0,0,1,1,0,1,1,1,1,1,1,1,1,1,1,1,1,1,1,0,1,0,1,0,1,1,1,1,0,1
2019-20,33,Tamilnadu,3322,PUDUKKOTTAI,332211,ARANTHANGI,Rural,6,SS (I-X),5,Private Unaided (Recognized),4,4,4,0,4,0,4,4,0,0,4,4,0,0,0,4,4,4,4,4,4,4,4,4,4,4,4,4,4,1,4,0,4,1,3,1,4,4
2019-20,33,Tamilnadu,3322,PUDUKKOTTAI,332211,ARANTHANGI,Rural,7,SS (VI-X),1,Department of Education,15,13,8,0,15,8,15,15,1,0,13,15,2,10,1,14,14,15,15,15,15,14,14,15,15,15,15,13,14,7,15,10,15,14,14,14,15,15
2019-20,33,Tamilnadu,3322,PUDUKKOTTAI,332211,ARANTHANGI,Rural,7,SS (VI-X),5,Private Unaided (Recognized),1,1,1,0,1,1,1,1,0,0,1,1,0,0,0,1,1,1,1,1,1,1,1,1,1,1,1,1,1,0,1,0,1,0,1,0,0,1
2019-20,33,Tamilnadu,3322,PUDUKKOTTAI,332211,ARANTHANGI,Urban,1,PS (I-V),3,Local body,1,1,1,0,1,0,1,1,0,0,0,1,0,0,0,1,1,1,1,1,1,1,1,1,1,1,1,1,1,0,1,0,1,1,1,1,0,1
2019-20,33,Tamilnadu,3322,PUDUKKOTTAI,332211,ARANTHANGI,Urban,1,PS (I-V),4,Government Aided,5,5,3,0,2,2,5,5,0,0,3,5,0,3,0,5,5,5,5,5,5,5,5,5,5,5,5,2,5,2,5,0,5,3,4,3,0,0
2019-20,33,Tamilnadu,3322,PUDUKKOTTAI,332211,ARANTHANGI,Urban,1,PS (I-V),5,Private Unaided (Recognized),9,9,9,0,6,2,9,9,0,0,8,9,1,1,1,9,9,9,9,9,9,8,7,8,8,9,9,7,8,2,9,0,9,2,5,0,6,9
2019-20,33,Tamilnadu,3322,PUDUKKOTTAI,332211,ARANTHANGI,Urban,2,UPS (I-VIII),3,Local body,2,2,2,0,2,1,2,2,0,0,2,2,0,0,0,2,2,2,2,2,2,2,2,2,2,2,2,2,2,1,2,0,2,1,2,2,0,2
2019-20,33,Tamilnadu,3322,PUDUKKOTTAI,332211,ARANTHANGI,Urban,2,UPS (I-VIII),4,Government Aided,3,2,3,0,1,2,3,3,0,0,3,3,0,2,0,3,3,3,3,3,3,3,3,3,3,3,3,3,3,1,3,0,3,2,3,3,1,3
2019-20,33,Tamilnadu,3322,PUDUKKOTTAI,332211,ARANTHANGI,Urban,3,HSS (I-XII),5,Private Unaided (Recognized),6,6,6,0,6,3,6,6,1,0,6,6,1,3,1,6,6,6,6,6,6,6,6,6,6,6,6,6,5,1,6,3,6,3,6,5,6,6
2019-20,33,Tamilnadu,3322,PUDUKKOTTAI,332211,ARANTHANGI,Urban,5,HSS (VI-XII),1,Department of Education,2,2,2,0,2,0,2,2,0,0,2,2,0,1,1,1,1,1,1,2,2,1,1,2,2,2,2,1,2,2,2,0,2,2,2,2,2,2
2019-20,33,Tamilnadu,3322,PUDUKKOTTAI,332211,ARANTHANGI,Urban,5,HSS (VI-XII),4,Government Aided,1,1,1,0,1,1,1,1,0,0,1,1,0,0,0,1,1,1,1,1,1,1,1,1,1,1,1,1,1,0,1,0,1,1,1,1,1,1
2019-20,33,Tamilnadu,3322,PUDUKKOTTAI,332211,ARANTHANGI,Urban,6,SS (I-X),5,Private Unaided (Recognized),2,2,2,0,1,1,2,2,0,0,2,2,0,0,0,2,2,2,2,2,2,2,2,2,2,2,2,2,2,1,2,1,2,1,2,2,1,2
2019-20,33,Tamilnadu,3322,PUDUKKOTTAI,332211,ARANTHANGI,Urban,7,SS (VI-X),4,Government Aided,1,1,1,0,1,0,1,1,0,0,1,1,0,0,0,1,1,1,1,1,1,1,1,1,1,1,1,1,1,1,1,0,1,0,1,0,1,1
2019-20,33,Tamilnadu,3322,PUDUKKOTTAI,332212,MANAMELKUDI,Rural,1,PS (I-V),1,Department of Education,51,48,40,2,51,31,51,51,0,0,46,51,0,17,4,47,45,49,47,50,50,45,48,50,49,51,51,25,50,15,51,0,50,47,51,47,1,38
2019-20,33,Tamilnadu,3322,PUDUKKOTTAI,332212,MANAMELKUDI,Rural,1,PS (I-V),4,Government Aided,1,1,1,0,0,1,1,1,0,0,1,1,0,1,1,1,1,1,1,1,1,1,1,1,1,1,1,1,1,0,1,0,1,0,1,1,0,1
2019-20,33,Tamilnadu,3322,PUDUKKOTTAI,332212,MANAMELKUDI,Rural,1,PS (I-V),5,Private Unaided (Recognized),12,12,11,0,6,3,12,12,0,0,11,12,0,2,0,12,12,12,12,12,12,12,12,12,12,12,12,7,11,0,12,0,12,2,11,7,6,11
2019-20,33,Tamilnadu,3322,PUDUKKOTTAI,332212,MANAMELKUDI,Rural,1,PS (I-V),8,Unrecognized,1,1,1,0,1,1,1,1,0,0,1,1,0,0,0,1,1,1,1,1,1,1,1,1,1,1,1,1,1,1,1,0,1,1,1,1,1,1
2019-20,33,Tamilnadu,3322,PUDUKKOTTAI,332212,MANAMELKUDI,Rural,2,UPS (I-VIII),1,Department of Education,16,16,14,0,16,11,16,16,0,0,16,16,0,3,1,16,16,15,15,16,16,16,15,16,16,16,16,14,16,5,16,2,16,16,15,15,3,16
2019-20,33,Tamilnadu,3322,PUDUKKOTTAI,332212,MANAMELKUDI,Rural,2,UPS (I-VIII),4,Government Aided,1,1,1,0,1,1,1,1,0,0,1,1,0,1,0,1,1,1,1,1,1,1,1,1,1,1,1,1,1,1,1,0,1,1,1,1,0,1
2019-20,33,Tamilnadu,3322,PUDUKKOTTAI,332212,MANAMELKUDI,Rural,2,UPS (I-VIII),5,Private Unaided (Recognized),1,1,1,0,1,0,1,1,0,0,1,1,0,1,0,1,1,1,1,1,1,1,1,1,1,1,1,1,1,0,1,0,1,1,1,1,1,1
2019-20,33,Tamilnadu,3322,PUDUKKOTTAI,332212,MANAMELKUDI,Rural,3,HSS (I-XII),5,Private Unaided (Recognized),2,2,2,0,2,2,2,2,0,0,2,2,0,1,1,2,2,2,2,2,2,2,2,2,2,2,2,1,2,1,2,0,2,1,2,2,2,2
2019-20,33,Tamilnadu,3322,PUDUKKOTTAI,332212,MANAMELKUDI,Rural,5,HSS (VI-XII),1,Department of Education,7,7,6,0,7,5,7,7,2,0,7,7,0,1,0,5,5,6,6,7,7,4,5,6,6,7,7,4,5,1,7,4,7,7,7,7,7,7
2019-20,33,Tamilnadu,3322,PUDUKKOTTAI,332212,MANAMELKUDI,Rural,5,HSS (VI-XII),4,Government Aided,1,1,1,0,1,0,1,1,0,0,1,1,0,0,0,1,1,1,1,1,1,1,1,1,1,1,1,1,1,0,1,0,1,1,1,1,1,0
2019-20,33,Tamilnadu,3322,PUDUKKOTTAI,332212,MANAMELKUDI,Rural,6,SS (I-X),5,Private Unaided (Recognized),1,1,1,0,0,0,1,1,0,0,1,1,0,1,0,1,1,1,1,1,1,1,1,1,1,1,1,1,0,1,1,0,1,1,1,0,1,1
2019-20,33,Tamilnadu,3322,PUDUKKOTTAI,332212,MANAMELKUDI,Rural,7,SS (VI-X),1,Department of Education,9,6,8,0,9,6,9,9,0,0,7,9,0,8,0,8,8,9,9,9,9,8,9,9,9,9,9,5,8,3,9,6,9,8,8,8,9,9
2019-20,33,Tamilnadu,3322,PUDUKKOTTAI,332213,AVUDAIYARKOIL,Rural,1,PS (I-V),1,Department of Education,65,64,40,8,65,46,65,65,0,0,63,65,0,11,11,55,47,64,62,64,63,44,63,63,62,65,65,26,55,7,65,0,63,53,64,57,0,35
2019-20,33,Tamilnadu,3322,PUDUKKOTTAI,332213,AVUDAIYARKOIL,Rural,1,PS (I-V),2,Tribal Welfare Department,1,1,1,0,1,0,1,1,0,0,1,1,0,0,0,1,1,1,1,1,1,1,1,1,1,1,1,1,1,0,1,0,1,1,1,1,0,0
2019-20,33,Tamilnadu,3322,PUDUKKOTTAI,332213,AVUDAIYARKOIL,Rural,1,PS (I-V),4,Government Aided,4,4,4,0,2,3,4,4,0,0,4,4,0,0,1,4,4,4,4,4,4,4,4,4,4,4,4,2,4,0,4,0,4,3,4,2,0,1
2019-20,33,Tamilnadu,3322,PUDUKKOTTAI,332213,AVUDAIYARKOIL,Rural,1,PS (I-V),5,Private Unaided (Recognized),11,11,9,0,8,3,11,11,0,0,11,11,0,0,0,11,11,11,11,11,11,9,10,10,10,11,11,2,5,0,11,1,11,0,9,4,7,8
2019-20,33,Tamilnadu,3322,PUDUKKOTTAI,332213,AVUDAIYARKOIL,Rural,2,UPS (I-VIII),1,Department of Education,20,20,17,0,20,11,20,20,0,0,15,20,0,5,3,18,18,20,19,20,19,15,17,17,17,20,20,13,18,7,20,1,19,20,18,17,1,20
2019-20,33,Tamilnadu,3322,PUDUKKOTTAI,332213,AVUDAIYARKOIL,Rural,2,UPS (I-VIII),4,Government Aided,1,1,1,0,1,1,1,1,1,0,1,1,0,1,1,1,1,1,1,1,1,1,1,1,1,1,1,1,1,1,1,0,1,1,1,1,1,1
2019-20,33,Tamilnadu,3322,PUDUKKOTTAI,332213,AVUDAIYARKOIL,Rural,3,HSS (I-XII),5,Private Unaided (Recognized),3,3,3,0,3,2,3,3,0,0,3,3,1,1,0,3,3,3,3,3,3,3,3,3,3,3,3,2,3,1,3,0,3,1,3,3,3,3
2019-20,33,Tamilnadu,3322,PUDUKKOTTAI,332213,AVUDAIYARKOIL,Rural,5,HSS (VI-XII),1,Department of Education,4,4,4,0,4,2,4,4,0,0,3,4,0,2,0,4,4,4,4,4,4,4,3,4,4,4,4,4,1,0,4,3,4,2,4,4,4,4
2019-20,33,Tamilnadu,3322,PUDUKKOTTAI,332213,AVUDAIYARKOIL,Rural,5,HSS (VI-XII),4,Government Aided,1,1,1,0,1,1,1,1,0,0,1,1,0,0,0,1,1,1,1,1,1,1,1,1,1,1,1,1,1,0,1,0,1,0,1,1,1,1
2019-20,33,Tamilnadu,3322,PUDUKKOTTAI,332213,AVUDAIYARKOIL,Rural,5,HSS (VI-XII),5,Private Unaided (Recognized),1,1,1,0,1,1,1,1,0,0,1,1,0,1,1,1,1,1,1,1,1,1,1,1,1,1,1,1,1,0,1,1,1,0,1,1,1,1
2019-20,33,Tamilnadu,3322,PUDUKKOTTAI,332213,AVUDAIYARKOIL,Rural,7,SS (VI-X),1,Department of Education,6,6,3,0,6,4,6,6,1,0,4,6,1,3,0,5,4,6,6,6,6,3,4,4,4,6,6,5,4,1,6,5,6,6,6,5,6,6
2019-20,33,Tamilnadu,3322,PUDUKKOTTAI,332213,AVUDAIYARKOIL,Rural,7,SS (VI-X),4,Government Aided,1,1,1,0,0,1,1,1,0,0,1,1,0,0,0,1,1,1,1,1,1,1,1,1,1,1,1,1,1,0,1,0,1,0,1,1,0,1
