Academic_Year,State_Code,State_Name,District_Code,District_Name,Block_Code,Udise_Block_Name,Location,School_Category_Id,School_Category_Name,School_Management_Id,School_Management_Name,Total_Number_of_Schools,Building,Boundary_Wall,Single_Class_Room,Separate_Room_for_Headmaster,Land_Available,Electricity,Functional_Electricity,Solar_Panel,Furniture,Playground,Library_or_Reading_Corner_or_Book_Bank,Librarian,Newspaper,Kitchen_Garden,Boy_Toilet,Functional_Boy_Toilet,Girl_Toilet,Functional_Girl_Toilet,Toilet_Facility,Functional_Toilet_Facility,Functional_Urinal_Boy,Functional_Urinal_Girl,Functional_Urinal,Functional_Toilet_and_Urinal,Drinking_Water,Functional_Drinking_Water,Water_Purifier,Rain_Water_Harvesting,Water_Tested,Handwash,Incinerator,WASH_Facility_Drinking_Water_Toilet_and_Handwash,Ramps,Medical_Checkup,Complete_Medical_Checkup,Internet,Computer_Available
2019-20,36,Telangana,3603,MANCHERIAL,360301,JANNARAM,Rural,1,PS (I-V),2,Tribal Welfare Department,18,17,1,13,0,5,10,13,0,2,2,9,0,6,0,14,14,17,17,17,17,3,6,6,6,17,16,0,0,0,14,11,14,1,12,2,0,0
2019-20,36,Telangana,3603,MANCHERIAL,360301,JANNARAM,Rural,1,PS (I-V),3,Local body,46,46,8,7,3,26,28,38,0,0,18,33,0,15,1,45,40,45,41,46,44,23,26,28,28,46,44,0,5,3,42,36,41,46,44,13,0,2
2019-20,36,Telangana,3603,MANCHERIAL,360301,JANNARAM,Rural,1,PS (I-V),5,Private Unaided (Recognized),4,4,3,0,3,4,4,4,0,0,4,1,0,3,0,4,4,4,4,4,4,1,0,1,1,4,4,0,1,1,4,3,4,0,4,0,1,1
2019-20,36,Telangana,3603,MANCHERIAL,360301,JANNARAM,Rural,2,UPS (I-VIII),3,Local body,6,6,4,0,1,5,6,6,0,0,4,6,0,3,1,6,6,6,6,6,6,6,6,6,6,6,6,1,3,0,6,5,6,6,6,4,0,2
2019-20,36,Telangana,3603,MANCHERIAL,360301,JANNARAM,Rural,2,UPS (I-VIII),5,Private Unaided (Recognized),2,2,2,0,2,2,2,2,0,0,2,1,0,2,0,2,2,2,2,2,2,0,0,0,0,2,2,0,0,0,1,1,1,0,1,0,1,1
2019-20,36,Telangana,3603,MANCHERIAL,360301,JANNARAM,Rural,5,HSS (VI-XII),1,Department of Education,1,1,1,0,1,1,1,1,0,0,1,1,0,1,0,0,0,1,1,1,1,0,1,1,1,1,1,0,0,0,1,1,1,1,1,1,0,1
2019-20,36,Telangana,3603,MANCHERIAL,360301,JANNARAM,Rural,6,SS (I-X),2,Tribal Welfare Department,2,2,2,0,1,1,2,2,0,0,1,2,0,2,0,1,1,1,1,2,2,0,1,1,1,2,2,2,0,1,2,1,2,0,2,0,0,1
2019-20,36,Telangana,3603,MANCHERIAL,360301,JANNARAM,Rural,6,SS (I-X),5,Private Unaided (Recognized),6,6,6,0,6,4,6,6,0,0,6,5,0,6,0,6,6,6,6,6,6,2,2,2,2,6,6,1,1,1,6,5,6,6,5,0,4,4
2019-20,36,Telangana,3603,MANCHERIAL,360301,JANNARAM,Rural,7,SS (VI-X),3,Local body,12,12,7,0,5,11,12,12,1,0,10,12,0,12,2,11,11,11,11,12,12,8,8,9,9,12,12,2,1,1,12,7,12,12,12,7,3,9
2019-20,36,Telangana,3603,MANCHERIAL,360301,JANNARAM,Rural,11,HSS (XI-XII),1,Department of Education,1,1,1,0,1,1,1,1,0,0,0,1,0,1,0,1,1,1,1,1,1,0,1,1,1,1,1,0,0,0,1,0,1,1,1,0,0,1
2019-20,36,Telangana,3603,MANCHERIAL,360301,JANNARAM,Rural,11,HSS (XI-XII),5,Private Unaided (Recognized),1,1,1,0,1,1,1,1,0,0,1,1,0,1,0,1,1,1,1,1,1,1,1,1,1,1,1,0,0,0,1,0,1,1,0,0,1,1
2019-20,36,Telangana,3603,MANCHERIAL,360302,DANDEPALLE,Rural,1,PS (I-V),2,Tribal Welfare Department,13,13,4,9,0,4,10,11,0,0,4,13,0,0,2,11,11,12,12,12,12,1,1,1,1,11,10,0,0,0,13,0,10,5,7,1,0,0
2019-20,36,Telangana,3603,MANCHERIAL,360302,DANDEPALLE,Rural,1,PS (I-V),3,Local body,39,39,15,10,1,15,32,33,0,1,15,37,0,2,3,35,35,38,37,38,37,17,17,17,17,37,37,1,2,0,35,0,33,39,23,7,0,1
2019-20,36,Telangana,3603,MANCHERIAL,360302,DANDEPALLE,Rural,2,UPS (I-VIII),3,Local body,7,7,6,0,0,3,7,7,0,0,2,7,0,1,0,7,7,7,7,7,7,5,6,6,6,7,7,1,3,0,7,0,7,7,6,1,0,3
2019-20,36,Telangana,3603,MANCHERIAL,360302,DANDEPALLE,Rural,2,UPS (I-VIII),5,Private Unaided (Recognized),5,5,4,0,1,2,5,5,0,0,5,5,0,3,0,5,5,5,5,5,5,0,0,0,0,5,5,0,0,0,4,0,4,2,3,0,0,3
2019-20,36,Telangana,3603,MANCHERIAL,360302,DANDEPALLE,Rural,5,HSS (VI-XII),1,Department of Education,1,1,1,0,1,1,1,1,1,0,1,1,0,1,1,1,1,1,1,1,1,0,0,0,0,1,1,1,1,0,1,0,1,1,1,0,0,1
2019-20,36,Telangana,3603,MANCHERIAL,360302,DANDEPALLE,Rural,6,SS (I-X),5,Private Unaided (Recognized),3,3,3,0,1,2,3,3,1,0,2,3,0,3,0,3,3,3,3,3,3,3,3,3,3,3,3,1,0,0,3,0,3,3,1,0,1,2
2019-20,36,Telangana,3603,MANCHERIAL,360302,DANDEPALLE,Rural,7,SS (VI-X),1,Department of Education,1,1,1,0,0,1,1,1,0,0,1,1,0,0,1,0,0,1,1,1,1,0,1,1,1,1,1,1,1,0,1,0,1,1,1,0,0,1
2019-20,36,Telangana,3603,MANCHERIAL,360302,DANDEPALLE,Rural,7,SS (VI-X),3,Local body,9,9,8,0,4,9,9,9,0,0,8,9,0,6,3,8,8,9,9,9,9,3,4,4,4,9,9,4,3,2,8,0,8,9,9,3,2,8
2019-20,36,Telangana,3603,MANCHERIAL,360302,DANDEPALLE,Rural,11,HSS (XI-XII),1,Department of Education,1,0,1,0,0,0,1,1,0,0,0,1,1,1,0,1,1,1,1,1,1,0,0,0,0,0,0,0,0,0,1,0,0,1,0,0,0,1
2019-20,36,Telangana,3603,MANCHERIAL,360302,DANDEPALLE,Rural,11,HSS (XI-XII),5,Private Unaided (Recognized),1,1,1,0,0,0,1,1,0,0,0,1,0,0,0,1,1,1,1,1,1,1,1,1,1,1,1,0,0,0,1,0,1,1,0,0,1,1
2019-20,36,Telangana,3603,MANCHERIAL,360303,LUXETTIPET,Rural,1,PS (I-V),3,Local body,21,21,1,6,7,9,21,21,0,1,6,21,0,1,0,21,21,21,20,21,21,8,8,8,8,20,19,0,3,2,20,2,20,21,20,8,0,2
2019-20,36,Telangana,3603,MANCHERIAL,360303,LUXETTIPET,Rural,2,UPS (I-VIII),3,Local body,5,5,3,0,4,3,5,5,0,0,1,5,0,0,0,5,5,5,5,5,5,2,2,2,2,5,5,0,0,1,5,0,5,5,5,3,0,3
2019-20,36,Telangana,3603,MANCHERIAL,360303,LUXETTIPET,Rural,2,UPS (I-VIII),5,Private Unaided (Recognized),1,1,1,0,1,1,1,1,0,0,1,1,0,1,0,1,1,1,1,1,1,0,0,0,0,1,1,0,0,0,1,0,1,0,1,0,0,0
2019-20,36,Telangana,3603,MANCHERIAL,360303,LUXETTIPET,Rural,7,SS (VI-X),3,Local body,4,4,1,0,2,4,4,4,0,0,4,4,0,3,0,4,4,4,4,4,4,1,1,1,1,4,4,0,1,1,4,0,4,4,4,4,1,2
2019-20,36,Telangana,3603,MANCHERIAL,360303,LUXETTIPET,Urban,1,PS (I-V),3,Local body,15,15,2,1,5,7,14,15,0,1,6,14,0,1,1,15,14,14,13,15,14,4,4,4,4,14,14,0,3,1,12,0,11,15,11,1,0,0
2019-20,36,Telangana,3603,MANCHERIAL,360303,LUXETTIPET,Urban,2,UPS (I-VIII),5,Private Unaided (Recognized),3,3,3,0,2,1,3,3,0,0,3,2,0,2,0,3,3,3,3,3,3,2,2,2,2,3,3,1,0,0,2,0,2,1,2,0,1,3
2019-20,36,Telangana,3603,MANCHERIAL,360303,LUXETTIPET,Urban,3,HSS (I-XII),1,Department of Education,1,1,0,0,1,1,1,1,0,0,1,1,0,1,0,1,1,0,0,1,1,0,0,0,0,1,1,1,0,0,1,0,1,0,1,1,1,1
2019-20,36,Telangana,3603,MANCHERIAL,360303,LUXETTIPET,Urban,3,HSS (I-XII),90,Social welfare Department,1,1,1,0,1,1,1,1,0,0,1,1,0,1,1,0,0,1,1,1,1,0,0,0,0,1,1,1,0,0,1,0,1,0,1,0,1,1
2019-20,36,Telangana,3603,MANCHERIAL,360303,LUXETTIPET,Urban,5,HSS (VI-XII),1,Department of Education,1,1,1,0,1,1,1,1,1,0,1,1,0,1,0,0,0,1,1,1,1,0,0,0,0,1,1,1,1,1,1,0,1,1,1,1,0,1
2019-20,36,Telangana,3603,MANCHERIAL,360303,LUXETTIPET,Urban,6,SS (I-X),2,Tribal Welfare Department,2,2,2,0,2,1,2,2,1,0,1,2,0,1,0,1,1,1,1,2,2,0,0,0,0,2,2,1,0,2,2,0,2,0,2,2,0,0
2019-20,36,Telangana,3603,MANCHERIAL,360303,LUXETTIPET,Urban,6,SS (I-X),4,Government Aided,1,1,1,0,1,1,1,1,0,0,1,1,0,0,0,1,1,1,1,1,1,0,0,0,0,1,1,0,1,0,1,0,1,0,1,0,0,1
2019-20,36,Telangana,3603,MANCHERIAL,360303,LUXETTIPET,Urban,6,SS (I-X),5,Private Unaided (Recognized),7,7,7,0,7,4,7,7,1,0,7,7,1,5,0,7,7,7,6,7,7,3,3,3,3,7,7,2,1,4,7,3,7,7,6,3,3,6
2019-20,36,Telangana,3603,MANCHERIAL,360303,LUXETTIPET,Urban,7,SS (VI-X),1,Department of Education,1,1,0,0,1,1,1,1,0,0,1,1,0,1,0,1,1,0,0,1,1,1,0,1,1,1,1,0,0,0,1,0,1,1,1,1,0,1
2019-20,36,Telangana,3603,MANCHERIAL,360303,LUXETTIPET,Urban,7,SS (VI-X),3,Local body,4,4,3,0,2,4,4,4,0,0,4,4,0,4,1,2,2,3,3,4,4,1,1,2,2,4,4,0,2,2,4,0,4,4,4,2,1,2
2019-20,36,Telangana,3603,MANCHERIAL,360303,LUXETTIPET,Urban,11,HSS (XI-XII),1,Department of Education,1,1,1,0,1,1,1,1,0,0,1,1,0,1,0,1,1,1,1,1,1,0,0,0,0,1,1,0,0,0,0,0,0,1,1,0,0,1
2019-20,36,Telangana,3603,MANCHERIAL,360303,LUXETTIPET,Urban,11,HSS (XI-XII),5,Private Unaided (Recognized),3,3,3,0,3,1,3,3,0,0,1,3,0,3,0,3,3,3,3,3,3,0,0,0,0,3,2,0,0,0,2,0,2,3,3,0,1,1
2019-20,36,Telangana,3603,MANCHERIAL,360304,HAJIPUR,Rural,1,PS (I-V),2,Tribal Welfare Department,1,1,0,0,0,1,1,1,0,0,1,1,0,0,0,1,1,1,1,1,1,0,0,0,0,1,1,0,0,0,1,0,1,0,1,1,0,0
2019-20,36,Telangana,3603,MANCHERIAL,360304,HAJIPUR,Rural,1,PS (I-V),3,Local body,28,28,9,11,5,14,26,26,1,0,14,25,0,3,2,23,20,25,22,27,24,16,15,17,15,25,25,1,0,0,21,1,18,27,25,18,0,0
2019-20,36,Telangana,3603,MANCHERIAL,360304,HAJIPUR,Rural,1,PS (I-V),5,Private Unaided (Recognized),2,2,2,0,2,2,2,2,0,0,2,2,0,0,0,2,2,2,2,2,2,0,0,0,0,2,2,0,0,0,1,0,1,1,2,1,0,0
2019-20,36,Telangana,3603,MANCHERIAL,360304,HAJIPUR,Rural,2,UPS (I-VIII),3,Local body,4,4,1,0,2,4,4,4,0,0,4,4,0,2,1,4,3,4,4,4,4,3,3,3,3,4,4,0,0,0,4,0,4,4,4,4,0,0
2019-20,36,Telangana,3603,MANCHERIAL,360304,HAJIPUR,Rural,2,UPS (I-VIII),5,Private Unaided (Recognized),1,1,1,0,1,1,1,1,0,0,1,1,0,1,0,1,1,1,1,1,1,0,0,0,0,1,1,0,0,0,1,0,1,1,1,1,0,1
2019-20,36,Telangana,3603,MANCHERIAL,360304,HAJIPUR,Rural,6,SS (I-X),2,Tribal Welfare Department,1,1,1,0,1,1,1,1,0,0,1,1,0,1,0,1,1,0,0,1,1,0,0,0,0,1,1,1,0,0,1,0,1,0,1,1,0,0
2019-20,36,Telangana,3603,MANCHERIAL,360304,HAJIPUR,Rural,6,SS (I-X),5,Private Unaided (Recognized),7,7,7,0,7,6,7,7,0,0,7,7,1,6,0,7,7,7,7,7,7,5,5,5,5,7,7,2,1,1,6,0,6,7,7,6,2,3
2019-20,36,Telangana,3603,MANCHERIAL,360304,HAJIPUR,Rural,7,SS (VI-X),1,Department of Education,1,0,1,0,1,1,1,1,0,0,1,0,0,1,1,0,0,1,1,1,1,0,1,1,1,1,1,0,0,0,1,0,1,1,1,1,0,1
2019-20,36,Telangana,3603,MANCHERIAL,360304,HAJIPUR,Rural,7,SS (VI-X),3,Local body,5,5,5,0,4,5,5,5,0,0,4,5,0,5,1,5,5,5,5,5,5,4,4,4,4,5,5,2,2,0,5,0,5,5,5,5,1,3
2019-20,36,Telangana,3603,MANCHERIAL,360305,KASIPET,Rural,1,PS (I-V),2,Tribal Welfare Department,25,25,3,19,0,10,23,23,1,1,14,22,0,0,0,16,12,16,13,18,15,0,0,0,0,22,19,0,0,12,21,0,14,3,24,18,0,0
2019-20,36,Telangana,3603,MANCHERIAL,360305,KASIPET,Rural,1,PS (I-V),3,Local body,22,22,4,10,0,14,21,21,0,2,14,22,0,1,0,20,15,18,14,20,17,0,0,0,0,22,20,0,2,17,21,2,17,22,22,21,0,0
2019-20,36,Telangana,3603,MANCHERIAL,360305,KASIPET,Rural,1,PS (I-V),5,Private Unaided (Recognized),1,1,1,0,1,1,1,1,0,0,1,1,0,1,0,1,1,1,1,1,1,1,1,1,1,1,1,0,0,0,1,0,1,0,1,1,0,0
2019-20,36,Telangana,3603,MANCHERIAL,360305,KASIPET,Rural,2,UPS (I-VIII),3,Local body,3,3,0,0,0,2,3,3,0,0,2,3,0,1,0,3,3,3,3,3,3,0,0,0,0,3,2,0,0,1,3,0,3,3,3,3,0,1
2019-20,36,Telangana,3603,MANCHERIAL,360305,KASIPET,Rural,2,UPS (I-VIII),5,Private Unaided (Recognized),4,4,4,0,3,2,4,4,0,0,4,4,0,2,0,4,4,4,4,4,4,0,0,0,0,4,4,0,0,0,1,0,1,1,4,3,0,0
2019-20,36,Telangana,3603,MANCHERIAL,360305,KASIPET,Rural,3,HSS (I-XII),90,Social welfare Department,1,0,0,0,0,0,1,1,0,0,1,1,0,1,0,1,1,0,0,1,1,1,0,1,1,1,1,1,1,0,1,0,1,0,1,1,1,1
2019-20,36,Telangana,3603,MANCHERIAL,360305,KASIPET,Rural,5,HSS (VI-XII),1,Department of Education,1,1,0,0,0,1,1,1,0,0,1,0,0,1,0,1,1,1,1,1,1,0,0,0,0,1,1,0,0,1,1,1,1,0,1,1,1,1
2019-20,36,Telangana,3603,MANCHERIAL,360305,KASIPET,Rural,6,SS (I-X),2,Tribal Welfare Department,3,3,2,0,1,2,3,3,1,1,2,3,0,3,1,2,2,1,1,3,3,0,0,0,0,3,3,3,0,3,3,0,3,2,3,3,0,1
2019-20,36,Telangana,3603,MANCHERIAL,360305,KASIPET,Rural,7,SS (VI-X),1,Department of Education,1,1,1,0,1,1,1,1,1,0,1,1,0,1,1,0,0,1,1,1,1,0,0,0,0,1,1,1,0,1,1,0,1,1,1,1,1,1
2019-20,36,Telangana,3603,MANCHERIAL,360305,KASIPET,Rural,7,SS (VI-X),3,Local body,5,5,2,0,4,5,5,5,0,1,4,5,0,3,1,5,5,5,5,5,5,0,0,0,0,5,5,1,2,3,5,1,5,5,5,4,0,4
2019-20,36,Telangana,3603,MANCHERIAL,360305,KASIPET,Rural,7,SS (VI-X),4,Government Aided,1,1,1,0,1,1,1,1,0,0,1,1,1,1,0,1,1,1,1,1,1,0,0,0,0,1,1,0,0,1,1,1,1,0,1,1,0,0
2019-20,36,Telangana,3603,MANCHERIAL,360305,KASIPET,Rural,11,HSS (XI-XII),1,Department of Education,1,0,0,0,0,0,1,1,0,0,1,1,0,0,0,1,1,1,1,1,1,0,0,0,0,1,1,1,0,0,1,0,1,1,1,1,0,0
2019-20,36,Telangana,3603,MANCHERIAL,360306,TANDUR,Rural,1,PS (I-V),3,Local body,28,28,6,6,0,11,26,28,0,0,4,26,0,5,1,27,24,27,23,28,24,1,1,1,1,25,23,2,1,0,9,6,7,28,26,10,0,0
2019-20,36,Telangana,3603,MANCHERIAL,360306,TANDUR,Rural,1,PS (I-V),5,Private Unaided (Recognized),2,2,2,0,2,2,2,2,0,0,1,2,0,1,0,2,2,2,2,2,2,0,0,0,0,2,2,2,1,2,1,0,1,1,1,1,0,1
2019-20,36,Telangana,3603,MANCHERIAL,360306,TANDUR,Rural,2,UPS (I-VIII),3,Local body,5,5,2,0,0,3,5,5,0,0,1,5,0,0,1,4,4,5,5,5,5,1,1,1,1,5,5,1,1,0,3,0,3,5,5,2,0,0
2019-20,36,Telangana,3603,MANCHERIAL,360306,TANDUR,Rural,2,UPS (I-VIII),5,Private Unaided (Recognized),1,1,1,0,1,1,1,1,0,0,1,1,0,1,0,1,1,1,1,1,1,0,0,0,0,1,1,0,0,0,0,0,0,1,1,0,0,0
2019-20,36,Telangana,3603,MANCHERIAL,360306,TANDUR,Rural,3,HSS (I-XII),1,Department of Education,1,1,1,0,1,0,1,1,0,1,0,1,0,1,0,1,1,0,0,1,1,1,0,1,1,1,1,1,1,1,1,0,1,0,0,0,0,0
2019-20,36,Telangana,3603,MANCHERIAL,360306,TANDUR,Rural,5,HSS (VI-XII),1,Department of Education,1,1,1,0,1,1,1,1,1,0,0,1,0,1,1,0,0,1,1,1,1,0,0,0,0,1,1,0,0,1,1,0,1,1,1,0,0,1
2019-20,36,Telangana,3603,MANCHERIAL,360306,TANDUR,Rural,6,SS (I-X),5,Private Unaided (Recognized),2,2,2,0,1,1,2,2,0,0,2,2,0,2,0,2,1,2,1,2,1,1,1,1,1,2,2,1,0,0,2,0,1,2,1,1,1,2
2019-20,36,Telangana,3603,MANCHERIAL,360306,TANDUR,Rural,7,SS (VI-X),3,Local body,5,5,3,0,2,5,5,5,0,1,5,5,0,4,2,5,5,5,5,5,5,1,1,1,1,5,5,3,0,1,4,0,4,5,5,4,3,5
2019-20,36,Telangana,3603,MANCHERIAL,360306,TANDUR,Rural,7,SS (VI-X),5,Private Unaided (Recognized),1,1,1,0,1,1,1,1,0,0,1,1,0,1,0,1,1,1,1,1,1,0,0,0,0,1,1,1,1,1,1,1,1,1,1,1,1,1
2019-20,36,Telangana,3603,MANCHERIAL,360306,TANDUR,Rural,11,HSS (XI-XII),5,Private Unaided (Recognized),1,1,1,0,0,1,1,1,0,0,1,1,0,1,0,0,0,1,1,1,1,0,0,0,0,1,1,1,0,1,1,0,1,1,1,0,0,0
2019-20,36,Telangana,3603,MANCHERIAL,360307,BHEEMINI,Rural,1,PS (I-V),3,Local body,23,22,0,7,0,12,9,11,0,0,9,20,0,2,6,19,17,21,19,21,19,6,4,6,6,12,8,0,0,0,19,0,11,23,21,18,0,0
2019-20,36,Telangana,3603,MANCHERIAL,360307,BHEEMINI,Rural,2,UPS (I-VIII),3,Local body,4,4,0,0,0,1,4,4,0,0,1,4,0,1,1,4,4,4,4,4,4,2,2,2,2,4,3,0,1,0,4,0,4,4,4,2,0,1
2019-20,36,Telangana,3603,MANCHERIAL,360307,BHEEMINI,Rural,2,UPS (I-VIII),5,Private Unaided (Recognized),1,1,1,0,1,1,1,1,0,0,1,0,0,0,0,1,1,1,1,1,1,0,0,0,0,1,1,0,0,0,1,0,1,0,1,1,0,0
2019-20,36,Telangana,3603,MANCHERIAL,360307,BHEEMINI,Rural,7,SS (VI-X),1,Department of Education,1,1,1,0,1,1,1,1,0,0,1,1,0,1,1,0,0,1,1,1,1,0,0,0,0,1,1,1,1,1,1,1,1,1,1,1,1,1
2019-20,36,Telangana,3603,MANCHERIAL,360307,BHEEMINI,Rural,7,SS (VI-X),3,Local body,3,3,1,0,0,2,3,3,0,0,1,3,0,1,1,2,2,3,3,3,3,0,0,0,0,2,2,0,1,0,3,0,2,3,3,2,2,3
2019-20,36,Telangana,3603,MANCHERIAL,360308,KANNEPALLI,Rural,1,PS (I-V),3,Local body,30,30,4,8,1,17,16,26,0,1,8,28,0,1,0,21,17,23,17,26,20,4,5,6,5,23,17,0,0,0,26,0,17,30,28,23,0,0
2019-20,36,Telangana,3603,MANCHERIAL,360308,KANNEPALLI,Rural,2,UPS (I-VIII),3,Local body,3,3,1,0,0,2,3,3,0,0,2,3,0,0,0,2,2,3,3,3,3,1,1,1,1,3,2,0,0,0,3,0,3,3,3,3,0,2
2019-20,36,Telangana,3603,MANCHERIAL,360308,KANNEPALLI,Rural,2,UPS (I-VIII),5,Private Unaided (Recognized),3,3,3,0,3,3,3,3,0,0,3,3,0,3,0,3,3,3,3,3,3,0,0,0,0,3,3,0,1,0,2,0,2,0,2,2,1,1
2019-20,36,Telangana,3603,MANCHERIAL,360308,KANNEPALLI,Rural,7,SS (VI-X),1,Department of Education,1,1,1,0,0,0,1,1,0,0,0,1,0,1,0,0,0,1,1,1,1,0,0,0,0,1,1,0,0,0,1,0,1,1,1,1,0,0
2019-20,36,Telangana,3603,MANCHERIAL,360308,KANNEPALLI,Rural,7,SS (VI-X),3,Local body,3,3,2,0,2,2,3,3,0,0,3,3,0,2,0,3,2,3,2,3,2,0,0,0,0,2,2,2,0,1,2,0,1,3,3,3,2,2
2019-20,36,Telangana,3603,MANCHERIAL,360308,KANNEPALLI,Rural,7,SS (VI-X),5,Private Unaided (Recognized),1,1,1,0,1,1,1,1,0,0,1,1,0,0,0,1,1,1,1,1,1,0,0,0,0,1,1,0,0,0,1,0,1,1,1,1,0,0
2019-20,36,Telangana,3603,MANCHERIAL,360309,VEMANPALLE,Rural,1,PS (I-V),3,Local body,23,22,5,9,3,15,22,23,0,0,7,23,0,1,0,18,13,10,7,19,14,3,1,3,3,19,16,0,0,0,22,0,12,23,22,15,0,0
2019-20,36,Telangana,3603,MANCHERIAL,360309,VEMANPALLE,Rural,1,PS (I-V),5,Private Unaided (Recognized),1,1,0,0,0,1,1,1,0,0,1,0,0,1,0,1,1,1,1,1,1,1,1,1,1,1,1,0,0,0,1,0,1,1,1,0,0,0
2019-20,36,Telangana,3603,MANCHERIAL,360309,VEMANPALLE,Rural,2,UPS (I-VIII),3,Local body,6,6,3,0,1,5,6,6,0,0,4,6,0,0,0,4,3,5,5,5,5,2,4,4,3,5,5,0,1,0,6,0,4,6,6,4,0,0
2019-20,36,Telangana,3603,MANCHERIAL,360309,VEMANPALLE,Rural,2,UPS (I-VIII),5,Private Unaided (Recognized),2,2,0,0,1,2,2,2,1,0,2,2,0,2,0,2,2,2,2,2,2,0,1,1,1,2,2,1,0,1,2,0,2,2,1,0,1,1
2019-20,36,Telangana,3603,MANCHERIAL,360309,VEMANPALLE,Rural,6,SS (I-X),2,Tribal Welfare Department,1,1,0,0,0,1,1,1,0,0,1,1,0,1,0,1,1,0,0,1,1,1,0,1,1,1,1,1,0,1,1,0,1,1,1,1,0,1
2019-20,36,Telangana,3603,MANCHERIAL,360309,VEMANPALLE,Rural,7,SS (VI-X),1,Department of Education,1,1,1,0,1,1,1,1,1,0,1,1,0,1,1,0,0,1,1,1,1,0,1,1,1,1,1,1,0,1,1,0,1,1,1,1,0,1
2019-20,36,Telangana,3603,MANCHERIAL,360309,VEMANPALLE,Rural,7,SS (VI-X),3,Local body,2,2,2,0,1,2,2,2,0,0,2,2,0,2,0,2,1,2,2,2,2,1,1,1,1,2,2,1,0,1,2,0,2,2,2,2,0,1
2019-20,36,Telangana,3603,MANCHERIAL,360310,NENNAL,Rural,1,PS (I-V),3,Local body,20,20,6,4,1,14,19,20,0,1,6,18,0,0,5,17,17,19,19,20,20,8,11,11,11,20,18,1,2,9,15,2,15,20,18,12,0,0
2019-20,36,Telangana,3603,MANCHERIAL,360310,NENNAL,Rural,1,PS (I-V),5,Private Unaided (Recognized),1,1,0,0,1,1,1,1,0,0,1,1,0,1,0,1,1,1,1,1,1,0,0,0,0,1,1,0,0,1,1,0,1,1,1,1,0,0
2019-20,36,Telangana,3603,MANCHERIAL,360310,NENNAL,Rural,2,UPS (I-VIII),3,Local body,7,7,0,0,1,7,7,7,0,0,4,6,0,0,1,6,5,7,7,7,7,3,3,3,3,7,6,1,2,3,7,1,7,7,6,5,0,2
2019-20,36,Telangana,3603,MANCHERIAL,360310,NENNAL,Rural,2,UPS (I-VIII),5,Private Unaided (Recognized),1,1,1,1,1,1,1,1,0,0,1,0,0,0,0,1,1,1,1,1,1,0,0,0,0,1,1,0,0,1,1,1,1,1,1,0,0,0
2019-20,36,Telangana,3603,MANCHERIAL,360310,NENNAL,Rural,6,SS (I-X),2,Tribal Welfare Department,2,2,1,0,2,2,2,2,0,0,2,2,0,0,1,1,1,1,1,2,2,0,0,0,0,2,2,2,0,2,1,0,1,2,2,2,0,1
2019-20,36,Telangana,3603,MANCHERIAL,360310,NENNAL,Rural,7,SS (VI-X),1,Department of Education,1,1,1,0,1,1,1,1,0,0,1,0,0,1,1,0,0,1,1,1,1,0,1,1,1,1,1,1,0,1,1,0,1,1,1,1,0,1
2019-20,36,Telangana,3603,MANCHERIAL,360310,NENNAL,Rural,7,SS (VI-X),3,Local body,5,5,3,0,3,5,5,5,0,0,5,5,1,3,2,5,5,5,5,5,5,3,3,3,3,5,5,1,3,2,4,0,4,5,4,2,0,3
2019-20,36,Telangana,3603,MANCHERIAL,360311,BELLAMPALLE,Rural,1,PS (I-V),3,Local body,22,22,9,12,0,14,21,22,0,2,2,20,0,1,0,20,18,22,21,22,21,9,10,10,10,22,15,0,3,1,16,5,15,22,18,1,0,0
2019-20,36,Telangana,3603,MANCHERIAL,360311,BELLAMPALLE,Rural,2,UPS (I-VIII),3,Local body,5,5,2,0,0,2,5,5,0,0,0,5,0,0,0,5,5,5,5,5,5,3,3,3,3,5,5,0,0,0,5,2,5,5,5,0,0,2
2019-20,36,Telangana,3603,MANCHERIAL,360311,BELLAMPALLE,Rural,2,UPS (I-VIII),5,Private Unaided (Recognized),3,3,3,0,2,2,3,3,0,0,3,2,0,2,0,3,3,3,3,3,3,1,1,1,1,3,3,0,1,0,2,0,2,1,2,1,1,1
2019-20,36,Telangana,3603,MANCHERIAL,360311,BELLAMPALLE,Rural,3,HSS (I-XII),1,Department of Education,1,1,1,0,1,1,1,1,0,0,1,1,0,1,0,1,1,0,0,1,1,0,0,0,0,1,1,1,0,1,1,0,1,0,1,0,1,0
2019-20,36,Telangana,3603,MANCHERIAL,360311,BELLAMPALLE,Rural,3,HSS (I-XII),90,Social welfare Department,2,2,2,0,2,2,2,2,0,0,2,2,0,2,2,1,1,1,1,2,2,1,0,1,1,2,2,2,1,0,1,1,1,2,2,0,2,2
2019-20,36,Telangana,3603,MANCHERIAL,360311,BELLAMPALLE,Rural,6,SS (I-X),2,Tribal Welfare Department,1,1,1,0,1,1,1,1,0,0,1,0,0,1,0,1,1,0,0,1,1,1,0,1,1,1,1,0,0,0,1,0,1,0,1,1,0,1
2019-20,36,Telangana,3603,MANCHERIAL,360311,BELLAMPALLE,Rural,7,SS (VI-X),1,Department of Education,1,1,1,0,1,1,1,1,0,0,1,1,0,1,0,0,0,1,1,1,1,0,1,1,1,1,1,1,0,0,1,0,1,0,1,1,1,1
2019-20,36,Telangana,3603,MANCHERIAL,360311,BELLAMPALLE,Rural,7,SS (VI-X),3,Local body,4,4,3,0,4,4,4,4,0,0,1,4,0,4,0,3,3,4,4,4,4,2,3,3,3,4,4,1,1,0,4,0,4,4,4,1,1,3
2019-20,36,Telangana,3603,MANCHERIAL,360311,BELLAMPALLE,Urban,1,PS (I-V),3,Local body,14,13,7,6,4,8,13,14,0,3,4,14,0,0,0,10,10,13,13,13,13,4,5,5,5,14,14,0,0,1,10,5,9,14,12,1,0,1
2019-20,36,Telangana,3603,MANCHERIAL,360311,BELLAMPALLE,Urban,1,PS (I-V),4,Government Aided,1,1,1,0,1,1,1,1,1,0,1,1,0,1,0,1,1,1,1,1,1,0,0,0,0,1,1,0,1,0,1,0,1,1,1,0,0,0
2019-20,36,Telangana,3603,MANCHERIAL,360311,BELLAMPALLE,Urban,1,PS (I-V),98,Madarsa unrecognized,1,1,1,0,0,0,1,1,0,0,0,0,0,0,0,1,1,0,0,1,1,0,0,0,0,1,1,0,0,0,1,0,1,0,0,0,0,0
2019-20,36,Telangana,3603,MANCHERIAL,360311,BELLAMPALLE,Urban,2,UPS (I-VIII),3,Local body,1,1,0,0,0,1,1,1,0,0,1,1,0,0,0,1,1,1,1,1,1,1,1,1,1,1,1,0,0,0,1,0,1,1,1,0,0,0
2019-20,36,Telangana,3603,MANCHERIAL,360311,BELLAMPALLE,Urban,2,UPS (I-VIII),5,Private Unaided (Recognized),12,12,11,0,11,7,12,12,0,0,9,11,0,6,0,12,12,12,12,12,12,9,9,9,9,12,12,2,2,2,10,6,10,2,8,2,3,8
2019-20,36,Telangana,3603,MANCHERIAL,360311,BELLAMPALLE,Urban,6,SS (I-X),1,Department of Education,2,2,2,0,1,0,2,2,0,0,0,2,1,2,1,0,0,2,2,2,2,0,1,1,1,2,2,0,0,0,2,1,2,2,1,0,2,2
2019-20,36,Telangana,3603,MANCHERIAL,360311,BELLAMPALLE,Urban,6,SS (I-X),5,Private Unaided (Recognized),12,12,12,0,10,5,12,12,1,0,12,12,0,7,0,12,12,12,12,12,12,4,4,4,4,12,11,3,1,3,10,2,10,12,8,1,7,7
2019-20,36,Telangana,3603,MANCHERIAL,360311,BELLAMPALLE,Urban,7,SS (VI-X),1,Department of Education,1,1,1,0,0,1,1,1,0,0,1,1,0,1,0,1,1,1,1,1,1,0,0,0,0,1,1,1,0,0,1,1,1,1,1,1,0,0
2019-20,36,Telangana,3603,MANCHERIAL,360311,BELLAMPALLE,Urban,7,SS (VI-X),3,Local body,6,6,6,0,4,5,6,6,0,0,6,6,0,4,0,6,6,6,5,6,6,3,3,3,3,6,6,1,0,0,6,0,6,6,6,3,1,5
2019-20,36,Telangana,3603,MANCHERIAL,360311,BELLAMPALLE,Urban,7,SS (VI-X),4,Government Aided,1,1,1,0,1,0,1,1,0,0,1,1,0,1,0,1,1,1,1,1,1,0,0,0,0,1,1,0,0,0,1,1,1,0,1,0,0,0
2019-20,36,Telangana,3603,MANCHERIAL,360311,BELLAMPALLE,Urban,11,HSS (XI-XII),1,Department of Education,2,2,2,0,2,1,2,2,0,0,2,2,0,1,0,1,1,2,2,2,2,0,1,1,1,2,2,1,0,0,1,0,1,2,1,0,1,2
2019-20,36,Telangana,3603,MANCHERIAL,360311,BELLAMPALLE,Urban,11,HSS (XI-XII),5,Private Unaided (Recognized),2,2,2,0,2,1,2,2,0,0,2,2,0,1,0,2,2,2,2,2,2,0,0,0,0,2,1,0,0,0,0,0,0,2,1,0,2,2
2019-20,36,Telangana,3603,MANCHERIAL,360312,MANDAMARRI,Rural,1,PS (I-V),1,Department of Education,1,1,1,0,0,0,1,1,0,0,0,1,0,0,0,1,1,1,1,1,1,0,0,0,0,1,1,0,0,0,0,0,0,1,1,1,0,0
2019-20,36,Telangana,3603,MANCHERIAL,360312,MANDAMARRI,Rural,1,PS (I-V),2,Tribal Welfare Department,1,1,0,0,0,1,1,1,0,0,1,1,0,0,0,1,0,1,0,1,0,0,0,0,0,1,1,0,0,0,0,1,0,0,1,0,0,0
2019-20,36,Telangana,3603,MANCHERIAL,360312,MANDAMARRI,Rural,1,PS (I-V),3,Local body,6,6,0,3,0,4,6,6,0,1,1,6,0,0,0,5,5,6,6,6,6,0,0,0,0,6,5,0,0,1,4,0,4,6,6,2,0,0
2019-20,36,Telangana,3603,MANCHERIAL,360312,MANDAMARRI,Rural,2,UPS (I-VIII),3,Local body,7,7,3,0,1,4,7,7,0,1,3,7,0,0,1,7,5,6,6,7,6,2,2,2,2,7,7,0,0,0,6,2,5,7,7,6,0,3
2019-20,36,Telangana,3603,MANCHERIAL,360312,MANDAMARRI,Rural,6,SS (I-X),5,Private Unaided (Recognized),2,2,2,0,2,2,2,2,0,0,2,2,0,2,0,2,2,2,2,2,2,0,0,0,0,2,2,0,0,0,2,1,2,2,2,2,0,0
2019-20,36,Telangana,3603,MANCHERIAL,360312,MANDAMARRI,Rural,7,SS (VI-X),1,Department of Education,1,1,1,0,1,1,1,1,1,0,1,1,1,0,1,0,0,1,1,1,1,0,0,0,0,1,1,0,0,0,1,1,1,1,0,0,1,1
2019-20,36,Telangana,3603,MANCHERIAL,360312,MANDAMARRI,Rural,7,SS (VI-X),3,Local body,1,1,1,0,0,1,1,1,0,0,1,1,0,1,0,1,1,1,1,1,1,0,0,0,0,1,1,1,0,1,1,1,1,1,1,0,1,1
2019-20,36,Telangana,3603,MANCHERIAL,360312,MANDAMARRI,Rural,11,HSS (XI-XII),5,Private Unaided (Recognized),1,1,1,0,1,1,1,1,0,0,1,1,0,1,0,0,0,1,1,1,1,0,1,1,1,1,1,0,0,0,1,1,1,1,0,0,1,1
2019-20,36,Telangana,3603,MANCHERIAL,360312,MANDAMARRI,Urban,1,PS (I-V),3,Local body,17,17,5,3,0,9,16,16,0,1,3,17,0,4,1,15,11,15,10,17,13,5,4,5,5,14,13,1,1,4,14,1,11,16,17,9,0,0
2019-20,36,Telangana,3603,MANCHERIAL,360312,MANDAMARRI,Urban,1,PS (I-V),4,Government Aided,2,2,2,0,2,2,2,2,0,0,2,2,0,1,0,2,2,2,2,2,2,1,1,1,1,2,2,1,0,0,2,0,2,2,2,2,0,0
2019-20,36,Telangana,3603,MANCHERIAL,360312,MANDAMARRI,Urban,2,UPS (I-VIII),3,Local body,4,4,3,0,1,3,4,4,0,0,3,4,0,1,0,4,3,4,3,4,3,1,1,1,1,4,4,0,0,2,4,2,3,4,4,4,0,0
2019-20,36,Telangana,3603,MANCHERIAL,360312,MANDAMARRI,Urban,2,UPS (I-VIII),5,Private Unaided (Recognized),6,6,6,0,6,5,6,6,1,0,6,6,0,3,0,6,6,6,6,6,6,1,1,1,1,6,6,0,0,0,5,3,5,2,6,2,1,1
2019-20,36,Telangana,3603,MANCHERIAL,360312,MANDAMARRI,Urban,3,HSS (I-XII),90,Social welfare Department,1,1,1,0,1,1,1,1,0,0,1,1,1,1,1,0,0,1,1,1,1,0,1,1,1,1,1,1,0,1,1,0,1,0,1,1,1,1
2019-20,36,Telangana,3603,MANCHERIAL,360312,MANDAMARRI,Urban,5,HSS (VI-XII),1,Department of Education,2,2,2,0,2,2,2,2,1,0,2,2,0,2,1,1,1,2,2,2,2,0,1,1,1,2,2,2,1,0,2,0,2,2,2,1,1,2
2019-20,36,Telangana,3603,MANCHERIAL,360312,MANDAMARRI,Urban,6,SS (I-X),5,Private Unaided (Recognized),15,15,14,0,15,12,15,15,2,0,15,15,2,15,0,15,15,15,15,15,15,9,9,9,9,15,15,3,2,5,15,12,15,15,13,3,10,9
2019-20,36,Telangana,3603,MANCHERIAL,360312,MANDAMARRI,Urban,7,SS (VI-X),3,Local body,4,4,2,0,3,4,4,4,0,0,4,4,0,3,0,3,3,4,4,4,4,1,1,1,1,4,4,1,0,0,4,0,4,4,4,3,1,4
2019-20,36,Telangana,3603,MANCHERIAL,360312,MANDAMARRI,Urban,7,SS (VI-X),4,Government Aided,2,2,2,0,2,2,2,2,0,0,2,2,0,2,0,2,2,2,2,2,2,0,0,0,0,2,2,0,0,0,2,0,2,1,2,2,0,1
2019-20,36,Telangana,3603,MANCHERIAL,360312,MANDAMARRI,Urban,7,SS (VI-X),5,Private Unaided (Recognized),1,1,1,0,1,1,1,1,0,0,0,1,0,0,0,1,1,1,1,1,1,0,0,0,0,1,1,0,0,0,1,0,1,1,1,1,0,0
2019-20,36,Telangana,3603,MANCHERIAL,360312,MANDAMARRI,Urban,11,HSS (XI-XII),1,Department of Education,1,1,1,0,0,1,1,1,0,0,1,1,0,1,1,1,1,1,1,1,1,1,1,1,1,1,1,0,0,0,1,1,1,1,1,1,1,1
2019-20,36,Telangana,3603,MANCHERIAL,360312,MANDAMARRI,Urban,11,HSS (XI-XII),5,Private Unaided (Recognized),2,2,2,0,2,2,2,2,0,0,2,2,1,1,0,1,1,2,2,2,2,0,1,1,1,2,2,1,0,0,2,1,2,2,1,0,0,1
2019-20,36,Telangana,3603,MANCHERIAL,360313,MANCHERIAL,Urban,1,PS (I-V),1,Department of Education,21,20,10,4,1,10,18,18,0,1,6,18,0,2,0,18,17,19,19,21,21,7,7,9,9,20,20,1,0,0,20,0,19,17,20,14,0,0
2019-20,36,Telangana,3603,MANCHERIAL,360313,MANCHERIAL,Urban,1,PS (I-V),5,Private Unaided (Recognized),3,3,3,0,2,1,3,3,0,0,3,3,0,1,0,3,3,3,3,3,3,3,3,3,3,3,3,1,0,0,3,1,3,1,2,0,3,3
2019-20,36,Telangana,3603,MANCHERIAL,360313,MANCHERIAL,Urban,1,PS (I-V),98,Madarsa unrecognized,2,2,2,2,0,0,2,2,0,0,0,0,0,0,0,2,2,2,2,2,2,0,0,0,0,2,2,0,0,0,2,0,2,0,0,0,0,0
2019-20,36,Telangana,3603,MANCHERIAL,360313,MANCHERIAL,Urban,2,UPS (I-VIII),1,Department of Education,2,2,2,0,0,0,2,2,0,0,0,1,0,1,0,2,2,1,1,2,2,0,0,0,0,2,2,0,0,0,2,0,2,1,2,1,0,0
2019-20,36,Telangana,3603,MANCHERIAL,360313,MANCHERIAL,Urban,2,UPS (I-VIII),4,Government Aided,2,2,2,0,2,0,2,2,0,0,2,2,0,1,0,2,2,2,2,2,2,0,0,0,0,2,2,0,0,0,2,0,2,1,2,0,0,0
2019-20,36,Telangana,3603,MANCHERIAL,360313,MANCHERIAL,Urban,2,UPS (I-VIII),5,Private Unaided (Recognized),17,17,17,0,17,11,17,17,0,0,16,15,3,16,0,17,17,17,17,17,17,3,3,3,3,17,17,2,1,1,13,0,13,5,17,14,3,11
2019-20,36,Telangana,3603,MANCHERIAL,360313,MANCHERIAL,Urban,3,HSS (I-XII),90,Social welfare Department,1,1,1,0,1,1,1,1,0,0,1,1,1,1,1,1,1,0,0,1,1,0,0,0,0,1,1,0,0,0,1,0,1,0,1,1,1,1
2019-20,36,Telangana,3603,MANCHERIAL,360313,MANCHERIAL,Urban,5,HSS (VI-XII),1,Department of Education,2,2,2,0,1,2,2,2,1,0,2,2,0,2,0,1,1,2,2,2,2,1,1,1,1,2,2,0,1,0,2,0,2,2,2,2,1,2
2019-20,36,Telangana,3603,MANCHERIAL,360313,MANCHERIAL,Urban,6,SS (I-X),1,Department of Education,2,2,2,0,1,1,2,2,0,0,2,2,0,2,0,0,0,2,2,2,2,0,1,1,1,2,2,0,0,0,2,1,2,1,1,1,1,0
2019-20,36,Telangana,3603,MANCHERIAL,360313,MANCHERIAL,Urban,6,SS (I-X),2,Tribal Welfare Department,1,1,1,0,0,1,1,1,0,0,1,1,0,1,0,0,0,1,1,1,1,0,1,1,1,1,1,1,0,0,1,0,1,0,1,0,0,0
2019-20,36,Telangana,3603,MANCHERIAL,360313,MANCHERIAL,Urban,6,SS (I-X),4,Government Aided,1,1,1,0,1,1,1,1,0,0,1,1,0,0,0,1,1,1,1,1,1,0,0,0,0,1,1,0,0,0,1,0,1,1,1,0,0,1
2019-20,36,Telangana,3603,MANCHERIAL,360313,MANCHERIAL,Urban,6,SS (I-X),5,Private Unaided (Recognized),27,27,25,0,27,19,27,27,1,0,24,27,7,21,0,27,27,27,27,27,27,13,13,13,13,27,27,13,5,4,25,0,25,26,25,19,18,23
2019-20,36,Telangana,3603,MANCHERIAL,360313,MANCHERIAL,Urban,6,SS (I-X),92,Kendriya Vidyalaya / Central School,1,1,1,0,1,1,1,1,0,0,1,1,0,1,0,1,1,1,1,1,1,0,0,0,0,1,1,1,0,0,1,0,1,1,1,1,0,1
2019-20,36,Telangana,3603,MANCHERIAL,360313,MANCHERIAL,Urban,7,SS (VI-X),1,Department of Education,4,4,2,0,4,4,4,4,0,0,3,4,0,3,0,4,4,4,4,4,4,1,1,1,1,4,4,0,0,0,4,0,4,4,4,4,0,3
2019-20,36,Telangana,3603,MANCHERIAL,360313,MANCHERIAL,Urban,7,SS (VI-X),3,Local body,2,2,2,0,2,1,2,2,0,0,2,2,0,2,0,1,1,2,2,2,2,0,1,1,1,2,2,0,0,0,2,0,2,2,2,2,0,2
2019-20,36,Telangana,3603,MANCHERIAL,360313,MANCHERIAL,Urban,7,SS (VI-X),4,Government Aided,1,1,1,0,0,1,1,1,0,0,1,1,0,0,0,1,1,1,1,1,1,0,0,0,0,1,1,0,0,0,1,0,1,0,1,0,0,0
2019-20,36,Telangana,3603,MANCHERIAL,360313,MANCHERIAL,Urban,7,SS (VI-X),5,Private Unaided (Recognized),3,3,3,0,3,1,3,3,0,0,3,3,0,2,0,3,3,3,3,3,3,2,2,2,2,3,3,1,0,0,3,0,3,3,3,2,1,3
2019-20,36,Telangana,3603,MANCHERIAL,360313,MANCHERIAL,Urban,11,HSS (XI-XII),1,Department of Education,1,1,0,0,0,1,1,1,0,0,1,0,0,1,0,1,1,1,1,1,1,0,0,0,0,1,1,0,0,0,0,0,0,1,0,0,0,1
2019-20,36,Telangana,3603,MANCHERIAL,360313,MANCHERIAL,Urban,11,HSS (XI-XII),5,Private Unaided (Recognized),10,10,8,0,6,4,10,10,0,0,7,10,0,4,0,10,10,10,10,10,10,1,1,1,1,10,10,0,0,0,8,0,8,10,3,0,9,9
2019-20,36,Telangana,3603,MANCHERIAL,360314,NASPUR,Urban,1,PS (I-V),3,Local body,11,11,5,2,0,6,9,9,0,0,6,9,0,1,0,9,8,11,11,11,11,4,3,4,4,8,7,0,0,0,9,2,7,9,11,10,0,0
2019-20,36,Telangana,3603,MANCHERIAL,360314,NASPUR,Urban,1,PS (I-V),4,Government Aided,1,1,1,0,0,0,1,1,0,0,1,1,0,1,0,1,1,1,1,1,1,0,0,0,0,1,1,0,0,0,1,0,1,1,1,1,0,0
2019-20,36,Telangana,3603,MANCHERIAL,360314,NASPUR,Urban,1,PS (I-V),5,Private Unaided (Recognized),2,2,2,0,0,1,2,2,0,0,1,1,0,1,0,2,2,2,2,2,2,0,0,0,0,2,2,0,1,0,2,0,2,0,1,1,0,0
2019-20,36,Telangana,3603,MANCHERIAL,360314,NASPUR,Urban,1,PS (I-V),98,Madarsa unrecognized,1,1,0,0,0,0,1,1,0,0,0,1,0,0,0,1,1,1,1,1,1,0,0,0,0,1,1,0,0,0,1,0,1,0,0,0,0,0
2019-20,36,Telangana,3603,MANCHERIAL,360314,NASPUR,Urban,2,UPS (I-VIII),3,Local body,2,2,2,0,0,0,2,2,0,0,0,2,0,0,0,2,2,2,2,2,2,0,0,0,0,1,1,0,0,0,2,0,1,2,2,2,0,1
2019-20,36,Telangana,3603,MANCHERIAL,360314,NASPUR,Urban,2,UPS (I-VIII),5,Private Unaided (Recognized),5,5,5,0,3,4,5,5,0,0,5,4,0,2,0,5,5,5,5,5,5,1,1,1,1,5,5,0,0,1,5,0,5,0,3,2,0,0
2019-20,36,Telangana,3603,MANCHERIAL,360314,NASPUR,Urban,6,SS (I-X),1,Department of Education,1,1,0,0,0,0,1,1,0,0,1,0,0,1,0,1,1,0,0,1,1,0,0,0,0,1,1,0,0,0,1,0,1,0,1,0,1,1
2019-20,36,Telangana,3603,MANCHERIAL,360314,NASPUR,Urban,6,SS (I-X),5,Private Unaided (Recognized),14,14,14,0,4,13,14,14,2,0,14,14,2,7,0,14,14,14,14,14,14,3,2,3,3,14,14,1,1,3,13,3,13,14,12,9,6,8
2019-20,36,Telangana,3603,MANCHERIAL,360314,NASPUR,Urban,7,SS (VI-X),1,Department of Education,1,1,0,0,1,0,1,1,0,0,1,0,0,1,0,0,0,1,1,1,1,0,1,1,1,1,1,0,0,0,1,0,1,0,1,1,0,1
2019-20,36,Telangana,3603,MANCHERIAL,360314,NASPUR,Urban,7,SS (VI-X),3,Local body,3,3,3,0,1,3,3,3,0,0,3,3,0,3,0,3,3,3,3,3,3,1,1,1,1,3,3,0,0,1,3,0,3,3,3,3,1,3
2019-20,36,Telangana,3603,MANCHERIAL,360314,NASPUR,Urban,7,SS (VI-X),4,Government Aided,1,1,1,0,0,1,1,1,0,0,1,1,0,0,0,1,1,1,1,1,1,0,0,0,0,1,1,0,0,0,1,0,1,0,1,1,0,0
2019-20,36,Telangana,3603,MANCHERIAL,360314,NASPUR,Urban,7,SS (VI-X),5,Private Unaided (Recognized),1,1,1,0,0,1,1,1,0,0,1,1,0,0,0,1,1,1,1,1,1,1,1,1,1,1,1,0,0,0,1,0,1,1,1,0,1,1
2019-20,36,Telangana,3603,MANCHERIAL,360315,JAIPUR,Rural,1,PS (I-V),3,Local body,23,23,7,3,1,16,22,22,0,1,21,22,0,9,1,23,22,23,22,23,23,7,6,7,7,22,21,1,5,0,21,0,21,22,22,18,0,0
2019-20,36,Telangana,3603,MANCHERIAL,360315,JAIPUR,Rural,1,PS (I-V),5,Private Unaided (Recognized),1,1,1,0,1,1,1,1,0,0,1,1,0,1,0,1,1,1,1,1,1,0,0,0,0,1,1,0,1,0,1,0,1,1,1,1,0,0
2019-20,36,Telangana,3603,MANCHERIAL,360315,JAIPUR,Rural,2,UPS (I-VIII),3,Local body,9,9,2,0,1,8,9,9,0,0,6,9,0,3,0,9,9,9,9,9,9,3,3,3,3,9,9,0,3,0,9,0,9,9,9,8,0,2
2019-20,36,Telangana,3603,MANCHERIAL,360315,JAIPUR,Rural,2,UPS (I-VIII),5,Private Unaided (Recognized),3,3,3,0,2,2,3,3,0,0,3,3,0,1,0,3,3,3,3,3,3,0,0,0,0,3,3,0,0,0,3,0,3,3,2,1,0,1
2019-20,36,Telangana,3603,MANCHERIAL,360315,JAIPUR,Rural,3,HSS (I-XII),90,Social welfare Department,1,1,1,0,1,1,1,1,0,0,1,1,0,0,1,1,1,0,0,1,1,1,0,1,1,1,1,0,0,0,1,0,1,1,1,1,0,1
2019-20,36,Telangana,3603,MANCHERIAL,360315,JAIPUR,Rural,6,SS (I-X),5,Private Unaided (Recognized),1,1,1,0,1,1,1,1,0,0,1,1,0,1,0,1,1,1,1,1,1,0,0,0,0,1,1,0,0,0,1,0,1,1,1,1,0,0
2019-20,36,Telangana,3603,MANCHERIAL,360315,JAIPUR,Rural,7,SS (VI-X),1,Department of Education,1,1,0,0,1,1,1,1,0,0,1,1,0,1,0,0,0,1,1,1,1,0,1,1,1,1,1,0,0,0,1,0,1,0,1,1,0,0
2019-20,36,Telangana,3603,MANCHERIAL,360315,JAIPUR,Rural,7,SS (VI-X),3,Local body,6,6,4,0,4,4,6,6,0,0,6,6,0,6,1,6,6,6,6,6,6,1,1,1,1,6,6,2,2,0,6,0,6,6,6,5,3,6
2019-20,36,Telangana,3603,MANCHERIAL,360315,JAIPUR,Rural,7,SS (VI-X),5,Private Unaided (Recognized),1,1,1,0,0,0,1,1,0,0,1,1,0,1,0,1,1,1,1,1,1,0,0,0,0,1,1,0,1,0,1,0,1,1,1,1,0,0
2019-20,36,Telangana,3603,MANCHERIAL,360315,JAIPUR,Rural,11,HSS (XI-XII),1,Department of Education,1,1,0,0,0,0,1,1,0,0,1,1,1,0,0,1,1,1,1,1,1,0,0,0,0,1,1,0,1,0,1,0,1,1,1,1,0,1
2019-20,36,Telangana,3603,MANCHERIAL,360316,BHIMARAM,Rural,1,PS (I-V),3,Local body,16,16,4,2,0,12,14,14,1,0,13,16,0,0,3,15,14,16,15,16,15,4,5,5,5,12,11,0,3,0,16,0,12,16,15,11,0,0
2019-20,36,Telangana,3603,MANCHERIAL,360316,BHIMARAM,Rural,1,PS (I-V),5,Private Unaided (Recognized),1,1,1,0,1,1,1,1,1,0,1,1,0,1,0,1,1,1,1,1,1,1,1,1,1,1,1,1,0,1,1,0,1,1,1,0,0,1
2019-20,36,Telangana,3603,MANCHERIAL,360316,BHIMARAM,Rural,2,UPS (I-VIII),3,Local body,4,4,1,0,0,3,4,4,0,0,3,4,0,1,1,3,3,4,4,4,4,1,1,1,1,3,3,0,0,0,4,0,3,4,4,3,0,0
2019-20,36,Telangana,3603,MANCHERIAL,360316,BHIMARAM,Rural,2,UPS (I-VIII),5,Private Unaided (Recognized),1,1,1,0,1,1,1,1,0,0,1,1,0,1,0,1,1,1,1,1,1,0,0,0,0,1,1,0,0,0,1,0,1,0,1,1,0,0
2019-20,36,Telangana,3603,MANCHERIAL,360316,BHIMARAM,Rural,6,SS (I-X),2,Tribal Welfare Department,1,1,1,0,0,1,1,1,0,0,1,1,0,1,0,1,1,0,0,1,1,0,0,0,0,1,1,0,0,0,1,0,1,0,1,1,0,0
2019-20,36,Telangana,3603,MANCHERIAL,360316,BHIMARAM,Rural,7,SS (VI-X),1,Department of Education,1,1,1,0,1,1,1,1,0,0,1,1,0,1,0,0,0,1,1,1,1,0,1,1,1,1,1,1,0,0,1,0,1,1,1,1,1,1
2019-20,36,Telangana,3603,MANCHERIAL,360316,BHIMARAM,Rural,7,SS (VI-X),3,Local body,2,2,1,0,1,2,2,2,0,0,2,2,0,1,0,2,2,2,2,2,2,0,0,0,0,2,2,0,0,0,2,0,2,2,2,2,1,2
2019-20,36,Telangana,3603,MANCHERIAL,360317,CHENNUR,Rural,1,PS (I-V),1,Department of Education,1,1,0,0,0,1,1,1,0,0,0,1,0,0,0,1,0,1,0,1,0,0,0,0,0,1,1,0,0,0,1,0,0,1,1,1,0,0
2019-20,36,Telangana,3603,MANCHERIAL,360317,CHENNUR,Rural,1,PS (I-V),3,Local body,35,35,8,4,3,26,27,34,1,4,19,35,0,2,4,28,22,32,26,35,29,13,16,17,15,35,26,0,1,0,35,0,29,35,35,13,0,0
2019-20,36,Telangana,3603,MANCHERIAL,360317,CHENNUR,Rural,2,UPS (I-VIII),3,Local body,7,7,2,0,0,5,7,7,0,1,5,7,0,1,1,6,6,7,6,7,6,4,4,4,4,7,7,1,0,0,7,0,6,7,7,6,0,1
2019-20,36,Telangana,3603,MANCHERIAL,360317,CHENNUR,Rural,2,UPS (I-VIII),5,Private Unaided (Recognized),2,2,1,0,1,2,2,2,0,0,2,2,0,1,0,2,2,2,2,2,2,2,2,2,2,2,2,2,0,0,2,0,2,2,2,0,1,1
2019-20,36,Telangana,3603,MANCHERIAL,360317,CHENNUR,Rural,6,SS (I-X),5,Private Unaided (Recognized),1,1,1,0,1,1,1,1,0,0,1,1,0,0,0,1,1,1,1,1,1,1,1,1,1,1,1,0,0,0,1,0,1,1,1,1,0,1
2019-20,36,Telangana,3603,MANCHERIAL,360317,CHENNUR,Rural,7,SS (VI-X),3,Local body,6,6,2,0,0,6,6,6,0,0,5,6,0,5,4,5,4,6,5,6,5,5,4,5,5,6,6,3,0,0,6,0,5,6,6,6,3,6
2019-20,36,Telangana,3603,MANCHERIAL,360317,CHENNUR,Urban,1,PS (I-V),3,Local body,13,13,9,0,3,7,12,12,0,2,6,13,0,4,3,10,9,12,12,13,13,6,7,9,9,13,12,0,0,0,12,0,12,13,13,1,0,0
2019-20,36,Telangana,3603,MANCHERIAL,360317,CHENNUR,Urban,2,UPS (I-VIII),5,Private Unaided (Recognized),1,1,1,0,1,0,1,1,0,0,1,1,0,1,0,1,1,1,1,1,1,1,1,1,1,1,1,0,0,0,1,0,1,0,1,0,1,1
2019-20,36,Telangana,3603,MANCHERIAL,360317,CHENNUR,Urban,3,HSS (I-XII),1,Department of Education,1,1,0,0,1,0,1,1,0,0,1,1,0,1,0,1,1,0,0,1,1,1,0,1,1,1,1,0,0,0,1,0,1,0,0,0,0,1
2019-20,36,Telangana,3603,MANCHERIAL,360317,CHENNUR,Urban,3,HSS (I-XII),90,Social welfare Department,1,1,1,0,1,1,1,1,1,0,1,1,1,1,1,0,0,1,1,1,1,0,1,1,1,1,1,1,0,0,1,0,1,1,1,1,0,1
2019-20,36,Telangana,3603,MANCHERIAL,360317,CHENNUR,Urban,5,HSS (VI-XII),1,Department of Education,1,1,1,0,1,1,1,1,0,0,1,1,0,1,1,0,0,1,1,1,1,0,1,1,1,1,1,0,0,0,1,0,1,1,1,1,1,1
2019-20,36,Telangana,3603,MANCHERIAL,360317,CHENNUR,Urban,6,SS (I-X),1,Department of Education,1,1,1,0,1,0,1,1,0,0,1,1,0,1,0,1,1,0,0,1,1,1,0,1,1,1,1,1,0,1,1,0,1,0,1,1,1,1
2019-20,36,Telangana,3603,MANCHERIAL,360317,CHENNUR,Urban,6,SS (I-X),2,Tribal Welfare Department,1,1,1,0,0,1,1,1,0,0,1,1,0,1,0,1,1,0,0,1,1,1,0,1,1,1,1,1,0,0,1,0,1,1,1,0,0,1
2019-20,36,Telangana,3603,MANCHERIAL,360317,CHENNUR,Urban,6,SS (I-X),5,Private Unaided (Recognized),7,7,6,0,7,3,7,7,1,0,7,6,0,5,0,7,7,7,7,7,7,7,7,7,7,7,7,0,0,1,7,0,7,7,6,3,7,7
2019-20,36,Telangana,3603,MANCHERIAL,360317,CHENNUR,Urban,7,SS (VI-X),1,Department of Education,1,1,1,0,0,1,1,1,0,0,1,1,0,1,0,1,1,1,1,1,1,1,1,1,1,1,1,0,0,0,1,0,1,1,1,0,1,1
2019-20,36,Telangana,3603,MANCHERIAL,360317,CHENNUR,Urban,7,SS (VI-X),3,Local body,3,3,3,0,3,2,3,3,0,0,2,3,0,2,2,2,2,3,3,3,3,2,3,3,3,3,3,0,1,0,3,0,3,3,3,2,1,1
2019-20,36,Telangana,3603,MANCHERIAL,360317,CHENNUR,Urban,11,HSS (XI-XII),1,Department of Education,1,1,1,0,1,1,1,1,0,0,0,1,0,1,0,1,1,1,1,1,1,1,1,1,1,1,1,0,0,0,1,0,1,1,1,0,1,1
2019-20,36,Telangana,3603,MANCHERIAL,360317,CHENNUR,Urban,11,HSS (XI-XII),5,Private Unaided (Recognized),1,1,1,0,1,1,1,1,0,0,0,1,0,0,0,1,1,1,1,1,1,1,1,1,1,1,1,0,0,0,1,0,1,1,0,0,0,0
2019-20,36,Telangana,3603,MANCHERIAL,360318,KOTAPALLE,Rural,1,PS (I-V),3,Local body,35,35,4,4,4,22,33,33,0,2,13,35,0,4,3,29,25,34,32,34,33,9,9,10,10,30,26,0,2,5,33,4,26,35,35,23,0,1
2019-20,36,Telangana,3603,MANCHERIAL,360318,KOTAPALLE,Rural,2,UPS (I-VIII),3,Local body,6,6,2,0,2,4,6,6,0,0,4,6,0,1,0,6,5,6,5,6,5,0,0,0,0,5,5,0,0,3,6,2,4,6,6,5,0,2
2019-20,36,Telangana,3603,MANCHERIAL,360318,KOTAPALLE,Rural,2,UPS (I-VIII),5,Private Unaided (Recognized),1,1,1,0,1,1,1,1,0,0,1,1,0,1,0,1,1,1,1,1,1,1,1,1,1,1,1,0,0,1,1,1,1,1,1,0,1,1
2019-20,36,Telangana,3603,MANCHERIAL,360318,KOTAPALLE,Rural,3,HSS (I-XII),90,Social welfare Department,1,1,1,0,1,1,1,1,0,0,1,1,0,1,0,1,1,0,0,1,1,0,0,0,0,1,1,0,0,1,1,0,1,0,1,1,1,1
2019-20,36,Telangana,3603,MANCHERIAL,360318,KOTAPALLE,Rural,5,HSS (VI-XII),1,Department of Education,1,1,1,0,1,1,1,1,0,0,1,1,0,1,0,1,1,1,1,1,1,0,0,0,0,1,1,1,0,0,1,0,1,1,1,1,0,1
2019-20,36,Telangana,3603,MANCHERIAL,360318,KOTAPALLE,Rural,6,SS (I-X),2,Tribal Welfare Department,1,1,0,0,1,1,1,1,0,0,1,1,0,0,0,0,0,1,1,1,1,0,0,0,0,1,1,0,0,0,1,0,1,1,1,0,0,1
2019-20,36,Telangana,3603,MANCHERIAL,360318,KOTAPALLE,Rural,7,SS (VI-X),1,Department of Education,1,1,1,0,1,1,1,1,1,1,1,1,0,1,0,0,0,1,1,1,1,0,1,1,1,1,1,1,0,0,1,0,1,1,1,1,0,1
2019-20,36,Telangana,3603,MANCHERIAL,360318,KOTAPALLE,Rural,7,SS (VI-X),3,Local body,7,7,1,0,4,6,7,7,0,0,5,7,0,7,3,6,6,7,7,7,7,2,3,3,3,7,7,5,1,4,7,2,7,7,7,6,1,6
