Academic_Year,State_Code,State_Name,District_Code,District_Name,Block_Code,Udise_Block_Name,Location,School_Category_Id,School_Category_Name,School_Management_Id,School_Management_Name,Total_Number_of_Schools,Building,Boundary_Wall,Single_Class_Room,Separate_Room_for_Headmaster,Land_Available,Electricity,Functional_Electricity,Solar_Panel,Furniture,Playground,Library_or_Reading_Corner_or_Book_Bank,Librarian,Newspaper,Kitchen_Garden,Boy_Toilet,Functional_Boy_Toilet,Girl_Toilet,Functional_Girl_Toilet,Toilet_Facility,Functional_Toilet_Facility,Functional_Urinal_Boy,Functional_Urinal_Girl,Functional_Urinal,Functional_Toilet_and_Urinal,Drinking_Water,Functional_Drinking_Water,Water_Purifier,Rain_Water_Harvesting,Water_Tested,Handwash,Incinerator,WASH_Facility_Drinking_Water_Toilet_and_Handwash,Ramps,Medical_Checkup,Complete_Medical_Checkup,Internet,Computer_Available
2019-20,36,Telangana,3619,JANGAON,361901,THARIGOPPULA,Rural,1,PS (I-V),1,Department of Education,1,1,0,1,0,1,0,1,0,0,1,1,0,0,0,1,1,1,1,1,1,1,1,1,1,1,1,0,0,0,0,1,0,1,1,0,0,0
2019-20,36,Telangana,3619,JANGAON,361901,THARIGOPPULA,Rural,1,PS (I-V),3,Local body,12,12,3,3,0,12,7,11,0,0,12,12,0,3,0,12,12,12,12,12,12,12,12,12,12,12,12,0,1,0,12,9,12,12,12,9,0,1
2019-20,36,Telangana,3619,JANGAON,361901,THARIGOPPULA,Rural,2,UPS (I-VIII),3,Local body,6,6,4,0,0,5,6,6,0,0,6,6,0,3,0,6,6,6,6,6,6,6,6,6,6,6,6,0,3,1,6,4,6,6,6,4,0,2
2019-20,36,Telangana,3619,JANGAON,361901,THARIGOPPULA,Rural,2,UPS (I-VIII),5,Private Unaided (Recognized),1,1,0,0,0,1,1,1,0,0,1,1,0,1,0,1,1,1,1,1,1,1,1,1,1,1,1,0,0,0,1,1,1,1,1,1,0,0
2019-20,36,Telangana,3619,JANGAON,361901,THARIGOPPULA,Rural,6,SS (I-X),5,Private Unaided (Recognized),1,1,1,0,1,1,1,1,0,0,1,1,0,1,0,1,1,1,1,1,1,1,1,1,1,1,1,0,0,1,1,1,1,1,1,0,0,0
2019-20,36,Telangana,3619,JANGAON,361901,THARIGOPPULA,Rural,7,SS (VI-X),1,Department of Education,1,0,1,0,0,0,1,1,0,0,1,1,0,1,1,0,0,1,1,1,1,0,1,1,1,1,1,0,0,0,1,1,1,0,1,1,0,0
2019-20,36,Telangana,3619,JANGAON,361901,THARIGOPPULA,Rural,7,SS (VI-X),3,Local body,3,3,1,0,1,3,3,3,0,0,3,3,0,3,0,2,2,3,3,3,3,2,3,3,3,3,3,1,1,1,3,2,3,3,3,3,0,3
2019-20,36,Telangana,3619,JANGAON,361902,CHILPUR,Rural,1,PS (I-V),2,Tribal Welfare Department,2,2,0,2,0,1,0,1,0,0,1,1,0,0,0,2,2,2,2,2,2,0,0,0,0,2,2,0,0,0,0,0,0,1,2,0,0,0
2019-20,36,Telangana,3619,JANGAON,361902,CHILPUR,Rural,1,PS (I-V),3,Local body,23,23,12,10,9,20,16,22,0,1,21,21,0,5,2,23,23,23,23,23,23,8,7,8,8,23,23,1,4,2,17,5,17,23,23,8,0,0
2019-20,36,Telangana,3619,JANGAON,361902,CHILPUR,Rural,2,UPS (I-VIII),3,Local body,4,4,4,0,3,4,4,4,0,0,4,4,0,1,0,4,4,4,4,4,4,3,3,3,3,4,4,0,3,1,4,0,4,4,4,0,0,1
2019-20,36,Telangana,3619,JANGAON,361902,CHILPUR,Rural,2,UPS (I-VIII),5,Private Unaided (Recognized),1,1,1,0,1,1,1,1,0,0,1,1,0,1,0,1,1,1,1,1,1,0,0,0,0,1,1,0,0,1,1,1,1,0,1,0,0,1
2019-20,36,Telangana,3619,JANGAON,361902,CHILPUR,Rural,6,SS (I-X),5,Private Unaided (Recognized),2,2,2,0,2,2,2,2,0,0,2,2,0,2,1,2,2,2,2,2,2,1,1,1,1,2,2,1,0,2,2,1,2,2,2,2,2,2
2019-20,36,Telangana,3619,JANGAON,361902,CHILPUR,Rural,7,SS (VI-X),1,Department of Education,1,1,1,0,1,0,1,1,0,0,1,1,0,1,0,0,0,1,1,1,1,0,0,0,0,1,1,0,0,0,1,1,1,0,1,1,0,1
2019-20,36,Telangana,3619,JANGAON,361902,CHILPUR,Rural,7,SS (VI-X),3,Local body,9,9,6,0,4,9,9,9,0,0,8,9,0,9,0,8,8,9,9,9,9,4,5,5,5,9,9,1,3,5,9,1,9,9,9,3,1,5
2019-20,36,Telangana,3619,JANGAON,361903,ZAFFERGADH,Rural,1,PS (I-V),1,Department of Education,1,1,0,0,0,1,0,1,0,0,1,1,0,0,0,1,1,1,1,1,1,0,0,0,0,0,0,0,0,0,1,0,0,1,1,0,0,0
2019-20,36,Telangana,3619,JANGAON,361903,ZAFFERGADH,Rural,1,PS (I-V),3,Local body,19,19,11,2,1,18,14,18,0,0,16,18,0,2,8,17,13,18,15,18,15,6,8,8,7,18,17,1,9,3,16,0,13,18,14,8,0,0
2019-20,36,Telangana,3619,JANGAON,361903,ZAFFERGADH,Rural,1,PS (I-V),4,Government Aided,1,1,1,0,1,1,1,1,0,0,1,1,0,1,0,1,1,1,1,1,1,0,0,0,0,1,1,0,1,0,1,0,1,1,1,0,0,1
2019-20,36,Telangana,3619,JANGAON,361903,ZAFFERGADH,Rural,2,UPS (I-VIII),3,Local body,7,7,6,0,2,6,7,7,0,0,7,7,0,3,6,7,7,7,7,7,7,6,6,6,6,7,7,1,4,0,7,0,7,7,7,3,0,3
2019-20,36,Telangana,3619,JANGAON,361903,ZAFFERGADH,Rural,2,UPS (I-VIII),5,Private Unaided (Recognized),4,4,4,0,4,3,4,4,0,0,4,4,1,3,0,4,4,4,4,4,4,2,2,2,2,4,4,0,1,3,4,0,4,1,4,1,3,3
2019-20,36,Telangana,3619,JANGAON,361903,ZAFFERGADH,Rural,3,HSS (I-XII),90,Social welfare Department,1,1,1,0,1,1,1,1,0,0,1,1,1,1,1,0,0,1,1,1,1,0,1,1,1,1,1,0,1,1,1,1,1,1,1,0,0,1
2019-20,36,Telangana,3619,JANGAON,361903,ZAFFERGADH,Rural,5,HSS (VI-XII),1,Department of Education,2,2,2,0,2,2,2,2,0,0,2,2,0,1,0,1,1,2,2,2,2,1,2,2,2,2,2,1,0,2,2,0,2,2,2,2,2,2
2019-20,36,Telangana,3619,JANGAON,361903,ZAFFERGADH,Rural,7,SS (VI-X),3,Local body,7,7,7,0,5,7,7,7,0,0,7,7,0,7,2,7,7,7,7,7,7,5,5,5,5,7,7,0,4,2,7,0,7,7,6,4,6,7
2019-20,36,Telangana,3619,JANGAON,361903,ZAFFERGADH,Rural,11,HSS (XI-XII),1,Department of Education,1,1,0,0,1,1,1,1,1,0,1,1,1,1,1,1,1,1,1,1,1,1,1,1,1,1,1,0,0,0,1,0,1,1,1,1,1,1
2019-20,36,Telangana,3619,JANGAON,361904,GANPUR (STN),Rural,1,PS (I-V),3,Local body,22,22,13,5,10,16,20,20,0,0,13,22,0,1,0,21,21,21,21,21,21,8,8,8,8,22,22,0,3,3,18,2,18,21,22,14,0,1
2019-20,36,Telangana,3619,JANGAON,361904,GANPUR (STN),Rural,1,PS (I-V),5,Private Unaided (Recognized),1,1,1,0,1,1,1,1,0,0,1,1,0,1,0,1,1,1,1,1,1,0,0,0,0,1,1,0,0,0,1,1,1,1,0,0,0,0
2019-20,36,Telangana,3619,JANGAON,361904,GANPUR (STN),Rural,2,UPS (I-VIII),3,Local body,6,6,5,0,1,4,6,6,0,0,3,6,0,2,2,6,6,6,6,6,6,5,5,5,5,6,6,0,4,3,6,3,6,6,6,1,0,2
2019-20,36,Telangana,3619,JANGAON,361904,GANPUR (STN),Rural,2,UPS (I-VIII),5,Private Unaided (Recognized),2,2,2,0,2,2,2,2,0,0,2,2,0,2,0,2,2,2,2,2,2,0,0,0,0,2,2,0,1,1,2,1,2,2,1,1,0,0
2019-20,36,Telangana,3619,JANGAON,361904,GANPUR (STN),Rural,3,HSS (I-XII),1,Department of Education,1,1,1,0,0,0,1,1,0,0,1,0,0,0,0,0,0,1,1,1,1,0,1,1,1,1,1,0,1,0,1,1,1,0,0,0,0,1
2019-20,36,Telangana,3619,JANGAON,361904,GANPUR (STN),Rural,3,HSS (I-XII),90,Social welfare Department,1,1,1,0,1,1,1,1,0,0,1,1,0,1,0,1,1,0,0,1,1,0,0,0,0,1,1,0,0,1,1,0,1,0,1,0,1,1
2019-20,36,Telangana,3619,JANGAON,361904,GANPUR (STN),Rural,5,HSS (VI-XII),1,Department of Education,2,2,2,0,2,2,2,2,1,0,0,2,0,2,0,1,1,2,2,2,2,1,0,1,1,2,2,1,1,2,2,0,2,2,2,2,1,2
2019-20,36,Telangana,3619,JANGAON,361904,GANPUR (STN),Rural,6,SS (I-X),1,Department of Education,2,2,2,0,1,1,2,2,1,0,2,2,0,1,0,1,1,1,1,2,2,0,0,0,0,2,2,1,0,1,2,1,2,0,0,0,1,1
2019-20,36,Telangana,3619,JANGAON,361904,GANPUR (STN),Rural,6,SS (I-X),2,Tribal Welfare Department,1,1,1,0,1,1,1,1,1,0,1,1,0,1,1,0,0,1,1,1,1,0,1,1,1,1,1,0,0,1,1,0,1,0,1,0,1,1
2019-20,36,Telangana,3619,JANGAON,361904,GANPUR (STN),Rural,6,SS (I-X),5,Private Unaided (Recognized),11,11,11,0,11,10,11,11,0,0,11,11,2,9,1,11,11,11,11,11,11,4,4,4,4,11,11,2,2,9,11,4,11,11,10,5,5,6
2019-20,36,Telangana,3619,JANGAON,361904,GANPUR (STN),Rural,7,SS (VI-X),3,Local body,7,7,5,0,5,7,7,7,0,0,7,7,0,6,0,6,6,7,7,7,7,5,6,6,6,7,7,1,6,4,7,4,7,7,7,3,2,6
2019-20,36,Telangana,3619,JANGAON,361904,GANPUR (STN),Rural,11,HSS (XI-XII),1,Department of Education,1,1,1,0,1,1,1,1,0,0,1,1,0,1,0,1,1,1,1,1,1,0,0,0,0,1,1,0,1,1,1,1,1,1,1,1,1,1
2019-20,36,Telangana,3619,JANGAON,361904,GANPUR (STN),Rural,11,HSS (XI-XII),5,Private Unaided (Recognized),4,4,4,0,4,4,4,4,0,0,4,4,3,4,0,4,4,4,4,4,4,0,0,0,0,4,4,1,0,0,4,1,4,4,4,2,0,0
2019-20,36,Telangana,3619,JANGAON,361905,RAGHUNATHPALLE,Rural,1,PS (I-V),1,Department of Education,2,2,1,0,1,0,0,2,0,1,1,2,0,1,0,2,2,2,2,2,2,0,0,0,0,2,2,0,0,0,2,0,2,2,2,2,0,0
2019-20,36,Telangana,3619,JANGAON,361905,RAGHUNATHPALLE,Rural,1,PS (I-V),3,Local body,42,42,19,10,23,31,30,39,0,0,36,42,0,7,1,41,41,42,42,42,42,18,19,19,19,42,42,0,0,2,42,0,42,42,39,39,0,0
2019-20,36,Telangana,3619,JANGAON,361905,RAGHUNATHPALLE,Rural,1,PS (I-V),4,Government Aided,1,1,1,0,1,1,1,1,0,0,1,1,0,1,0,1,1,1,1,1,1,1,1,1,1,1,1,0,0,0,1,0,1,1,1,1,0,0
2019-20,36,Telangana,3619,JANGAON,361905,RAGHUNATHPALLE,Rural,2,UPS (I-VIII),3,Local body,2,2,1,0,1,2,2,2,0,0,2,2,0,0,0,2,2,2,2,2,2,2,2,2,2,2,2,0,0,0,2,0,2,2,2,2,0,1
2019-20,36,Telangana,3619,JANGAON,361905,RAGHUNATHPALLE,Rural,2,UPS (I-VIII),4,Government Aided,1,1,1,0,1,1,1,1,0,0,1,1,0,1,0,1,1,1,1,1,1,1,1,1,1,1,1,1,0,0,1,0,1,0,1,1,0,0
2019-20,36,Telangana,3619,JANGAON,361905,RAGHUNATHPALLE,Rural,2,UPS (I-VIII),5,Private Unaided (Recognized),2,2,2,0,2,1,2,2,0,0,2,2,0,1,0,2,2,2,2,2,2,2,2,2,2,2,2,0,0,0,2,0,2,0,2,2,0,0
2019-20,36,Telangana,3619,JANGAON,361905,RAGHUNATHPALLE,Rural,5,HSS (VI-XII),1,Department of Education,1,1,1,0,1,1,1,1,0,0,1,1,0,1,0,1,1,1,1,1,1,1,1,1,1,1,1,0,0,0,1,1,1,0,1,1,0,1
2019-20,36,Telangana,3619,JANGAON,361905,RAGHUNATHPALLE,Rural,6,SS (I-X),5,Private Unaided (Recognized),4,4,3,0,4,4,4,4,0,0,4,4,0,4,0,4,4,4,4,4,4,3,3,3,3,4,4,1,0,0,4,0,4,4,4,3,2,3
2019-20,36,Telangana,3619,JANGAON,361905,RAGHUNATHPALLE,Rural,7,SS (VI-X),1,Department of Education,1,1,1,0,1,1,1,1,0,0,1,1,0,1,0,0,0,1,1,1,1,0,1,1,1,1,1,0,0,0,1,1,1,1,1,1,0,1
2019-20,36,Telangana,3619,JANGAON,361905,RAGHUNATHPALLE,Rural,7,SS (VI-X),3,Local body,14,14,7,0,5,14,14,14,0,0,14,14,0,12,0,14,14,14,14,14,14,14,14,14,14,14,14,2,1,1,14,7,14,14,14,14,0,11
2019-20,36,Telangana,3619,JANGAON,361906,NARMETTA,Rural,1,PS (I-V),3,Local body,23,22,5,7,2,21,13,21,0,0,22,21,0,3,2,23,23,23,23,23,23,21,21,21,21,23,23,1,3,1,20,7,20,23,22,16,0,0
2019-20,36,Telangana,3619,JANGAON,361906,NARMETTA,Rural,1,PS (I-V),4,Government Aided,1,1,1,0,1,1,1,1,0,0,1,1,0,0,0,1,1,1,1,1,1,1,1,1,1,1,1,1,0,1,1,1,1,1,1,0,0,0
2019-20,36,Telangana,3619,JANGAON,361906,NARMETTA,Rural,2,UPS (I-VIII),3,Local body,3,3,2,0,0,3,3,3,0,0,3,3,0,3,1,3,3,3,3,3,3,3,3,3,3,3,3,0,2,1,3,1,3,3,3,3,0,1
2019-20,36,Telangana,3619,JANGAON,361906,NARMETTA,Rural,2,UPS (I-VIII),5,Private Unaided (Recognized),3,3,2,0,3,3,3,3,0,0,3,3,0,2,0,3,3,3,3,3,3,3,3,3,3,3,3,0,1,2,3,2,3,2,2,1,0,0
2019-20,36,Telangana,3619,JANGAON,361906,NARMETTA,Rural,5,HSS (VI-XII),1,Department of Education,1,1,1,0,1,1,1,1,0,0,1,1,0,1,0,1,1,1,1,1,1,1,1,1,1,1,1,1,0,1,1,0,1,1,1,1,1,1
2019-20,36,Telangana,3619,JANGAON,361906,NARMETTA,Rural,6,SS (I-X),2,Tribal Welfare Department,1,1,1,0,1,1,1,1,1,0,1,1,0,1,1,0,0,1,1,1,1,0,1,1,1,1,1,1,0,0,1,1,1,1,1,1,0,1
2019-20,36,Telangana,3619,JANGAON,361906,NARMETTA,Rural,6,SS (I-X),5,Private Unaided (Recognized),1,1,1,0,1,1,1,1,0,0,1,1,0,1,0,1,1,1,1,1,1,1,1,1,1,1,1,1,0,0,1,0,1,1,1,1,1,1
2019-20,36,Telangana,3619,JANGAON,361906,NARMETTA,Rural,7,SS (VI-X),1,Department of Education,1,1,1,0,1,1,1,1,0,0,1,1,0,1,0,0,0,1,1,1,1,0,1,1,1,1,1,1,1,1,1,0,1,1,1,1,0,1
2019-20,36,Telangana,3619,JANGAON,361906,NARMETTA,Rural,7,SS (VI-X),3,Local body,5,5,4,0,2,5,5,5,2,0,5,5,0,5,0,5,5,5,5,5,5,5,5,5,5,5,5,1,3,0,5,2,5,5,5,4,1,4
2019-20,36,Telangana,3619,JANGAON,361906,NARMETTA,Rural,11,HSS (XI-XII),1,Department of Education,1,1,0,0,0,1,1,1,0,0,1,1,1,0,0,1,1,1,1,1,1,1,1,1,1,1,1,0,0,0,1,1,1,1,0,0,0,1
2019-20,36,Telangana,3619,JANGAON,361906,NARMETTA,Rural,11,HSS (XI-XII),5,Private Unaided (Recognized),1,1,1,0,1,0,1,1,0,0,1,1,0,1,0,1,1,1,1,1,1,1,1,1,1,1,1,0,0,0,1,1,1,1,0,0,0,0
2019-20,36,Telangana,3619,JANGAON,361907,BACHANNAPETA,Rural,1,PS (I-V),3,Local body,30,30,13,1,15,27,23,27,0,1,28,29,1,9,1,29,29,29,29,29,29,2,2,2,2,30,30,0,11,0,24,0,24,30,29,14,0,0
2019-20,36,Telangana,3619,JANGAON,361907,BACHANNAPETA,Rural,2,UPS (I-VIII),3,Local body,5,5,5,0,1,5,5,5,0,0,5,5,0,4,1,5,5,5,5,5,5,0,0,0,0,5,5,0,3,0,5,0,5,5,5,4,0,2
2019-20,36,Telangana,3619,JANGAON,361907,BACHANNAPETA,Rural,2,UPS (I-VIII),5,Private Unaided (Recognized),1,1,1,0,1,1,1,1,0,0,1,1,0,0,0,1,1,1,1,1,1,0,0,0,0,1,1,0,0,0,0,0,0,0,1,0,0,0
2019-20,36,Telangana,3619,JANGAON,361907,BACHANNAPETA,Rural,5,HSS (VI-XII),1,Department of Education,1,1,1,0,1,1,1,1,0,0,1,1,0,1,0,1,1,1,1,1,1,1,1,1,1,1,1,1,0,0,1,0,1,1,1,0,1,1
2019-20,36,Telangana,3619,JANGAON,361907,BACHANNAPETA,Rural,6,SS (I-X),5,Private Unaided (Recognized),3,3,3,0,3,3,3,3,1,0,3,3,0,0,0,3,3,3,3,3,3,0,0,0,0,3,3,0,2,2,3,0,3,3,3,2,3,3
2019-20,36,Telangana,3619,JANGAON,361907,BACHANNAPETA,Rural,7,SS (VI-X),1,Department of Education,1,1,1,0,1,1,1,1,1,0,1,1,0,1,0,0,0,1,1,1,1,0,0,0,0,1,1,0,1,1,1,0,1,1,1,1,1,1
2019-20,36,Telangana,3619,JANGAON,361907,BACHANNAPETA,Rural,7,SS (VI-X),3,Local body,10,10,5,0,1,9,10,10,0,0,10,10,0,10,1,10,10,10,10,10,10,1,1,1,1,10,10,1,8,3,10,0,10,10,10,3,6,4
2019-20,36,Telangana,3619,JANGAON,361908,JANGAON,Rural,1,PS (I-V),3,Local body,25,25,11,5,5,14,21,24,0,1,23,25,0,3,0,25,25,25,25,25,25,14,14,14,14,25,24,0,6,0,22,17,22,25,19,12,0,0
2019-20,36,Telangana,3619,JANGAON,361908,JANGAON,Rural,2,UPS (I-VIII),2,Tribal Welfare Department,1,1,1,0,1,1,1,1,0,0,0,1,0,0,0,1,1,0,0,1,1,1,0,1,1,1,1,0,0,0,1,1,1,1,1,1,0,1
2019-20,36,Telangana,3619,JANGAON,361908,JANGAON,Rural,2,UPS (I-VIII),3,Local body,5,5,3,0,2,3,5,5,0,0,5,5,0,2,1,5,5,5,5,5,5,5,5,5,5,5,5,0,2,0,5,2,5,5,5,3,0,0
2019-20,36,Telangana,3619,JANGAON,361908,JANGAON,Rural,2,UPS (I-VIII),5,Private Unaided (Recognized),1,1,1,0,1,0,1,1,0,0,1,1,0,0,0,1,1,1,1,1,1,0,0,0,0,1,1,0,1,0,1,1,1,0,1,0,0,1
2019-20,36,Telangana,3619,JANGAON,361908,JANGAON,Rural,3,HSS (I-XII),1,Department of Education,1,1,1,0,1,0,1,1,0,0,0,1,0,1,0,1,1,0,0,1,1,1,0,1,1,1,1,0,0,0,1,0,1,1,0,0,1,1
2019-20,36,Telangana,3619,JANGAON,361908,JANGAON,Rural,3,HSS (I-XII),90,Social welfare Department,1,1,1,0,0,0,1,1,0,0,1,1,0,0,0,0,0,1,1,1,1,0,1,1,1,1,1,0,0,1,1,1,1,0,0,0,0,0
2019-20,36,Telangana,3619,JANGAON,361908,JANGAON,Rural,5,HSS (VI-XII),1,Department of Education,2,2,2,0,2,2,2,2,2,0,2,2,0,2,0,1,1,2,2,2,2,1,2,2,2,2,2,1,2,2,2,0,2,2,2,2,2,2
2019-20,36,Telangana,3619,JANGAON,361908,JANGAON,Rural,6,SS (I-X),1,Department of Education,2,2,1,0,2,0,2,2,0,0,2,2,1,1,0,1,1,1,1,2,2,1,1,2,2,2,2,1,0,1,2,0,2,1,2,0,2,2
2019-20,36,Telangana,3619,JANGAON,361908,JANGAON,Rural,6,SS (I-X),3,Local body,1,1,0,0,0,1,1,1,0,0,1,1,0,0,0,1,1,1,1,1,1,1,1,1,1,1,1,0,1,0,1,1,1,1,1,1,1,1
2019-20,36,Telangana,3619,JANGAON,361908,JANGAON,Rural,6,SS (I-X),5,Private Unaided (Recognized),3,3,3,0,3,2,3,3,0,0,3,3,1,2,0,3,3,3,3,3,3,2,2,2,2,3,3,2,1,1,3,3,3,3,2,1,1,3
2019-20,36,Telangana,3619,JANGAON,361908,JANGAON,Rural,7,SS (VI-X),3,Local body,10,10,3,0,4,9,10,10,0,0,10,10,0,10,1,10,9,10,10,10,10,7,8,8,8,10,10,5,8,3,10,7,10,10,9,9,1,8
2019-20,36,Telangana,3619,JANGAON,361908,JANGAON,Urban,1,PS (I-V),3,Local body,10,10,8,0,3,6,10,10,0,0,9,10,0,1,0,9,9,10,10,10,10,6,5,6,6,10,10,0,0,0,10,7,10,10,10,6,0,1
2019-20,36,Telangana,3619,JANGAON,361908,JANGAON,Urban,1,PS (I-V),4,Government Aided,3,3,2,0,2,3,3,3,0,0,3,3,0,0,0,3,3,3,3,3,3,2,2,2,2,3,3,0,0,0,3,2,3,2,3,3,0,0
2019-20,36,Telangana,3619,JANGAON,361908,JANGAON,Urban,2,UPS (I-VIII),1,Department of Education,1,1,0,0,0,0,1,1,0,0,1,1,0,1,0,1,1,0,0,1,1,1,0,1,1,1,1,0,0,0,0,0,0,0,1,0,0,0
2019-20,36,Telangana,3619,JANGAON,361908,JANGAON,Urban,2,UPS (I-VIII),3,Local body,3,3,3,0,3,1,3,3,0,0,1,3,0,0,0,3,3,3,3,3,3,2,1,2,2,3,3,0,1,0,3,3,3,3,3,3,0,2
2019-20,36,Telangana,3619,JANGAON,361908,JANGAON,Urban,2,UPS (I-VIII),5,Private Unaided (Recognized),3,3,3,0,2,1,3,3,0,0,3,3,0,1,0,3,3,3,3,3,3,3,3,3,3,3,3,1,0,1,3,2,3,3,1,0,2,3
2019-20,36,Telangana,3619,JANGAON,361908,JANGAON,Urban,3,HSS (I-XII),90,Social welfare Department,1,1,1,0,1,1,1,1,0,0,1,1,1,1,0,1,1,0,0,1,1,1,0,1,1,1,1,1,0,1,1,1,1,0,0,0,1,1
2019-20,36,Telangana,3619,JANGAON,361908,JANGAON,Urban,6,SS (I-X),5,Private Unaided (Recognized),19,19,18,0,18,14,19,19,2,0,19,19,2,13,1,19,19,19,19,19,19,12,12,12,12,19,19,13,7,5,18,15,18,19,13,4,11,16
2019-20,36,Telangana,3619,JANGAON,361908,JANGAON,Urban,7,SS (VI-X),1,Department of Education,1,1,1,0,0,1,1,1,0,0,1,1,0,1,0,1,1,1,1,1,1,1,1,1,1,1,1,1,0,0,1,0,1,1,1,1,1,1
2019-20,36,Telangana,3619,JANGAON,361908,JANGAON,Urban,7,SS (VI-X),3,Local body,2,2,2,0,2,1,2,2,0,0,2,2,0,2,0,2,2,2,2,2,2,2,1,2,2,2,2,1,0,0,2,2,2,2,2,2,0,1
2019-20,36,Telangana,3619,JANGAON,361908,JANGAON,Urban,7,SS (VI-X),4,Government Aided,3,3,2,0,3,3,3,3,0,0,3,3,0,2,0,3,3,3,3,3,3,2,2,2,2,3,3,1,0,0,3,3,3,2,3,3,0,1
2019-20,36,Telangana,3619,JANGAON,361908,JANGAON,Urban,11,HSS (XI-XII),1,Department of Education,2,2,2,0,0,1,2,2,0,0,1,2,1,1,0,0,0,2,2,2,2,0,2,2,2,2,2,0,0,0,2,2,2,2,1,0,0,2
2019-20,36,Telangana,3619,JANGAON,361908,JANGAON,Urban,11,HSS (XI-XII),5,Private Unaided (Recognized),10,10,9,0,9,2,10,10,0,0,9,10,1,4,0,10,10,10,10,10,10,10,10,10,10,10,10,0,0,0,8,8,8,10,0,0,5,10
2019-20,36,Telangana,3619,JANGAON,361909,LINGALAGHANPUR,Rural,1,PS (I-V),3,Local body,18,18,12,2,2,11,17,18,0,0,14,16,0,9,2,16,15,18,18,18,18,5,5,5,5,18,16,1,13,3,18,1,18,18,14,6,0,0
2019-20,36,Telangana,3619,JANGAON,361909,LINGALAGHANPUR,Rural,2,UPS (I-VIII),3,Local body,6,6,4,0,0,5,6,6,0,0,4,5,0,4,1,6,6,6,6,6,6,3,3,3,3,6,5,3,5,0,6,2,6,6,6,5,0,2
2019-20,36,Telangana,3619,JANGAON,361909,LINGALAGHANPUR,Rural,2,UPS (I-VIII),5,Private Unaided (Recognized),2,2,2,0,2,2,2,2,1,0,2,2,1,2,1,2,2,2,2,2,2,1,1,1,1,2,2,2,1,0,2,1,2,2,2,0,1,2
2019-20,36,Telangana,3619,JANGAON,361909,LINGALAGHANPUR,Rural,5,HSS (VI-XII),1,Department of Education,1,1,1,0,1,0,1,1,0,0,1,1,0,1,1,1,1,1,1,1,1,1,1,1,1,1,1,1,1,1,1,0,1,1,1,0,0,1
2019-20,36,Telangana,3619,JANGAON,361909,LINGALAGHANPUR,Rural,6,SS (I-X),5,Private Unaided (Recognized),2,2,0,0,2,2,2,2,0,0,2,2,1,2,1,2,2,2,2,2,2,2,2,2,2,2,2,0,2,2,2,2,2,2,2,2,2,2
2019-20,36,Telangana,3619,JANGAON,361909,LINGALAGHANPUR,Rural,7,SS (VI-X),1,Department of Education,1,1,1,0,1,1,1,1,1,0,1,1,0,1,0,0,0,1,1,1,1,0,1,1,1,1,1,1,0,1,1,0,1,1,1,1,1,1
2019-20,36,Telangana,3619,JANGAON,361909,LINGALAGHANPUR,Rural,7,SS (VI-X),3,Local body,8,8,5,0,4,7,8,8,0,0,6,8,0,8,3,8,8,8,8,8,8,6,7,7,7,8,8,3,7,1,8,2,8,8,8,8,2,7
2019-20,36,Telangana,3619,JANGAON,361910,DEVARUPPALA,Rural,1,PS (I-V),3,Local body,35,35,25,9,4,28,27,33,0,0,27,35,0,6,2,33,27,35,34,35,34,5,7,7,7,35,33,1,5,1,32,8,31,35,33,20,0,1
2019-20,36,Telangana,3619,JANGAON,361910,DEVARUPPALA,Rural,1,PS (I-V),5,Private Unaided (Recognized),2,2,2,0,1,2,2,2,0,0,2,2,1,2,2,2,2,2,2,2,2,0,0,0,0,2,2,1,1,1,2,2,2,0,0,0,1,1
2019-20,36,Telangana,3619,JANGAON,361910,DEVARUPPALA,Rural,2,UPS (I-VIII),3,Local body,7,7,6,0,1,6,7,7,0,0,7,7,0,2,1,7,7,7,7,7,7,1,1,1,1,7,7,0,4,0,6,4,6,7,6,3,0,2
2019-20,36,Telangana,3619,JANGAON,361910,DEVARUPPALA,Rural,6,SS (I-X),5,Private Unaided (Recognized),3,3,3,0,1,3,3,3,1,0,3,3,0,3,0,3,3,3,3,3,3,0,0,0,0,3,3,0,2,0,3,1,3,3,2,0,2,2
2019-20,36,Telangana,3619,JANGAON,361910,DEVARUPPALA,Rural,7,SS (VI-X),1,Department of Education,1,1,1,0,1,1,1,1,0,0,1,1,0,1,0,0,0,1,1,1,1,0,0,0,0,1,1,0,0,1,1,1,1,0,1,1,0,1
2019-20,36,Telangana,3619,JANGAON,361910,DEVARUPPALA,Rural,7,SS (VI-X),3,Local body,10,10,8,0,4,9,10,10,0,0,10,10,0,10,0,10,9,10,10,10,10,0,0,0,0,10,10,0,3,0,10,2,10,10,10,6,2,7
2019-20,36,Telangana,3619,JANGAON,361910,DEVARUPPALA,Rural,7,SS (VI-X),5,Private Unaided (Recognized),1,1,1,0,1,1,1,1,0,0,1,1,0,1,0,1,1,1,1,1,1,1,1,1,1,1,1,1,1,0,1,0,1,1,1,0,1,1
2019-20,36,Telangana,3619,JANGAON,361910,DEVARUPPALA,Rural,11,HSS (XI-XII),1,Department of Education,1,0,1,0,0,0,1,1,0,0,1,1,0,0,0,1,1,1,1,1,1,0,0,0,0,1,1,1,0,1,1,1,1,1,1,0,0,1
2019-20,36,Telangana,3619,JANGAON,361910,DEVARUPPALA,Rural,11,HSS (XI-XII),5,Private Unaided (Recognized),1,1,1,0,1,1,1,1,0,0,1,1,0,1,0,1,1,1,1,1,1,0,0,0,0,1,1,0,0,0,1,1,1,1,1,0,0,1
2019-20,36,Telangana,3619,JANGAON,361911,PALAKURTHI,Rural,1,PS (I-V),1,Department of Education,2,2,2,1,1,1,2,2,0,0,2,2,0,0,1,2,2,2,2,2,2,0,0,0,0,2,2,0,0,0,1,0,1,2,2,2,0,0
2019-20,36,Telangana,3619,JANGAON,361911,PALAKURTHI,Rural,1,PS (I-V),3,Local body,53,53,43,16,10,39,16,18,0,0,53,51,0,4,40,48,45,49,46,49,46,7,4,7,7,52,52,0,3,0,45,13,42,52,47,45,0,1
2019-20,36,Telangana,3619,JANGAON,361911,PALAKURTHI,Rural,2,UPS (I-VIII),3,Local body,4,4,3,0,1,3,4,4,0,0,4,4,0,1,4,4,4,4,4,4,4,0,0,0,0,4,4,0,0,0,4,0,4,4,4,4,0,1
2019-20,36,Telangana,3619,JANGAON,361911,PALAKURTHI,Rural,2,UPS (I-VIII),5,Private Unaided (Recognized),2,2,1,0,1,1,2,2,0,0,2,2,0,1,1,2,2,2,2,2,2,1,1,1,1,2,2,0,0,0,2,1,2,1,2,1,0,0
2019-20,36,Telangana,3619,JANGAON,361911,PALAKURTHI,Rural,3,HSS (I-XII),2,Tribal Welfare Department,1,0,1,0,1,1,1,1,0,0,1,1,0,0,1,0,0,1,1,1,1,0,0,0,0,1,1,0,0,0,1,1,1,0,1,1,1,1
2019-20,36,Telangana,3619,JANGAON,361911,PALAKURTHI,Rural,3,HSS (I-XII),90,Social welfare Department,1,1,1,0,1,0,1,1,0,0,1,1,1,1,0,0,0,1,1,1,1,0,0,0,0,1,1,0,0,0,1,1,1,0,1,1,1,1
2019-20,36,Telangana,3619,JANGAON,361911,PALAKURTHI,Rural,5,HSS (VI-XII),1,Department of Education,1,1,1,0,1,1,1,1,0,0,1,1,0,1,0,0,0,1,1,1,1,0,0,0,0,1,1,0,0,0,1,1,1,1,1,1,1,1
2019-20,36,Telangana,3619,JANGAON,361911,PALAKURTHI,Rural,6,SS (I-X),5,Private Unaided (Recognized),5,5,4,0,5,5,5,5,0,0,5,5,0,3,0,5,5,5,5,5,5,2,2,2,2,5,5,0,0,0,4,3,4,5,5,4,3,3
2019-20,36,Telangana,3619,JANGAON,361911,PALAKURTHI,Rural,7,SS (VI-X),3,Local body,12,12,12,0,6,12,12,12,0,0,12,12,0,9,12,12,12,12,12,12,12,0,0,0,0,12,12,0,0,0,12,6,12,12,12,12,5,7
2019-20,36,Telangana,3619,JANGAON,361911,PALAKURTHI,Rural,11,HSS (XI-XII),5,Private Unaided (Recognized),2,2,2,0,2,2,2,2,0,0,2,2,0,1,0,2,2,2,2,2,2,0,0,0,0,2,2,0,0,0,0,0,0,2,2,2,1,1
2019-20,36,Telangana,3619,JANGAON,361912,KODAKANDLA,Rural,1,PS (I-V),3,Local body,23,23,17,11,2,17,9,11,3,0,12,22,0,4,0,16,14,20,18,20,18,1,1,1,1,20,18,0,2,1,20,5,17,22,20,7,0,0
2019-20,36,Telangana,3619,JANGAON,361912,KODAKANDLA,Rural,2,UPS (I-VIII),2,Tribal Welfare Department,1,1,1,1,0,1,1,1,0,0,0,1,0,1,0,1,1,0,0,1,1,0,0,0,0,1,1,0,0,0,1,0,1,0,0,0,0,0
2019-20,36,Telangana,3619,JANGAON,361912,KODAKANDLA,Rural,2,UPS (I-VIII),3,Local body,6,6,3,0,3,3,6,6,0,0,4,6,0,3,0,5,5,6,6,6,6,0,0,0,0,6,6,0,1,0,6,3,6,6,6,0,0,1
2019-20,36,Telangana,3619,JANGAON,361912,KODAKANDLA,Rural,2,UPS (I-VIII),5,Private Unaided (Recognized),2,2,2,0,1,0,2,2,0,0,1,2,0,2,0,2,2,2,2,2,2,0,0,0,0,2,1,0,1,0,2,2,2,0,1,1,0,1
2019-20,36,Telangana,3619,JANGAON,361912,KODAKANDLA,Rural,3,HSS (I-XII),1,Department of Education,2,2,2,0,2,2,2,2,0,0,2,2,1,2,0,0,0,2,2,2,2,0,1,1,1,2,2,1,0,1,2,1,2,0,1,0,0,1
2019-20,36,Telangana,3619,JANGAON,361912,KODAKANDLA,Rural,5,HSS (VI-XII),1,Department of Education,1,1,1,0,1,1,1,1,0,0,1,1,0,1,0,1,1,1,1,1,1,1,0,1,1,1,1,1,0,1,1,0,1,0,1,0,0,1
2019-20,36,Telangana,3619,JANGAON,361912,KODAKANDLA,Rural,7,SS (VI-X),1,Department of Education,1,1,1,0,1,1,1,1,1,0,1,1,0,1,0,0,0,1,1,1,1,0,1,1,1,1,1,1,1,1,1,0,1,1,1,0,0,1
2019-20,36,Telangana,3619,JANGAON,361912,KODAKANDLA,Rural,7,SS (VI-X),3,Local body,4,4,4,0,2,4,4,4,4,0,4,4,0,2,0,3,3,4,4,4,4,2,2,2,2,4,4,1,1,0,4,1,4,4,4,2,0,4
2019-20,36,Telangana,3619,JANGAON,361912,KODAKANDLA,Rural,11,HSS (XI-XII),1,Department of Education,1,1,1,0,0,1,1,1,1,0,1,1,0,1,0,1,1,1,1,1,1,0,0,0,0,1,1,0,0,0,1,0,1,1,0,0,0,0
