Academic_Year,State_Code,State_Name,District_Code,District_Name,Block_Code,Udise_Block_Name,School_Category_Id,School_Category_Name,School_Management_Id,School_Management_Name,Location,School_Type_Id,School_Type,Total_Number_of_Schools,Building,Complete_Medical_Checkup,Computer_Available,Functional_Drinking_Water,Drinking_Water,Functional_Electricity,Functional_Boy_Toilet,Functional_Girl_Toilet,Functional_Toilet_Facility,Functional_Toilet_and_Urinal,Functional_Urinal,Functional_Urinal_Boy,Functional_Urinal_Girl,Handwash,Separate_Room_for_Headmaster,Incinerator,Internet,Kitchen_Garden,Land_Available,Librarian,Library_or_Reading_Corner_or_Book_Bank,Medical_Checkup,Newspaper,Playground,Rain_Water_Harvesting,Ramps,Solar_Panel,Furniture,Water_Purifier,Water_Tested
2018-19,36,Telangana,3601,ADILABAD,360104,GADIGUDA,6, SS (I-X) ,2,Tribal Welfare Department,Rural,2,Girls,1,1,0,1,1,1,1,0,1,1,0,0,0,0,1,1,1,0,1,1,0,1,1,0,1,0,0,1,1,0,0
2018-19,36,Telangana,3601,ADILABAD,360101,BHEEMPOOR,1,PS (I-V) ,2,Tribal Welfare Department,Rural,3,Co-educational,17,17,6,0,10,10,13,11,10,15,10,10,7,5,7,0,1,0,0,5,0,17,16,4,4,4,3,0,13,0,1
2018-19,36,Telangana,3601,ADILABAD,360101,BHEEMPOOR,1,PS (I-V) ,3,Local body,Rural,3,Co-educational,13,13,9,0,10,10,13,10,11,12,9,10,9,10,10,1,0,0,4,11,0,13,12,3,4,2,6,0,10,1,2
2018-19,36,Telangana,3601,ADILABAD,360101,BHEEMPOOR,6, SS (I-X) ,2,Tribal Welfare Department,Rural,1,Boys,1,1,1,1,1,1,1,1,0,1,1,1,1,0,1,0,0,0,0,1,0,1,1,1,1,1,0,1,1,0,0
2018-19,36,Telangana,3601,ADILABAD,360101,BHEEMPOOR,7,SS (VI-X),3,Local body,Rural,3,Co-educational,3,3,3,2,1,3,3,3,3,3,3,3,3,2,3,1,1,0,0,3,0,3,3,3,3,1,1,0,2,1,1
2018-19,36,Telangana,3601,ADILABAD,360101,BHEEMPOOR,2,UPS (I-VIII) ,3,Local body,Rural,3,Co-educational,9,9,6,4,9,9,9,9,9,9,8,8,8,8,9,2,1,0,3,8,0,9,8,7,2,3,6,0,8,0,3
2018-19,36,Telangana,3601,ADILABAD,360102,JAINAD,5, HSS (VI-XII),1,Department of Education,Rural,2,Girls,1,1,0,1,0,1,1,0,1,1,1,1,0,1,1,0,0,1,0,1,0,1,1,1,1,0,1,0,1,1,0
2018-19,36,Telangana,3601,ADILABAD,360102,JAINAD,5, HSS (VI-XII),1,Department of Education,Rural,3,Co-educational,1,1,0,1,1,1,1,1,1,1,1,1,1,1,1,1,0,0,0,1,0,0,1,1,1,0,0,0,1,1,0
2018-19,36,Telangana,3601,ADILABAD,360102,JAINAD,11,HSS (XI-XII),5,Private Unaided (Recognized),Rural,3,Co-educational,1,1,0,0,1,1,1,1,1,1,1,1,1,1,1,1,1,0,0,1,1,1,0,1,1,0,1,0,1,0,0
2018-19,36,Telangana,3601,ADILABAD,360102,JAINAD,1,PS (I-V) ,2,Tribal Welfare Department,Rural,3,Co-educational,2,2,0,0,1,2,1,2,2,2,1,1,1,1,2,0,0,0,2,0,0,1,1,0,0,0,0,0,2,0,0
2018-19,36,Telangana,3601,ADILABAD,360102,JAINAD,1,PS (I-V) ,3,Local body,Rural,3,Co-educational,39,39,14,0,32,36,37,34,30,37,31,31,26,24,38,8,6,0,12,26,0,39,23,5,31,1,29,0,27,0,2
2018-19,36,Telangana,3601,ADILABAD,360102,JAINAD,1,PS (I-V) ,5,Private Unaided (Recognized),Rural,3,Co-educational,1,1,1,0,1,1,1,1,1,1,1,1,1,1,1,1,0,0,0,1,0,1,1,1,1,0,0,0,1,0,0
2018-19,36,Telangana,3601,ADILABAD,360102,JAINAD,6, SS (I-X) ,5,Private Unaided (Recognized),Rural,3,Co-educational,1,1,0,0,1,1,1,1,1,1,1,1,1,1,1,1,1,0,1,1,1,1,0,1,1,0,1,0,1,1,0
2018-19,36,Telangana,3601,ADILABAD,360102,JAINAD,7,SS (VI-X),3,Local body,Rural,3,Co-educational,13,13,9,6,12,12,13,11,12,12,11,12,10,12,13,8,3,0,5,13,3,13,13,12,12,1,8,1,13,3,1
2018-19,36,Telangana,3601,ADILABAD,360102,JAINAD,2,UPS (I-VIII) ,3,Local body,Rural,3,Co-educational,8,8,3,3,8,8,8,8,8,8,8,8,8,8,8,1,2,0,0,6,0,7,3,0,5,0,6,0,8,0,0
2018-19,36,Telangana,3601,ADILABAD,360102,JAINAD,2,UPS (I-VIII) ,5,Private Unaided (Recognized),Rural,3,Co-educational,1,1,0,0,1,1,1,1,1,1,0,0,0,0,1,1,0,0,0,0,0,1,1,1,1,0,0,0,1,0,0
2018-19,36,Telangana,3601,ADILABAD,360103,BELA,11,HSS (XI-XII),1,Department of Education,Rural,3,Co-educational,1,1,0,0,0,1,1,1,1,1,1,1,1,1,1,1,0,1,0,1,0,1,1,1,1,0,0,0,1,1,1
2018-19,36,Telangana,3601,ADILABAD,360103,BELA,1,PS (I-V) ,2,Tribal Welfare Department,Rural,2,Girls,1,1,0,1,1,1,1,0,1,1,1,1,0,1,0,0,1,1,1,1,0,1,1,1,1,1,0,1,1,0,1
2018-19,36,Telangana,3601,ADILABAD,360103,BELA,1,PS (I-V) ,2,Tribal Welfare Department,Rural,3,Co-educational,32,32,1,0,22,25,31,25,24,25,15,16,15,15,22,0,1,0,10,3,0,31,32,0,17,0,8,0,26,0,1
2018-19,36,Telangana,3601,ADILABAD,360103,BELA,1,PS (I-V) ,3,Local body,Rural,3,Co-educational,34,34,4,0,30,31,31,27,30,30,22,24,22,23,26,1,9,0,13,22,0,32,34,4,9,7,17,0,26,1,1
2018-19,36,Telangana,3601,ADILABAD,360103,BELA,6, SS (I-X) ,2,Tribal Welfare Department,Rural,1,Boys,2,2,1,2,2,2,2,2,0,2,2,2,2,0,2,0,0,0,2,1,1,2,2,2,2,0,0,1,2,2,1
2018-19,36,Telangana,3601,ADILABAD,360103,BELA,6, SS (I-X) ,2,Tribal Welfare Department,Rural,2,Girls,1,1,0,1,1,1,1,0,1,1,0,0,0,0,1,0,0,0,1,1,0,0,1,1,1,0,0,0,1,1,0
2018-19,36,Telangana,3601,ADILABAD,360103,BELA,6, SS (I-X) ,5,Private Unaided (Recognized),Rural,3,Co-educational,1,1,0,1,1,1,1,1,1,1,1,1,1,1,0,1,0,1,0,1,0,1,1,1,1,0,0,1,1,1,0
2018-19,36,Telangana,3601,ADILABAD,360103,BELA,7,SS (VI-X),1,Department of Education,Rural,2,Girls,1,1,1,1,1,1,1,0,1,1,0,0,0,0,1,1,0,1,1,0,1,1,1,1,1,0,0,0,1,1,1
2018-19,36,Telangana,3601,ADILABAD,360103,BELA,7,SS (VI-X),3,Local body,Rural,3,Co-educational,5,5,4,3,5,5,5,5,5,5,4,4,4,4,5,5,0,0,3,5,0,5,5,2,4,2,2,0,5,0,1
2018-19,36,Telangana,3601,ADILABAD,360103,BELA,2,UPS (I-VIII) ,3,Local body,Rural,3,Co-educational,11,11,2,2,9,11,11,7,10,10,10,11,8,11,8,0,3,0,6,9,0,11,9,1,3,2,9,1,11,0,3
2018-19,36,Telangana,3601,ADILABAD,360103,BELA,2,UPS (I-VIII) ,5,Private Unaided (Recognized),Rural,3,Co-educational,2,2,0,0,2,2,2,2,2,2,1,1,1,1,2,2,2,0,2,2,0,1,2,1,2,0,0,0,2,1,2
2018-19,36,Telangana,3601,ADILABAD,360104,GADIGUDA,1,PS (I-V) ,2,Tribal Welfare Department,Rural,3,Co-educational,51,51,22,1,11,19,35,28,29,30,20,31,29,25,7,2,11,0,33,40,0,31,51,1,20,1,0,1,50,0,6
2018-19,36,Telangana,3601,ADILABAD,360104,GADIGUDA,1,PS (I-V) ,3,Local body,Rural,3,Co-educational,21,21,1,1,12,12,15,18,18,18,11,14,14,13,4,1,4,0,20,18,0,13,21,1,4,2,1,0,20,0,1
2018-19,36,Telangana,3601,ADILABAD,360104,GADIGUDA,6, SS (I-X) ,2,Tribal Welfare Department,Rural,1,Boys,2,2,1,1,2,2,2,1,0,1,0,1,1,0,2,1,0,0,1,2,0,2,2,0,2,0,1,2,2,1,1
2018-19,36,Telangana,3601,ADILABAD,360104,GADIGUDA,7,SS (VI-X),1,Department of Education,Rural,2,Girls,1,1,1,0,1,1,1,0,1,1,0,0,0,0,1,1,0,0,0,0,0,1,1,0,0,0,0,0,1,0,1
2018-19,36,Telangana,3601,ADILABAD,360104,GADIGUDA,2,UPS (I-VIII) ,3,Local body,Rural,3,Co-educational,2,2,0,0,2,2,2,2,2,2,1,1,1,0,1,0,0,0,2,1,0,2,2,1,2,0,0,0,2,0,0
2018-19,36,Telangana,3601,ADILABAD,360104,GADIGUDA,2,UPS (I-VIII) ,5,Private Unaided (Recognized),Rural,3,Co-educational,1,1,0,0,1,1,1,0,0,0,0,1,1,1,1,1,0,0,0,0,0,0,1,0,1,0,0,0,0,0,0
2018-19,36,Telangana,3601,ADILABAD,360105,NARNOOR,5, HSS (VI-XII),1,Department of Education,Rural,3,Co-educational,1,1,0,1,1,1,1,1,1,1,1,1,1,1,1,1,1,1,1,0,1,1,1,1,0,0,1,1,1,1,0
2018-19,36,Telangana,3601,ADILABAD,360105,NARNOOR,11,HSS (XI-XII),1,Department of Education,Rural,3,Co-educational,1,1,0,0,1,1,0,1,1,1,0,0,0,0,1,1,0,0,1,1,0,1,1,1,0,0,0,0,1,0,0
2018-19,36,Telangana,3601,ADILABAD,360105,NARNOOR,11,HSS (XI-XII),2,Tribal Welfare Department,Rural,3,Co-educational,1,1,0,1,1,1,1,1,0,1,1,1,1,0,0,1,0,1,1,1,1,1,1,1,1,0,0,0,1,0,0
2018-19,36,Telangana,3601,ADILABAD,360105,NARNOOR,1,PS (I-V) ,2,Tribal Welfare Department,Rural,1,Boys,2,2,0,0,2,2,2,2,0,2,2,2,2,0,1,1,0,0,2,2,0,0,2,2,0,0,2,0,2,0,0
2018-19,36,Telangana,3601,ADILABAD,360105,NARNOOR,1,PS (I-V) ,1,Department of Education,Rural,3,Co-educational,1,1,0,0,0,1,1,1,1,1,0,0,0,0,0,0,0,0,1,0,0,0,1,1,0,0,0,0,1,0,0
2018-19,36,Telangana,3601,ADILABAD,360105,NARNOOR,1,PS (I-V) ,2,Tribal Welfare Department,Rural,3,Co-educational,34,34,1,0,3,3,29,31,31,31,21,21,21,19,1,0,6,0,31,31,0,21,34,2,18,1,5,0,33,0,0
2018-19,36,Telangana,3601,ADILABAD,360105,NARNOOR,1,PS (I-V) ,3,Local body,Rural,3,Co-educational,28,28,1,0,20,20,24,26,26,26,22,23,23,22,16,1,12,0,27,20,0,23,28,5,17,2,6,0,28,0,5
2018-19,36,Telangana,3601,ADILABAD,360105,NARNOOR,1,PS (I-V) ,5,Private Unaided (Recognized),Rural,3,Co-educational,1,1,0,0,1,1,0,1,1,1,0,0,0,0,0,1,0,0,1,1,0,1,1,1,1,0,0,0,1,0,0
2018-19,36,Telangana,3601,ADILABAD,360105,NARNOOR,6, SS (I-X) ,2,Tribal Welfare Department,Rural,1,Boys,2,2,0,2,2,2,2,2,0,2,1,1,1,0,1,1,0,0,2,2,0,2,2,1,2,1,0,2,2,0,1
2018-19,36,Telangana,3601,ADILABAD,360105,NARNOOR,6, SS (I-X) ,2,Tribal Welfare Department,Rural,2,Girls,2,2,0,2,2,2,2,0,2,2,2,2,0,2,2,1,2,1,2,2,0,1,2,1,1,0,0,1,2,0,1
2018-19,36,Telangana,3601,ADILABAD,360105,NARNOOR,7,SS (VI-X),1,Department of Education,Rural,2,Girls,1,1,0,1,1,1,1,0,1,1,0,0,0,0,1,1,1,0,1,1,0,1,1,0,1,0,0,1,1,0,1
2018-19,36,Telangana,3601,ADILABAD,360105,NARNOOR,7,SS (VI-X),3,Local body,Rural,3,Co-educational,4,4,0,2,4,4,4,4,4,4,4,4,4,4,3,3,2,0,4,4,1,4,4,2,4,1,2,1,4,0,0
2018-19,36,Telangana,3601,ADILABAD,360105,NARNOOR,2,UPS (I-VIII) ,3,Local body,Rural,3,Co-educational,1,1,0,0,1,1,1,1,1,1,1,1,1,1,0,0,0,0,1,1,0,1,1,1,0,0,0,0,1,0,0
2018-19,36,Telangana,3601,ADILABAD,360105,NARNOOR,2,UPS (I-VIII) ,5,Private Unaided (Recognized),Rural,3,Co-educational,3,3,0,1,1,1,0,3,3,3,0,0,0,0,0,3,0,0,3,3,0,3,3,2,3,1,0,0,3,0,0
2018-19,36,Telangana,3601,ADILABAD,360106,INDERAVELLY,3,HSS (I-XII),2,Tribal Welfare Department,Rural,2,Girls,1,1,0,1,1,1,1,0,1,1,1,1,0,1,1,0,1,0,0,1,0,0,1,0,1,0,1,0,1,0,0
2018-19,36,Telangana,3601,ADILABAD,360106,INDERAVELLY,11,HSS (XI-XII),1,Department of Education,Rural,3,Co-educational,1,1,0,1,1,1,1,1,1,1,1,1,1,1,1,1,0,0,0,1,0,1,1,1,1,0,0,0,1,0,0
2018-19,36,Telangana,3601,ADILABAD,360106,INDERAVELLY,11,HSS (XI-XII),5,Private Unaided (Recognized),Rural,3,Co-educational,1,1,0,1,1,1,1,1,1,1,1,1,1,1,1,1,0,0,0,0,0,1,1,1,1,0,0,0,1,0,0
2018-19,36,Telangana,3601,ADILABAD,360106,INDERAVELLY,1,PS (I-V) ,2,Tribal Welfare Department,Rural,3,Co-educational,47,47,0,0,35,35,44,46,46,46,38,38,34,37,17,0,2,0,37,37,0,47,44,3,22,1,14,0,42,0,0
2018-19,36,Telangana,3601,ADILABAD,360106,INDERAVELLY,1,PS (I-V) ,3,Local body,Rural,3,Co-educational,30,30,0,0,20,20,28,27,28,29,27,28,23,25,24,1,2,0,21,24,0,29,28,2,17,1,16,0,28,0,4
2018-19,36,Telangana,3601,ADILABAD,360106,INDERAVELLY,1,PS (I-V) ,5,Private Unaided (Recognized),Rural,3,Co-educational,2,2,0,0,2,2,2,2,2,2,2,2,2,2,2,0,0,0,1,1,0,2,1,2,2,0,0,0,2,0,0
2018-19,36,Telangana,3601,ADILABAD,360106,INDERAVELLY,6, SS (I-X) ,2,Tribal Welfare Department,Rural,1,Boys,1,1,1,1,1,1,1,1,0,1,0,0,0,0,0,0,0,0,0,1,0,1,1,1,1,0,0,0,1,0,0
2018-19,36,Telangana,3601,ADILABAD,360106,INDERAVELLY,6, SS (I-X) ,2,Tribal Welfare Department,Rural,2,Girls,2,2,1,2,2,2,2,0,2,2,2,2,0,2,2,1,1,0,1,2,0,2,2,1,2,0,2,2,2,0,1
2018-19,36,Telangana,3601,ADILABAD,360106,INDERAVELLY,6, SS (I-X) ,2,Tribal Welfare Department,Rural,3,Co-educational,1,1,1,1,1,1,1,1,0,1,1,1,1,1,1,0,1,0,1,1,0,1,1,1,1,0,1,0,1,0,0
2018-19,36,Telangana,3601,ADILABAD,360106,INDERAVELLY,7,SS (VI-X),1,Department of Education,Rural,2,Girls,1,1,1,1,1,1,1,0,1,1,1,1,0,1,1,0,1,0,1,1,0,0,1,1,1,0,0,1,1,0,0
2018-19,36,Telangana,3601,ADILABAD,360106,INDERAVELLY,7,SS (VI-X),3,Local body,Rural,3,Co-educational,3,3,0,3,3,3,3,2,3,3,3,3,1,3,3,2,1,0,3,3,0,3,3,3,3,0,2,0,3,1,0
2018-19,36,Telangana,3601,ADILABAD,360106,INDERAVELLY,2,UPS (I-VIII) ,3,Local body,Rural,3,Co-educational,10,10,0,4,7,7,10,10,10,10,9,9,8,9,7,1,2,0,9,9,0,10,9,1,9,1,9,0,10,0,0
2018-19,36,Telangana,3601,ADILABAD,360106,INDERAVELLY,2,UPS (I-VIII) ,5,Private Unaided (Recognized),Rural,3,Co-educational,3,3,0,2,3,3,3,3,3,3,3,3,3,3,3,3,1,0,1,3,0,3,3,3,3,0,0,0,3,0,2
2018-19,36,Telangana,3601,ADILABAD,360107,GUDIHATHNUR,5, HSS (VI-XII),1,Department of Education,Rural,3,Co-educational,1,1,0,1,1,1,1,1,1,1,1,1,1,0,1,1,1,1,0,1,0,1,1,1,1,1,1,0,1,1,0
2018-19,36,Telangana,3601,ADILABAD,360107,GUDIHATHNUR,11,HSS (XI-XII),1,Department of Education,Rural,3,Co-educational,1,1,0,0,0,0,1,1,1,1,1,1,1,1,1,1,0,0,0,1,1,1,1,1,1,1,0,0,1,0,0
2018-19,36,Telangana,3601,ADILABAD,360107,GUDIHATHNUR,1,PS (I-V) ,2,Tribal Welfare Department,Rural,3,Co-educational,29,29,11,0,11,12,26,24,24,28,13,14,10,13,26,0,0,0,0,18,0,28,28,1,10,0,8,0,8,0,0
2018-19,36,Telangana,3601,ADILABAD,360107,GUDIHATHNUR,1,PS (I-V) ,3,Local body,Rural,3,Co-educational,18,18,6,0,10,11,16,16,15,18,10,10,10,9,17,3,3,0,0,15,0,18,17,3,12,4,10,0,7,0,3
2018-19,36,Telangana,3601,ADILABAD,360107,GUDIHATHNUR,1,PS (I-V) ,5,Private Unaided (Recognized),Rural,3,Co-educational,3,3,2,1,3,3,3,3,3,3,1,1,1,1,3,2,1,0,0,2,0,2,3,3,2,0,0,0,2,0,0
2018-19,36,Telangana,3601,ADILABAD,360107,GUDIHATHNUR,6, SS (I-X) ,2,Tribal Welfare Department,Rural,1,Boys,1,1,1,1,1,1,1,1,0,1,0,0,0,0,1,1,0,0,1,0,0,1,1,1,1,1,1,0,1,1,1
2018-19,36,Telangana,3601,ADILABAD,360107,GUDIHATHNUR,6, SS (I-X) ,2,Tribal Welfare Department,Rural,2,Girls,1,1,1,1,1,1,1,0,1,1,0,0,0,0,1,0,1,0,0,1,0,1,1,1,1,1,1,0,1,1,1
2018-19,36,Telangana,3601,ADILABAD,360107,GUDIHATHNUR,7,SS (VI-X),1,Department of Education,Rural,2,Girls,1,1,1,1,1,1,1,0,1,1,1,1,0,1,1,1,1,0,1,1,0,1,1,1,1,1,1,0,1,0,1
2018-19,36,Telangana,3601,ADILABAD,360107,GUDIHATHNUR,7,SS (VI-X),1,Department of Education,Rural,3,Co-educational,1,1,1,1,1,1,1,1,1,1,1,1,1,1,1,1,0,0,1,1,0,1,1,1,1,1,1,0,1,0,0
2018-19,36,Telangana,3601,ADILABAD,360107,GUDIHATHNUR,7,SS (VI-X),3,Local body,Rural,3,Co-educational,3,3,3,3,3,3,3,3,3,3,3,3,3,3,3,1,1,2,2,3,0,3,3,3,3,1,3,0,3,0,1
2018-19,36,Telangana,3601,ADILABAD,360107,GUDIHATHNUR,2,UPS (I-VIII) ,1,Department of Education,Rural,3,Co-educational,1,1,0,0,1,1,1,1,1,1,1,1,1,1,0,0,0,0,0,1,0,1,1,0,1,0,1,0,1,0,0
2018-19,36,Telangana,3601,ADILABAD,360107,GUDIHATHNUR,2,UPS (I-VIII) ,3,Local body,Rural,3,Co-educational,6,6,4,2,5,5,6,5,6,6,6,6,5,6,6,2,2,0,2,4,0,6,6,2,5,2,5,0,5,0,1
2018-19,36,Telangana,3601,ADILABAD,360107,GUDIHATHNUR,2,UPS (I-VIII) ,5,Private Unaided (Recognized),Rural,3,Co-educational,2,2,2,0,2,2,2,2,2,2,1,1,1,1,2,2,0,0,1,1,0,2,2,1,2,1,0,0,1,0,0
2018-19,36,Telangana,3601,ADILABAD,360108,ADILABAD (RURAL),5, HSS (VI-XII),1,Department of Education,Rural,3,Co-educational,1,1,1,1,1,1,1,1,1,1,1,1,1,1,1,1,0,0,0,1,0,1,1,1,1,0,0,0,1,1,1
2018-19,36,Telangana,3601,ADILABAD,360108,ADILABAD (RURAL),1,PS (I-V) ,2,Tribal Welfare Department,Rural,3,Co-educational,46,46,5,1,30,30,25,33,39,41,32,33,25,30,20,5,11,0,43,43,0,24,43,1,32,0,2,1,40,0,9
2018-19,36,Telangana,3601,ADILABAD,360108,ADILABAD (RURAL),1,PS (I-V) ,3,Local body,Rural,3,Co-educational,22,22,3,0,19,19,16,14,17,16,14,15,14,14,11,9,1,0,21,16,0,18,22,0,13,1,6,0,21,1,7
2018-19,36,Telangana,3601,ADILABAD,360108,ADILABAD (RURAL),6, SS (I-X) ,1,Department of Education,Rural,1,Boys,1,1,0,1,1,1,1,1,0,1,1,1,1,0,1,1,0,0,0,0,0,1,1,1,0,0,0,0,1,0,0
2018-19,36,Telangana,3601,ADILABAD,360108,ADILABAD (RURAL),6, SS (I-X) ,2,Tribal Welfare Department,Rural,1,Boys,1,1,0,0,1,1,1,1,0,1,1,1,1,0,1,0,0,0,1,1,0,1,1,1,1,0,0,0,1,1,0
2018-19,36,Telangana,3601,ADILABAD,360108,ADILABAD (RURAL),6, SS (I-X) ,2,Tribal Welfare Department,Rural,3,Co-educational,3,3,0,2,3,3,3,2,1,3,3,3,2,1,2,2,0,0,3,3,0,3,3,2,2,0,1,0,3,1,2
2018-19,36,Telangana,3601,ADILABAD,360108,ADILABAD (RURAL),6, SS (I-X) ,5,Private Unaided (Recognized),Rural,3,Co-educational,1,1,0,1,1,1,1,1,1,1,1,1,1,1,1,1,0,0,1,0,0,1,1,1,1,0,0,0,1,1,1
2018-19,36,Telangana,3601,ADILABAD,360108,ADILABAD (RURAL),7,SS (VI-X),3,Local body,Rural,3,Co-educational,6,6,2,5,6,6,6,5,6,6,6,6,5,6,5,3,0,0,6,6,0,6,6,6,4,1,3,0,6,1,4
2018-19,36,Telangana,3601,ADILABAD,360108,ADILABAD (RURAL),2,UPS (I-VIII) ,2,Tribal Welfare Department,Rural,3,Co-educational,1,1,0,0,1,1,1,1,1,1,1,1,1,1,1,0,1,0,1,1,0,1,1,0,1,0,0,0,1,0,1
2018-19,36,Telangana,3601,ADILABAD,360108,ADILABAD (RURAL),2,UPS (I-VIII) ,3,Local body,Rural,3,Co-educational,7,7,0,0,7,7,7,6,6,6,5,6,6,6,5,0,1,0,7,6,0,7,7,0,5,1,3,0,7,0,3
2018-19,36,Telangana,3601,ADILABAD,360108,ADILABAD (RURAL),2,UPS (I-VIII) ,5,Private Unaided (Recognized),Rural,3,Co-educational,1,1,1,0,1,1,1,1,1,1,1,1,1,1,1,1,0,0,0,1,0,1,1,1,1,0,0,0,1,0,0
2018-19,36,Telangana,3601,ADILABAD,360109,ADILABAD (URBAN),3,HSS (I-XII),90,Social welfare Department,Urban,2,Girls,1,1,0,1,1,1,1,0,1,1,1,1,0,1,1,1,0,1,1,1,0,1,1,0,1,1,1,0,1,1,1
2018-19,36,Telangana,3601,ADILABAD,360109,ADILABAD (URBAN),11,HSS (XI-XII),2,Tribal Welfare Department,Urban,1,Boys,1,1,0,0,1,1,1,1,0,1,1,1,1,0,1,1,0,0,1,0,0,1,1,1,1,0,1,0,1,0,0
2018-19,36,Telangana,3601,ADILABAD,360109,ADILABAD (URBAN),11,HSS (XI-XII),1,Department of Education,Urban,3,Co-educational,2,2,0,0,2,2,2,2,1,2,2,2,1,1,1,2,0,0,2,2,1,1,1,2,1,0,0,0,2,1,0
2018-19,36,Telangana,3601,ADILABAD,360109,ADILABAD (URBAN),11,HSS (XI-XII),5,Private Unaided (Recognized),Urban,3,Co-educational,6,6,0,3,5,5,6,5,5,5,4,4,4,4,5,5,0,0,6,4,2,2,1,4,3,0,3,1,5,2,2
2018-19,36,Telangana,3601,ADILABAD,360109,ADILABAD (URBAN),1,PS (I-V) ,98,Madarsa unrecognized,Urban,1,Boys,1,1,0,0,1,1,1,1,0,1,1,1,1,0,1,0,0,0,1,0,0,0,0,0,0,0,0,0,1,0,0
2018-19,36,Telangana,3601,ADILABAD,360109,ADILABAD (URBAN),1,PS (I-V) ,98,Madarsa unrecognized,Urban,2,Girls,1,1,0,0,1,1,1,0,0,0,0,0,0,0,1,0,0,0,1,0,0,1,0,0,0,0,0,0,1,0,0
2018-19,36,Telangana,3601,ADILABAD,360109,ADILABAD (URBAN),1,PS (I-V) ,1,Department of Education,Urban,3,Co-educational,20,20,1,0,15,16,16,19,18,19,13,13,11,12,12,3,2,0,20,8,0,16,11,1,9,1,9,2,13,0,0
2018-19,36,Telangana,3601,ADILABAD,360109,ADILABAD (URBAN),1,PS (I-V) ,3,Local body,Urban,3,Co-educational,4,4,0,1,3,4,3,3,4,4,4,4,3,4,4,2,0,0,4,2,0,4,4,1,1,1,4,2,4,0,0
2018-19,36,Telangana,3601,ADILABAD,360109,ADILABAD (URBAN),1,PS (I-V) ,4,Government Aided,Urban,3,Co-educational,2,2,0,0,2,2,2,2,2,2,0,0,0,0,1,2,0,0,2,2,0,2,1,1,1,0,0,1,2,0,0
2018-19,36,Telangana,3601,ADILABAD,360109,ADILABAD (URBAN),1,PS (I-V) ,5,Private Unaided (Recognized),Urban,3,Co-educational,1,1,0,1,1,1,1,1,1,1,0,0,0,0,0,1,0,0,1,1,1,1,1,1,1,0,0,0,1,1,1
2018-19,36,Telangana,3601,ADILABAD,360109,ADILABAD (URBAN),1,PS (I-V) ,98,Madarsa unrecognized,Urban,3,Co-educational,2,2,0,0,2,2,2,1,2,2,1,1,1,1,0,0,0,0,2,0,0,0,0,0,0,0,0,0,2,0,0
2018-19,36,Telangana,3601,ADILABAD,360109,ADILABAD (URBAN),6, SS (I-X) ,1,Department of Education,Urban,1,Boys,1,1,0,0,1,1,1,1,0,1,1,1,1,0,0,0,0,0,1,0,0,1,1,1,0,0,0,0,1,0,0
2018-19,36,Telangana,3601,ADILABAD,360109,ADILABAD (URBAN),6, SS (I-X) ,2,Tribal Welfare Department,Urban,1,Boys,1,1,0,1,1,1,1,1,0,1,1,1,1,0,1,1,0,1,1,1,0,1,1,0,1,0,0,0,1,1,0
2018-19,36,Telangana,3601,ADILABAD,360109,ADILABAD (URBAN),6, SS (I-X) ,1,Department of Education,Urban,3,Co-educational,1,1,0,0,1,1,1,1,1,1,1,1,1,1,1,1,0,0,1,1,0,1,1,0,1,0,1,0,1,0,0
2018-19,36,Telangana,3601,ADILABAD,360109,ADILABAD (URBAN),6, SS (I-X) ,2,Tribal Welfare Department,Urban,3,Co-educational,2,2,0,1,2,2,2,1,1,2,2,2,1,1,2,1,1,0,2,1,0,2,2,1,0,1,1,2,2,2,0
2018-19,36,Telangana,3601,ADILABAD,360109,ADILABAD (URBAN),6, SS (I-X) ,5,Private Unaided (Recognized),Urban,3,Co-educational,25,25,0,18,25,25,25,25,25,25,23,23,23,23,18,18,0,0,24,19,4,19,3,11,21,0,6,1,25,7,14
2018-19,36,Telangana,3601,ADILABAD,360109,ADILABAD (URBAN),6, SS (I-X) ,92,Kendriya Vidyalaya / Central School,Urban,3,Co-educational,1,1,0,1,1,1,1,1,1,1,1,1,1,1,1,0,0,0,1,1,0,1,1,0,1,0,1,0,1,0,1
2018-19,36,Telangana,3601,ADILABAD,360109,ADILABAD (URBAN),6, SS (I-X) ,98,Madarsa unrecognized,Urban,3,Co-educational,1,1,0,0,1,1,1,0,1,1,0,0,0,0,0,0,0,0,1,0,0,0,0,0,0,0,0,0,1,0,0
2018-19,36,Telangana,3601,ADILABAD,360109,ADILABAD (URBAN),7,SS (VI-X),1,Department of Education,Urban,2,Girls,2,2,2,1,2,2,2,0,2,2,2,2,0,2,2,1,1,0,1,1,0,2,2,2,1,1,1,0,2,1,0
2018-19,36,Telangana,3601,ADILABAD,360109,ADILABAD (URBAN),7,SS (VI-X),1,Department of Education,Urban,3,Co-educational,10,10,1,9,10,10,10,9,10,10,10,10,7,10,10,6,0,1,10,8,1,10,10,8,7,2,5,1,10,2,0
2018-19,36,Telangana,3601,ADILABAD,360109,ADILABAD (URBAN),7,SS (VI-X),3,Local body,Urban,3,Co-educational,1,1,0,0,1,1,1,0,0,0,0,0,0,0,1,0,0,0,1,0,0,1,1,0,1,0,1,0,1,0,0
2018-19,36,Telangana,3601,ADILABAD,360109,ADILABAD (URBAN),7,SS (VI-X),4,Government Aided,Urban,3,Co-educational,2,2,0,0,2,2,2,2,2,2,1,1,0,1,2,1,0,0,2,2,0,2,1,1,2,0,0,1,2,0,0
2018-19,36,Telangana,3601,ADILABAD,360109,ADILABAD (URBAN),7,SS (VI-X),5,Private Unaided (Recognized),Urban,3,Co-educational,1,1,0,1,1,1,1,1,1,1,1,1,1,1,0,0,0,0,1,1,0,1,0,0,1,0,0,0,1,0,0
2018-19,36,Telangana,3601,ADILABAD,360109,ADILABAD (URBAN),2,UPS (I-VIII) ,98,Madarsa unrecognized,Urban,2,Girls,1,1,0,0,1,1,1,0,1,1,1,1,0,1,0,1,0,0,1,1,0,1,0,0,0,0,0,0,1,0,0
2018-19,36,Telangana,3601,ADILABAD,360109,ADILABAD (URBAN),2,UPS (I-VIII) ,1,Department of Education,Urban,3,Co-educational,8,8,0,3,8,8,8,6,7,8,7,7,6,6,7,4,1,0,8,7,1,7,7,2,5,2,5,0,8,0,1
2018-19,36,Telangana,3601,ADILABAD,360109,ADILABAD (URBAN),2,UPS (I-VIII) ,5,Private Unaided (Recognized),Urban,3,Co-educational,20,20,0,9,20,20,19,20,20,20,17,17,16,17,10,15,2,1,20,15,2,16,2,8,17,1,4,0,19,5,3
2018-19,36,Telangana,3601,ADILABAD,360109,ADILABAD (URBAN),2,UPS (I-VIII) ,98,Madarsa unrecognized,Urban,3,Co-educational,4,4,0,0,4,4,4,4,4,4,3,3,1,3,0,2,0,0,4,0,0,2,0,0,1,0,0,0,4,0,0
2018-19,36,Telangana,3601,ADILABAD,360110,MAVALA,11,HSS (XI-XII),1,Department of Education,Rural,3,Co-educational,1,1,0,0,1,1,1,0,1,1,1,1,0,1,1,1,0,0,1,1,0,1,0,1,1,1,0,1,1,1,1
2018-19,36,Telangana,3601,ADILABAD,360110,MAVALA,11,HSS (XI-XII),5,Private Unaided (Recognized),Rural,3,Co-educational,2,2,0,1,2,2,2,1,1,1,1,1,1,1,1,1,0,0,2,1,1,1,0,1,0,0,0,0,2,0,0
2018-19,36,Telangana,3601,ADILABAD,360110,MAVALA,1,PS (I-V) ,98,Madarsa unrecognized,Rural,2,Girls,1,1,0,0,1,1,1,0,1,1,1,1,0,1,0,0,0,0,1,0,0,0,0,0,0,0,0,0,1,0,0
2018-19,36,Telangana,3601,ADILABAD,360110,MAVALA,1,PS (I-V) ,2,Tribal Welfare Department,Rural,3,Co-educational,1,1,0,0,1,1,1,0,0,0,0,0,0,0,0,0,0,0,1,1,0,1,1,0,1,0,1,0,1,0,0
2018-19,36,Telangana,3601,ADILABAD,360110,MAVALA,1,PS (I-V) ,3,Local body,Rural,3,Co-educational,15,15,0,0,9,9,11,15,15,15,8,8,8,8,9,2,5,0,15,8,0,12,14,2,8,7,4,6,14,0,5
2018-19,36,Telangana,3601,ADILABAD,360110,MAVALA,1,PS (I-V) ,5,Private Unaided (Recognized),Rural,3,Co-educational,3,3,0,1,1,2,2,2,2,2,0,1,1,1,1,2,0,0,3,2,0,2,1,2,2,0,0,0,3,0,0
2018-19,36,Telangana,3601,ADILABAD,360110,MAVALA,6, SS (I-X) ,1,Department of Education,Rural,1,Boys,1,1,0,0,1,1,1,1,0,1,1,1,1,0,1,1,1,0,1,1,0,1,1,1,1,1,0,1,1,0,1
2018-19,36,Telangana,3601,ADILABAD,360110,MAVALA,6, SS (I-X) ,1,Department of Education,Rural,2,Girls,3,3,0,0,3,3,3,0,3,3,3,3,0,3,3,3,2,0,3,2,0,2,3,1,2,3,0,3,3,1,3
2018-19,36,Telangana,3601,ADILABAD,360110,MAVALA,6, SS (I-X) ,5,Private Unaided (Recognized),Rural,3,Co-educational,10,10,0,8,9,9,10,10,10,10,10,10,10,10,7,8,0,0,10,5,4,9,8,5,9,0,3,0,10,5,0
2018-19,36,Telangana,3601,ADILABAD,360110,MAVALA,6, SS (I-X) ,5,Private Unaided (Recognized),Urban,3,Co-educational,1,1,0,1,1,1,1,1,1,1,1,1,1,1,1,1,0,0,1,1,0,1,1,1,1,0,0,0,1,1,0
2018-19,36,Telangana,3601,ADILABAD,360110,MAVALA,7,SS (VI-X),3,Local body,Rural,2,Girls,1,1,0,1,1,1,1,0,1,1,0,0,0,0,1,1,1,0,1,1,0,1,1,0,1,1,1,1,1,0,1
2018-19,36,Telangana,3601,ADILABAD,360110,MAVALA,7,SS (VI-X),3,Local body,Rural,3,Co-educational,3,3,0,2,3,3,3,3,3,3,2,2,2,2,3,1,3,1,3,3,0,3,3,3,3,3,1,2,3,1,3
2018-19,36,Telangana,3601,ADILABAD,360110,MAVALA,2,UPS (I-VIII) ,1,Department of Education,Rural,1,Boys,1,1,0,0,1,1,1,1,0,1,1,1,1,0,0,0,0,0,1,0,0,0,0,0,0,0,0,0,1,0,0
2018-19,36,Telangana,3601,ADILABAD,360110,MAVALA,2,UPS (I-VIII) ,98,Madarsa unrecognized,Rural,1,Boys,1,1,0,0,1,1,1,1,0,1,1,1,1,0,1,0,0,0,1,1,0,0,0,0,1,0,0,0,1,0,0
2018-19,36,Telangana,3601,ADILABAD,360110,MAVALA,2,UPS (I-VIII) ,3,Local body,Rural,3,Co-educational,5,5,0,0,5,5,5,5,5,5,4,4,4,4,5,1,4,0,5,4,0,5,5,0,1,5,2,5,5,0,5
2018-19,36,Telangana,3601,ADILABAD,360110,MAVALA,2,UPS (I-VIII) ,5,Private Unaided (Recognized),Rural,3,Co-educational,7,7,0,5,7,7,7,7,7,7,6,6,6,6,3,4,0,0,7,4,0,5,6,3,5,0,0,0,7,2,0
2018-19,36,Telangana,3601,ADILABAD,360111,TAMSI,11,HSS (XI-XII),1,Department of Education,Rural,3,Co-educational,1,1,1,1,1,1,1,1,1,1,0,0,0,0,1,0,0,1,0,0,0,1,1,1,1,1,0,0,1,1,0
2018-19,36,Telangana,3601,ADILABAD,360111,TAMSI,1,PS (I-V) ,2,Tribal Welfare Department,Rural,3,Co-educational,4,4,3,0,2,2,4,3,3,3,3,4,2,4,4,0,0,0,0,0,0,4,4,1,0,0,1,0,4,0,0
2018-19,36,Telangana,3601,ADILABAD,360111,TAMSI,1,PS (I-V) ,3,Local body,Rural,3,Co-educational,7,7,6,0,5,7,7,6,7,7,6,6,6,6,6,1,3,0,3,6,1,7,7,6,6,3,3,0,7,0,6
2018-19,36,Telangana,3601,ADILABAD,360113,BAZARHATHNOOR,6, SS (I-X) ,2,Tribal Welfare Department,Rural,2,Girls,1,1,0,0,1,1,1,0,1,1,0,0,0,0,1,0,1,0,1,1,0,1,1,1,1,0,1,0,1,1,1
2018-19,36,Telangana,3601,ADILABAD,360111,TAMSI,1,PS (I-V) ,5,Private Unaided (Recognized),Rural,3,Co-educational,1,1,1,1,1,1,1,1,1,1,1,1,1,1,1,1,0,1,0,1,0,0,1,1,1,0,0,1,1,0,0
2018-19,36,Telangana,3601,ADILABAD,360111,TAMSI,6, SS (I-X) ,2,Tribal Welfare Department,Rural,1,Boys,1,1,1,0,1,1,1,1,0,1,1,1,1,0,1,0,0,0,0,1,0,1,1,1,0,1,0,1,1,1,0
2018-19,36,Telangana,3601,ADILABAD,360111,TAMSI,6, SS (I-X) ,1,Department of Education,Rural,2,Girls,1,1,1,1,1,1,1,0,1,1,1,1,0,1,1,1,1,1,1,1,0,1,1,1,1,1,0,0,1,1,1
2018-19,36,Telangana,3601,ADILABAD,360111,TAMSI,7,SS (VI-X),1,Department of Education,Rural,2,Girls,2,2,2,1,2,2,2,0,2,2,2,2,0,2,2,1,1,0,0,0,0,1,2,2,0,0,1,1,2,1,1
2018-19,36,Telangana,3601,ADILABAD,360111,TAMSI,7,SS (VI-X),3,Local body,Rural,3,Co-educational,4,4,3,3,4,4,4,3,4,4,4,4,3,4,4,3,1,1,2,4,0,4,4,3,4,2,3,2,2,2,3
2018-19,36,Telangana,3601,ADILABAD,360111,TAMSI,2,UPS (I-VIII) ,3,Local body,Rural,3,Co-educational,5,5,5,1,5,5,5,5,3,5,4,4,4,4,5,0,1,0,1,5,0,5,5,3,3,3,3,0,5,0,1
2018-19,36,Telangana,3601,ADILABAD,360112,TALAMADUGU,11,HSS (XI-XII),1,Department of Education,Rural,3,Co-educational,1,1,0,1,1,1,1,1,1,1,1,1,1,1,1,0,0,0,1,0,0,1,1,0,1,0,0,0,1,0,0
2018-19,36,Telangana,3601,ADILABAD,360112,TALAMADUGU,1,PS (I-V) ,2,Tribal Welfare Department,Rural,3,Co-educational,19,19,1,0,6,10,15,17,15,17,14,14,14,9,14,0,0,0,0,14,0,16,19,0,10,2,14,0,14,0,2
2018-19,36,Telangana,3601,ADILABAD,360112,TALAMADUGU,1,PS (I-V) ,3,Local body,Rural,3,Co-educational,23,23,0,0,11,20,22,21,20,23,19,19,16,16,18,2,0,0,2,20,0,23,22,1,17,7,14,0,13,0,7
2018-19,36,Telangana,3601,ADILABAD,360112,TALAMADUGU,6, SS (I-X) ,2,Tribal Welfare Department,Rural,1,Boys,1,1,1,0,1,1,1,1,0,1,0,0,0,0,1,0,0,0,0,1,0,1,1,1,1,0,0,0,1,0,1
2018-19,36,Telangana,3601,ADILABAD,360112,TALAMADUGU,6, SS (I-X) ,2,Tribal Welfare Department,Rural,2,Girls,1,1,0,1,1,1,1,0,1,1,1,1,0,1,1,0,0,1,1,1,0,1,1,0,1,1,0,0,1,0,0
2018-19,36,Telangana,3601,ADILABAD,360112,TALAMADUGU,7,SS (VI-X),1,Department of Education,Rural,2,Girls,1,1,1,1,1,1,1,0,1,1,1,1,0,1,1,1,1,0,1,1,0,1,1,1,1,0,0,0,1,1,1
2018-19,36,Telangana,3601,ADILABAD,360112,TALAMADUGU,7,SS (VI-X),3,Local body,Rural,3,Co-educational,9,9,2,6,8,9,9,7,8,8,8,8,6,7,9,1,0,0,4,7,0,9,9,9,8,2,7,1,5,2,1
2018-19,36,Telangana,3601,ADILABAD,360112,TALAMADUGU,2,UPS (I-VIII) ,3,Local body,Rural,3,Co-educational,3,3,2,0,2,3,2,3,3,3,2,2,1,2,3,1,0,0,1,2,0,3,3,1,2,1,1,1,3,0,2
2018-19,36,Telangana,3601,ADILABAD,360112,TALAMADUGU,2,UPS (I-VIII) ,5,Private Unaided (Recognized),Rural,3,Co-educational,1,1,0,0,1,1,1,1,1,1,1,1,1,1,1,0,0,0,0,0,0,1,0,0,0,0,0,0,1,0,0
2018-19,36,Telangana,3601,ADILABAD,360113,BAZARHATHNOOR,5, HSS (VI-XII),1,Department of Education,Rural,3,Co-educational,1,1,1,1,1,1,1,1,1,1,1,1,1,1,1,1,0,1,1,1,0,1,1,1,1,0,0,0,1,1,0
2018-19,36,Telangana,3601,ADILABAD,360113,BAZARHATHNOOR,11,HSS (XI-XII),1,Department of Education,Rural,3,Co-educational,1,1,0,0,1,1,1,1,1,1,0,0,0,0,1,1,0,0,0,1,0,1,1,1,1,0,1,0,1,0,0
2018-19,36,Telangana,3601,ADILABAD,360113,BAZARHATHNOOR,1,PS (I-V) ,2,Tribal Welfare Department,Rural,3,Co-educational,26,26,0,0,9,11,26,21,22,22,13,13,11,12,16,1,2,0,12,22,0,25,26,1,15,0,14,0,21,1,0
2018-19,36,Telangana,3601,ADILABAD,360113,BAZARHATHNOOR,1,PS (I-V) ,3,Local body,Rural,3,Co-educational,24,24,3,0,14,16,21,23,24,24,19,19,17,18,19,7,4,0,11,20,0,22,24,6,17,0,11,1,16,0,0
2018-19,36,Telangana,3601,ADILABAD,360113,BAZARHATHNOOR,6, SS (I-X) ,2,Tribal Welfare Department,Rural,1,Boys,1,1,0,0,1,1,1,1,0,1,1,1,1,0,1,0,0,0,0,0,0,1,1,1,1,0,1,0,1,0,0
2018-19,36,Telangana,3601,ADILABAD,360113,BAZARHATHNOOR,6, SS (I-X) ,2,Tribal Welfare Department,Rural,3,Co-educational,1,1,0,1,1,1,1,1,0,1,1,1,1,0,1,0,0,0,0,1,0,1,1,1,1,1,0,0,1,0,1
2018-19,36,Telangana,3601,ADILABAD,360113,BAZARHATHNOOR,7,SS (VI-X),1,Department of Education,Rural,2,Girls,1,1,0,1,1,1,1,0,1,1,1,1,0,1,1,1,1,0,1,0,0,1,1,0,0,0,1,0,1,1,0
2018-19,36,Telangana,3601,ADILABAD,360113,BAZARHATHNOOR,7,SS (VI-X),3,Local body,Rural,3,Co-educational,4,4,2,2,3,4,4,4,4,4,3,3,1,3,4,2,2,0,2,3,0,4,4,4,3,0,2,0,2,1,0
2018-19,36,Telangana,3601,ADILABAD,360113,BAZARHATHNOOR,2,UPS (I-VIII) ,3,Local body,Rural,3,Co-educational,5,5,0,1,5,5,5,4,4,4,4,4,4,4,4,4,1,0,3,4,0,5,5,0,4,0,4,0,5,0,1
2018-19,36,Telangana,3601,ADILABAD,360113,BAZARHATHNOOR,2,UPS (I-VIII) ,5,Private Unaided (Recognized),Rural,3,Co-educational,2,2,0,2,2,2,2,2,2,2,2,2,2,2,2,1,1,2,1,1,1,1,2,1,2,0,2,0,2,0,1
2018-19,36,Telangana,3601,ADILABAD,360114,BOATH,3,HSS (I-XII),90,Social welfare Department,Rural,3,Co-educational,1,1,1,1,1,1,1,0,1,1,1,1,0,1,1,1,1,1,1,1,0,1,1,1,1,0,0,0,1,0,1
2018-19,36,Telangana,3601,ADILABAD,360114,BOATH,5, HSS (VI-XII),1,Department of Education,Rural,2,Girls,1,1,1,1,1,1,1,0,1,1,0,0,0,0,1,1,0,0,1,1,0,1,1,1,1,0,1,1,1,0,0
2018-19,36,Telangana,3601,ADILABAD,360114,BOATH,5, HSS (VI-XII),1,Department of Education,Rural,3,Co-educational,1,1,0,1,1,1,1,1,1,1,1,1,1,1,1,1,1,1,1,1,0,1,0,0,1,1,0,1,1,0,0
2018-19,36,Telangana,3601,ADILABAD,360114,BOATH,11,HSS (XI-XII),1,Department of Education,Rural,3,Co-educational,1,1,1,1,0,0,1,1,1,1,0,0,0,0,0,0,0,0,0,0,0,1,1,0,1,0,0,0,1,0,0
2018-19,36,Telangana,3601,ADILABAD,360114,BOATH,11,HSS (XI-XII),5,Private Unaided (Recognized),Rural,3,Co-educational,1,1,0,1,1,1,1,1,1,1,0,0,0,0,1,0,0,0,0,1,1,1,0,1,1,0,0,0,1,0,0
2018-19,36,Telangana,3601,ADILABAD,360114,BOATH,1,PS (I-V) ,2,Tribal Welfare Department,Rural,1,Boys,1,1,1,1,1,1,1,1,0,1,1,1,1,0,1,0,0,0,0,1,0,1,1,1,0,0,1,0,1,0,0
2018-19,36,Telangana,3601,ADILABAD,360114,BOATH,1,PS (I-V) ,2,Tribal Welfare Department,Rural,3,Co-educational,27,27,8,0,7,10,27,11,14,15,3,4,1,4,5,1,3,0,16,18,0,26,22,0,11,5,1,0,19,1,3
2018-19,36,Telangana,3601,ADILABAD,360114,BOATH,1,PS (I-V) ,3,Local body,Rural,3,Co-educational,37,37,14,1,25,29,36,21,27,28,18,19,12,15,24,5,16,0,37,26,0,37,33,6,23,5,19,0,32,0,8
2018-19,36,Telangana,3601,ADILABAD,360114,BOATH,1,PS (I-V) ,98,Madarsa unrecognized,Rural,3,Co-educational,1,1,0,0,1,1,1,1,1,1,0,0,0,0,1,0,0,0,0,0,0,0,0,1,0,0,1,0,1,0,0
2018-19,36,Telangana,3601,ADILABAD,360114,BOATH,6, SS (I-X) ,2,Tribal Welfare Department,Rural,1,Boys,1,1,1,1,1,1,1,1,0,1,0,0,0,0,1,1,0,1,1,1,0,1,1,1,1,0,0,1,1,1,0
2018-19,36,Telangana,3601,ADILABAD,360114,BOATH,6, SS (I-X) ,2,Tribal Welfare Department,Rural,2,Girls,1,1,1,1,1,1,1,0,1,1,1,1,0,1,1,1,0,0,0,1,0,1,1,1,1,0,1,0,1,0,0
2018-19,36,Telangana,3601,ADILABAD,360114,BOATH,6, SS (I-X) ,2,Tribal Welfare Department,Rural,3,Co-educational,2,2,2,1,2,2,2,1,1,2,1,1,0,1,0,2,0,0,1,2,0,2,2,2,1,0,0,2,2,0,0
2018-19,36,Telangana,3601,ADILABAD,360114,BOATH,6, SS (I-X) ,5,Private Unaided (Recognized),Rural,3,Co-educational,5,5,1,2,5,5,5,5,5,5,2,2,2,2,3,5,1,1,1,4,1,4,2,5,4,0,3,0,5,1,2
2018-19,36,Telangana,3601,ADILABAD,360114,BOATH,7,SS (VI-X),1,Department of Education,Rural,3,Co-educational,1,1,1,1,1,1,1,1,0,1,0,0,0,0,1,0,0,0,0,1,0,1,1,1,1,0,0,0,0,0,0
2018-19,36,Telangana,3601,ADILABAD,360114,BOATH,7,SS (VI-X),3,Local body,Rural,3,Co-educational,9,9,3,6,7,9,9,6,8,9,7,7,4,7,8,4,7,1,9,9,0,9,7,7,7,3,3,0,7,1,4
2018-19,36,Telangana,3601,ADILABAD,360114,BOATH,2,UPS (I-VIII) ,3,Local body,Rural,3,Co-educational,1,1,0,1,1,1,1,1,1,1,0,0,0,0,1,0,0,0,0,0,0,1,1,0,1,0,1,0,1,0,0
2018-19,36,Telangana,3601,ADILABAD,360114,BOATH,2,UPS (I-VIII) ,5,Private Unaided (Recognized),Rural,3,Co-educational,5,5,3,0,5,5,5,5,5,5,4,4,4,3,2,4,3,0,0,3,1,5,4,4,4,1,2,0,5,1,0
2018-19,36,Telangana,3601,ADILABAD,360115,NERADIGONDA,11,HSS (XI-XII),1,Department of Education,Rural,3,Co-educational,1,1,0,0,1,1,1,1,1,1,1,1,0,1,0,1,0,0,0,1,0,1,0,1,1,0,0,0,1,0,0
2018-19,36,Telangana,3601,ADILABAD,360115,NERADIGONDA,1,PS (I-V) ,2,Tribal Welfare Department,Rural,2,Girls,1,1,0,1,1,1,1,0,1,1,1,1,0,1,1,1,0,1,1,0,0,1,1,1,1,1,0,1,0,1,1
2018-19,36,Telangana,3601,ADILABAD,360115,NERADIGONDA,1,PS (I-V) ,2,Tribal Welfare Department,Rural,3,Co-educational,27,27,10,0,11,18,23,18,21,22,15,15,10,12,15,1,0,0,10,17,0,25,26,0,5,0,5,1,18,0,4
2018-19,36,Telangana,3601,ADILABAD,360115,NERADIGONDA,1,PS (I-V) ,3,Local body,Rural,3,Co-educational,33,33,16,1,20,26,29,30,32,33,30,30,25,28,27,1,1,0,8,20,0,32,32,3,17,3,11,1,23,0,10
2018-19,36,Telangana,3601,ADILABAD,360115,NERADIGONDA,1,PS (I-V) ,5,Private Unaided (Recognized),Rural,3,Co-educational,1,1,0,0,1,1,1,1,1,1,0,0,0,0,0,1,0,0,0,0,0,1,1,0,1,0,0,0,1,0,0
2018-19,36,Telangana,3601,ADILABAD,360115,NERADIGONDA,6, SS (I-X) ,2,Tribal Welfare Department,Rural,1,Boys,2,2,1,2,2,2,2,2,0,2,1,1,1,0,2,1,0,2,1,1,0,2,2,2,2,0,0,1,2,1,2
2018-19,36,Telangana,3601,ADILABAD,360115,NERADIGONDA,6, SS (I-X) ,2,Tribal Welfare Department,Rural,2,Girls,1,1,1,1,1,1,1,0,1,1,1,1,0,1,1,1,0,0,0,1,0,1,1,1,1,1,1,0,1,1,1
2018-19,36,Telangana,3601,ADILABAD,360115,NERADIGONDA,7,SS (VI-X),1,Department of Education,Rural,2,Girls,1,1,0,1,1,1,1,0,1,1,1,1,0,1,1,1,1,0,0,1,0,1,1,1,1,1,1,0,1,1,0
2018-19,36,Telangana,3601,ADILABAD,360115,NERADIGONDA,7,SS (VI-X),3,Local body,Rural,3,Co-educational,5,5,4,2,5,5,5,3,5,5,5,5,3,5,5,0,0,0,3,5,0,5,5,4,5,3,3,1,5,0,3
2018-19,36,Telangana,3601,ADILABAD,360115,NERADIGONDA,2,UPS (I-VIII) ,3,Local body,Rural,3,Co-educational,6,6,3,1,4,5,6,6,6,6,6,6,6,6,5,1,0,0,1,6,0,6,6,1,5,2,3,0,5,0,2
2018-19,36,Telangana,3601,ADILABAD,360115,NERADIGONDA,2,UPS (I-VIII) ,5,Private Unaided (Recognized),Rural,3,Co-educational,3,3,0,0,3,3,2,3,3,3,2,2,2,2,2,3,0,0,1,3,0,3,3,3,3,0,0,0,3,1,0
2018-19,36,Telangana,3601,ADILABAD,360116,ICHODA,3,HSS (I-XII),2,Tribal Welfare Department,Rural,3,Co-educational,1,1,1,1,1,1,1,1,0,1,0,0,0,0,1,1,0,0,1,1,0,1,1,1,1,1,0,1,1,1,1
2018-19,36,Telangana,3601,ADILABAD,360116,ICHODA,11,HSS (XI-XII),1,Department of Education,Rural,3,Co-educational,2,2,0,2,2,2,2,2,2,2,0,0,0,0,1,1,1,0,2,1,0,2,1,1,2,1,0,1,2,1,0
2018-19,36,Telangana,3601,ADILABAD,360116,ICHODA,11,HSS (XI-XII),5,Private Unaided (Recognized),Rural,3,Co-educational,2,2,2,2,2,2,2,2,2,2,2,2,2,2,0,0,0,1,2,1,0,0,2,0,1,0,1,0,2,0,0
2018-19,36,Telangana,3601,ADILABAD,360116,ICHODA,1,PS (I-V) ,2,Tribal Welfare Department,Rural,3,Co-educational,20,20,10,1,11,14,18,18,17,18,9,9,9,9,9,0,1,0,19,11,0,18,20,2,13,1,2,1,17,1,2
2018-19,36,Telangana,3601,ADILABAD,360116,ICHODA,1,PS (I-V) ,3,Local body,Rural,3,Co-educational,37,37,21,0,18,28,35,33,33,35,32,33,31,29,28,7,3,0,36,26,0,34,37,5,27,6,15,2,26,1,3
2018-19,36,Telangana,3601,ADILABAD,360116,ICHODA,1,PS (I-V) ,5,Private Unaided (Recognized),Rural,3,Co-educational,2,2,1,2,2,2,2,2,2,2,1,1,1,1,2,2,0,1,2,1,0,1,2,1,2,1,0,0,2,0,0
2018-19,36,Telangana,3601,ADILABAD,360116,ICHODA,6, SS (I-X) ,90,Social welfare Department,Rural,1,Boys,1,1,0,1,0,1,1,1,0,1,0,0,0,0,1,1,0,1,1,1,0,1,1,1,1,0,1,0,0,1,0
2018-19,36,Telangana,3601,ADILABAD,360116,ICHODA,6, SS (I-X) ,2,Tribal Welfare Department,Rural,2,Girls,2,2,1,2,1,2,2,0,2,2,0,0,0,0,2,1,0,0,2,2,0,2,2,0,2,2,0,2,2,1,2
2018-19,36,Telangana,3601,ADILABAD,360116,ICHODA,6, SS (I-X) ,1,Department of Education,Rural,3,Co-educational,1,1,1,1,1,1,1,1,0,1,0,0,0,0,1,0,0,1,0,1,0,1,1,1,1,0,1,0,1,1,0
2018-19,36,Telangana,3601,ADILABAD,360116,ICHODA,6, SS (I-X) ,5,Private Unaided (Recognized),Rural,3,Co-educational,3,3,0,3,3,3,3,3,3,3,0,0,0,0,3,2,0,1,2,2,0,2,2,1,3,1,1,1,3,0,1
2018-19,36,Telangana,3601,ADILABAD,360116,ICHODA,7,SS (VI-X),1,Department of Education,Rural,2,Girls,2,2,0,1,2,2,2,0,2,2,1,1,0,1,2,2,1,1,1,1,0,1,1,1,0,1,0,1,2,0,1
2018-19,36,Telangana,3601,ADILABAD,360116,ICHODA,7,SS (VI-X),3,Local body,Rural,3,Co-educational,6,6,3,5,5,5,6,5,6,6,3,3,3,2,4,2,1,1,6,6,1,6,6,5,5,2,4,1,5,1,1
2018-19,36,Telangana,3601,ADILABAD,360116,ICHODA,7,SS (VI-X),5,Private Unaided (Recognized),Rural,3,Co-educational,1,1,0,1,1,1,1,1,1,1,0,0,0,0,1,0,0,1,1,1,0,1,1,0,1,0,0,0,1,0,0
2018-19,36,Telangana,3601,ADILABAD,360116,ICHODA,2,UPS (I-VIII) ,3,Local body,Rural,3,Co-educational,7,7,5,2,5,6,7,6,6,6,6,6,6,6,5,1,3,1,7,7,0,7,7,2,5,2,5,0,6,0,1
2018-19,36,Telangana,3601,ADILABAD,360116,ICHODA,2,UPS (I-VIII) ,5,Private Unaided (Recognized),Rural,3,Co-educational,6,6,1,4,6,6,5,5,5,5,3,4,4,3,5,4,0,1,6,3,0,4,6,3,6,0,3,0,6,0,0
2018-19,36,Telangana,3601,ADILABAD,360117,SIRIKONDA,1,PS (I-V) ,2,Tribal Welfare Department,Rural,3,Co-educational,29,29,5,0,20,20,27,27,28,28,20,21,20,18,16,2,0,0,29,24,0,29,29,0,18,0,11,0,29,0,0
2018-19,36,Telangana,3601,ADILABAD,360117,SIRIKONDA,1,PS (I-V) ,3,Local body,Rural,3,Co-educational,13,13,4,0,7,7,11,12,12,12,10,10,9,9,8,1,0,0,13,10,0,13,13,0,8,1,5,0,12,0,1
2018-19,36,Telangana,3601,ADILABAD,360117,SIRIKONDA,6, SS (I-X) ,2,Tribal Welfare Department,Rural,1,Boys,2,2,1,1,2,2,2,2,0,2,0,0,0,0,1,1,0,0,2,2,0,2,2,0,1,1,1,1,2,0,1
2018-19,36,Telangana,3601,ADILABAD,360117,SIRIKONDA,7,SS (VI-X),3,Local body,Rural,3,Co-educational,1,1,1,1,1,1,1,1,1,1,1,1,1,1,1,0,0,0,1,1,0,1,1,1,1,0,1,0,0,1,0
2018-19,36,Telangana,3601,ADILABAD,360117,SIRIKONDA,2,UPS (I-VIII) ,3,Local body,Rural,3,Co-educational,5,5,2,0,4,4,5,3,5,5,5,5,4,5,3,1,0,0,5,4,0,5,5,0,3,0,5,0,5,0,0
2018-19,36,Telangana,3601,ADILABAD,360118,UTNUR,11,HSS (XI-XII),1,Department of Education,Rural,3,Co-educational,1,1,0,0,1,1,1,1,1,1,1,1,1,1,0,1,0,0,0,1,0,0,0,1,1,1,0,0,1,0,0
2018-19,36,Telangana,3601,ADILABAD,360118,UTNUR,11,HSS (XI-XII),2,Tribal Welfare Department,Rural,3,Co-educational,2,2,0,1,1,2,2,2,2,2,2,2,1,1,1,2,0,1,0,2,0,2,0,0,2,2,0,0,2,0,1
2018-19,36,Telangana,3601,ADILABAD,360118,UTNUR,11,HSS (XI-XII),5,Private Unaided (Recognized),Rural,3,Co-educational,4,4,0,2,2,2,4,4,4,4,4,4,4,4,1,3,0,3,0,2,1,2,0,1,1,1,0,0,4,1,0
2018-19,36,Telangana,3601,ADILABAD,360118,UTNUR,1,PS (I-V) ,3,Local body,Rural,2,Girls,1,1,0,0,1,1,0,0,1,1,1,1,0,1,1,0,1,0,0,0,0,1,1,1,0,1,0,0,1,0,0
2018-19,36,Telangana,3601,ADILABAD,360118,UTNUR,1,PS (I-V) ,2,Tribal Welfare Department,Rural,3,Co-educational,80,80,1,0,42,45,70,56,60,61,5,6,6,5,31,3,4,0,8,60,0,74,44,0,24,28,17,1,78,0,3
2018-19,36,Telangana,3601,ADILABAD,360118,UTNUR,1,PS (I-V) ,3,Local body,Rural,3,Co-educational,46,46,2,1,25,35,30,37,38,40,19,21,18,20,31,1,4,0,11,31,0,38,33,6,25,27,16,2,41,1,0
2018-19,36,Telangana,3601,ADILABAD,360118,UTNUR,1,PS (I-V) ,5,Private Unaided (Recognized),Rural,3,Co-educational,3,3,0,0,2,3,2,3,3,3,0,0,0,0,2,0,0,0,0,1,0,0,1,0,1,2,0,0,3,0,2
2018-19,36,Telangana,3601,ADILABAD,360118,UTNUR,6, SS (I-X) ,2,Tribal Welfare Department,Rural,1,Boys,4,4,0,2,3,4,4,4,0,4,2,2,2,0,4,1,0,1,4,4,0,4,3,1,4,3,2,0,3,1,3
2018-19,36,Telangana,3601,ADILABAD,360118,UTNUR,6, SS (I-X) ,2,Tribal Welfare Department,Rural,2,Girls,2,2,0,1,2,2,2,0,2,2,2,2,0,2,2,2,0,0,1,1,0,2,1,2,0,2,1,0,2,1,1
2018-19,36,Telangana,3601,ADILABAD,360118,UTNUR,6, SS (I-X) ,1,Department of Education,Rural,3,Co-educational,1,1,0,1,1,1,1,1,0,1,1,1,1,0,1,1,0,1,1,1,0,0,0,0,1,0,0,1,1,1,0
2018-19,36,Telangana,3601,ADILABAD,360118,UTNUR,6, SS (I-X) ,2,Tribal Welfare Department,Rural,3,Co-educational,2,2,0,2,2,2,2,2,0,2,0,0,0,0,2,2,0,0,1,2,0,2,2,2,2,1,0,2,2,1,2
2018-19,36,Telangana,3601,ADILABAD,360118,UTNUR,6, SS (I-X) ,5,Private Unaided (Recognized),Rural,3,Co-educational,6,6,1,5,6,6,6,6,6,6,6,6,6,6,6,6,1,5,0,6,2,6,3,5,6,5,3,1,6,3,5
2018-19,36,Telangana,3601,ADILABAD,360118,UTNUR,7,SS (VI-X),1,Department of Education,Rural,2,Girls,1,1,0,1,1,1,1,0,1,1,1,1,0,1,1,1,0,0,1,1,0,0,1,1,1,1,0,1,0,1,1
2018-19,36,Telangana,3601,ADILABAD,360118,UTNUR,7,SS (VI-X),3,Local body,Rural,2,Girls,1,1,0,0,1,1,1,0,1,1,1,1,0,1,1,0,0,0,0,1,0,1,1,1,0,0,1,0,1,0,0
2018-19,36,Telangana,3601,ADILABAD,360118,UTNUR,7,SS (VI-X),3,Local body,Rural,3,Co-educational,9,9,2,4,7,9,9,7,7,8,6,7,6,7,7,3,3,0,5,8,0,9,9,6,6,6,9,0,9,0,4
2018-19,36,Telangana,3601,ADILABAD,360118,UTNUR,7,SS (VI-X),5,Private Unaided (Recognized),Rural,3,Co-educational,1,1,0,1,1,1,1,1,1,1,1,1,1,1,1,1,0,0,0,1,0,1,1,0,1,1,0,0,1,0,0
2018-19,36,Telangana,3601,ADILABAD,360118,UTNUR,2,UPS (I-VIII) ,2,Tribal Welfare Department,Rural,3,Co-educational,1,1,0,0,1,1,1,1,1,1,1,1,1,0,1,1,1,0,1,1,0,0,1,0,1,1,1,0,1,0,1
2018-19,36,Telangana,3601,ADILABAD,360118,UTNUR,2,UPS (I-VIII) ,3,Local body,Rural,3,Co-educational,9,9,2,1,6,7,9,9,8,9,7,7,5,7,7,1,2,0,2,9,0,8,7,2,5,5,7,0,9,0,3
2018-19,36,Telangana,3601,ADILABAD,360118,UTNUR,2,UPS (I-VIII) ,5,Private Unaided (Recognized),Rural,3,Co-educational,6,6,1,2,5,5,4,6,6,6,4,4,3,4,6,6,0,2,2,5,0,4,1,2,4,3,1,0,6,1,3
