Academic_Year,State_Code,State_Name,District_Code,District_Name,Block_Code,Udise_Block_Name,School_Category_Id,School_Category_Name,School_Management_Id,School_Management_Name,Location,School_Type_Id,School_Type,Total_Number_of_Schools,Building,Complete_Medical_Checkup,Computer_Available,Functional_Drinking_Water,Drinking_Water,Functional_Electricity,Functional_Boy_Toilet,Functional_Girl_Toilet,Functional_Toilet_Facility,Functional_Toilet_and_Urinal,Functional_Urinal,Functional_Urinal_Boy,Functional_Urinal_Girl,Handwash,Separate_Room_for_Headmaster,Incinerator,Internet,Kitchen_Garden,Land_Available,Librarian,Library_or_Reading_Corner_or_Book_Bank,Medical_Checkup,Newspaper,Playground,Rain_Water_Harvesting,Ramps,Solar_Panel,Furniture,Water_Purifier,Water_Tested
2018-19,36,Telangana,3621,MEDCHAL,362101,MEDCHEL,7,SS (VI-X),3,Local body,Urban,2,Girls,1,1,0,1,1,1,1,0,1,1,1,1,0,1,1,1,0,0,0,0,0,1,1,0,1,1,1,0,1,0,0
2018-19,36,Telangana,3621,MEDCHAL,362101,MEDCHEL,3,HSS (I-XII),90,Social welfare Department,Urban,2,Girls,1,1,0,0,1,1,1,0,1,1,0,0,0,0,1,1,0,0,0,1,0,1,1,0,1,0,0,0,1,1,0
2018-19,36,Telangana,3621,MEDCHAL,362101,MEDCHEL,3,HSS (I-XII),5,Private Unaided (Recognized),Rural,3,Co-educational,2,2,0,2,2,2,2,2,2,2,2,2,2,1,2,1,2,1,0,0,1,2,2,1,2,2,0,0,2,2,2
2018-19,36,Telangana,3621,MEDCHAL,362101,MEDCHEL,3,HSS (I-XII),5,Private Unaided (Recognized),Urban,3,Co-educational,1,1,1,0,1,1,1,1,1,1,1,1,1,1,1,1,0,0,0,1,1,1,1,1,1,0,0,0,1,1,0
2018-19,36,Telangana,3621,MEDCHAL,362101,MEDCHEL,11,HSS (XI-XII),1,Department of Education,Rural,3,Co-educational,1,1,0,0,1,1,1,1,1,1,0,0,0,0,1,1,0,0,0,1,1,1,0,0,1,0,0,0,1,0,0
2018-19,36,Telangana,3621,MEDCHAL,362101,MEDCHEL,11,HSS (XI-XII),5,Private Unaided (Recognized),Urban,3,Co-educational,5,5,0,0,5,5,3,5,5,5,5,5,5,5,3,0,0,0,0,0,0,5,0,0,0,0,0,0,5,0,0
2018-19,36,Telangana,3621,MEDCHAL,362101,MEDCHEL,1,PS (I-V) ,3,Local body,Rural,3,Co-educational,30,30,1,2,26,28,29,29,28,29,19,20,19,18,26,7,3,0,6,16,0,30,28,2,20,24,10,2,21,0,2
2018-19,36,Telangana,3621,MEDCHAL,362101,MEDCHEL,1,PS (I-V) ,5,Private Unaided (Recognized),Rural,3,Co-educational,2,2,0,0,2,2,2,2,2,2,0,0,0,0,1,1,0,0,1,1,0,1,2,1,2,0,1,0,2,1,0
2018-19,36,Telangana,3621,MEDCHAL,362101,MEDCHEL,1,PS (I-V) ,3,Local body,Urban,3,Co-educational,5,5,0,0,5,5,5,5,5,5,3,3,3,3,5,2,0,0,1,3,1,5,5,0,4,3,0,0,4,0,0
2018-19,36,Telangana,3621,MEDCHAL,362101,MEDCHEL,1,PS (I-V) ,5,Private Unaided (Recognized),Urban,3,Co-educational,3,3,0,0,3,3,3,3,3,3,2,2,2,2,3,1,0,0,1,1,0,3,3,2,0,0,2,0,2,0,0
2018-19,36,Telangana,3621,MEDCHAL,362101,MEDCHEL,6, SS (I-X) ,5,Private Unaided (Recognized),Rural,3,Co-educational,19,19,2,0,19,19,19,19,19,19,11,11,11,8,10,14,2,0,1,12,2,19,18,5,17,4,7,0,19,5,3
2018-19,36,Telangana,3621,MEDCHAL,362101,MEDCHEL,6, SS (I-X) ,5,Private Unaided (Recognized),Urban,3,Co-educational,7,7,0,0,7,7,7,7,7,7,5,5,5,5,4,5,0,0,2,3,2,7,7,4,7,0,1,0,7,2,0
2018-19,36,Telangana,3621,MEDCHAL,362101,MEDCHEL,7,SS (VI-X),3,Local body,Rural,3,Co-educational,12,12,0,8,12,12,12,12,11,12,11,11,10,9,12,4,1,0,1,11,0,12,12,4,10,9,4,1,12,4,4
2018-19,36,Telangana,3621,MEDCHAL,362101,MEDCHEL,7,SS (VI-X),5,Private Unaided (Recognized),Rural,3,Co-educational,1,1,0,0,1,1,1,1,1,1,0,0,0,0,1,0,0,0,0,0,0,0,0,0,1,1,0,0,1,0,0
2018-19,36,Telangana,3621,MEDCHAL,362101,MEDCHEL,7,SS (VI-X),5,Private Unaided (Recognized),Urban,3,Co-educational,1,1,0,0,1,1,1,1,1,1,1,1,1,1,0,1,0,0,0,1,1,1,0,0,0,0,0,0,1,0,0
2018-19,36,Telangana,3621,MEDCHAL,362101,MEDCHEL,2,UPS (I-VIII) ,3,Local body,Rural,3,Co-educational,2,2,0,1,2,2,2,2,2,2,1,1,0,1,2,1,0,0,1,1,0,2,2,0,2,2,2,0,2,0,0
2018-19,36,Telangana,3621,MEDCHAL,362101,MEDCHEL,2,UPS (I-VIII) ,5,Private Unaided (Recognized),Rural,3,Co-educational,11,11,0,0,11,11,10,11,11,11,2,2,2,1,2,6,1,0,0,4,1,9,11,5,9,2,4,0,10,1,2
2018-19,36,Telangana,3621,MEDCHAL,362101,MEDCHEL,2,UPS (I-VIII) ,5,Private Unaided (Recognized),Urban,3,Co-educational,4,4,1,1,4,4,4,4,4,4,3,3,3,3,4,4,1,1,0,3,2,4,4,2,2,1,1,1,4,3,1
2018-19,36,Telangana,3621,MEDCHAL,362102,DUNDIGAL GANDIMAISAMMA,3,HSS (I-XII),92,Kendriya Vidyalaya / Central School,Rural,3,Co-educational,2,2,0,2,2,2,2,2,2,2,1,1,1,1,2,2,2,1,0,1,1,2,2,2,2,2,1,0,2,2,1
2018-19,36,Telangana,3621,MEDCHAL,362102,DUNDIGAL GANDIMAISAMMA,11,HSS (XI-XII),5,Private Unaided (Recognized),Urban,3,Co-educational,1,1,0,0,1,1,1,1,1,1,1,1,1,1,1,1,1,0,0,0,1,1,1,1,1,1,0,0,1,0,0
2018-19,36,Telangana,3621,MEDCHAL,362102,DUNDIGAL GANDIMAISAMMA,1,PS (I-V) ,3,Local body,Rural,3,Co-educational,17,17,6,0,17,17,17,17,17,17,16,16,15,16,15,4,17,0,10,11,1,16,15,3,14,17,3,1,15,2,2
2018-19,36,Telangana,3621,MEDCHAL,362102,DUNDIGAL GANDIMAISAMMA,1,PS (I-V) ,3,Local body,Urban,3,Co-educational,1,1,0,0,1,1,1,0,1,1,0,0,0,0,1,0,1,0,0,0,0,0,0,0,0,0,0,0,0,0,0
2018-19,36,Telangana,3621,MEDCHAL,362102,DUNDIGAL GANDIMAISAMMA,1,PS (I-V) ,5,Private Unaided (Recognized),Urban,3,Co-educational,1,1,1,1,1,1,0,1,1,1,1,1,1,1,1,0,1,0,0,0,1,1,1,1,1,1,1,0,0,1,0
2018-19,36,Telangana,3621,MEDCHAL,362102,DUNDIGAL GANDIMAISAMMA,6, SS (I-X) ,5,Private Unaided (Recognized),Rural,3,Co-educational,14,14,2,11,14,14,14,14,14,14,5,5,5,5,14,10,13,7,0,13,3,12,9,9,13,12,1,4,13,13,8
2018-19,36,Telangana,3621,MEDCHAL,362102,DUNDIGAL GANDIMAISAMMA,7,SS (VI-X),3,Local body,Rural,3,Co-educational,7,7,3,5,7,7,7,7,7,7,7,7,7,7,7,6,7,0,1,6,2,7,7,4,6,7,6,0,7,5,0
2018-19,36,Telangana,3621,MEDCHAL,362102,DUNDIGAL GANDIMAISAMMA,2,UPS (I-VIII) ,3,Local body,Rural,3,Co-educational,1,1,0,1,1,1,1,1,1,1,1,1,1,1,1,1,1,0,1,1,0,1,1,1,1,1,1,0,1,0,1
2018-19,36,Telangana,3621,MEDCHAL,362102,DUNDIGAL GANDIMAISAMMA,2,UPS (I-VIII) ,5,Private Unaided (Recognized),Rural,3,Co-educational,10,10,0,9,10,10,9,10,10,10,7,7,7,5,10,8,6,4,0,6,4,10,9,8,8,10,0,2,10,7,4
2018-19,36,Telangana,3621,MEDCHAL,362102,DUNDIGAL GANDIMAISAMMA,2,UPS (I-VIII) ,5,Private Unaided (Recognized),Urban,3,Co-educational,12,12,5,8,12,12,11,12,12,12,12,12,12,12,12,7,12,4,0,5,3,12,9,6,10,11,2,6,11,10,7
2018-19,36,Telangana,3621,MEDCHAL,362103,BACHPALLE,3,HSS (I-XII),5,Private Unaided (Recognized),Rural,3,Co-educational,1,1,0,1,1,1,1,1,1,1,1,1,1,1,1,1,1,1,0,0,0,1,1,0,1,1,0,1,1,1,1
2018-19,36,Telangana,3621,MEDCHAL,362103,BACHPALLE,1,PS (I-V) ,3,Local body,Rural,3,Co-educational,7,7,2,1,7,7,6,6,7,7,6,6,5,6,6,4,6,0,5,4,0,7,5,1,3,4,5,2,7,2,2
2018-19,36,Telangana,3621,MEDCHAL,362103,BACHPALLE,6, SS (I-X) ,5,Private Unaided (Recognized),Rural,3,Co-educational,19,19,1,12,18,19,19,19,19,19,15,15,15,15,19,18,18,8,1,16,11,19,12,17,18,9,3,8,19,19,9
2018-19,36,Telangana,3621,MEDCHAL,362103,BACHPALLE,6, SS (I-X) ,5,Private Unaided (Recognized),Urban,3,Co-educational,1,1,1,0,1,1,1,1,1,1,1,1,1,1,1,0,1,0,0,0,0,1,1,0,1,0,1,1,1,1,1
2018-19,36,Telangana,3621,MEDCHAL,362103,BACHPALLE,7,SS (VI-X),3,Local body,Rural,3,Co-educational,3,3,1,3,3,3,3,3,3,3,3,3,3,2,3,3,2,3,1,3,0,3,3,2,2,1,2,1,3,0,0
2018-19,36,Telangana,3621,MEDCHAL,362103,BACHPALLE,7,SS (VI-X),5,Private Unaided (Recognized),Rural,3,Co-educational,1,1,0,1,1,1,1,1,1,1,0,0,0,0,1,1,1,1,1,0,0,1,0,0,1,0,0,0,1,1,1
2018-19,36,Telangana,3621,MEDCHAL,362103,BACHPALLE,2,UPS (I-VIII) ,5,Private Unaided (Recognized),Rural,3,Co-educational,10,10,1,6,10,10,10,10,10,10,9,9,9,8,10,8,8,5,0,8,5,10,5,9,10,7,0,3,10,8,4
2018-19,36,Telangana,3621,MEDCHAL,362103,BACHPALLE,2,UPS (I-VIII) ,5,Private Unaided (Recognized),Urban,3,Co-educational,4,4,1,3,4,4,4,4,4,4,4,4,4,4,4,4,4,3,0,3,2,3,2,2,3,2,0,3,4,3,0
2018-19,36,Telangana,3621,MEDCHAL,362104,QUTHBULLAPUR,3,HSS (I-XII),5,Private Unaided (Recognized),Urban,3,Co-educational,3,3,0,1,3,3,1,2,2,2,2,2,2,2,3,3,2,1,3,2,1,2,1,1,1,1,0,2,2,2,1
2018-19,36,Telangana,3621,MEDCHAL,362104,QUTHBULLAPUR,11,HSS (XI-XII),1,Department of Education,Rural,3,Co-educational,1,1,0,1,1,1,1,1,1,1,1,1,1,1,1,1,0,0,1,0,0,1,1,0,1,0,0,0,1,0,0
2018-19,36,Telangana,3621,MEDCHAL,362104,QUTHBULLAPUR,11,HSS (XI-XII),5,Private Unaided (Recognized),Urban,3,Co-educational,8,8,0,4,7,7,8,6,6,6,6,8,8,8,8,8,3,3,6,4,6,8,4,4,5,2,0,4,7,6,2
2018-19,36,Telangana,3621,MEDCHAL,362104,QUTHBULLAPUR,1,PS (I-V) ,3,Local body,Rural,3,Co-educational,1,1,0,0,1,1,1,1,1,1,1,1,1,0,1,0,0,0,1,0,1,1,0,0,0,1,0,0,1,1,0
2018-19,36,Telangana,3621,MEDCHAL,362104,QUTHBULLAPUR,1,PS (I-V) ,3,Local body,Urban,3,Co-educational,58,58,2,2,48,53,56,51,56,56,45,45,39,43,51,12,15,0,56,36,0,56,47,4,27,38,25,11,51,6,18
2018-19,36,Telangana,3621,MEDCHAL,362104,QUTHBULLAPUR,1,PS (I-V) ,5,Private Unaided (Recognized),Urban,3,Co-educational,1,1,0,0,1,1,1,1,1,1,0,0,0,0,1,0,0,0,1,1,0,1,0,1,1,0,0,0,1,0,0
2018-19,36,Telangana,3621,MEDCHAL,362104,QUTHBULLAPUR,6, SS (I-X) ,1,Department of Education,Urban,1,Boys,1,1,0,0,1,1,1,1,0,1,1,1,1,0,1,1,0,0,1,1,1,1,1,1,1,1,1,0,1,1,0
2018-19,36,Telangana,3621,MEDCHAL,362104,QUTHBULLAPUR,6, SS (I-X) ,1,Department of Education,Urban,2,Girls,1,1,0,0,1,1,1,0,1,1,1,1,0,1,1,1,0,0,1,1,0,1,1,1,1,0,0,0,1,0,0
2018-19,36,Telangana,3621,MEDCHAL,362104,QUTHBULLAPUR,6, SS (I-X) ,90,Social welfare Department,Urban,2,Girls,1,1,0,1,1,1,1,0,1,1,1,1,0,1,1,1,1,1,1,0,0,1,1,1,1,0,0,1,1,1,0
2018-19,36,Telangana,3621,MEDCHAL,362104,QUTHBULLAPUR,6, SS (I-X) ,5,Private Unaided (Recognized),Rural,3,Co-educational,3,3,1,2,3,3,3,3,3,3,2,2,2,2,3,2,1,1,1,2,0,3,3,2,2,1,0,0,3,3,0
2018-19,36,Telangana,3621,MEDCHAL,362104,QUTHBULLAPUR,6, SS (I-X) ,1,Department of Education,Urban,3,Co-educational,1,1,0,0,1,1,1,1,1,1,1,1,1,1,1,1,0,0,1,1,1,1,1,0,1,0,1,0,0,0,0
2018-19,36,Telangana,3621,MEDCHAL,362104,QUTHBULLAPUR,6, SS (I-X) ,5,Private Unaided (Recognized),Urban,3,Co-educational,150,150,11,93,142,148,148,149,149,149,67,67,66,66,146,87,72,56,105,93,28,146,117,76,133,66,31,42,146,97,60
2018-19,36,Telangana,3621,MEDCHAL,362104,QUTHBULLAPUR,7,SS (VI-X),3,Local body,Urban,3,Co-educational,11,11,0,11,11,11,11,10,11,11,10,10,8,9,11,4,4,6,11,9,0,11,9,3,6,8,9,1,11,3,6
2018-19,36,Telangana,3621,MEDCHAL,362104,QUTHBULLAPUR,2,UPS (I-VIII) ,5,Private Unaided (Recognized),Rural,3,Co-educational,1,1,0,1,1,1,1,1,1,1,1,1,1,1,1,1,1,1,1,1,0,1,1,1,1,1,0,0,1,1,0
2018-19,36,Telangana,3621,MEDCHAL,362104,QUTHBULLAPUR,2,UPS (I-VIII) ,5,Private Unaided (Recognized),Urban,3,Co-educational,67,67,2,42,66,67,65,66,66,66,44,45,45,45,64,53,25,27,47,51,21,61,44,45,43,26,7,16,62,30,23
2018-19,36,Telangana,3621,MEDCHAL,362104,QUTHBULLAPUR,2,UPS (I-VIII) ,98,Madarsa unrecognized,Urban,3,Co-educational,3,3,0,1,3,3,3,3,3,3,2,2,2,1,3,3,0,0,3,3,2,2,0,3,2,1,1,1,3,0,1
2018-19,36,Telangana,3621,MEDCHAL,362105,KUKATPALLY,3,HSS (I-XII),1,Department of Education,Urban,1,Boys,1,1,0,1,1,1,1,1,0,1,1,1,1,0,1,0,0,0,0,0,0,1,1,1,0,1,0,0,1,0,0
2018-19,36,Telangana,3621,MEDCHAL,362105,KUKATPALLY,11,HSS (XI-XII),1,Department of Education,Urban,3,Co-educational,1,1,0,1,1,1,1,1,1,1,0,0,0,0,1,1,0,1,0,0,0,1,0,0,1,0,0,0,1,0,1
2018-19,36,Telangana,3621,MEDCHAL,362105,KUKATPALLY,11,HSS (XI-XII),5,Private Unaided (Recognized),Urban,3,Co-educational,17,17,0,15,17,17,12,11,11,11,5,10,10,10,10,3,0,1,15,4,0,10,7,0,9,15,0,0,9,8,10
2018-19,36,Telangana,3621,MEDCHAL,362105,KUKATPALLY,1,PS (I-V) ,3,Local body,Urban,3,Co-educational,28,28,1,4,28,28,28,25,25,25,8,8,8,7,20,8,0,0,4,7,0,28,28,5,16,18,5,1,25,1,17
2018-19,36,Telangana,3621,MEDCHAL,362105,KUKATPALLY,1,PS (I-V) ,5,Private Unaided (Recognized),Urban,3,Co-educational,7,7,0,5,7,7,7,7,7,7,5,5,5,5,7,4,1,1,0,3,0,7,7,0,3,6,0,0,5,0,5
2018-19,36,Telangana,3621,MEDCHAL,362105,KUKATPALLY,6, SS (I-X) ,1,Department of Education,Urban,1,Boys,1,1,0,1,1,1,1,1,0,1,1,1,1,0,1,1,0,0,0,1,0,1,1,0,0,1,0,0,1,1,0
2018-19,36,Telangana,3621,MEDCHAL,362105,KUKATPALLY,6, SS (I-X) ,5,Private Unaided (Recognized),Urban,3,Co-educational,111,111,3,110,111,111,109,111,111,111,93,93,93,93,106,90,30,62,1,23,6,103,108,27,79,107,14,4,111,12,87
2018-19,36,Telangana,3621,MEDCHAL,362105,KUKATPALLY,7,SS (VI-X),3,Local body,Urban,2,Girls,1,1,0,1,1,1,1,0,1,1,1,1,0,1,1,0,0,1,0,0,1,1,1,0,0,1,0,0,1,0,1
2018-19,36,Telangana,3621,MEDCHAL,362105,KUKATPALLY,7,SS (VI-X),3,Local body,Urban,3,Co-educational,6,6,2,6,6,6,6,6,6,6,4,4,4,2,5,2,0,3,0,4,0,6,6,5,4,6,5,0,6,2,4
2018-19,36,Telangana,3621,MEDCHAL,362105,KUKATPALLY,7,SS (VI-X),5,Private Unaided (Recognized),Urban,3,Co-educational,2,2,0,2,2,2,2,2,2,2,2,2,2,2,2,2,0,1,0,1,0,2,2,1,1,2,0,0,2,0,1
2018-19,36,Telangana,3621,MEDCHAL,362105,KUKATPALLY,2,UPS (I-VIII) ,3,Local body,Urban,3,Co-educational,1,1,0,1,1,1,1,1,1,1,1,1,1,1,1,0,0,0,0,1,0,1,1,0,1,1,1,0,1,1,0
2018-19,36,Telangana,3621,MEDCHAL,362105,KUKATPALLY,2,UPS (I-VIII) ,5,Private Unaided (Recognized),Urban,3,Co-educational,58,58,5,54,58,58,53,54,55,55,47,47,47,47,51,44,7,11,1,15,3,46,54,13,37,50,5,1,56,8,30
2018-19,36,Telangana,3621,MEDCHAL,362105,KUKATPALLY,2,UPS (I-VIII) ,98,Madarsa unrecognized,Urban,3,Co-educational,1,1,0,0,1,1,1,1,1,1,1,1,1,1,1,1,0,0,0,0,0,0,1,0,0,0,0,0,1,0,1
2018-19,36,Telangana,3621,MEDCHAL,362106,BALANAGAR,3,HSS (I-XII),1,Department of Education,Urban,3,Co-educational,1,1,0,0,1,1,1,0,1,1,0,0,0,0,1,0,0,1,1,0,0,1,1,1,1,1,0,0,0,0,1
2018-19,36,Telangana,3621,MEDCHAL,362106,BALANAGAR,3,HSS (I-XII),92,Kendriya Vidyalaya / Central School,Urban,3,Co-educational,1,1,1,1,1,1,1,1,1,1,1,1,1,1,1,1,0,0,1,1,1,1,1,1,1,1,1,0,1,1,1
2018-19,36,Telangana,3621,MEDCHAL,362106,BALANAGAR,11,HSS (XI-XII),5,Private Unaided (Recognized),Urban,2,Girls,1,1,0,1,1,1,1,0,1,1,1,1,0,1,1,1,0,0,1,1,1,1,1,1,1,1,0,0,1,1,1
2018-19,36,Telangana,3621,MEDCHAL,362106,BALANAGAR,11,HSS (XI-XII),5,Private Unaided (Recognized),Urban,3,Co-educational,1,1,0,1,1,1,1,1,1,1,1,1,1,1,1,0,0,0,1,0,0,1,1,0,1,1,0,0,1,0,1
2018-19,36,Telangana,3621,MEDCHAL,362106,BALANAGAR,1,PS (I-V) ,1,Department of Education,Urban,3,Co-educational,5,5,0,0,4,4,3,5,5,5,0,0,0,0,5,0,0,0,4,0,0,5,5,0,3,5,1,0,5,0,4
2018-19,36,Telangana,3621,MEDCHAL,362106,BALANAGAR,1,PS (I-V) ,3,Local body,Urban,3,Co-educational,16,16,6,0,15,16,16,15,15,15,8,8,6,6,16,4,1,0,16,6,0,15,16,0,5,14,3,0,15,1,16
2018-19,36,Telangana,3621,MEDCHAL,362106,BALANAGAR,1,PS (I-V) ,5,Private Unaided (Recognized),Urban,3,Co-educational,1,1,0,1,1,1,1,1,1,1,1,1,1,1,1,0,0,0,1,0,0,0,0,1,0,1,0,0,1,1,1
2018-19,36,Telangana,3621,MEDCHAL,362106,BALANAGAR,6, SS (I-X) ,5,Private Unaided (Recognized),Urban,3,Co-educational,57,57,0,57,57,57,55,56,56,56,40,40,40,38,50,30,0,0,56,13,5,49,54,17,31,57,1,0,52,27,57
2018-19,36,Telangana,3621,MEDCHAL,362106,BALANAGAR,6, SS (I-X) ,92,Kendriya Vidyalaya / Central School,Urban,3,Co-educational,1,1,0,1,1,1,1,1,1,1,1,1,1,1,0,0,0,0,1,0,0,1,1,1,0,1,0,0,1,0,1
2018-19,36,Telangana,3621,MEDCHAL,362106,BALANAGAR,7,SS (VI-X),1,Department of Education,Urban,3,Co-educational,3,3,0,2,3,3,3,3,3,3,1,1,1,1,3,1,0,2,3,0,0,3,3,2,1,3,0,0,3,1,3
2018-19,36,Telangana,3621,MEDCHAL,362106,BALANAGAR,7,SS (VI-X),3,Local body,Urban,3,Co-educational,3,3,2,3,3,3,3,3,3,3,2,2,2,1,3,1,0,2,3,1,0,3,3,2,1,2,1,0,3,1,3
2018-19,36,Telangana,3621,MEDCHAL,362106,BALANAGAR,2,UPS (I-VIII) ,1,Department of Education,Urban,3,Co-educational,1,1,0,1,0,0,1,1,1,1,0,0,0,0,0,0,0,0,1,0,0,1,1,0,0,1,0,0,1,0,0
2018-19,36,Telangana,3621,MEDCHAL,362106,BALANAGAR,2,UPS (I-VIII) ,4,Government Aided,Urban,3,Co-educational,4,4,0,0,2,2,4,4,4,4,3,3,3,3,3,0,0,0,2,0,0,3,2,1,2,2,1,0,2,0,2
2018-19,36,Telangana,3621,MEDCHAL,362106,BALANAGAR,2,UPS (I-VIII) ,5,Private Unaided (Recognized),Urban,3,Co-educational,17,17,0,17,17,17,16,15,15,15,10,11,11,11,13,6,0,0,17,4,1,12,17,6,11,17,1,0,12,7,17
2018-19,36,Telangana,3621,MEDCHAL,362106,BALANAGAR,2,UPS (I-VIII) ,98,Madarsa unrecognized,Urban,3,Co-educational,1,1,0,1,0,0,1,1,1,1,1,1,1,1,1,1,0,0,1,1,0,1,1,1,1,1,0,0,1,0,0
2018-19,36,Telangana,3621,MEDCHAL,362107,ALWAL,3,HSS (I-XII),1,Department of Education,Rural,2,Girls,1,1,0,1,1,1,1,0,1,1,1,1,0,1,1,1,1,0,1,0,0,1,1,1,1,1,0,1,1,1,1
2018-19,36,Telangana,3621,MEDCHAL,362107,ALWAL,11,HSS (XI-XII),4,Government Aided,Urban,3,Co-educational,1,1,0,1,1,1,1,1,1,1,1,1,1,1,1,1,1,1,0,1,0,1,1,0,1,1,0,1,1,1,1
2018-19,36,Telangana,3621,MEDCHAL,362107,ALWAL,11,HSS (XI-XII),5,Private Unaided (Recognized),Urban,3,Co-educational,3,3,0,0,3,3,3,3,3,3,3,3,3,3,3,3,3,0,0,3,0,0,0,0,3,3,0,1,2,2,3
2018-19,36,Telangana,3621,MEDCHAL,362107,ALWAL,1,PS (I-V) ,1,Department of Education,Urban,3,Co-educational,1,1,0,0,1,1,1,1,1,1,1,1,1,1,1,0,0,0,0,0,0,1,1,0,0,0,0,0,1,0,0
2018-19,36,Telangana,3621,MEDCHAL,362107,ALWAL,1,PS (I-V) ,3,Local body,Urban,3,Co-educational,15,15,0,0,15,15,15,15,15,15,13,13,13,11,13,2,1,0,5,7,0,15,15,2,7,4,6,2,15,0,2
2018-19,36,Telangana,3621,MEDCHAL,362107,ALWAL,1,PS (I-V) ,5,Private Unaided (Recognized),Urban,3,Co-educational,1,1,0,0,1,1,1,1,1,1,1,1,1,1,1,1,0,0,0,0,0,1,1,0,0,0,1,0,1,1,0
2018-19,36,Telangana,3621,MEDCHAL,362107,ALWAL,6, SS (I-X) ,5,Private Unaided (Recognized),Urban,3,Co-educational,40,40,0,1,39,40,40,40,40,40,40,40,40,40,40,19,34,1,0,17,5,30,37,13,39,34,8,25,40,19,34
2018-19,36,Telangana,3621,MEDCHAL,362107,ALWAL,7,SS (VI-X),3,Local body,Urban,1,Boys,1,1,0,1,1,1,1,1,0,1,0,0,0,0,1,1,0,0,0,1,0,1,1,0,1,0,0,0,1,1,0
2018-19,36,Telangana,3621,MEDCHAL,362107,ALWAL,7,SS (VI-X),3,Local body,Urban,2,Girls,1,1,0,1,1,1,1,0,1,1,1,1,0,1,1,0,1,0,0,1,0,1,1,1,0,1,1,0,1,1,0
2018-19,36,Telangana,3621,MEDCHAL,362107,ALWAL,7,SS (VI-X),3,Local body,Urban,3,Co-educational,4,4,0,3,4,4,4,4,4,4,4,4,4,2,4,0,1,3,0,4,0,4,4,1,2,2,2,0,4,2,0
2018-19,36,Telangana,3621,MEDCHAL,362107,ALWAL,7,SS (VI-X),5,Private Unaided (Recognized),Urban,3,Co-educational,2,2,0,0,2,2,2,2,2,2,2,2,2,2,0,2,1,0,0,0,1,2,2,1,2,0,0,0,2,2,0
2018-19,36,Telangana,3621,MEDCHAL,362107,ALWAL,2,UPS (I-VIII) ,3,Local body,Urban,3,Co-educational,3,3,0,1,3,3,3,3,3,3,3,3,3,2,3,1,1,0,1,2,1,3,3,0,2,0,2,0,3,2,0
2018-19,36,Telangana,3621,MEDCHAL,362107,ALWAL,2,UPS (I-VIII) ,4,Government Aided,Urban,3,Co-educational,1,1,0,0,1,1,1,1,1,1,0,0,0,0,1,0,0,0,1,0,0,1,1,0,1,0,0,0,1,1,1
2018-19,36,Telangana,3621,MEDCHAL,362107,ALWAL,2,UPS (I-VIII) ,5,Private Unaided (Recognized),Urban,3,Co-educational,10,10,1,0,10,10,10,10,10,10,9,9,9,9,7,3,5,0,0,2,0,6,8,1,9,5,1,5,10,3,5
2018-19,36,Telangana,3621,MEDCHAL,362108,MALKAJGIRI,11,HSS (XI-XII),1,Department of Education,Urban,3,Co-educational,1,1,0,1,1,1,1,1,1,1,1,1,1,1,1,1,1,1,0,1,0,0,0,0,1,0,0,1,1,1,1
2018-19,36,Telangana,3621,MEDCHAL,362108,MALKAJGIRI,11,HSS (XI-XII),5,Private Unaided (Recognized),Urban,3,Co-educational,7,7,0,6,7,7,7,7,7,7,7,7,7,7,7,7,7,6,0,7,0,1,0,1,7,3,0,1,6,0,5
2018-19,36,Telangana,3621,MEDCHAL,362108,MALKAJGIRI,1,PS (I-V) ,3,Local body,Urban,2,Girls,1,1,0,0,1,1,1,0,1,1,1,1,0,1,1,0,0,0,1,0,0,1,1,0,1,0,0,0,1,0,0
2018-19,36,Telangana,3621,MEDCHAL,362108,MALKAJGIRI,1,PS (I-V) ,1,Department of Education,Urban,3,Co-educational,1,1,0,0,1,1,1,1,1,1,1,1,1,1,1,0,0,0,0,1,0,1,1,0,1,0,0,0,1,0,0
2018-19,36,Telangana,3621,MEDCHAL,362108,MALKAJGIRI,1,PS (I-V) ,3,Local body,Urban,3,Co-educational,16,16,0,0,16,16,16,16,16,16,12,12,12,10,15,2,7,0,11,7,1,16,15,2,2,2,8,3,16,1,2
2018-19,36,Telangana,3621,MEDCHAL,362108,MALKAJGIRI,1,PS (I-V) ,4,Government Aided,Urban,3,Co-educational,1,1,0,0,1,1,1,1,1,1,0,0,0,0,0,0,0,0,0,0,0,1,1,0,1,0,0,0,0,0,0
2018-19,36,Telangana,3621,MEDCHAL,362108,MALKAJGIRI,6, SS (I-X) ,5,Private Unaided (Recognized),Rural,3,Co-educational,1,1,0,0,1,1,1,1,1,1,1,1,1,1,1,1,1,0,0,1,0,1,1,0,1,1,0,1,1,0,1
2018-19,36,Telangana,3621,MEDCHAL,362108,MALKAJGIRI,6, SS (I-X) ,5,Private Unaided (Recognized),Urban,3,Co-educational,96,96,0,57,96,96,95,95,95,95,95,95,95,95,87,76,53,51,0,81,8,84,92,13,79,33,13,23,96,48,48
2018-19,36,Telangana,3621,MEDCHAL,362108,MALKAJGIRI,6, SS (I-X) ,90,Social welfare Department,Urban,3,Co-educational,1,1,0,1,1,1,1,0,1,1,1,1,0,1,1,1,1,1,0,0,0,1,1,1,0,0,0,1,1,0,1
2018-19,36,Telangana,3621,MEDCHAL,362108,MALKAJGIRI,7,SS (VI-X),3,Local body,Urban,1,Boys,1,1,0,1,1,1,1,1,0,1,1,1,1,0,1,1,1,1,0,1,0,1,1,1,1,1,1,0,1,1,1
2018-19,36,Telangana,3621,MEDCHAL,362108,MALKAJGIRI,7,SS (VI-X),3,Local body,Urban,2,Girls,1,1,0,1,1,1,1,0,1,1,1,1,0,1,1,1,1,0,0,1,0,1,1,1,0,1,0,0,1,0,0
2018-19,36,Telangana,3621,MEDCHAL,362108,MALKAJGIRI,7,SS (VI-X),1,Department of Education,Urban,3,Co-educational,1,1,0,1,1,1,1,1,1,1,1,1,1,1,1,0,0,1,0,1,0,1,1,1,1,1,1,1,1,1,1
2018-19,36,Telangana,3621,MEDCHAL,362108,MALKAJGIRI,7,SS (VI-X),3,Local body,Urban,3,Co-educational,2,2,0,2,2,2,2,2,2,2,2,2,2,2,1,0,1,1,2,2,0,2,2,1,2,0,1,0,2,0,1
2018-19,36,Telangana,3621,MEDCHAL,362108,MALKAJGIRI,2,UPS (I-VIII) ,3,Local body,Urban,3,Co-educational,2,2,0,1,2,2,2,2,2,2,2,2,2,1,2,1,0,0,1,1,0,2,2,1,0,0,2,1,2,0,0
2018-19,36,Telangana,3621,MEDCHAL,362108,MALKAJGIRI,2,UPS (I-VIII) ,4,Government Aided,Urban,3,Co-educational,1,1,0,0,1,1,1,1,1,1,0,0,0,0,1,1,0,0,0,0,0,1,1,0,0,0,0,0,1,0,0
2018-19,36,Telangana,3621,MEDCHAL,362108,MALKAJGIRI,2,UPS (I-VIII) ,5,Private Unaided (Recognized),Urban,3,Co-educational,16,16,0,5,16,16,16,16,16,16,16,16,16,16,12,12,7,5,0,14,2,13,15,5,14,6,1,3,16,4,6
2018-19,36,Telangana,3621,MEDCHAL,362109,UPPAL,3,HSS (I-XII),1,Department of Education,Urban,3,Co-educational,1,1,1,1,1,1,1,0,1,1,1,1,0,1,1,1,0,1,0,1,0,1,1,1,1,0,0,0,1,1,0
2018-19,36,Telangana,3621,MEDCHAL,362109,UPPAL,3,HSS (I-XII),5,Private Unaided (Recognized),Urban,3,Co-educational,3,3,3,3,3,3,3,3,3,3,3,3,3,3,3,3,3,3,0,3,0,3,3,3,3,3,0,1,3,3,3
2018-19,36,Telangana,3621,MEDCHAL,362109,UPPAL,3,HSS (I-XII),92,Kendriya Vidyalaya / Central School,Urban,3,Co-educational,2,2,1,2,2,2,2,2,2,2,2,2,2,2,2,2,1,2,0,0,1,2,2,1,2,1,1,0,2,2,1
2018-19,36,Telangana,3621,MEDCHAL,362109,UPPAL,11,HSS (XI-XII),5,Private Unaided (Recognized),Urban,3,Co-educational,23,23,0,21,22,22,23,23,23,23,23,23,23,23,23,23,13,21,0,3,3,22,0,22,22,3,0,0,23,21,5
2018-19,36,Telangana,3621,MEDCHAL,362109,UPPAL,1,PS (I-V) ,3,Local body,Urban,3,Co-educational,42,42,26,1,42,42,38,35,38,39,27,28,27,25,35,5,5,0,3,13,1,42,37,1,20,8,15,1,37,4,1
2018-19,36,Telangana,3621,MEDCHAL,362109,UPPAL,1,PS (I-V) ,5,Private Unaided (Recognized),Urban,3,Co-educational,4,4,2,2,4,4,4,4,4,4,4,4,4,4,4,4,0,2,0,1,0,4,4,3,4,0,0,0,4,3,1
2018-19,36,Telangana,3621,MEDCHAL,362109,UPPAL,1,PS (I-V) ,98,Madarsa unrecognized,Urban,3,Co-educational,1,1,0,0,1,1,1,1,1,1,1,1,1,1,1,0,0,0,0,0,0,1,0,0,0,0,0,0,1,0,0
2018-19,36,Telangana,3621,MEDCHAL,362109,UPPAL,6, SS (I-X) ,90,Social welfare Department,Urban,1,Boys,1,1,1,1,1,1,1,1,0,1,1,1,1,0,1,1,0,1,0,1,0,1,1,1,1,0,0,0,1,1,0
2018-19,36,Telangana,3621,MEDCHAL,362109,UPPAL,6, SS (I-X) ,1,Department of Education,Urban,2,Girls,1,1,0,0,1,1,1,0,1,1,1,1,0,1,1,1,0,0,0,1,0,1,1,1,1,1,0,0,1,1,1
2018-19,36,Telangana,3621,MEDCHAL,362109,UPPAL,6, SS (I-X) ,3,Local body,Urban,3,Co-educational,1,1,1,1,1,1,0,1,1,1,1,1,1,1,1,1,0,0,0,0,0,1,1,0,1,0,1,0,1,0,0
2018-19,36,Telangana,3621,MEDCHAL,362109,UPPAL,6, SS (I-X) ,5,Private Unaided (Recognized),Urban,3,Co-educational,126,126,85,101,126,126,126,126,126,126,126,126,126,126,126,122,22,80,0,30,2,124,124,105,123,38,14,8,126,119,20
2018-19,36,Telangana,3621,MEDCHAL,362109,UPPAL,7,SS (VI-X),3,Local body,Urban,3,Co-educational,7,7,4,6,7,7,7,7,7,7,4,4,4,4,6,4,0,6,1,7,0,7,7,3,4,5,5,2,7,2,1
2018-19,36,Telangana,3621,MEDCHAL,362109,UPPAL,7,SS (VI-X),4,Government Aided,Urban,3,Co-educational,1,1,1,0,1,1,1,1,1,1,1,1,1,1,1,1,0,0,1,1,0,1,1,0,1,1,0,0,1,1,0
2018-19,36,Telangana,3621,MEDCHAL,362109,UPPAL,7,SS (VI-X),5,Private Unaided (Recognized),Urban,3,Co-educational,2,2,1,2,2,2,2,2,2,2,2,2,2,2,2,2,0,2,0,1,0,2,2,2,2,1,0,0,2,2,0
2018-19,36,Telangana,3621,MEDCHAL,362109,UPPAL,2,UPS (I-VIII) ,3,Local body,Urban,3,Co-educational,1,1,0,0,1,1,1,1,1,1,0,0,0,0,1,1,0,0,0,0,0,1,1,0,0,0,1,0,1,0,0
2018-19,36,Telangana,3621,MEDCHAL,362109,UPPAL,2,UPS (I-VIII) ,4,Government Aided,Urban,3,Co-educational,2,2,1,0,2,2,2,2,2,2,2,2,2,2,2,2,1,0,1,0,0,1,2,0,2,1,0,0,2,1,1
2018-19,36,Telangana,3621,MEDCHAL,362109,UPPAL,2,UPS (I-VIII) ,5,Private Unaided (Recognized),Urban,3,Co-educational,73,73,51,40,73,73,73,73,73,73,73,73,73,73,73,72,6,34,0,20,1,71,71,63,72,20,11,5,71,66,11
2018-19,36,Telangana,3621,MEDCHAL,362110,MEDIPALLY,3,HSS (I-XII),5,Private Unaided (Recognized),Urban,3,Co-educational,1,1,1,1,1,1,0,1,1,1,1,1,1,1,1,1,1,1,0,1,1,1,1,0,1,1,0,0,1,1,1
2018-19,36,Telangana,3621,MEDCHAL,362110,MEDIPALLY,11,HSS (XI-XII),5,Private Unaided (Recognized),Urban,3,Co-educational,14,14,4,3,14,14,14,3,3,3,3,14,13,14,14,12,0,4,0,12,12,14,9,8,8,10,4,0,12,4,3
2018-19,36,Telangana,3621,MEDCHAL,362110,MEDIPALLY,1,PS (I-V) ,3,Local body,Urban,3,Co-educational,12,12,4,0,10,11,11,12,12,12,11,11,11,8,11,1,0,0,2,4,0,12,11,4,11,2,3,1,12,0,1
2018-19,36,Telangana,3621,MEDCHAL,362110,MEDIPALLY,6, SS (I-X) ,3,Local body,Urban,3,Co-educational,1,1,1,0,1,1,1,1,1,1,1,1,1,1,1,0,0,0,0,0,0,1,1,1,1,0,0,0,1,0,1
2018-19,36,Telangana,3621,MEDCHAL,362110,MEDIPALLY,6, SS (I-X) ,5,Private Unaided (Recognized),Urban,3,Co-educational,46,46,9,31,37,46,45,46,46,46,46,46,46,46,46,38,21,29,1,21,7,43,36,39,46,33,7,5,45,28,24
2018-19,36,Telangana,3621,MEDCHAL,362110,MEDIPALLY,7,SS (VI-X),3,Local body,Urban,3,Co-educational,3,3,1,3,3,3,3,2,3,3,3,3,2,3,3,0,1,2,2,3,0,3,3,2,3,2,2,0,3,1,0
2018-19,36,Telangana,3621,MEDCHAL,362110,MEDIPALLY,2,UPS (I-VIII) ,5,Private Unaided (Recognized),Rural,3,Co-educational,1,1,1,0,1,1,1,1,1,1,1,1,1,1,1,1,1,0,0,1,0,1,1,1,1,0,1,0,1,1,1
2018-19,36,Telangana,3621,MEDCHAL,362110,MEDIPALLY,2,UPS (I-VIII) ,3,Local body,Urban,3,Co-educational,1,1,0,0,1,1,0,1,1,1,1,1,1,1,1,0,0,0,0,0,0,1,1,0,1,1,1,0,1,0,0
2018-19,36,Telangana,3621,MEDCHAL,362110,MEDIPALLY,2,UPS (I-VIII) ,5,Private Unaided (Recognized),Urban,3,Co-educational,37,37,9,26,35,37,35,36,36,36,36,36,36,35,37,33,6,16,0,18,6,33,28,31,36,21,4,0,37,25,14
2018-19,36,Telangana,3621,MEDCHAL,362111,KAPRA,11,HSS (XI-XII),5,Private Unaided (Recognized),Urban,2,Girls,1,1,0,1,1,1,1,0,1,1,1,1,0,1,1,1,0,1,0,1,0,0,0,1,1,1,0,0,1,0,1
2018-19,36,Telangana,3621,MEDCHAL,362111,KAPRA,11,HSS (XI-XII),5,Private Unaided (Recognized),Urban,3,Co-educational,15,15,0,14,15,15,15,15,15,15,15,15,15,15,15,15,6,14,0,12,0,2,0,12,14,14,0,0,11,1,14
2018-19,36,Telangana,3621,MEDCHAL,362111,KAPRA,1,PS (I-V) ,3,Local body,Rural,3,Co-educational,8,8,0,0,7,8,8,7,8,8,7,7,6,7,7,4,1,0,3,7,0,8,8,3,7,4,6,2,5,1,1
2018-19,36,Telangana,3621,MEDCHAL,362111,KAPRA,1,PS (I-V) ,5,Private Unaided (Recognized),Rural,3,Co-educational,3,3,0,1,3,3,3,3,3,3,3,3,3,3,3,2,3,0,3,2,0,3,3,3,3,3,0,0,3,0,3
2018-19,36,Telangana,3621,MEDCHAL,362111,KAPRA,1,PS (I-V) ,3,Local body,Urban,3,Co-educational,12,12,0,0,12,12,11,12,12,12,11,11,11,10,12,7,7,0,3,5,0,11,12,3,7,4,6,1,12,4,3
2018-19,36,Telangana,3621,MEDCHAL,362111,KAPRA,1,PS (I-V) ,5,Private Unaided (Recognized),Urban,3,Co-educational,1,1,0,0,1,1,1,1,1,1,1,1,1,1,1,1,1,0,0,1,0,1,1,1,1,1,0,0,1,0,1
2018-19,36,Telangana,3621,MEDCHAL,362111,KAPRA,6, SS (I-X) ,5,Private Unaided (Recognized),Rural,3,Co-educational,19,19,0,17,17,19,19,19,19,19,16,16,16,16,19,19,9,11,6,13,0,18,19,17,19,15,5,1,19,4,14
2018-19,36,Telangana,3621,MEDCHAL,362111,KAPRA,6, SS (I-X) ,92,Kendriya Vidyalaya / Central School,Rural,3,Co-educational,1,1,0,1,1,1,1,1,1,1,1,1,1,1,1,1,1,0,0,1,0,1,1,0,1,0,1,0,1,0,0
2018-19,36,Telangana,3621,MEDCHAL,362111,KAPRA,6, SS (I-X) ,5,Private Unaided (Recognized),Urban,3,Co-educational,49,49,1,43,49,49,47,48,48,48,33,33,33,33,49,38,22,35,7,15,3,47,46,30,48,43,10,8,49,27,42
2018-19,36,Telangana,3621,MEDCHAL,362111,KAPRA,6, SS (I-X) ,92,Kendriya Vidyalaya / Central School,Urban,3,Co-educational,1,1,0,1,1,1,1,1,1,1,0,0,0,0,1,1,1,1,0,1,1,1,1,0,1,1,1,0,1,1,1
2018-19,36,Telangana,3621,MEDCHAL,362111,KAPRA,7,SS (VI-X),3,Local body,Rural,3,Co-educational,2,2,0,2,2,2,2,2,2,2,2,2,2,2,2,0,0,2,1,2,0,2,2,2,2,0,2,0,2,1,2
2018-19,36,Telangana,3621,MEDCHAL,362111,KAPRA,7,SS (VI-X),3,Local body,Urban,3,Co-educational,3,3,0,3,3,3,3,3,3,3,3,3,2,3,3,1,0,2,2,2,0,3,3,2,1,2,1,0,3,2,3
2018-19,36,Telangana,3621,MEDCHAL,362111,KAPRA,7,SS (VI-X),5,Private Unaided (Recognized),Urban,3,Co-educational,1,1,0,1,1,1,1,1,1,1,1,1,1,1,1,0,0,1,0,0,0,1,1,1,1,0,1,0,1,1,1
2018-19,36,Telangana,3621,MEDCHAL,362111,KAPRA,2,UPS (I-VIII) ,5,Private Unaided (Recognized),Rural,3,Co-educational,22,22,0,10,22,22,22,22,22,22,20,20,20,20,22,18,19,5,14,16,0,22,22,21,21,20,3,1,22,4,19
2018-19,36,Telangana,3621,MEDCHAL,362111,KAPRA,2,UPS (I-VIII) ,3,Local body,Urban,3,Co-educational,2,2,0,1,2,2,2,2,2,2,2,2,2,2,2,2,0,0,0,1,0,2,2,1,2,2,2,0,2,0,0
2018-19,36,Telangana,3621,MEDCHAL,362111,KAPRA,2,UPS (I-VIII) ,5,Private Unaided (Recognized),Urban,3,Co-educational,18,18,0,11,18,18,18,18,18,18,16,16,16,15,18,13,9,10,2,5,0,17,17,12,17,17,2,2,18,13,17
2018-19,36,Telangana,3621,MEDCHAL,362112,SHAMIRPET,3,HSS (I-XII),1,Department of Education,Rural,3,Co-educational,1,1,0,0,1,1,1,1,1,1,1,1,1,1,1,1,0,0,0,1,0,1,1,1,1,1,0,1,1,1,0
2018-19,36,Telangana,3621,MEDCHAL,362112,SHAMIRPET,3,HSS (I-XII),5,Private Unaided (Recognized),Rural,3,Co-educational,1,1,0,1,1,1,1,1,1,1,0,0,0,0,1,1,0,1,0,1,1,1,1,1,1,0,0,0,1,0,0
2018-19,36,Telangana,3621,MEDCHAL,362112,SHAMIRPET,3,HSS (I-XII),92,Kendriya Vidyalaya / Central School,Rural,3,Co-educational,1,1,0,1,1,1,1,1,1,1,1,1,1,1,1,1,0,0,0,1,0,1,1,0,1,1,0,0,1,1,1
2018-19,36,Telangana,3621,MEDCHAL,362112,SHAMIRPET,11,HSS (XI-XII),5,Private Unaided (Recognized),Rural,3,Co-educational,2,2,0,2,2,2,2,2,2,2,2,2,2,2,2,2,0,2,0,0,0,2,1,0,2,0,0,0,2,1,0
2018-19,36,Telangana,3621,MEDCHAL,362112,SHAMIRPET,1,PS (I-V) ,3,Local body,Rural,3,Co-educational,20,20,12,1,20,20,16,17,19,19,16,17,17,16,17,7,1,0,6,15,1,20,20,3,17,11,11,4,18,0,5
2018-19,36,Telangana,3621,MEDCHAL,362112,SHAMIRPET,1,PS (I-V) ,5,Private Unaided (Recognized),Rural,3,Co-educational,1,1,0,1,1,1,1,1,1,1,1,1,1,1,1,1,0,0,0,0,0,1,1,0,1,0,0,0,1,0,0
2018-19,36,Telangana,3621,MEDCHAL,362112,SHAMIRPET,1,PS (I-V) ,3,Local body,Urban,3,Co-educational,1,1,0,0,0,1,1,1,1,1,1,1,1,1,1,1,0,0,0,1,0,1,1,0,1,1,1,0,1,0,0
2018-19,36,Telangana,3621,MEDCHAL,362112,SHAMIRPET,6, SS (I-X) ,1,Department of Education,Rural,1,Boys,1,1,0,0,1,1,1,1,0,1,1,1,1,0,1,1,0,0,1,1,0,1,1,0,0,1,0,0,0,1,1
2018-19,36,Telangana,3621,MEDCHAL,362112,SHAMIRPET,6, SS (I-X) ,90,Social welfare Department,Urban,1,Boys,1,1,0,0,1,1,1,1,0,1,1,1,1,0,1,1,0,0,0,1,1,1,0,1,1,1,0,0,0,0,1
2018-19,36,Telangana,3621,MEDCHAL,362112,SHAMIRPET,6, SS (I-X) ,5,Private Unaided (Recognized),Rural,2,Girls,1,1,0,1,1,1,1,0,1,1,0,0,0,0,1,1,0,1,1,0,0,1,0,1,1,0,0,0,1,0,0
2018-19,36,Telangana,3621,MEDCHAL,362112,SHAMIRPET,6, SS (I-X) ,5,Private Unaided (Recognized),Rural,3,Co-educational,17,17,0,14,17,17,17,17,17,17,17,17,17,17,16,17,0,11,1,13,4,17,10,8,16,0,3,0,17,4,0
2018-19,36,Telangana,3621,MEDCHAL,362112,SHAMIRPET,7,SS (VI-X),3,Local body,Rural,3,Co-educational,9,9,6,7,8,8,9,9,9,9,9,9,9,9,7,3,0,0,1,8,0,9,9,7,6,8,7,2,9,2,2
2018-19,36,Telangana,3621,MEDCHAL,362112,SHAMIRPET,7,SS (VI-X),5,Private Unaided (Recognized),Rural,3,Co-educational,1,1,0,0,1,1,1,1,1,1,1,1,1,1,1,1,0,0,0,1,0,1,0,1,1,0,0,0,1,0,0
2018-19,36,Telangana,3621,MEDCHAL,362112,SHAMIRPET,2,UPS (I-VIII) ,3,Local body,Rural,3,Co-educational,2,2,1,1,2,2,2,2,2,2,2,2,2,2,2,1,0,0,0,2,0,2,1,1,2,1,1,0,2,0,0
2018-19,36,Telangana,3621,MEDCHAL,362112,SHAMIRPET,2,UPS (I-VIII) ,5,Private Unaided (Recognized),Rural,3,Co-educational,12,12,3,4,11,12,12,11,11,11,9,10,10,10,10,10,0,3,0,8,1,12,8,5,9,0,2,0,12,3,0
2018-19,36,Telangana,3621,MEDCHAL,362112,SHAMIRPET,2,UPS (I-VIII) ,5,Private Unaided (Recognized),Urban,3,Co-educational,1,1,0,1,1,1,0,1,1,1,1,1,1,0,1,1,0,1,0,1,1,1,0,0,0,0,0,0,0,0,0
2018-19,36,Telangana,3621,MEDCHAL,362113,KEESARA,3,HSS (I-XII),1,Department of Education,Rural,1,Boys,1,1,0,1,1,1,1,1,0,1,0,0,0,0,1,1,0,1,1,1,0,1,1,1,1,0,1,0,1,1,1
2018-19,36,Telangana,3621,MEDCHAL,362113,KEESARA,11,HSS (XI-XII),5,Private Unaided (Recognized),Rural,2,Girls,1,1,0,0,1,1,1,0,1,1,1,1,0,1,1,1,0,1,0,1,0,0,0,1,1,0,0,0,1,0,1
2018-19,36,Telangana,3621,MEDCHAL,362113,KEESARA,11,HSS (XI-XII),5,Private Unaided (Recognized),Rural,3,Co-educational,5,5,0,2,5,5,5,5,5,5,2,2,2,2,4,4,0,4,0,2,0,1,1,3,3,0,1,0,3,1,3
2018-19,36,Telangana,3621,MEDCHAL,362113,KEESARA,11,HSS (XI-XII),5,Private Unaided (Recognized),Urban,3,Co-educational,1,1,0,1,1,1,1,1,1,1,1,1,1,1,1,1,0,1,0,0,0,1,0,0,0,0,0,0,1,1,0
2018-19,36,Telangana,3621,MEDCHAL,362113,KEESARA,1,PS (I-V) ,3,Local body,Rural,3,Co-educational,24,24,0,2,24,24,24,23,23,23,18,18,18,18,23,6,4,0,24,14,0,24,23,3,14,11,8,0,20,0,9
2018-19,36,Telangana,3621,MEDCHAL,362113,KEESARA,1,PS (I-V) ,5,Private Unaided (Recognized),Rural,3,Co-educational,1,1,0,0,1,1,1,1,1,1,1,1,1,1,1,1,0,1,0,1,0,1,1,1,1,0,0,0,0,0,1
2018-19,36,Telangana,3621,MEDCHAL,362113,KEESARA,1,PS (I-V) ,5,Private Unaided (Recognized),Urban,3,Co-educational,1,1,0,0,1,1,1,1,1,1,1,1,1,1,1,1,0,1,0,1,0,1,1,1,1,0,0,0,1,0,1
2018-19,36,Telangana,3621,MEDCHAL,362113,KEESARA,6, SS (I-X) ,5,Private Unaided (Recognized),Rural,3,Co-educational,22,22,0,9,22,22,22,22,22,22,15,15,15,13,21,11,5,18,1,5,2,22,21,12,17,3,3,1,22,18,19
2018-19,36,Telangana,3621,MEDCHAL,362113,KEESARA,6, SS (I-X) ,5,Private Unaided (Recognized),Urban,3,Co-educational,4,4,0,2,4,4,4,4,4,4,4,4,4,3,4,4,0,4,1,4,1,4,3,3,4,1,1,0,4,4,4
2018-19,36,Telangana,3621,MEDCHAL,362113,KEESARA,7,SS (VI-X),3,Local body,Rural,3,Co-educational,7,7,0,6,7,7,7,7,7,7,6,6,6,6,7,6,1,4,7,3,0,7,7,3,4,1,3,0,7,3,1
2018-19,36,Telangana,3621,MEDCHAL,362113,KEESARA,2,UPS (I-VIII) ,3,Local body,Rural,3,Co-educational,3,3,0,3,3,3,3,3,3,3,3,3,3,3,3,1,1,0,3,2,0,3,3,2,3,2,2,0,3,0,0
2018-19,36,Telangana,3621,MEDCHAL,362113,KEESARA,2,UPS (I-VIII) ,5,Private Unaided (Recognized),Rural,3,Co-educational,12,12,0,4,12,12,12,12,12,12,10,10,10,10,12,11,3,11,0,3,2,12,11,8,7,0,3,2,11,8,10
2018-19,36,Telangana,3621,MEDCHAL,362113,KEESARA,2,UPS (I-VIII) ,5,Private Unaided (Recognized),Urban,3,Co-educational,11,11,0,3,11,11,11,11,11,11,11,11,11,10,11,6,2,11,0,11,0,11,10,10,10,1,0,0,11,8,11
2018-19,36,Telangana,3621,MEDCHAL,362114,GHATKESAR,11,HSS (XI-XII),5,Private Unaided (Recognized),Urban,1,Boys,1,1,1,1,1,1,1,1,0,1,1,1,1,0,1,0,0,1,0,0,0,1,1,1,1,0,0,0,1,0,0
2018-19,36,Telangana,3621,MEDCHAL,362114,GHATKESAR,11,HSS (XI-XII),4,Government Aided,Urban,3,Co-educational,1,1,0,0,0,1,1,1,1,1,0,0,0,0,0,1,0,0,0,1,0,1,0,0,1,0,0,0,1,0,0
2018-19,36,Telangana,3621,MEDCHAL,362114,GHATKESAR,11,HSS (XI-XII),5,Private Unaided (Recognized),Urban,3,Co-educational,5,5,2,3,5,5,5,4,4,4,4,5,5,5,5,2,0,3,0,5,1,2,2,1,2,0,0,0,5,2,0
2018-19,36,Telangana,3621,MEDCHAL,362114,GHATKESAR,11,HSS (XI-XII),92,Kendriya Vidyalaya / Central School,Urban,3,Co-educational,1,1,0,1,1,1,1,1,1,1,1,1,1,1,1,1,0,1,0,0,0,1,0,0,1,0,0,0,1,1,0
2018-19,36,Telangana,3621,MEDCHAL,362114,GHATKESAR,1,PS (I-V) ,3,Local body,Rural,3,Co-educational,20,20,1,0,12,20,14,18,19,19,14,14,13,13,17,2,1,0,3,13,0,18,17,7,12,10,4,6,16,0,2
2018-19,36,Telangana,3621,MEDCHAL,362114,GHATKESAR,1,PS (I-V) ,3,Local body,Urban,3,Co-educational,15,15,1,2,11,15,8,15,15,15,12,12,12,12,12,5,0,0,1,7,1,14,14,10,13,3,4,1,12,0,1
2018-19,36,Telangana,3621,MEDCHAL,362114,GHATKESAR,1,PS (I-V) ,4,Government Aided,Urban,3,Co-educational,1,1,0,0,0,1,0,0,1,1,1,1,0,1,1,0,0,0,1,0,0,1,1,1,1,0,0,1,0,0,0
2018-19,36,Telangana,3621,MEDCHAL,362114,GHATKESAR,6, SS (I-X) ,1,Department of Education,Urban,2,Girls,1,1,0,1,1,1,1,0,1,1,1,1,0,1,0,1,0,1,0,0,0,0,0,1,1,0,0,0,1,0,0
2018-19,36,Telangana,3621,MEDCHAL,362114,GHATKESAR,6, SS (I-X) ,1,Department of Education,Rural,3,Co-educational,1,1,0,1,1,1,1,0,1,1,1,1,0,1,1,1,0,1,0,1,0,1,1,1,0,0,0,0,1,1,0
2018-19,36,Telangana,3621,MEDCHAL,362114,GHATKESAR,6, SS (I-X) ,3,Local body,Rural,3,Co-educational,1,1,0,1,0,1,1,1,1,1,1,1,1,1,1,1,0,0,1,1,0,1,1,1,1,0,0,0,1,0,0
2018-19,36,Telangana,3621,MEDCHAL,362114,GHATKESAR,6, SS (I-X) ,5,Private Unaided (Recognized),Rural,3,Co-educational,6,6,2,4,6,6,6,6,6,6,6,6,6,6,6,5,0,5,0,4,1,5,5,6,5,2,1,2,5,4,2
2018-19,36,Telangana,3621,MEDCHAL,362114,GHATKESAR,6, SS (I-X) ,1,Department of Education,Urban,3,Co-educational,1,1,1,0,1,1,1,1,0,1,1,1,1,0,1,0,0,0,0,0,0,0,1,0,1,0,0,0,1,1,0
2018-19,36,Telangana,3621,MEDCHAL,362114,GHATKESAR,6, SS (I-X) ,5,Private Unaided (Recognized),Urban,3,Co-educational,18,18,5,17,18,18,17,17,17,17,16,16,16,16,18,15,2,16,0,10,7,18,16,15,18,12,3,9,17,15,9
2018-19,36,Telangana,3621,MEDCHAL,362114,GHATKESAR,6, SS (I-X) ,92,Kendriya Vidyalaya / Central School,Urban,3,Co-educational,1,1,0,1,1,1,1,1,1,1,1,1,1,1,1,1,0,1,0,1,0,1,1,0,1,1,0,1,1,1,1
2018-19,36,Telangana,3621,MEDCHAL,362114,GHATKESAR,7,SS (VI-X),3,Local body,Urban,1,Boys,1,1,1,1,1,1,1,1,0,1,1,1,1,0,1,1,0,1,0,1,0,1,1,0,1,1,1,0,1,1,0
2018-19,36,Telangana,3621,MEDCHAL,362114,GHATKESAR,7,SS (VI-X),3,Local body,Rural,2,Girls,1,1,1,1,1,1,1,0,1,1,1,1,0,1,1,0,0,0,0,1,0,1,1,1,1,0,0,0,1,0,0
2018-19,36,Telangana,3621,MEDCHAL,362114,GHATKESAR,7,SS (VI-X),3,Local body,Urban,2,Girls,1,1,1,1,1,1,1,0,1,1,1,1,0,1,1,1,0,1,0,0,0,1,1,1,0,0,1,0,1,1,0
2018-19,36,Telangana,3621,MEDCHAL,362114,GHATKESAR,7,SS (VI-X),3,Local body,Rural,3,Co-educational,4,4,4,4,4,4,4,4,4,4,4,4,4,3,4,2,0,4,2,4,0,4,4,4,3,1,3,0,4,3,0
2018-19,36,Telangana,3621,MEDCHAL,362114,GHATKESAR,7,SS (VI-X),5,Private Unaided (Recognized),Rural,3,Co-educational,1,1,0,1,0,1,1,1,1,1,1,1,1,1,1,0,0,1,0,0,0,1,1,1,1,1,0,1,1,0,1
2018-19,36,Telangana,3621,MEDCHAL,362114,GHATKESAR,7,SS (VI-X),3,Local body,Urban,3,Co-educational,2,2,1,1,2,2,2,2,2,2,2,2,2,2,2,1,0,1,0,2,0,2,2,2,2,0,1,0,2,0,0
2018-19,36,Telangana,3621,MEDCHAL,362114,GHATKESAR,7,SS (VI-X),4,Government Aided,Urban,3,Co-educational,1,1,0,0,0,1,0,0,1,1,0,0,0,0,1,1,0,0,0,1,0,1,1,0,1,0,0,1,0,0,0
2018-19,36,Telangana,3621,MEDCHAL,362114,GHATKESAR,2,UPS (I-VIII) ,1,Department of Education,Urban,1,Boys,1,1,0,0,0,1,0,1,0,1,1,1,1,0,1,0,0,0,1,1,0,0,0,0,1,0,0,0,1,0,0
2018-19,36,Telangana,3621,MEDCHAL,362114,GHATKESAR,2,UPS (I-VIII) ,3,Local body,Rural,3,Co-educational,2,2,0,0,2,2,2,2,2,2,1,1,1,1,2,1,0,0,0,1,0,2,2,2,1,2,1,1,2,0,0
2018-19,36,Telangana,3621,MEDCHAL,362114,GHATKESAR,2,UPS (I-VIII) ,5,Private Unaided (Recognized),Rural,3,Co-educational,4,4,2,3,4,4,4,4,4,4,4,4,4,4,4,3,0,3,0,1,0,3,4,4,4,2,1,1,4,2,2
2018-19,36,Telangana,3621,MEDCHAL,362114,GHATKESAR,2,UPS (I-VIII) ,3,Local body,Urban,3,Co-educational,1,1,0,0,1,1,1,1,1,1,1,1,1,1,1,1,0,0,0,1,0,1,1,1,1,0,0,0,1,0,0
2018-19,36,Telangana,3621,MEDCHAL,362114,GHATKESAR,2,UPS (I-VIII) ,5,Private Unaided (Recognized),Urban,3,Co-educational,10,10,7,5,10,10,9,10,10,10,9,9,9,9,10,9,2,3,0,6,1,9,9,10,9,2,2,1,9,6,0
2018-19,36,Telangana,3621,MEDCHAL,362115,MOODUCHINTHALAPALLY,1,PS (I-V) ,3,Local body,Rural,3,Co-educational,17,17,5,3,17,17,13,15,17,17,15,15,13,13,17,3,2,0,3,10,1,17,16,7,14,6,11,1,13,2,8
2018-19,36,Telangana,3621,MEDCHAL,362115,MOODUCHINTHALAPALLY,6, SS (I-X) ,5,Private Unaided (Recognized),Rural,3,Co-educational,3,3,1,3,3,3,3,3,3,3,2,2,2,2,3,3,0,3,0,3,0,3,3,3,3,0,1,0,3,1,0
2018-19,36,Telangana,3621,MEDCHAL,362115,MOODUCHINTHALAPALLY,7,SS (VI-X),3,Local body,Rural,3,Co-educational,7,7,4,7,7,7,7,6,7,7,7,7,6,7,6,2,0,0,1,7,0,7,7,6,5,5,5,4,7,4,4
2018-19,36,Telangana,3621,MEDCHAL,362115,MOODUCHINTHALAPALLY,2,UPS (I-VIII) ,5,Private Unaided (Recognized),Rural,3,Co-educational,2,2,1,0,2,2,2,2,2,2,2,2,2,2,2,1,0,0,0,1,0,2,2,2,2,0,0,0,2,0,0
