Academic_Year,State_Code,State_Name,District_Code,District_Name,Block_Code,Udise_Block_Name,School_Category_Id,School_Category_Name,School_Management_Id,School_Management_Name,Location,School_Type_Id,School_Type,Total_Number_of_Schools,Building,Complete_Medical_Checkup,Computer_Available,Functional_Drinking_Water,Drinking_Water,Functional_Electricity,Functional_Boy_Toilet,Functional_Girl_Toilet,Functional_Toilet_Facility,Functional_Toilet_and_Urinal,Functional_Urinal,Functional_Urinal_Boy,Functional_Urinal_Girl,Handwash,Separate_Room_for_Headmaster,Incinerator,Internet,Kitchen_Garden,Land_Available,Librarian,Library_or_Reading_Corner_or_Book_Bank,Medical_Checkup,Newspaper,Playground,Rain_Water_Harvesting,Ramps,Solar_Panel,Furniture,Water_Purifier,Water_Tested
2018-19,36,Telangana,3630,SURYAPET,363001,NAGARAM,3,HSS (I-XII),1,Department of Education,Rural,1,Boys,1,1,1,1,1,1,1,1,0,1,1,1,1,0,1,1,0,1,0,1,0,1,1,1,1,0,0,0,1,0,0
2018-19,36,Telangana,3630,SURYAPET,363001,NAGARAM,5, HSS (VI-XII),1,Department of Education,Rural,3,Co-educational,1,1,0,1,1,1,1,1,1,1,1,1,1,1,1,1,0,1,1,1,0,1,1,1,1,1,1,0,0,1,1
2018-19,36,Telangana,3630,SURYAPET,363001,NAGARAM,1,PS (I-V) ,3,Local body,Rural,3,Co-educational,18,18,8,0,17,17,4,16,18,18,12,12,12,12,18,3,4,0,6,13,0,18,18,5,15,4,14,4,14,0,1
2018-19,36,Telangana,3630,SURYAPET,363001,NAGARAM,6, SS (I-X) ,5,Private Unaided (Recognized),Rural,3,Co-educational,1,1,1,1,1,1,1,1,1,1,1,1,1,1,1,1,1,1,1,1,1,1,1,1,1,1,0,0,1,1,1
2018-19,36,Telangana,3630,SURYAPET,363001,NAGARAM,7,SS (VI-X),1,Department of Education,Rural,2,Girls,1,1,1,0,1,1,1,0,1,1,0,0,0,0,1,0,1,0,0,0,0,1,1,1,0,0,0,0,0,0,0
2018-19,36,Telangana,3630,SURYAPET,363001,NAGARAM,7,SS (VI-X),3,Local body,Rural,3,Co-educational,6,6,6,5,4,6,6,6,6,6,5,5,4,5,6,5,2,0,1,6,0,6,6,6,6,1,6,1,5,2,0
2018-19,36,Telangana,3630,SURYAPET,363001,NAGARAM,2,UPS (I-VIII) ,3,Local body,Rural,3,Co-educational,1,1,1,1,1,1,1,1,1,1,1,1,1,1,1,0,0,0,0,1,0,1,1,0,1,0,1,0,1,0,0
2018-19,36,Telangana,3630,SURYAPET,363002,THIRUMALAGIRI,5, HSS (VI-XII),1,Department of Education,Rural,3,Co-educational,1,1,1,1,1,1,1,1,1,1,1,1,1,1,1,1,0,1,0,1,0,1,1,1,1,0,1,0,1,0,0
2018-19,36,Telangana,3630,SURYAPET,363002,THIRUMALAGIRI,11,HSS (XI-XII),5,Private Unaided (Recognized),Rural,3,Co-educational,4,4,4,2,4,4,3,4,4,4,0,0,0,0,0,2,0,3,0,2,0,4,4,3,3,0,1,0,4,0,0
2018-19,36,Telangana,3630,SURYAPET,363002,THIRUMALAGIRI,1,PS (I-V) ,1,Department of Education,Rural,3,Co-educational,1,1,0,0,1,1,0,1,1,1,0,0,0,0,0,0,0,0,0,1,0,1,0,0,1,0,0,0,1,0,0
2018-19,36,Telangana,3630,SURYAPET,363002,THIRUMALAGIRI,1,PS (I-V) ,3,Local body,Rural,3,Co-educational,34,34,28,0,31,32,31,32,34,34,24,24,22,23,22,3,0,0,6,29,0,34,32,19,30,0,10,0,20,0,0
2018-19,36,Telangana,3630,SURYAPET,363002,THIRUMALAGIRI,1,PS (I-V) ,5,Private Unaided (Recognized),Rural,3,Co-educational,1,1,1,0,1,1,1,1,1,1,1,1,1,1,0,1,0,0,0,0,0,1,1,1,1,0,1,0,1,0,0
2018-19,36,Telangana,3630,SURYAPET,363002,THIRUMALAGIRI,6, SS (I-X) ,5,Private Unaided (Recognized),Rural,3,Co-educational,7,7,7,6,7,7,7,7,7,7,2,2,2,2,3,7,0,6,0,4,0,7,7,7,7,0,1,0,7,2,0
2018-19,36,Telangana,3630,SURYAPET,363002,THIRUMALAGIRI,7,SS (VI-X),1,Department of Education,Rural,2,Girls,1,1,1,1,1,1,1,0,1,1,1,1,0,1,1,1,0,0,0,0,0,1,1,1,1,0,0,0,1,0,0
2018-19,36,Telangana,3630,SURYAPET,363002,THIRUMALAGIRI,7,SS (VI-X),3,Local body,Rural,3,Co-educational,6,6,6,4,6,6,6,5,6,6,5,5,4,5,6,4,0,2,1,6,0,6,6,6,6,0,5,0,5,0,0
2018-19,36,Telangana,3630,SURYAPET,363002,THIRUMALAGIRI,7,SS (VI-X),5,Private Unaided (Recognized),Rural,3,Co-educational,1,1,1,0,1,1,1,1,1,1,0,0,0,0,0,1,0,0,0,0,0,1,1,1,1,0,1,0,1,0,0
2018-19,36,Telangana,3630,SURYAPET,363002,THIRUMALAGIRI,2,UPS (I-VIII) ,3,Local body,Rural,3,Co-educational,2,2,2,1,2,2,2,1,2,2,2,2,2,1,1,0,1,0,0,2,0,2,2,2,1,0,2,0,1,0,0
2018-19,36,Telangana,3630,SURYAPET,363002,THIRUMALAGIRI,2,UPS (I-VIII) ,5,Private Unaided (Recognized),Rural,3,Co-educational,1,1,1,0,1,1,1,1,1,1,0,0,0,0,1,1,0,0,0,1,0,1,1,1,1,0,1,0,1,0,0
2018-19,36,Telangana,3630,SURYAPET,363003,THUNGATHURTHI,3,HSS (I-XII),1,Department of Education,Rural,1,Boys,1,1,0,1,1,1,1,1,0,1,1,1,1,0,1,1,0,1,1,1,0,1,1,1,1,0,0,0,0,1,0
2018-19,36,Telangana,3630,SURYAPET,363003,THUNGATHURTHI,3,HSS (I-XII),90,Social welfare Department,Rural,2,Girls,1,1,0,1,1,1,1,0,1,1,1,1,0,1,1,1,1,1,0,1,1,1,1,1,0,0,0,0,1,1,1
2018-19,36,Telangana,3630,SURYAPET,363003,THUNGATHURTHI,3,HSS (I-XII),1,Department of Education,Rural,3,Co-educational,1,1,0,1,1,1,1,1,0,1,1,1,1,0,1,1,0,1,0,0,0,1,1,1,0,0,0,0,1,0,1
2018-19,36,Telangana,3630,SURYAPET,363003,THUNGATHURTHI,3,HSS (I-XII),2,Tribal Welfare Department,Rural,3,Co-educational,1,1,1,1,1,1,1,0,1,1,0,0,0,0,1,1,1,1,0,1,0,1,1,1,1,0,0,0,1,0,1
2018-19,36,Telangana,3630,SURYAPET,363003,THUNGATHURTHI,11,HSS (XI-XII),1,Department of Education,Rural,3,Co-educational,1,1,0,1,1,1,1,1,1,1,0,0,0,0,0,1,1,1,0,1,1,1,1,1,1,0,0,0,1,1,0
2018-19,36,Telangana,3630,SURYAPET,363003,THUNGATHURTHI,11,HSS (XI-XII),5,Private Unaided (Recognized),Rural,3,Co-educational,1,1,0,1,1,1,1,1,1,1,1,1,1,0,1,0,1,1,0,0,1,1,1,1,1,0,0,0,1,1,0
2018-19,36,Telangana,3630,SURYAPET,363003,THUNGATHURTHI,1,PS (I-V) ,1,Department of Education,Rural,3,Co-educational,1,1,0,0,1,1,1,1,1,1,0,0,0,0,1,0,0,0,0,1,0,1,1,0,1,0,1,0,0,0,0
2018-19,36,Telangana,3630,SURYAPET,363003,THUNGATHURTHI,1,PS (I-V) ,3,Local body,Rural,3,Co-educational,30,30,15,1,22,22,18,23,26,26,20,21,20,20,28,3,15,0,3,28,3,30,28,16,23,0,12,0,16,2,2
2018-19,36,Telangana,3630,SURYAPET,363003,THUNGATHURTHI,6, SS (I-X) ,5,Private Unaided (Recognized),Rural,3,Co-educational,1,1,1,1,1,1,1,1,1,1,1,1,1,1,1,1,1,1,0,0,0,0,1,1,1,0,0,0,1,1,0
2018-19,36,Telangana,3630,SURYAPET,363003,THUNGATHURTHI,7,SS (VI-X),1,Department of Education,Rural,2,Girls,1,1,1,1,1,1,1,0,1,1,1,1,0,1,1,1,1,0,0,1,0,1,1,1,1,0,0,0,1,1,1
2018-19,36,Telangana,3630,SURYAPET,363003,THUNGATHURTHI,7,SS (VI-X),3,Local body,Rural,3,Co-educational,10,10,8,7,10,10,10,9,10,10,10,10,8,10,10,4,2,1,1,10,0,10,10,9,9,1,7,0,6,3,4
2018-19,36,Telangana,3630,SURYAPET,363003,THUNGATHURTHI,2,UPS (I-VIII) ,3,Local body,Rural,3,Co-educational,2,2,1,2,2,2,2,1,2,2,1,1,1,1,2,1,0,0,0,1,0,2,2,0,1,0,1,0,2,0,0
2018-19,36,Telangana,3630,SURYAPET,363003,THUNGATHURTHI,2,UPS (I-VIII) ,5,Private Unaided (Recognized),Rural,3,Co-educational,3,3,0,1,2,3,2,3,3,3,2,2,2,2,3,3,3,1,0,2,0,3,3,3,3,1,0,0,3,0,0
2018-19,36,Telangana,3630,SURYAPET,363004,MADDIRALA,1,PS (I-V) ,1,Department of Education,Rural,3,Co-educational,1,1,0,0,1,1,1,1,1,1,0,0,0,0,0,0,0,0,1,0,0,0,1,0,0,0,0,0,0,0,0
2018-19,36,Telangana,3630,SURYAPET,363004,MADDIRALA,1,PS (I-V) ,3,Local body,Rural,3,Co-educational,18,18,2,0,13,17,7,17,18,18,13,13,12,12,17,2,2,0,17,14,0,18,18,6,15,3,13,1,14,0,3
2018-19,36,Telangana,3630,SURYAPET,363004,MADDIRALA,7,SS (VI-X),1,Department of Education,Rural,2,Girls,1,1,0,0,1,1,1,0,1,1,1,1,0,1,1,1,0,0,0,0,0,0,0,1,1,0,0,0,1,0,0
2018-19,36,Telangana,3630,SURYAPET,363004,MADDIRALA,7,SS (VI-X),3,Local body,Rural,3,Co-educational,8,8,0,4,7,8,8,8,7,8,8,8,8,7,8,1,2,1,8,8,0,8,8,8,8,2,6,2,6,2,1
2018-19,36,Telangana,3630,SURYAPET,363004,MADDIRALA,2,UPS (I-VIII) ,3,Local body,Rural,3,Co-educational,3,3,0,0,3,3,3,3,3,3,3,3,3,2,3,0,0,0,3,2,0,3,3,2,2,1,3,2,1,1,0
2018-19,36,Telangana,3630,SURYAPET,363004,MADDIRALA,2,UPS (I-VIII) ,5,Private Unaided (Recognized),Rural,3,Co-educational,2,2,0,1,2,2,2,2,2,2,2,2,2,2,2,2,2,0,2,2,0,2,2,1,2,1,0,0,2,0,1
2018-19,36,Telangana,3630,SURYAPET,363005,NOOTHANKAL,11,HSS (XI-XII),5,Private Unaided (Recognized),Rural,3,Co-educational,3,3,1,2,3,3,3,3,3,3,2,2,2,2,3,3,1,0,3,3,2,3,1,3,3,3,1,3,2,1,3
2018-19,36,Telangana,3630,SURYAPET,363005,NOOTHANKAL,1,PS (I-V) ,3,Local body,Rural,3,Co-educational,22,22,8,1,13,18,16,18,21,22,18,18,15,18,19,6,11,0,22,18,1,22,22,8,11,6,11,9,17,0,4
2018-19,36,Telangana,3630,SURYAPET,363005,NOOTHANKAL,6, SS (I-X) ,5,Private Unaided (Recognized),Rural,3,Co-educational,3,3,0,1,3,3,3,3,3,3,3,3,2,2,3,3,3,1,3,3,0,3,3,3,2,2,0,1,3,3,3
2018-19,36,Telangana,3630,SURYAPET,363005,NOOTHANKAL,7,SS (VI-X),1,Department of Education,Rural,2,Girls,1,1,0,1,1,1,1,0,1,1,1,1,0,1,1,1,0,1,1,1,0,1,1,1,1,1,1,1,1,1,0
2018-19,36,Telangana,3630,SURYAPET,363005,NOOTHANKAL,7,SS (VI-X),3,Local body,Rural,3,Co-educational,7,7,5,4,6,6,7,7,7,7,7,7,4,7,7,3,5,1,7,7,0,7,7,7,6,5,4,4,7,2,5
2018-19,36,Telangana,3630,SURYAPET,363005,NOOTHANKAL,2,UPS (I-VIII) ,3,Local body,Rural,3,Co-educational,4,4,3,1,3,4,2,3,3,3,2,3,3,3,4,1,2,0,4,3,0,4,4,3,3,1,2,1,3,0,2
2018-19,36,Telangana,3630,SURYAPET,363005,NOOTHANKAL,2,UPS (I-VIII) ,5,Private Unaided (Recognized),Rural,3,Co-educational,2,2,0,2,2,2,2,2,2,2,2,2,2,2,2,2,1,2,2,2,0,2,2,1,2,1,0,1,2,1,0
2018-19,36,Telangana,3630,SURYAPET,363006,JAJIREDDIGUDEM,3,HSS (I-XII),90,Social welfare Department,Rural,2,Girls,1,1,1,1,1,1,1,0,1,1,1,1,0,1,1,1,1,0,1,0,0,1,1,1,1,0,0,0,1,0,0
2018-19,36,Telangana,3630,SURYAPET,363006,JAJIREDDIGUDEM,1,PS (I-V) ,3,Local body,Rural,3,Co-educational,24,24,6,0,24,24,6,21,21,22,12,12,10,11,18,5,9,0,6,21,0,24,23,6,20,6,14,1,11,0,2
2018-19,36,Telangana,3630,SURYAPET,363006,JAJIREDDIGUDEM,6, SS (I-X) ,5,Private Unaided (Recognized),Rural,3,Co-educational,2,2,0,1,2,2,2,2,2,2,2,2,2,2,1,2,1,1,1,2,0,2,2,2,2,1,0,0,0,1,1
2018-19,36,Telangana,3630,SURYAPET,363006,JAJIREDDIGUDEM,7,SS (VI-X),1,Department of Education,Rural,2,Girls,1,1,1,1,1,1,1,0,1,1,1,1,0,1,1,1,1,0,1,1,0,1,1,1,0,0,1,1,1,1,1
2018-19,36,Telangana,3630,SURYAPET,363006,JAJIREDDIGUDEM,7,SS (VI-X),3,Local body,Rural,3,Co-educational,6,6,5,5,6,6,6,5,6,6,5,5,5,5,6,2,1,1,2,6,0,6,6,6,6,1,5,0,6,1,1
2018-19,36,Telangana,3630,SURYAPET,363006,JAJIREDDIGUDEM,2,UPS (I-VIII) ,3,Local body,Rural,3,Co-educational,2,2,0,2,2,2,1,2,2,2,2,2,2,2,2,0,2,0,1,2,0,2,2,0,2,2,2,0,1,0,1
2018-19,36,Telangana,3630,SURYAPET,363006,JAJIREDDIGUDEM,2,UPS (I-VIII) ,5,Private Unaided (Recognized),Rural,3,Co-educational,1,1,0,1,1,1,1,1,1,1,1,1,1,1,1,1,1,0,0,0,0,1,0,1,1,0,0,0,1,1,1
2018-19,36,Telangana,3630,SURYAPET,363007,SURYAPET,3,HSS (I-XII),1,Department of Education,Urban,1,Boys,1,1,0,1,1,1,1,1,0,1,1,1,1,0,1,1,0,1,1,0,0,1,1,1,1,1,0,0,1,1,1
2018-19,36,Telangana,3630,SURYAPET,363007,SURYAPET,3,HSS (I-XII),90,Social welfare Department,Rural,2,Girls,1,1,1,1,1,1,1,0,1,1,0,0,0,0,1,1,1,1,0,1,0,1,1,0,1,1,0,1,1,1,1
2018-19,36,Telangana,3630,SURYAPET,363007,SURYAPET,3,HSS (I-XII),5,Private Unaided (Recognized),Urban,3,Co-educational,1,1,0,0,1,1,1,1,1,1,1,1,1,1,1,0,0,0,1,0,0,1,1,1,1,0,0,1,1,1,1
2018-19,36,Telangana,3630,SURYAPET,363007,SURYAPET,5, HSS (VI-XII),1,Department of Education,Rural,3,Co-educational,1,1,0,1,1,1,1,1,1,1,1,1,1,1,1,1,0,1,1,1,1,1,1,0,0,0,1,1,1,1,1
2018-19,36,Telangana,3630,SURYAPET,363007,SURYAPET,11,HSS (XI-XII),1,Department of Education,Urban,3,Co-educational,1,1,0,1,1,1,1,1,1,1,1,1,0,1,0,1,0,0,0,1,1,1,0,1,1,0,0,0,1,1,0
2018-19,36,Telangana,3630,SURYAPET,363007,SURYAPET,11,HSS (XI-XII),5,Private Unaided (Recognized),Urban,3,Co-educational,14,14,1,7,14,14,13,14,14,14,4,4,4,4,11,6,6,7,0,4,0,11,2,9,9,6,1,4,13,1,9
2018-19,36,Telangana,3630,SURYAPET,363007,SURYAPET,1,PS (I-V) ,3,Local body,Rural,3,Co-educational,25,25,17,1,19,19,21,16,23,23,20,20,15,16,24,5,8,0,5,14,1,25,25,8,13,5,20,0,15,0,5
2018-19,36,Telangana,3630,SURYAPET,363007,SURYAPET,1,PS (I-V) ,1,Department of Education,Urban,3,Co-educational,20,20,10,1,16,16,13,16,20,20,7,7,6,7,18,2,5,0,2,6,0,18,19,0,3,3,5,1,13,0,2
2018-19,36,Telangana,3630,SURYAPET,363007,SURYAPET,1,PS (I-V) ,3,Local body,Urban,3,Co-educational,10,10,6,0,5,7,8,8,10,10,5,5,4,5,8,0,2,0,2,5,0,10,10,2,2,2,7,0,7,0,1
2018-19,36,Telangana,3630,SURYAPET,363007,SURYAPET,1,PS (I-V) ,4,Government Aided,Urban,3,Co-educational,4,4,2,1,3,3,4,4,4,4,2,2,2,2,3,3,2,1,1,1,0,4,2,0,4,1,1,0,3,0,1
2018-19,36,Telangana,3630,SURYAPET,363007,SURYAPET,1,PS (I-V) ,5,Private Unaided (Recognized),Urban,3,Co-educational,1,1,0,0,1,1,1,1,1,1,0,0,0,0,0,1,0,0,0,0,0,1,0,0,0,1,0,0,1,0,0
2018-19,36,Telangana,3630,SURYAPET,363007,SURYAPET,6, SS (I-X) ,5,Private Unaided (Recognized),Urban,3,Co-educational,44,44,2,28,42,43,42,43,43,43,28,29,29,28,39,40,16,28,27,24,5,43,32,34,41,14,17,5,44,25,20
2018-19,36,Telangana,3630,SURYAPET,363007,SURYAPET,7,SS (VI-X),1,Department of Education,Urban,2,Girls,1,1,0,1,1,1,1,0,1,1,0,0,0,0,1,1,1,1,1,1,0,1,1,1,1,1,0,0,1,0,0
2018-19,36,Telangana,3630,SURYAPET,363007,SURYAPET,7,SS (VI-X),3,Local body,Urban,2,Girls,1,1,1,1,1,1,1,0,1,1,1,1,0,1,1,1,0,0,0,1,0,1,1,1,0,1,0,1,1,0,0
2018-19,36,Telangana,3630,SURYAPET,363007,SURYAPET,7,SS (VI-X),3,Local body,Rural,3,Co-educational,7,7,5,6,7,7,7,7,7,7,6,6,5,6,7,5,1,2,2,7,0,7,7,7,6,3,7,6,7,1,0
2018-19,36,Telangana,3630,SURYAPET,363007,SURYAPET,7,SS (VI-X),4,Government Aided,Rural,3,Co-educational,1,1,0,0,0,0,1,1,1,1,0,0,0,0,1,1,0,0,0,1,0,1,1,0,1,0,0,0,0,0,0
2018-19,36,Telangana,3630,SURYAPET,363007,SURYAPET,7,SS (VI-X),1,Department of Education,Urban,3,Co-educational,6,6,5,5,5,5,6,6,6,6,6,6,5,6,6,4,2,2,0,4,0,6,6,6,2,1,2,4,5,1,0
2018-19,36,Telangana,3630,SURYAPET,363007,SURYAPET,7,SS (VI-X),3,Local body,Urban,3,Co-educational,2,2,2,2,2,2,2,2,2,2,2,2,1,2,2,0,0,1,2,2,0,2,2,2,2,2,2,2,2,1,1
2018-19,36,Telangana,3630,SURYAPET,363007,SURYAPET,7,SS (VI-X),4,Government Aided,Urban,3,Co-educational,2,2,0,1,1,1,2,2,2,2,1,1,1,1,2,2,0,1,1,1,0,2,1,1,2,0,0,0,1,1,0
2018-19,36,Telangana,3630,SURYAPET,363007,SURYAPET,7,SS (VI-X),5,Private Unaided (Recognized),Urban,3,Co-educational,4,4,0,1,2,2,4,2,2,2,1,1,1,1,2,2,1,1,1,1,0,2,1,2,4,0,0,0,3,2,0
2018-19,36,Telangana,3630,SURYAPET,363007,SURYAPET,2,UPS (I-VIII) ,1,Department of Education,Urban,1,Boys,1,1,0,0,1,1,1,0,0,0,0,0,0,0,1,0,0,0,0,0,0,0,0,1,0,0,0,0,1,0,0
2018-19,36,Telangana,3630,SURYAPET,363007,SURYAPET,2,UPS (I-VIII) ,3,Local body,Rural,3,Co-educational,7,7,5,2,7,7,7,7,7,7,4,4,4,4,7,1,2,0,1,6,0,7,7,1,5,4,6,4,6,0,1
2018-19,36,Telangana,3630,SURYAPET,363007,SURYAPET,2,UPS (I-VIII) ,5,Private Unaided (Recognized),Rural,3,Co-educational,2,2,2,0,1,2,2,2,2,2,1,1,1,1,2,2,0,0,0,2,0,1,2,1,2,1,0,0,2,0,1
2018-19,36,Telangana,3630,SURYAPET,363007,SURYAPET,2,UPS (I-VIII) ,3,Local body,Urban,3,Co-educational,3,3,2,0,3,3,3,2,2,2,2,3,2,3,3,1,2,0,0,3,0,2,3,1,2,1,2,0,3,0,1
2018-19,36,Telangana,3630,SURYAPET,363007,SURYAPET,2,UPS (I-VIII) ,4,Government Aided,Urban,3,Co-educational,1,1,0,0,1,1,0,0,0,0,0,0,0,0,1,1,0,0,0,0,0,1,1,0,1,1,0,1,1,0,0
2018-19,36,Telangana,3630,SURYAPET,363007,SURYAPET,2,UPS (I-VIII) ,5,Private Unaided (Recognized),Urban,3,Co-educational,17,17,0,11,14,15,17,17,17,17,9,9,9,9,16,16,9,9,10,11,1,16,7,14,17,9,3,2,16,6,9
2018-19,36,Telangana,3630,SURYAPET,363008,ATMAKUR (S),5, HSS (VI-XII),1,Department of Education,Rural,3,Co-educational,1,1,1,1,1,1,1,1,1,1,1,1,1,1,1,1,1,1,1,1,0,1,1,1,1,1,0,0,1,1,0
2018-19,36,Telangana,3630,SURYAPET,363008,ATMAKUR (S),11,HSS (XI-XII),1,Department of Education,Rural,3,Co-educational,1,1,0,1,1,1,1,1,1,1,1,1,1,1,1,1,1,1,0,1,0,1,0,0,1,1,0,0,1,1,0
2018-19,36,Telangana,3630,SURYAPET,363008,ATMAKUR (S),11,HSS (XI-XII),5,Private Unaided (Recognized),Rural,3,Co-educational,2,2,0,2,2,2,2,2,2,2,2,2,2,2,1,1,1,2,0,1,1,2,0,1,2,2,0,0,2,2,0
2018-19,36,Telangana,3630,SURYAPET,363008,ATMAKUR (S),1,PS (I-V) ,1,Department of Education,Rural,3,Co-educational,1,1,1,0,1,1,0,1,1,1,1,1,1,1,1,0,0,0,0,0,0,1,1,0,1,0,0,0,0,0,0
2018-19,36,Telangana,3630,SURYAPET,363008,ATMAKUR (S),1,PS (I-V) ,3,Local body,Rural,3,Co-educational,39,39,26,0,39,39,21,38,37,39,37,37,36,33,39,5,14,0,5,26,0,39,38,7,30,4,9,2,13,2,1
2018-19,36,Telangana,3630,SURYAPET,363008,ATMAKUR (S),6, SS (I-X) ,5,Private Unaided (Recognized),Rural,3,Co-educational,1,1,0,1,1,1,1,1,1,1,1,1,1,1,1,1,1,1,1,1,0,1,1,1,1,1,1,0,1,1,0
2018-19,36,Telangana,3630,SURYAPET,363008,ATMAKUR (S),7,SS (VI-X),1,Department of Education,Rural,2,Girls,1,1,1,1,1,1,1,0,1,1,1,1,0,1,1,1,0,1,1,1,0,1,1,1,1,0,1,0,1,1,0
2018-19,36,Telangana,3630,SURYAPET,363008,ATMAKUR (S),7,SS (VI-X),3,Local body,Rural,3,Co-educational,12,12,11,9,12,12,11,10,10,12,12,12,10,10,12,10,7,4,1,11,0,12,12,10,12,6,7,10,9,3,1
2018-19,36,Telangana,3630,SURYAPET,363008,ATMAKUR (S),2,UPS (I-VIII) ,3,Local body,Rural,3,Co-educational,6,6,6,0,5,6,6,6,6,6,6,6,6,6,4,0,2,0,0,5,0,6,6,1,6,2,3,3,3,2,0
2018-19,36,Telangana,3630,SURYAPET,363009,MOTHEY,11,HSS (XI-XII),5,Private Unaided (Recognized),Rural,3,Co-educational,1,1,0,1,1,1,1,0,0,0,0,1,1,1,1,0,0,1,0,0,0,0,1,1,1,0,0,0,1,0,0
2018-19,36,Telangana,3630,SURYAPET,363009,MOTHEY,1,PS (I-V) ,3,Local body,Rural,3,Co-educational,33,33,31,1,29,31,28,27,31,33,28,28,24,26,31,3,5,0,2,25,0,32,33,2,27,2,16,0,13,1,5
2018-19,36,Telangana,3630,SURYAPET,363009,MOTHEY,1,PS (I-V) ,5,Private Unaided (Recognized),Rural,3,Co-educational,1,1,1,0,1,1,1,1,1,1,0,0,0,0,1,1,0,0,0,1,0,1,1,0,1,0,1,0,1,0,0
2018-19,36,Telangana,3630,SURYAPET,363009,MOTHEY,7,SS (VI-X),1,Department of Education,Rural,2,Girls,1,1,1,1,1,1,1,0,1,1,1,1,0,1,1,1,1,1,1,1,0,1,1,1,1,0,1,0,1,1,1
2018-19,36,Telangana,3630,SURYAPET,363009,MOTHEY,7,SS (VI-X),3,Local body,Rural,3,Co-educational,7,7,7,7,7,7,7,5,7,7,7,7,4,7,7,4,2,2,0,7,0,6,7,7,7,1,4,0,5,0,1
2018-19,36,Telangana,3630,SURYAPET,363009,MOTHEY,7,SS (VI-X),5,Private Unaided (Recognized),Rural,3,Co-educational,1,1,1,1,1,1,1,1,1,1,0,0,0,0,1,1,0,0,0,1,0,1,1,0,1,0,1,0,1,0,0
2018-19,36,Telangana,3630,SURYAPET,363009,MOTHEY,2,UPS (I-VIII) ,3,Local body,Rural,3,Co-educational,5,5,5,2,5,5,5,5,5,5,4,4,4,3,5,2,0,0,0,5,1,5,5,0,5,2,3,0,4,0,0
2018-19,36,Telangana,3630,SURYAPET,363009,MOTHEY,2,UPS (I-VIII) ,5,Private Unaided (Recognized),Rural,3,Co-educational,4,4,2,2,4,4,4,4,4,4,3,3,1,3,4,4,3,1,0,3,0,3,4,3,4,0,3,1,4,1,1
2018-19,36,Telangana,3630,SURYAPET,363010,CHIVVEMLA,3,HSS (I-XII),90,Social welfare Department,Urban,3,Co-educational,1,1,1,0,1,1,1,1,0,1,1,1,1,0,1,1,0,1,0,1,0,1,1,1,1,0,0,0,1,0,0
2018-19,36,Telangana,3630,SURYAPET,363010,CHIVVEMLA,1,PS (I-V) ,2,Tribal Welfare Department,Rural,2,Girls,1,1,0,1,1,1,1,0,1,1,0,0,0,0,1,0,0,1,0,1,0,1,1,1,1,1,0,0,1,0,0
2018-19,36,Telangana,3630,SURYAPET,363010,CHIVVEMLA,1,PS (I-V) ,1,Department of Education,Rural,3,Co-educational,1,1,0,0,1,1,1,1,1,1,0,0,0,0,1,0,1,0,0,1,0,1,1,0,1,0,0,0,0,0,0
2018-19,36,Telangana,3630,SURYAPET,363010,CHIVVEMLA,1,PS (I-V) ,3,Local body,Rural,3,Co-educational,33,33,21,1,32,32,21,29,30,33,23,23,19,22,29,9,9,0,9,23,0,33,32,13,33,8,7,2,18,0,3
2018-19,36,Telangana,3630,SURYAPET,363010,CHIVVEMLA,1,PS (I-V) ,3,Local body,Urban,3,Co-educational,9,9,7,1,8,8,5,9,8,9,7,7,5,7,7,1,1,0,3,6,0,9,9,1,9,2,6,1,8,0,1
2018-19,36,Telangana,3630,SURYAPET,363010,CHIVVEMLA,6, SS (I-X) ,2,Tribal Welfare Department,Rural,2,Girls,2,2,2,0,2,2,2,0,2,2,2,2,0,2,2,0,1,0,0,0,0,2,2,2,2,1,0,0,2,0,1
2018-19,36,Telangana,3630,SURYAPET,363010,CHIVVEMLA,6, SS (I-X) ,5,Private Unaided (Recognized),Rural,3,Co-educational,1,1,0,1,1,1,1,1,1,1,1,1,1,1,1,1,0,0,0,1,1,1,1,1,1,0,1,1,1,1,1
2018-19,36,Telangana,3630,SURYAPET,363010,CHIVVEMLA,6, SS (I-X) ,5,Private Unaided (Recognized),Urban,3,Co-educational,1,1,0,0,1,1,1,1,1,1,1,1,1,1,1,1,1,0,0,1,0,1,1,1,1,0,0,0,1,0,1
2018-19,36,Telangana,3630,SURYAPET,363010,CHIVVEMLA,7,SS (VI-X),1,Department of Education,Rural,2,Girls,1,1,1,1,1,1,1,0,1,1,1,1,0,1,1,1,1,0,1,1,0,1,1,1,1,1,0,1,1,1,1
2018-19,36,Telangana,3630,SURYAPET,363010,CHIVVEMLA,7,SS (VI-X),3,Local body,Rural,3,Co-educational,6,6,4,4,6,6,6,6,6,6,6,6,5,6,6,2,1,2,0,4,0,6,6,6,6,2,5,4,4,2,0
2018-19,36,Telangana,3630,SURYAPET,363010,CHIVVEMLA,7,SS (VI-X),3,Local body,Urban,3,Co-educational,2,2,2,1,1,2,2,2,2,2,2,2,2,2,2,2,1,2,0,2,0,2,2,2,2,0,2,1,2,1,1
2018-19,36,Telangana,3630,SURYAPET,363010,CHIVVEMLA,2,UPS (I-VIII) ,3,Local body,Rural,3,Co-educational,4,4,2,0,4,4,4,4,4,4,4,4,4,4,4,0,1,0,0,3,0,4,4,1,4,2,2,1,3,0,2
2018-19,36,Telangana,3630,SURYAPET,363010,CHIVVEMLA,2,UPS (I-VIII) ,5,Private Unaided (Recognized),Rural,3,Co-educational,1,1,1,0,1,1,1,1,0,1,1,1,1,1,1,1,0,0,0,1,0,1,1,1,1,0,1,1,1,1,0
2018-19,36,Telangana,3630,SURYAPET,363010,CHIVVEMLA,2,UPS (I-VIII) ,3,Local body,Urban,3,Co-educational,1,1,1,1,1,1,1,1,1,1,1,1,1,1,1,0,0,0,0,1,0,1,1,0,1,0,0,1,0,0,1
2018-19,36,Telangana,3630,SURYAPET,363010,CHIVVEMLA,2,UPS (I-VIII) ,5,Private Unaided (Recognized),Urban,3,Co-educational,2,2,1,1,2,2,2,2,2,2,2,2,2,2,2,2,2,0,0,2,2,2,1,2,2,2,1,2,2,2,2
2018-19,36,Telangana,3630,SURYAPET,363011,PENPAHAD,3,HSS (I-XII),1,Department of Education,Rural,3,Co-educational,1,1,0,0,1,1,1,0,1,1,1,1,0,1,1,1,0,0,0,0,0,1,1,1,1,0,0,0,1,0,0
2018-19,36,Telangana,3630,SURYAPET,363011,PENPAHAD,5, HSS (VI-XII),1,Department of Education,Rural,3,Co-educational,1,1,0,1,1,1,1,1,1,1,1,1,1,1,1,1,0,1,1,1,0,1,1,1,1,1,1,0,1,1,1
2018-19,36,Telangana,3630,SURYAPET,363011,PENPAHAD,1,PS (I-V) ,3,Local body,Rural,3,Co-educational,40,40,1,0,33,34,32,39,39,40,31,31,23,30,39,2,0,0,39,28,0,38,40,5,21,0,13,0,20,1,0
2018-19,36,Telangana,3630,SURYAPET,363011,PENPAHAD,7,SS (VI-X),1,Department of Education,Rural,2,Girls,1,1,0,1,1,1,1,0,1,1,1,1,0,1,1,1,0,0,1,1,0,1,1,1,0,0,0,0,1,1,0
2018-19,36,Telangana,3630,SURYAPET,363011,PENPAHAD,7,SS (VI-X),3,Local body,Rural,3,Co-educational,8,8,1,5,8,8,8,8,8,8,8,8,8,8,8,5,0,0,7,8,0,8,8,8,7,0,6,4,6,2,1
2018-19,36,Telangana,3630,SURYAPET,363011,PENPAHAD,2,UPS (I-VIII) ,3,Local body,Rural,3,Co-educational,4,4,0,3,4,4,4,3,4,4,3,3,3,3,4,0,0,0,4,4,0,4,4,0,3,0,1,1,3,0,0
2018-19,36,Telangana,3630,SURYAPET,363011,PENPAHAD,2,UPS (I-VIII) ,5,Private Unaided (Recognized),Rural,3,Co-educational,4,4,0,1,4,4,4,4,4,4,2,2,1,2,4,2,0,0,4,3,1,4,4,1,4,0,0,0,4,0,0
2018-19,36,Telangana,3630,SURYAPET,363012,MUNAGALA,3,HSS (I-XII),90,Social welfare Department,Rural,1,Boys,1,1,1,1,1,1,1,1,0,1,0,0,0,0,1,1,0,1,0,1,0,1,1,1,1,0,1,0,1,0,0
2018-19,36,Telangana,3630,SURYAPET,363012,MUNAGALA,5, HSS (VI-XII),1,Department of Education,Rural,3,Co-educational,1,1,0,1,1,1,1,1,1,1,1,1,1,1,1,1,0,1,1,1,0,1,1,1,1,0,1,1,1,1,1
2018-19,36,Telangana,3630,SURYAPET,363012,MUNAGALA,1,PS (I-V) ,1,Department of Education,Rural,3,Co-educational,1,1,0,0,1,1,1,0,1,1,0,0,0,0,1,0,0,0,1,1,0,1,1,0,0,0,1,0,0,0,1
2018-19,36,Telangana,3630,SURYAPET,363012,MUNAGALA,1,PS (I-V) ,3,Local body,Rural,3,Co-educational,26,26,3,1,24,25,19,22,25,25,21,21,18,21,24,5,8,0,20,19,0,26,26,4,18,2,23,3,16,0,14
2018-19,36,Telangana,3630,SURYAPET,363012,MUNAGALA,6, SS (I-X) ,5,Private Unaided (Recognized),Rural,3,Co-educational,5,5,0,5,5,5,5,5,5,5,5,5,5,5,5,3,3,5,3,3,0,5,5,2,5,2,2,1,3,3,3
2018-19,36,Telangana,3630,SURYAPET,363012,MUNAGALA,7,SS (VI-X),1,Department of Education,Rural,2,Girls,1,1,1,1,1,1,1,0,1,1,1,1,0,1,1,1,1,0,1,1,0,1,1,1,0,0,0,1,1,1,1
2018-19,36,Telangana,3630,SURYAPET,363012,MUNAGALA,7,SS (VI-X),3,Local body,Rural,3,Co-educational,11,11,1,9,11,11,11,11,11,11,10,10,10,10,11,4,2,2,6,11,0,11,11,10,11,1,11,0,7,5,4
2018-19,36,Telangana,3630,SURYAPET,363012,MUNAGALA,2,UPS (I-VIII) ,3,Local body,Rural,3,Co-educational,2,2,0,1,2,2,2,2,2,2,1,1,1,1,2,1,2,0,1,2,0,2,2,0,1,0,2,0,1,0,0
2018-19,36,Telangana,3630,SURYAPET,363012,MUNAGALA,2,UPS (I-VIII) ,5,Private Unaided (Recognized),Rural,3,Co-educational,1,1,0,1,1,1,1,1,1,1,1,1,1,1,1,1,0,1,1,1,0,1,1,1,1,0,0,0,1,0,1
2018-19,36,Telangana,3630,SURYAPET,363013,NADIGUDEM,3,HSS (I-XII),90,Social welfare Department,Rural,2,Girls,1,1,0,1,1,1,1,0,1,1,1,1,0,1,1,1,1,1,0,1,0,1,1,1,1,0,0,0,1,0,1
2018-19,36,Telangana,3630,SURYAPET,363013,NADIGUDEM,5, HSS (VI-XII),1,Department of Education,Rural,3,Co-educational,1,1,1,1,1,1,1,1,1,1,1,1,1,1,1,1,1,1,1,1,0,1,1,1,1,1,0,1,1,0,1
2018-19,36,Telangana,3630,SURYAPET,363013,NADIGUDEM,11,HSS (XI-XII),1,Department of Education,Rural,3,Co-educational,1,1,0,1,1,1,1,1,1,1,0,0,0,0,1,1,0,1,0,1,1,1,1,1,1,0,0,0,1,0,0
2018-19,36,Telangana,3630,SURYAPET,363013,NADIGUDEM,1,PS (I-V) ,3,Local body,Rural,3,Co-educational,27,27,24,2,26,26,25,23,26,26,22,22,14,22,26,15,8,0,0,23,1,27,27,6,27,4,16,0,16,0,10
2018-19,36,Telangana,3630,SURYAPET,363013,NADIGUDEM,6, SS (I-X) ,5,Private Unaided (Recognized),Rural,3,Co-educational,1,1,1,1,1,1,1,1,1,1,1,1,1,1,1,1,0,1,0,1,0,1,1,1,1,1,0,0,1,0,1
2018-19,36,Telangana,3630,SURYAPET,363013,NADIGUDEM,7,SS (VI-X),1,Department of Education,Rural,2,Girls,1,1,1,1,1,1,1,0,1,1,1,1,0,1,1,1,1,1,0,1,0,1,1,1,0,1,0,1,1,1,1
2018-19,36,Telangana,3630,SURYAPET,363013,NADIGUDEM,7,SS (VI-X),3,Local body,Rural,2,Girls,1,1,1,1,1,1,1,0,1,1,1,1,0,1,1,1,0,1,0,1,0,1,1,1,1,1,1,0,1,0,0
2018-19,36,Telangana,3630,SURYAPET,363013,NADIGUDEM,7,SS (VI-X),3,Local body,Rural,3,Co-educational,8,8,6,6,8,8,8,8,7,8,8,8,7,7,8,4,0,1,2,8,0,8,8,8,8,4,7,0,8,2,2
2018-19,36,Telangana,3630,SURYAPET,363013,NADIGUDEM,2,UPS (I-VIII) ,5,Private Unaided (Recognized),Rural,3,Co-educational,1,1,0,0,1,1,1,1,1,1,1,1,1,1,1,1,0,0,0,1,0,1,0,1,1,0,0,0,1,0,0
2018-19,36,Telangana,3630,SURYAPET,363014,ANANTHAGIRI,1,PS (I-V) ,1,Department of Education,Rural,3,Co-educational,1,1,0,0,1,1,1,1,1,1,1,1,1,0,1,0,0,0,0,0,0,1,1,0,1,0,1,0,0,0,0
2018-19,36,Telangana,3630,SURYAPET,363014,ANANTHAGIRI,1,PS (I-V) ,3,Local body,Rural,3,Co-educational,23,23,10,0,20,22,17,20,22,23,21,21,15,21,22,5,2,0,0,17,0,23,22,3,16,2,18,1,16,1,0
2018-19,36,Telangana,3630,SURYAPET,363014,ANANTHAGIRI,1,PS (I-V) ,5,Private Unaided (Recognized),Rural,3,Co-educational,1,1,0,0,1,1,1,1,1,1,1,1,1,1,1,0,0,0,0,0,0,1,1,1,1,0,0,0,1,0,0
2018-19,36,Telangana,3630,SURYAPET,363014,ANANTHAGIRI,6, SS (I-X) ,1,Department of Education,Rural,2,Girls,1,1,0,1,1,1,1,0,1,1,1,1,0,1,1,0,0,1,0,0,0,1,1,0,1,0,1,0,0,0,0
2018-19,36,Telangana,3630,SURYAPET,363014,ANANTHAGIRI,7,SS (VI-X),3,Local body,Rural,3,Co-educational,7,7,3,5,7,7,7,5,7,7,7,7,5,7,7,7,1,0,0,7,0,7,7,6,6,0,4,2,7,1,0
2018-19,36,Telangana,3630,SURYAPET,363014,ANANTHAGIRI,2,UPS (I-VIII) ,1,Department of Education,Rural,3,Co-educational,1,1,0,0,1,1,1,1,1,1,1,1,1,1,1,0,1,0,0,0,0,1,1,0,0,1,1,0,1,1,0
2018-19,36,Telangana,3630,SURYAPET,363014,ANANTHAGIRI,2,UPS (I-VIII) ,3,Local body,Rural,3,Co-educational,2,2,1,1,2,2,2,2,2,2,1,1,1,1,2,1,1,0,0,2,0,2,2,0,1,0,2,0,2,0,0
2018-19,36,Telangana,3630,SURYAPET,363014,ANANTHAGIRI,2,UPS (I-VIII) ,5,Private Unaided (Recognized),Rural,3,Co-educational,1,1,0,0,1,1,1,1,1,1,1,1,1,1,1,1,0,0,0,1,0,1,1,1,1,0,0,0,1,0,0
2018-19,36,Telangana,3630,SURYAPET,363015,KODAD,3,HSS (I-XII),5,Private Unaided (Recognized),Rural,3,Co-educational,1,1,0,1,1,1,1,1,1,1,1,1,1,1,1,1,0,1,0,1,0,1,0,1,1,0,0,0,1,1,0
2018-19,36,Telangana,3630,SURYAPET,363015,KODAD,3,HSS (I-XII),1,Department of Education,Urban,3,Co-educational,1,1,0,1,1,1,1,0,1,1,1,1,0,1,1,1,1,1,0,1,1,1,1,1,1,0,0,0,1,1,0
2018-19,36,Telangana,3630,SURYAPET,363015,KODAD,11,HSS (XI-XII),5,Private Unaided (Recognized),Urban,2,Girls,1,1,0,1,1,1,1,0,1,1,1,1,0,1,1,1,1,1,0,1,0,1,0,1,1,1,0,0,1,1,1
2018-19,36,Telangana,3630,SURYAPET,363015,KODAD,11,HSS (XI-XII),5,Private Unaided (Recognized),Rural,3,Co-educational,1,1,0,1,1,1,1,1,1,1,0,0,0,0,1,0,0,1,0,0,0,1,0,1,0,0,0,0,1,0,0
2018-19,36,Telangana,3630,SURYAPET,363015,KODAD,11,HSS (XI-XII),1,Department of Education,Urban,3,Co-educational,1,1,0,1,1,1,1,1,1,1,0,0,0,0,1,1,0,1,0,1,0,1,0,1,1,1,1,1,1,1,1
2018-19,36,Telangana,3630,SURYAPET,363015,KODAD,11,HSS (XI-XII),5,Private Unaided (Recognized),Urban,3,Co-educational,10,10,0,9,10,10,10,10,10,10,8,8,8,8,10,6,2,7,0,7,1,10,1,7,7,2,0,0,10,1,2
2018-19,36,Telangana,3630,SURYAPET,363015,KODAD,1,PS (I-V) ,1,Department of Education,Rural,3,Co-educational,1,1,0,0,1,1,1,1,1,1,1,1,1,1,1,0,0,0,0,1,0,1,1,0,1,0,1,0,0,0,0
2018-19,36,Telangana,3630,SURYAPET,363015,KODAD,1,PS (I-V) ,3,Local body,Rural,3,Co-educational,26,26,4,0,26,26,22,21,26,26,21,21,15,20,26,2,14,0,3,21,0,26,26,3,17,4,18,0,9,0,1
2018-19,36,Telangana,3630,SURYAPET,363015,KODAD,1,PS (I-V) ,1,Department of Education,Urban,3,Co-educational,1,1,0,0,1,1,1,1,1,1,1,1,0,1,1,0,0,0,0,1,0,1,1,1,1,0,1,0,0,0,0
2018-19,36,Telangana,3630,SURYAPET,363015,KODAD,1,PS (I-V) ,3,Local body,Urban,3,Co-educational,11,11,0,0,11,11,10,8,11,11,11,11,10,10,11,0,0,0,0,5,0,11,11,1,2,1,8,0,2,0,1
2018-19,36,Telangana,3630,SURYAPET,363015,KODAD,1,PS (I-V) ,4,Government Aided,Urban,3,Co-educational,1,1,0,1,1,1,1,1,1,1,1,1,1,1,1,1,0,1,1,1,0,1,1,1,1,0,1,0,1,1,0
2018-19,36,Telangana,3630,SURYAPET,363015,KODAD,1,PS (I-V) ,5,Private Unaided (Recognized),Urban,3,Co-educational,3,3,0,3,3,3,3,3,3,3,3,3,3,3,3,3,1,2,0,1,1,3,3,2,3,1,0,1,3,1,1
2018-19,36,Telangana,3630,SURYAPET,363015,KODAD,6, SS (I-X) ,2,Tribal Welfare Department,Urban,2,Girls,1,1,0,1,1,1,1,0,1,1,1,1,0,1,1,1,1,1,0,1,1,1,1,1,1,1,0,0,1,0,1
2018-19,36,Telangana,3630,SURYAPET,363015,KODAD,6, SS (I-X) ,5,Private Unaided (Recognized),Rural,3,Co-educational,4,4,0,3,4,4,4,4,4,4,2,2,2,2,4,4,3,4,0,3,0,4,3,1,4,3,2,1,4,3,3
2018-19,36,Telangana,3630,SURYAPET,363015,KODAD,6, SS (I-X) ,5,Private Unaided (Recognized),Urban,3,Co-educational,21,21,0,20,21,21,21,21,21,21,21,21,21,21,21,21,8,17,0,19,3,21,20,19,20,4,5,0,20,15,5
2018-19,36,Telangana,3630,SURYAPET,363015,KODAD,7,SS (VI-X),3,Local body,Urban,2,Girls,1,1,0,1,1,1,1,0,1,1,1,1,0,1,1,0,1,1,0,0,0,1,1,1,0,0,0,0,1,1,0
2018-19,36,Telangana,3630,SURYAPET,363015,KODAD,7,SS (VI-X),3,Local body,Rural,3,Co-educational,11,11,4,8,11,11,11,10,11,11,11,11,10,10,11,5,7,5,4,10,2,11,11,9,9,4,10,0,7,3,3
2018-19,36,Telangana,3630,SURYAPET,363015,KODAD,7,SS (VI-X),5,Private Unaided (Recognized),Rural,3,Co-educational,1,1,0,1,1,1,1,1,1,1,0,0,0,0,1,1,1,1,0,1,0,1,1,0,1,1,1,0,1,1,1
2018-19,36,Telangana,3630,SURYAPET,363015,KODAD,7,SS (VI-X),3,Local body,Urban,3,Co-educational,3,3,0,2,3,3,3,3,3,3,3,3,2,3,3,2,0,2,2,3,0,3,3,3,3,0,3,0,3,1,0
2018-19,36,Telangana,3630,SURYAPET,363015,KODAD,7,SS (VI-X),4,Government Aided,Urban,3,Co-educational,1,1,0,1,1,1,1,1,1,1,1,1,1,1,1,1,0,1,1,1,0,1,1,1,1,0,1,0,1,1,0
2018-19,36,Telangana,3630,SURYAPET,363015,KODAD,7,SS (VI-X),5,Private Unaided (Recognized),Urban,3,Co-educational,2,2,0,2,2,2,2,2,2,2,2,2,2,2,2,2,2,2,0,2,1,2,2,2,2,2,2,0,2,1,1
2018-19,36,Telangana,3630,SURYAPET,363015,KODAD,2,UPS (I-VIII) ,3,Local body,Rural,3,Co-educational,3,3,0,1,3,3,3,1,3,3,3,3,1,3,3,1,2,0,0,3,0,3,3,0,2,1,3,0,2,0,1
2018-19,36,Telangana,3630,SURYAPET,363015,KODAD,2,UPS (I-VIII) ,5,Private Unaided (Recognized),Rural,3,Co-educational,3,3,0,0,3,3,3,3,3,3,3,3,3,3,3,0,2,0,0,2,0,3,2,2,3,1,0,0,3,0,1
2018-19,36,Telangana,3630,SURYAPET,363015,KODAD,2,UPS (I-VIII) ,1,Department of Education,Urban,3,Co-educational,1,1,0,0,1,1,1,0,0,0,0,0,0,0,1,0,0,0,0,1,0,1,1,1,1,0,1,0,0,0,1
2018-19,36,Telangana,3630,SURYAPET,363015,KODAD,2,UPS (I-VIII) ,5,Private Unaided (Recognized),Urban,3,Co-educational,13,13,0,6,13,13,13,13,13,13,12,12,12,12,13,12,4,6,0,11,2,13,8,11,13,4,6,0,12,5,6
2018-19,36,Telangana,3630,SURYAPET,363015,KODAD,2,UPS (I-VIII) ,98,Madarsa unrecognized,Urban,3,Co-educational,2,2,0,1,2,2,2,2,2,2,2,2,1,2,2,1,0,0,0,0,0,2,2,2,1,1,0,0,2,0,0
2018-19,36,Telangana,3630,SURYAPET,363016,CHILKUR,11,HSS (XI-XII),5,Private Unaided (Recognized),Rural,3,Co-educational,1,1,0,1,1,1,1,1,1,1,0,0,0,0,1,0,1,0,0,0,0,1,0,1,1,0,0,0,1,0,0
2018-19,36,Telangana,3630,SURYAPET,363016,CHILKUR,1,PS (I-V) ,3,Local body,Rural,3,Co-educational,23,23,21,0,21,22,18,20,23,23,19,19,13,17,22,4,5,0,0,16,0,23,21,2,17,13,15,0,10,0,1
2018-19,36,Telangana,3630,SURYAPET,363016,CHILKUR,1,PS (I-V) ,5,Private Unaided (Recognized),Rural,3,Co-educational,2,2,1,2,2,2,2,2,2,2,0,0,0,0,2,2,2,2,1,2,0,2,2,2,2,0,1,0,2,0,0
2018-19,36,Telangana,3630,SURYAPET,363016,CHILKUR,6, SS (I-X) ,5,Private Unaided (Recognized),Rural,3,Co-educational,1,1,0,1,1,1,1,1,1,1,1,1,1,1,1,1,0,1,0,1,0,1,0,1,1,0,0,0,1,1,0
2018-19,36,Telangana,3630,SURYAPET,363016,CHILKUR,7,SS (VI-X),3,Local body,Rural,3,Co-educational,7,7,7,4,7,7,7,6,7,7,5,5,4,5,7,5,3,3,0,7,0,7,7,7,5,5,5,0,7,4,1
2018-19,36,Telangana,3630,SURYAPET,363016,CHILKUR,2,UPS (I-VIII) ,3,Local body,Rural,3,Co-educational,1,1,1,1,1,1,1,0,1,1,1,1,1,1,1,0,0,0,0,1,0,1,1,0,1,1,1,0,0,0,0
2018-19,36,Telangana,3630,SURYAPET,363016,CHILKUR,2,UPS (I-VIII) ,5,Private Unaided (Recognized),Rural,3,Co-educational,3,3,0,0,3,3,3,3,3,3,3,3,3,3,3,3,0,0,2,1,0,3,2,2,3,0,0,0,3,0,0
2018-19,36,Telangana,3630,SURYAPET,363017,GARIDEPALLE,5, HSS (VI-XII),1,Department of Education,Rural,2,Girls,1,1,1,1,1,1,1,0,1,1,1,1,0,1,1,1,1,0,0,1,0,1,1,1,1,0,0,1,1,1,0
2018-19,36,Telangana,3630,SURYAPET,363017,GARIDEPALLE,5, HSS (VI-XII),1,Department of Education,Rural,3,Co-educational,1,1,1,1,1,1,1,1,1,1,1,1,1,0,1,1,1,0,1,1,0,1,1,1,1,0,1,0,1,0,0
2018-19,36,Telangana,3630,SURYAPET,363017,GARIDEPALLE,1,PS (I-V) ,3,Local body,Rural,3,Co-educational,45,45,40,1,42,43,30,36,43,44,35,36,20,34,42,2,26,0,6,23,6,43,45,24,44,5,30,3,21,2,5
2018-19,36,Telangana,3630,SURYAPET,363017,GARIDEPALLE,6, SS (I-X) ,5,Private Unaided (Recognized),Rural,3,Co-educational,1,1,0,1,1,1,1,1,1,1,0,0,0,0,1,1,1,0,0,1,1,1,0,1,1,0,1,0,1,0,0
2018-19,36,Telangana,3630,SURYAPET,363017,GARIDEPALLE,7,SS (VI-X),3,Local body,Rural,3,Co-educational,8,8,8,5,8,8,8,8,8,8,5,5,3,5,7,6,1,3,2,7,0,8,8,8,8,4,8,1,8,1,0
2018-19,36,Telangana,3630,SURYAPET,363017,GARIDEPALLE,2,UPS (I-VIII) ,3,Local body,Rural,3,Co-educational,3,3,3,2,3,3,3,3,3,3,0,0,0,0,3,0,1,0,0,2,0,3,3,2,3,2,3,1,2,0,0
2018-19,36,Telangana,3630,SURYAPET,363017,GARIDEPALLE,2,UPS (I-VIII) ,5,Private Unaided (Recognized),Rural,3,Co-educational,5,5,3,2,5,5,5,5,5,5,3,3,3,3,5,5,4,0,0,3,1,3,4,5,5,0,1,1,5,1,1
2018-19,36,Telangana,3630,SURYAPET,363018,NEREDCHERLA,3,HSS (I-XII),1,Department of Education,Rural,1,Boys,1,1,1,0,1,1,1,1,0,1,1,1,1,0,1,1,0,1,1,1,0,1,1,0,1,0,0,0,1,0,0
2018-19,36,Telangana,3630,SURYAPET,363018,NEREDCHERLA,11,HSS (XI-XII),1,Department of Education,Rural,3,Co-educational,1,1,0,0,1,1,1,1,1,1,1,1,1,1,1,1,1,0,0,0,0,1,1,1,1,0,0,0,1,1,0
2018-19,36,Telangana,3630,SURYAPET,363018,NEREDCHERLA,11,HSS (XI-XII),5,Private Unaided (Recognized),Rural,3,Co-educational,2,2,0,1,2,2,2,2,2,2,2,2,2,2,2,1,2,1,0,1,0,2,0,2,2,0,0,0,2,2,1
2018-19,36,Telangana,3630,SURYAPET,363018,NEREDCHERLA,1,PS (I-V) ,98,Madarsa unrecognized,Rural,1,Boys,2,2,0,0,2,2,2,2,0,2,0,0,0,0,2,1,0,0,0,1,0,0,0,0,1,0,0,0,2,0,0
2018-19,36,Telangana,3630,SURYAPET,363018,NEREDCHERLA,1,PS (I-V) ,3,Local body,Rural,3,Co-educational,29,29,26,0,26,27,26,26,29,29,24,24,24,24,27,6,9,0,14,23,0,29,29,2,22,2,20,1,15,1,3
2018-19,36,Telangana,3630,SURYAPET,363018,NEREDCHERLA,6, SS (I-X) ,5,Private Unaided (Recognized),Rural,3,Co-educational,6,6,4,4,6,6,6,6,6,6,6,6,6,6,6,6,5,4,1,5,0,6,5,3,4,2,0,2,6,2,3
2018-19,36,Telangana,3630,SURYAPET,363018,NEREDCHERLA,7,SS (VI-X),3,Local body,Rural,3,Co-educational,7,7,6,4,7,7,7,6,7,7,6,6,6,6,7,3,3,2,4,7,0,7,7,6,7,0,3,0,5,2,1
2018-19,36,Telangana,3630,SURYAPET,363018,NEREDCHERLA,2,UPS (I-VIII) ,5,Private Unaided (Recognized),Rural,3,Co-educational,2,2,0,1,2,2,2,2,2,2,2,2,2,2,2,2,2,1,2,1,1,2,2,2,2,0,0,0,2,0,2
2018-19,36,Telangana,3630,SURYAPET,363019,PALAKEEDU,1,PS (I-V) ,3,Local body,Rural,3,Co-educational,26,26,9,1,23,25,22,21,24,24,21,22,19,21,25,1,8,0,11,15,0,26,26,4,21,0,18,0,13,0,0
2018-19,36,Telangana,3630,SURYAPET,363019,PALAKEEDU,1,PS (I-V) ,5,Private Unaided (Recognized),Rural,3,Co-educational,1,1,0,1,1,1,1,1,1,1,1,1,1,1,1,1,1,0,0,1,0,1,1,1,0,0,1,0,1,0,1
2018-19,36,Telangana,3630,SURYAPET,363019,PALAKEEDU,6, SS (I-X) ,5,Private Unaided (Recognized),Rural,3,Co-educational,1,1,1,1,1,1,1,1,1,1,1,1,1,1,1,1,1,0,0,1,0,1,1,1,1,0,1,0,1,0,0
2018-19,36,Telangana,3630,SURYAPET,363019,PALAKEEDU,7,SS (VI-X),1,Department of Education,Rural,2,Girls,1,1,1,0,1,1,1,0,1,1,1,1,0,1,1,0,1,0,0,1,0,1,1,1,1,0,0,0,0,0,0
2018-19,36,Telangana,3630,SURYAPET,363019,PALAKEEDU,7,SS (VI-X),3,Local body,Rural,3,Co-educational,3,3,3,2,3,3,3,2,2,2,2,2,1,2,3,2,2,1,0,3,0,3,3,3,3,0,2,0,2,1,0
2018-19,36,Telangana,3630,SURYAPET,363019,PALAKEEDU,2,UPS (I-VIII) ,3,Local body,Rural,3,Co-educational,1,1,1,1,1,1,1,1,1,1,1,1,1,1,0,0,0,0,0,1,0,1,1,0,1,0,1,0,1,0,0
2018-19,36,Telangana,3630,SURYAPET,363020,MATTAMPALLE,3,HSS (I-XII),90,Social welfare Department,Rural,2,Girls,1,1,0,1,1,1,1,0,1,1,0,0,0,0,1,1,1,1,1,1,1,1,1,1,1,0,1,0,1,1,1
2018-19,36,Telangana,3630,SURYAPET,363020,MATTAMPALLE,5, HSS (VI-XII),1,Department of Education,Rural,3,Co-educational,1,1,1,1,1,1,1,1,1,1,1,1,1,1,1,1,1,1,0,1,0,1,1,1,1,0,1,0,1,1,1
2018-19,36,Telangana,3630,SURYAPET,363020,MATTAMPALLE,1,PS (I-V) ,98,Madarsa unrecognized,Rural,1,Boys,1,1,0,1,1,1,1,1,0,1,1,1,1,0,1,1,0,0,0,1,0,0,1,0,1,0,1,0,0,0,0
2018-19,36,Telangana,3630,SURYAPET,363020,MATTAMPALLE,1,PS (I-V) ,1,Department of Education,Rural,3,Co-educational,1,1,0,0,0,0,0,1,1,1,1,1,1,1,0,0,0,0,1,1,0,1,1,0,0,0,1,0,1,0,0
2018-19,36,Telangana,3630,SURYAPET,363020,MATTAMPALLE,1,PS (I-V) ,3,Local body,Rural,3,Co-educational,30,30,21,3,28,29,26,24,28,29,16,17,17,15,28,9,8,0,8,16,0,29,29,3,21,4,25,1,19,1,5
2018-19,36,Telangana,3630,SURYAPET,363020,MATTAMPALLE,1,PS (I-V) ,4,Government Aided,Rural,3,Co-educational,1,1,1,0,1,1,1,1,1,1,1,1,1,1,1,1,0,0,1,1,0,1,1,1,1,0,1,0,1,0,0
2018-19,36,Telangana,3630,SURYAPET,363020,MATTAMPALLE,1,PS (I-V) ,5,Private Unaided (Recognized),Rural,3,Co-educational,3,3,2,2,3,3,3,3,3,3,2,2,2,2,1,3,0,1,3,2,1,3,3,1,3,1,3,0,3,1,1
2018-19,36,Telangana,3630,SURYAPET,363020,MATTAMPALLE,7,SS (VI-X),1,Department of Education,Rural,2,Girls,1,1,1,1,1,1,1,0,1,1,0,0,0,0,1,1,0,1,1,1,0,1,1,1,1,0,1,1,1,1,0
2018-19,36,Telangana,3630,SURYAPET,363020,MATTAMPALLE,7,SS (VI-X),3,Local body,Rural,3,Co-educational,7,7,4,5,7,7,7,6,6,6,4,5,5,4,6,2,0,0,4,7,0,7,7,6,6,3,5,0,7,0,0
2018-19,36,Telangana,3630,SURYAPET,363020,MATTAMPALLE,7,SS (VI-X),4,Government Aided,Rural,3,Co-educational,2,2,2,1,2,2,2,2,2,2,1,1,1,1,1,2,0,1,1,2,0,2,2,0,2,1,1,0,2,1,1
2018-19,36,Telangana,3630,SURYAPET,363020,MATTAMPALLE,7,SS (VI-X),5,Private Unaided (Recognized),Rural,3,Co-educational,1,1,1,1,1,1,1,1,1,1,1,1,1,1,0,1,0,1,1,1,0,1,1,1,1,0,0,0,1,0,1
2018-19,36,Telangana,3630,SURYAPET,363020,MATTAMPALLE,2,UPS (I-VIII) ,2,Tribal Welfare Department,Rural,3,Co-educational,1,1,1,1,1,1,1,1,1,1,1,1,1,1,1,1,0,0,1,1,0,1,1,1,1,0,1,0,1,0,0
2018-19,36,Telangana,3630,SURYAPET,363020,MATTAMPALLE,2,UPS (I-VIII) ,3,Local body,Rural,3,Co-educational,5,5,4,2,5,5,4,2,5,5,4,4,3,4,5,3,1,0,1,5,0,5,5,3,5,1,3,1,4,0,0
2018-19,36,Telangana,3630,SURYAPET,363020,MATTAMPALLE,2,UPS (I-VIII) ,5,Private Unaided (Recognized),Rural,3,Co-educational,7,7,6,3,7,7,7,7,7,7,6,6,6,6,7,5,1,2,2,6,1,7,7,6,6,3,5,3,7,3,4
2018-19,36,Telangana,3630,SURYAPET,363021,HUZUR NAGAR,3,HSS (I-XII),90,Social welfare Department,Urban,1,Boys,1,1,1,1,1,1,1,1,0,1,1,1,1,0,1,1,0,1,0,0,0,1,1,1,1,0,0,0,1,0,1
2018-19,36,Telangana,3630,SURYAPET,363021,HUZUR NAGAR,3,HSS (I-XII),1,Department of Education,Urban,2,Girls,1,1,1,1,1,1,1,0,1,1,1,1,0,1,1,1,1,1,0,0,0,1,1,1,0,0,0,0,1,1,1
2018-19,36,Telangana,3630,SURYAPET,363021,HUZUR NAGAR,11,HSS (XI-XII),1,Department of Education,Urban,3,Co-educational,1,1,0,1,1,1,1,1,1,1,1,1,1,1,1,1,0,0,0,1,1,1,0,1,1,0,0,0,1,1,0
2018-19,36,Telangana,3630,SURYAPET,363021,HUZUR NAGAR,11,HSS (XI-XII),5,Private Unaided (Recognized),Urban,3,Co-educational,2,2,0,2,2,2,2,2,2,2,2,2,2,2,2,2,1,2,0,0,0,2,0,1,1,0,0,0,2,0,0
2018-19,36,Telangana,3630,SURYAPET,363021,HUZUR NAGAR,1,PS (I-V) ,1,Department of Education,Rural,3,Co-educational,2,2,0,0,0,0,1,2,2,2,0,0,0,0,0,0,0,0,0,1,0,2,0,0,2,0,0,0,0,0,0
2018-19,36,Telangana,3630,SURYAPET,363021,HUZUR NAGAR,1,PS (I-V) ,3,Local body,Rural,3,Co-educational,14,14,11,0,12,12,6,10,11,11,9,10,9,10,10,1,5,0,0,13,0,11,12,0,11,0,7,1,9,0,1
2018-19,36,Telangana,3630,SURYAPET,363021,HUZUR NAGAR,1,PS (I-V) ,4,Government Aided,Rural,3,Co-educational,1,1,1,1,1,1,1,1,1,1,1,1,1,1,1,1,0,0,0,1,0,1,1,1,1,0,0,0,1,0,0
2018-19,36,Telangana,3630,SURYAPET,363021,HUZUR NAGAR,1,PS (I-V) ,3,Local body,Urban,3,Co-educational,10,10,9,2,10,10,9,9,10,10,6,6,6,6,9,1,3,0,0,6,0,10,9,1,4,2,8,0,6,0,2
2018-19,36,Telangana,3630,SURYAPET,363021,HUZUR NAGAR,1,PS (I-V) ,4,Government Aided,Urban,3,Co-educational,2,2,1,1,2,2,2,2,2,2,2,2,2,2,2,2,1,1,1,2,0,2,2,1,2,1,0,0,2,1,1
2018-19,36,Telangana,3630,SURYAPET,363021,HUZUR NAGAR,6, SS (I-X) ,5,Private Unaided (Recognized),Rural,3,Co-educational,1,1,1,0,1,1,1,1,1,1,1,1,1,1,1,1,1,0,0,1,0,1,1,1,1,0,0,0,1,0,0
2018-19,36,Telangana,3630,SURYAPET,363021,HUZUR NAGAR,6, SS (I-X) ,5,Private Unaided (Recognized),Urban,3,Co-educational,10,10,8,9,10,10,10,10,10,10,7,7,7,7,10,10,3,6,0,7,0,10,10,10,10,2,2,0,9,4,5
2018-19,36,Telangana,3630,SURYAPET,363021,HUZUR NAGAR,7,SS (VI-X),3,Local body,Rural,3,Co-educational,4,4,3,1,4,4,4,4,4,4,4,4,3,4,4,2,2,0,0,3,0,4,4,3,3,2,3,0,4,0,1
2018-19,36,Telangana,3630,SURYAPET,363021,HUZUR NAGAR,7,SS (VI-X),4,Government Aided,Rural,3,Co-educational,1,1,1,1,1,1,1,1,1,1,0,0,0,0,1,1,0,0,0,1,0,1,1,1,1,0,0,0,1,0,0
2018-19,36,Telangana,3630,SURYAPET,363021,HUZUR NAGAR,7,SS (VI-X),1,Department of Education,Urban,3,Co-educational,1,1,1,1,1,1,1,1,1,1,1,1,1,1,1,0,0,0,0,1,0,1,1,1,1,0,1,0,1,1,1
2018-19,36,Telangana,3630,SURYAPET,363021,HUZUR NAGAR,7,SS (VI-X),3,Local body,Urban,3,Co-educational,2,2,2,2,2,2,2,1,2,2,2,2,1,2,2,1,0,1,0,2,0,2,2,1,2,2,1,1,2,0,0
2018-19,36,Telangana,3630,SURYAPET,363021,HUZUR NAGAR,7,SS (VI-X),4,Government Aided,Urban,3,Co-educational,1,1,1,1,1,1,1,1,1,1,1,1,1,1,1,1,0,1,0,0,0,1,1,1,1,1,0,0,1,1,1
2018-19,36,Telangana,3630,SURYAPET,363021,HUZUR NAGAR,2,UPS (I-VIII) ,3,Local body,Rural,3,Co-educational,2,2,2,1,2,2,2,2,2,2,2,2,2,2,2,0,1,0,0,2,0,2,2,0,2,0,1,0,2,0,0
2018-19,36,Telangana,3630,SURYAPET,363021,HUZUR NAGAR,2,UPS (I-VIII) ,3,Local body,Urban,3,Co-educational,1,1,1,0,1,1,1,1,1,1,1,1,1,1,1,0,0,0,0,1,0,1,1,0,0,0,1,0,1,0,0
2018-19,36,Telangana,3630,SURYAPET,363021,HUZUR NAGAR,2,UPS (I-VIII) ,5,Private Unaided (Recognized),Urban,3,Co-educational,6,6,3,4,6,6,6,6,6,6,6,6,6,6,6,6,0,3,0,5,0,6,3,4,6,3,0,0,6,1,2
2018-19,36,Telangana,3630,SURYAPET,363022,MELLACHERVU,1,PS (I-V) ,3,Local body,Rural,3,Co-educational,17,17,4,0,15,15,14,14,14,15,11,11,11,10,11,1,4,0,2,8,0,15,14,2,10,0,9,0,10,0,0
2018-19,36,Telangana,3630,SURYAPET,363022,MELLACHERVU,1,PS (I-V) ,5,Private Unaided (Recognized),Rural,3,Co-educational,1,1,0,0,1,1,1,1,1,1,1,1,1,1,1,1,0,0,0,1,0,1,0,1,1,0,0,0,1,0,0
2018-19,36,Telangana,3630,SURYAPET,363022,MELLACHERVU,6, SS (I-X) ,5,Private Unaided (Recognized),Rural,3,Co-educational,8,8,1,1,8,8,8,8,8,8,7,7,7,7,6,8,0,1,2,5,2,8,6,8,8,0,3,0,8,1,1
2018-19,36,Telangana,3630,SURYAPET,363022,MELLACHERVU,7,SS (VI-X),1,Department of Education,Rural,2,Girls,1,1,0,1,1,1,1,0,1,1,1,1,0,1,1,1,0,0,0,1,0,1,1,1,1,0,1,0,1,1,0
2018-19,36,Telangana,3630,SURYAPET,363022,MELLACHERVU,7,SS (VI-X),3,Local body,Rural,3,Co-educational,4,4,2,4,4,4,4,3,4,4,4,4,2,4,4,1,2,0,1,4,0,4,3,4,4,0,2,1,4,0,0
2018-19,36,Telangana,3630,SURYAPET,363022,MELLACHERVU,2,UPS (I-VIII) ,98,Madarsa unrecognized,Rural,2,Girls,1,1,0,0,1,1,1,0,1,1,1,1,0,1,1,0,0,0,1,0,0,0,0,0,1,0,0,0,1,0,0
2018-19,36,Telangana,3630,SURYAPET,363022,MELLACHERVU,2,UPS (I-VIII) ,3,Local body,Rural,3,Co-educational,3,3,3,1,3,3,3,2,2,2,2,3,3,3,1,1,0,0,1,3,0,3,3,2,3,0,3,0,3,0,0
2018-19,36,Telangana,3630,SURYAPET,363022,MELLACHERVU,2,UPS (I-VIII) ,5,Private Unaided (Recognized),Rural,3,Co-educational,8,8,2,1,7,8,8,8,8,8,6,6,6,6,8,8,1,0,0,8,2,8,7,6,7,0,1,0,8,3,0
2018-19,36,Telangana,3630,SURYAPET,363023,CHINTHALA PALEM,1,PS (I-V) ,3,Local body,Rural,3,Co-educational,16,16,6,0,7,12,12,11,14,14,10,10,9,8,16,4,1,0,1,10,0,14,15,2,9,1,8,0,14,0,0
2018-19,36,Telangana,3630,SURYAPET,363023,CHINTHALA PALEM,6, SS (I-X) ,5,Private Unaided (Recognized),Rural,3,Co-educational,5,5,2,0,4,5,5,5,5,5,4,4,4,4,5,5,0,0,3,5,1,5,4,3,5,0,1,0,5,0,0
2018-19,36,Telangana,3630,SURYAPET,363023,CHINTHALA PALEM,7,SS (VI-X),1,Department of Education,Rural,2,Girls,1,1,1,0,0,0,1,0,1,1,0,0,0,0,1,0,0,0,0,0,0,0,1,0,0,0,0,0,1,0,0
2018-19,36,Telangana,3630,SURYAPET,363023,CHINTHALA PALEM,7,SS (VI-X),3,Local body,Rural,3,Co-educational,3,3,1,2,2,3,3,2,3,3,3,3,2,3,3,1,0,0,1,3,0,3,3,3,3,0,3,0,2,0,0
2018-19,36,Telangana,3630,SURYAPET,363023,CHINTHALA PALEM,2,UPS (I-VIII) ,3,Local body,Rural,3,Co-educational,9,9,2,1,7,7,8,5,6,6,6,6,5,6,9,3,0,0,1,7,0,9,8,2,7,0,7,0,9,0,0
2018-19,36,Telangana,3630,SURYAPET,363023,CHINTHALA PALEM,2,UPS (I-VIII) ,5,Private Unaided (Recognized),Rural,3,Co-educational,4,4,1,0,1,4,4,4,4,4,3,3,3,3,4,4,0,0,2,4,0,4,4,2,4,0,0,0,4,0,0
