Academic_Year,State_Code,State_Name,District_Code,District_Name,Block_Code,Udise_Block_Name,School_Category_Id,School_Category_Name,School_Management_Id,School_Management_Name,Location,School_Type_Id,School_Type,Total_Number_of_Schools,Building,Complete_Medical_Checkup,Computer_Available,Functional_Drinking_Water,Drinking_Water,Functional_Electricity,Functional_Boy_Toilet,Functional_Girl_Toilet,Functional_Toilet_Facility,Functional_Toilet_and_Urinal,Functional_Urinal,Functional_Urinal_Boy,Functional_Urinal_Girl,Handwash,Separate_Room_for_Headmaster,Incinerator,Internet,Kitchen_Garden,Land_Available,Librarian,Library_or_Reading_Corner_or_Book_Bank,Medical_Checkup,Newspaper,Playground,Rain_Water_Harvesting,Ramps,Solar_Panel,Furniture,Water_Purifier,Water_Tested
2018-19,36,Telangana,3618,SIDDIPET,361801,DUBBAK,3,HSS (I-XII),90,Social welfare Department,Rural,2,Girls,1,1,1,1,1,1,1,0,1,1,1,1,0,1,1,1,1,1,1,0,1,1,1,1,1,0,0,1,1,1,0
2018-19,36,Telangana,3618,SIDDIPET,361801,DUBBAK,5, HSS (VI-XII),1,Department of Education,Urban,3,Co-educational,1,1,1,1,1,1,1,1,1,1,1,1,1,1,1,1,0,0,0,1,0,1,1,1,1,0,0,0,1,0,0
2018-19,36,Telangana,3618,SIDDIPET,361801,DUBBAK,11,HSS (XI-XII),1,Department of Education,Urban,3,Co-educational,1,1,1,1,1,1,1,1,1,1,1,1,1,1,1,1,0,0,0,1,0,1,1,0,1,0,0,0,1,0,0
2018-19,36,Telangana,3618,SIDDIPET,361801,DUBBAK,11,HSS (XI-XII),5,Private Unaided (Recognized),Urban,3,Co-educational,3,3,0,2,3,3,3,3,3,3,3,3,3,3,3,2,2,1,0,2,0,3,3,2,1,0,0,0,3,1,0
2018-19,36,Telangana,3618,SIDDIPET,361801,DUBBAK,1,PS (I-V) ,3,Local body,Rural,3,Co-educational,30,30,23,0,26,30,23,22,28,29,28,28,19,27,30,11,5,0,11,24,0,30,30,6,22,5,11,1,20,0,1
2018-19,36,Telangana,3618,SIDDIPET,361801,DUBBAK,1,PS (I-V) ,3,Local body,Urban,3,Co-educational,14,14,10,0,13,14,12,8,11,12,12,13,11,12,13,2,6,0,4,6,1,13,13,2,4,3,7,0,10,0,0
2018-19,36,Telangana,3618,SIDDIPET,361801,DUBBAK,1,PS (I-V) ,5,Private Unaided (Recognized),Urban,3,Co-educational,5,5,2,3,5,5,3,5,5,5,4,4,4,4,5,4,3,3,1,4,0,3,3,3,4,2,2,0,5,3,3
2018-19,36,Telangana,3618,SIDDIPET,361801,DUBBAK,6, SS (I-X) ,1,Department of Education,Urban,1,Boys,1,1,1,1,1,1,1,1,0,1,1,1,1,0,1,1,1,1,1,1,0,1,1,1,1,0,0,0,1,1,0
2018-19,36,Telangana,3618,SIDDIPET,361801,DUBBAK,6, SS (I-X) ,90,Social welfare Department,Urban,1,Boys,1,1,0,1,0,1,1,1,0,1,1,1,1,0,1,1,0,1,0,1,1,1,1,1,0,0,0,0,1,0,0
2018-19,36,Telangana,3618,SIDDIPET,361801,DUBBAK,6, SS (I-X) ,1,Department of Education,Rural,2,Girls,1,1,1,1,1,1,1,0,1,1,1,1,0,1,1,1,1,1,0,1,0,1,1,1,1,0,1,0,1,0,0
2018-19,36,Telangana,3618,SIDDIPET,361801,DUBBAK,7,SS (VI-X),1,Department of Education,Urban,2,Girls,1,1,1,1,1,1,1,0,1,1,1,1,0,1,1,1,1,1,1,1,0,1,1,1,1,0,0,1,1,1,0
2018-19,36,Telangana,3618,SIDDIPET,361801,DUBBAK,7,SS (VI-X),3,Local body,Urban,2,Girls,1,1,1,1,1,1,1,0,1,1,1,1,0,1,1,1,0,0,0,0,0,1,1,1,0,0,0,0,1,1,0
2018-19,36,Telangana,3618,SIDDIPET,361801,DUBBAK,7,SS (VI-X),3,Local body,Rural,3,Co-educational,13,13,11,11,13,13,13,12,13,13,13,13,12,13,13,5,1,4,8,10,1,13,13,12,12,3,10,2,12,2,6
2018-19,36,Telangana,3618,SIDDIPET,361801,DUBBAK,7,SS (VI-X),1,Department of Education,Urban,3,Co-educational,1,1,1,1,1,1,1,1,1,1,1,1,1,1,1,1,0,0,0,1,0,1,1,1,1,0,1,0,1,0,0
2018-19,36,Telangana,3618,SIDDIPET,361801,DUBBAK,7,SS (VI-X),3,Local body,Urban,3,Co-educational,3,3,2,3,3,3,3,2,3,3,3,3,3,3,3,1,0,1,1,3,0,3,3,3,2,1,1,1,2,0,0
2018-19,36,Telangana,3618,SIDDIPET,361801,DUBBAK,7,SS (VI-X),5,Private Unaided (Recognized),Urban,3,Co-educational,5,5,1,3,5,5,4,5,5,5,4,4,4,4,5,5,3,3,0,4,0,4,5,4,5,2,2,0,5,3,3
2018-19,36,Telangana,3618,SIDDIPET,361801,DUBBAK,2,UPS (I-VIII) ,3,Local body,Rural,3,Co-educational,11,11,9,2,11,11,11,8,11,11,9,9,7,9,11,3,4,0,7,11,0,11,11,5,7,1,7,1,8,1,1
2018-19,36,Telangana,3618,SIDDIPET,361801,DUBBAK,2,UPS (I-VIII) ,5,Private Unaided (Recognized),Rural,3,Co-educational,4,4,1,2,4,4,4,4,4,4,4,4,4,4,4,4,3,1,0,4,1,2,3,3,3,1,1,0,4,1,3
2018-19,36,Telangana,3618,SIDDIPET,361801,DUBBAK,2,UPS (I-VIII) ,3,Local body,Urban,3,Co-educational,1,1,0,1,1,1,1,1,1,1,1,1,1,1,1,1,1,0,1,1,0,1,1,0,1,1,1,0,1,1,1
2018-19,36,Telangana,3618,SIDDIPET,361801,DUBBAK,2,UPS (I-VIII) ,5,Private Unaided (Recognized),Urban,3,Co-educational,5,5,1,1,4,5,5,5,5,5,4,4,4,4,5,4,2,0,0,2,1,4,1,4,5,0,1,0,5,1,3
2018-19,36,Telangana,3618,SIDDIPET,361802,SIDDIPET (RURAL),3,HSS (I-XII),92,Kendriya Vidyalaya / Central School,Rural,3,Co-educational,1,1,0,1,1,1,1,1,1,1,1,1,1,1,1,1,0,1,0,1,0,1,0,1,1,0,0,0,1,0,1
2018-19,36,Telangana,3618,SIDDIPET,361802,SIDDIPET (RURAL),5, HSS (VI-XII),1,Department of Education,Rural,2,Girls,1,1,1,1,1,1,1,0,1,1,1,1,0,1,1,1,0,1,0,1,0,0,1,0,0,0,0,1,1,1,0
2018-19,36,Telangana,3618,SIDDIPET,361802,SIDDIPET (RURAL),5, HSS (VI-XII),1,Department of Education,Rural,3,Co-educational,1,1,0,1,1,1,1,1,1,1,1,1,1,1,1,1,1,1,1,1,0,1,1,1,1,1,1,0,1,1,1
2018-19,36,Telangana,3618,SIDDIPET,361802,SIDDIPET (RURAL),1,PS (I-V) ,3,Local body,Rural,3,Co-educational,15,15,9,0,15,15,11,13,10,14,11,12,10,8,14,2,1,0,5,9,0,11,14,7,9,1,5,1,12,0,1
2018-19,36,Telangana,3618,SIDDIPET,361802,SIDDIPET (RURAL),1,PS (I-V) ,3,Local body,Urban,3,Co-educational,2,2,0,0,1,2,2,2,2,2,1,1,1,1,1,1,0,0,1,2,0,2,1,0,1,1,0,0,2,0,0
2018-19,36,Telangana,3618,SIDDIPET,361802,SIDDIPET (RURAL),7,SS (VI-X),3,Local body,Rural,3,Co-educational,8,8,6,4,8,8,8,8,8,8,8,8,8,8,8,4,2,0,2,8,0,7,8,8,8,2,5,2,7,1,4
2018-19,36,Telangana,3618,SIDDIPET,361802,SIDDIPET (RURAL),2,UPS (I-VIII) ,3,Local body,Rural,3,Co-educational,3,3,3,1,3,3,3,3,3,3,3,3,3,3,3,2,0,0,1,3,0,2,3,0,3,0,1,1,2,1,2
2018-19,36,Telangana,3618,SIDDIPET,361802,SIDDIPET (RURAL),2,UPS (I-VIII) ,5,Private Unaided (Recognized),Rural,3,Co-educational,1,1,0,0,1,1,1,1,1,1,1,1,1,1,1,0,0,1,0,0,0,0,0,0,1,1,0,0,1,0,1
2018-19,36,Telangana,3618,SIDDIPET,361803,CHINNAKODUR,5, HSS (VI-XII),1,Department of Education,Rural,3,Co-educational,1,1,0,1,0,1,1,1,1,1,1,1,1,1,1,1,0,0,1,1,0,1,1,1,1,1,0,0,1,1,0
2018-19,36,Telangana,3618,SIDDIPET,361803,CHINNAKODUR,11,HSS (XI-XII),1,Department of Education,Rural,3,Co-educational,1,1,1,1,1,1,1,1,1,1,1,1,1,1,1,1,0,0,0,1,1,1,1,1,1,0,0,0,1,0,0
2018-19,36,Telangana,3618,SIDDIPET,361803,CHINNAKODUR,1,PS (I-V) ,3,Local body,Rural,3,Co-educational,35,35,15,0,34,35,29,30,32,32,21,21,18,20,31,6,11,0,7,31,0,34,34,5,30,6,19,2,30,0,2
2018-19,36,Telangana,3618,SIDDIPET,361803,CHINNAKODUR,1,PS (I-V) ,5,Private Unaided (Recognized),Rural,3,Co-educational,1,1,0,1,1,1,1,1,1,1,1,1,0,1,1,1,0,1,0,1,0,1,1,1,1,0,1,0,1,1,0
2018-19,36,Telangana,3618,SIDDIPET,361803,CHINNAKODUR,7,SS (VI-X),1,Department of Education,Rural,2,Girls,1,1,1,1,1,1,1,0,1,1,1,1,0,1,1,1,0,0,1,1,0,1,1,1,1,0,0,1,1,0,0
2018-19,36,Telangana,3618,SIDDIPET,361803,CHINNAKODUR,7,SS (VI-X),3,Local body,Rural,3,Co-educational,16,16,11,10,16,16,16,12,15,15,14,14,11,13,14,4,2,2,7,15,1,16,16,14,16,6,8,1,16,5,2
2018-19,36,Telangana,3618,SIDDIPET,361803,CHINNAKODUR,2,UPS (I-VIII) ,3,Local body,Rural,3,Co-educational,4,4,3,1,4,4,4,4,4,4,4,4,4,4,1,1,1,0,1,2,0,4,4,1,3,1,4,1,4,0,1
2018-19,36,Telangana,3618,SIDDIPET,361803,CHINNAKODUR,2,UPS (I-VIII) ,5,Private Unaided (Recognized),Rural,3,Co-educational,1,1,0,1,1,1,1,1,1,1,1,1,1,1,1,1,0,0,0,1,0,1,1,1,1,0,0,0,1,1,0
2018-19,36,Telangana,3618,SIDDIPET,361804,BEJJANKI,3,HSS (I-XII),90,Social welfare Department,Rural,2,Girls,1,1,1,1,1,1,1,0,1,1,1,1,0,1,1,1,0,0,0,1,0,0,1,1,1,1,0,0,0,1,1
2018-19,36,Telangana,3618,SIDDIPET,361804,BEJJANKI,5, HSS (VI-XII),1,Department of Education,Rural,3,Co-educational,1,1,1,1,1,1,1,1,1,1,0,0,0,0,1,1,0,1,1,1,0,1,1,1,1,0,0,0,1,0,1
2018-19,36,Telangana,3618,SIDDIPET,361804,BEJJANKI,11,HSS (XI-XII),1,Department of Education,Rural,3,Co-educational,1,1,0,1,1,1,1,1,1,1,1,1,1,1,1,1,0,1,0,1,1,1,1,1,1,1,0,0,1,1,0
2018-19,36,Telangana,3618,SIDDIPET,361804,BEJJANKI,1,PS (I-V) ,3,Local body,Rural,3,Co-educational,21,21,10,0,19,19,21,14,20,20,19,20,16,20,18,1,5,0,6,18,0,20,20,2,18,3,11,1,14,0,1
2018-19,36,Telangana,3618,SIDDIPET,361804,BEJJANKI,6, SS (I-X) ,5,Private Unaided (Recognized),Rural,1,Boys,1,1,1,1,1,1,1,1,0,1,1,1,1,0,1,1,0,1,0,1,0,1,1,1,1,1,0,0,1,1,0
2018-19,36,Telangana,3618,SIDDIPET,361804,BEJJANKI,6, SS (I-X) ,5,Private Unaided (Recognized),Rural,3,Co-educational,4,4,3,4,4,4,4,4,4,4,4,4,4,4,4,4,0,1,0,4,1,4,4,4,4,3,0,0,3,2,0
2018-19,36,Telangana,3618,SIDDIPET,361804,BEJJANKI,7,SS (VI-X),3,Local body,Rural,1,Boys,1,1,1,1,1,1,1,1,0,1,0,0,0,0,1,1,1,0,1,1,0,1,1,1,1,1,0,0,1,0,0
2018-19,36,Telangana,3618,SIDDIPET,361804,BEJJANKI,7,SS (VI-X),1,Department of Education,Rural,2,Girls,1,1,0,1,1,1,1,0,1,1,1,1,0,1,1,1,0,0,0,1,0,1,1,1,1,0,0,0,1,1,1
2018-19,36,Telangana,3618,SIDDIPET,361804,BEJJANKI,7,SS (VI-X),3,Local body,Rural,3,Co-educational,9,9,9,6,9,9,9,7,9,9,7,7,4,6,9,1,1,2,3,8,0,9,9,9,8,3,6,1,8,0,3
2018-19,36,Telangana,3618,SIDDIPET,361804,BEJJANKI,7,SS (VI-X),5,Private Unaided (Recognized),Rural,3,Co-educational,1,1,1,1,1,1,1,1,1,1,1,1,1,1,1,1,0,0,0,1,0,1,1,0,1,0,0,0,1,0,0
2018-19,36,Telangana,3618,SIDDIPET,361804,BEJJANKI,2,UPS (I-VIII) ,3,Local body,Rural,3,Co-educational,2,2,2,1,2,2,2,2,2,2,2,2,2,2,2,1,1,0,0,2,0,2,2,1,2,1,0,1,2,0,1
2018-19,36,Telangana,3618,SIDDIPET,361804,BEJJANKI,2,UPS (I-VIII) ,5,Private Unaided (Recognized),Rural,3,Co-educational,1,1,1,1,1,1,1,1,1,1,1,1,1,1,1,1,0,0,0,1,0,1,1,1,1,1,0,0,1,0,0
2018-19,36,Telangana,3618,SIDDIPET,361805,KOHEDA,3,HSS (I-XII),90,Social welfare Department,Rural,1,Boys,1,1,0,0,1,1,1,1,0,1,1,1,1,0,1,1,0,0,1,1,1,1,1,1,1,1,0,0,1,1,1
2018-19,36,Telangana,3618,SIDDIPET,361805,KOHEDA,5, HSS (VI-XII),1,Department of Education,Rural,3,Co-educational,1,1,1,1,1,1,1,1,1,1,1,1,1,0,1,1,0,1,0,1,0,1,1,1,1,0,0,0,1,1,0
2018-19,36,Telangana,3618,SIDDIPET,361805,KOHEDA,11,HSS (XI-XII),1,Department of Education,Rural,3,Co-educational,1,1,0,0,1,1,1,1,1,1,1,1,1,1,1,1,0,0,0,1,0,0,0,0,1,0,0,0,1,0,0
2018-19,36,Telangana,3618,SIDDIPET,361805,KOHEDA,1,PS (I-V) ,3,Local body,Rural,3,Co-educational,35,35,15,1,33,34,32,27,31,32,29,32,25,32,30,9,9,0,5,28,1,33,32,1,33,6,18,1,28,1,4
2018-19,36,Telangana,3618,SIDDIPET,361805,KOHEDA,6, SS (I-X) ,5,Private Unaided (Recognized),Rural,3,Co-educational,1,1,0,1,1,1,1,1,1,1,1,1,1,1,1,1,0,0,0,1,0,1,0,0,1,0,1,0,1,0,0
2018-19,36,Telangana,3618,SIDDIPET,361805,KOHEDA,7,SS (VI-X),1,Department of Education,Rural,2,Girls,1,1,0,1,1,1,1,0,1,1,1,1,0,1,1,1,1,1,1,1,0,1,1,1,1,0,0,1,1,1,1
2018-19,36,Telangana,3618,SIDDIPET,361805,KOHEDA,7,SS (VI-X),3,Local body,Rural,3,Co-educational,12,12,4,8,11,11,12,10,11,11,10,11,10,11,11,6,2,5,8,12,1,12,12,9,11,6,11,4,12,7,3
2018-19,36,Telangana,3618,SIDDIPET,361805,KOHEDA,2,UPS (I-VIII) ,3,Local body,Rural,3,Co-educational,4,4,1,0,3,3,4,3,4,4,4,4,4,4,3,2,2,0,1,3,0,4,4,2,4,3,4,1,3,0,1
2018-19,36,Telangana,3618,SIDDIPET,361805,KOHEDA,2,UPS (I-VIII) ,5,Private Unaided (Recognized),Rural,3,Co-educational,3,3,0,1,3,3,3,3,3,3,2,2,2,2,1,2,0,1,2,1,0,3,2,3,3,0,0,0,3,1,0
2018-19,36,Telangana,3618,SIDDIPET,361806,HUSNABAD,3,HSS (I-XII),90,Social welfare Department,Urban,1,Boys,1,1,0,1,1,1,1,1,0,1,1,1,1,0,1,1,0,1,1,1,1,1,1,1,1,0,0,0,1,1,0
2018-19,36,Telangana,3618,SIDDIPET,361806,HUSNABAD,3,HSS (I-XII),1,Department of Education,Urban,2,Girls,1,1,0,0,1,1,1,0,1,1,1,1,0,1,1,1,1,0,1,1,0,1,1,0,0,0,0,0,1,0,0
2018-19,36,Telangana,3618,SIDDIPET,361806,HUSNABAD,5, HSS (VI-XII),1,Department of Education,Urban,3,Co-educational,1,1,1,1,1,1,1,1,1,1,1,1,1,0,1,1,1,0,1,1,0,1,1,1,1,0,0,0,1,0,0
2018-19,36,Telangana,3618,SIDDIPET,361806,HUSNABAD,11,HSS (XI-XII),1,Department of Education,Urban,2,Girls,1,1,0,0,0,1,1,0,1,1,0,0,0,0,0,1,1,0,1,1,0,1,0,0,0,0,0,0,1,1,0
2018-19,36,Telangana,3618,SIDDIPET,361806,HUSNABAD,11,HSS (XI-XII),1,Department of Education,Urban,3,Co-educational,1,1,0,0,1,1,1,1,0,1,0,0,0,0,0,1,0,0,0,1,1,1,1,1,0,0,0,0,1,0,0
2018-19,36,Telangana,3618,SIDDIPET,361806,HUSNABAD,11,HSS (XI-XII),5,Private Unaided (Recognized),Urban,3,Co-educational,4,4,0,1,4,4,4,4,4,4,3,3,3,3,2,1,2,0,3,1,0,2,1,2,3,0,0,0,4,0,0
2018-19,36,Telangana,3618,SIDDIPET,361806,HUSNABAD,1,PS (I-V) ,2,Tribal Welfare Department,Urban,1,Boys,1,1,0,1,1,1,1,1,0,1,0,0,0,0,0,1,0,0,1,0,0,1,0,1,0,0,1,1,1,0,0
2018-19,36,Telangana,3618,SIDDIPET,361806,HUSNABAD,1,PS (I-V) ,2,Tribal Welfare Department,Rural,2,Girls,1,1,0,0,1,1,1,0,1,1,0,0,0,0,1,0,1,0,1,1,0,1,1,1,1,0,0,0,1,0,0
2018-19,36,Telangana,3618,SIDDIPET,361806,HUSNABAD,1,PS (I-V) ,3,Local body,Rural,3,Co-educational,12,12,1,0,11,12,11,8,9,11,9,10,10,9,9,6,4,0,11,6,0,12,10,1,9,1,3,1,10,0,2
2018-19,36,Telangana,3618,SIDDIPET,361806,HUSNABAD,1,PS (I-V) ,3,Local body,Urban,3,Co-educational,7,7,1,0,7,7,7,4,5,6,6,7,6,6,5,2,2,0,7,2,0,7,7,1,4,0,2,0,7,1,0
2018-19,36,Telangana,3618,SIDDIPET,361806,HUSNABAD,6, SS (I-X) ,2,Tribal Welfare Department,Rural,1,Boys,1,1,0,1,1,1,1,1,0,1,1,1,1,0,1,1,0,1,1,1,0,0,0,1,1,1,0,0,1,0,0
2018-19,36,Telangana,3618,SIDDIPET,361806,HUSNABAD,6, SS (I-X) ,5,Private Unaided (Recognized),Rural,3,Co-educational,1,1,0,0,1,1,1,1,1,1,1,1,1,1,1,1,0,0,1,1,0,1,1,1,1,0,0,0,1,0,0
2018-19,36,Telangana,3618,SIDDIPET,361806,HUSNABAD,6, SS (I-X) ,5,Private Unaided (Recognized),Urban,3,Co-educational,9,9,0,6,9,9,9,9,9,9,0,0,0,0,6,9,4,5,9,3,0,8,4,3,7,3,1,1,9,2,6
2018-19,36,Telangana,3618,SIDDIPET,361806,HUSNABAD,7,SS (VI-X),2,Tribal Welfare Department,Urban,1,Boys,1,1,0,1,0,1,1,1,0,1,0,0,0,0,1,0,0,0,1,1,0,1,1,0,0,0,0,1,1,0,0
2018-19,36,Telangana,3618,SIDDIPET,361806,HUSNABAD,7,SS (VI-X),2,Tribal Welfare Department,Rural,2,Girls,1,1,0,1,1,1,1,0,1,1,0,0,0,0,1,1,1,0,1,1,0,1,1,0,1,0,0,0,1,0,0
2018-19,36,Telangana,3618,SIDDIPET,361806,HUSNABAD,7,SS (VI-X),1,Department of Education,Urban,2,Girls,1,1,0,1,1,1,1,0,1,1,1,1,0,1,1,1,1,0,1,1,0,1,0,1,0,0,0,1,1,0,1
2018-19,36,Telangana,3618,SIDDIPET,361806,HUSNABAD,7,SS (VI-X),3,Local body,Rural,3,Co-educational,3,3,0,3,3,3,3,3,3,3,3,3,3,3,2,1,1,1,3,2,0,3,2,2,2,0,0,0,3,2,1
2018-19,36,Telangana,3618,SIDDIPET,361806,HUSNABAD,7,SS (VI-X),3,Local body,Urban,3,Co-educational,3,3,0,2,3,3,3,2,3,3,3,3,2,3,3,2,1,2,2,2,0,3,3,3,2,0,2,0,3,0,1
2018-19,36,Telangana,3618,SIDDIPET,361806,HUSNABAD,2,UPS (I-VIII) ,3,Local body,Rural,3,Co-educational,2,2,0,0,1,2,2,2,2,2,1,1,1,1,1,1,1,0,2,2,0,2,1,0,1,0,0,0,2,0,0
2018-19,36,Telangana,3618,SIDDIPET,361806,HUSNABAD,2,UPS (I-VIII) ,3,Local body,Urban,3,Co-educational,1,1,0,1,1,1,1,1,0,1,1,1,1,0,1,0,1,0,1,1,0,1,1,1,1,0,0,0,1,0,0
2018-19,36,Telangana,3618,SIDDIPET,361806,HUSNABAD,2,UPS (I-VIII) ,5,Private Unaided (Recognized),Urban,3,Co-educational,1,1,0,0,1,1,1,1,1,1,0,0,0,0,0,0,0,0,1,0,0,0,0,1,0,0,0,0,1,0,0
2018-19,36,Telangana,3618,SIDDIPET,361807,AKKANNAPETA,1,PS (I-V) ,1,Department of Education,Rural,3,Co-educational,1,1,1,0,1,1,1,1,1,1,1,1,0,1,1,0,0,0,1,1,0,1,1,0,0,0,0,0,0,0,0
2018-19,36,Telangana,3618,SIDDIPET,361807,AKKANNAPETA,1,PS (I-V) ,3,Local body,Rural,3,Co-educational,47,47,23,0,32,45,42,34,39,44,38,38,24,37,37,15,9,0,24,39,0,44,46,5,30,8,10,6,35,0,3
2018-19,36,Telangana,3618,SIDDIPET,361807,AKKANNAPETA,1,PS (I-V) ,5,Private Unaided (Recognized),Rural,3,Co-educational,2,2,0,2,2,2,2,2,2,2,0,0,0,0,2,2,0,1,0,2,0,2,2,2,2,1,1,1,2,0,0
2018-19,36,Telangana,3618,SIDDIPET,361807,AKKANNAPETA,7,SS (VI-X),1,Department of Education,Rural,2,Girls,1,1,1,0,1,1,1,0,1,1,0,0,0,0,1,0,1,0,0,0,0,0,1,1,1,0,0,0,0,0,0
2018-19,36,Telangana,3618,SIDDIPET,361807,AKKANNAPETA,7,SS (VI-X),3,Local body,Rural,3,Co-educational,9,9,9,6,9,9,9,7,9,9,8,8,5,8,9,2,1,0,1,9,0,9,9,6,8,4,4,2,9,6,2
2018-19,36,Telangana,3618,SIDDIPET,361807,AKKANNAPETA,2,UPS (I-VIII) ,3,Local body,Rural,3,Co-educational,6,6,5,2,6,6,6,4,5,5,5,5,4,5,5,1,0,0,0,5,0,6,6,0,4,1,4,1,6,0,0
2018-19,36,Telangana,3618,SIDDIPET,361808,NANGANUR,5, HSS (VI-XII),1,Department of Education,Rural,3,Co-educational,1,1,0,0,1,1,1,1,1,1,1,1,1,1,1,1,1,0,1,1,0,1,1,1,1,0,1,0,1,1,1
2018-19,36,Telangana,3618,SIDDIPET,361808,NANGANUR,11,HSS (XI-XII),1,Department of Education,Rural,3,Co-educational,1,1,0,0,1,1,1,0,1,1,0,0,0,0,1,0,1,0,1,1,0,1,0,0,1,0,0,1,1,1,0
2018-19,36,Telangana,3618,SIDDIPET,361808,NANGANUR,1,PS (I-V) ,3,Local body,Rural,3,Co-educational,29,29,6,1,19,19,21,28,28,29,16,16,16,16,15,1,16,0,17,21,1,29,26,6,20,3,19,3,18,0,6
2018-19,36,Telangana,3618,SIDDIPET,361808,NANGANUR,1,PS (I-V) ,5,Private Unaided (Recognized),Rural,3,Co-educational,1,1,0,0,1,1,1,1,1,1,0,0,0,0,0,1,0,0,1,1,0,0,0,0,1,0,1,0,1,0,0
2018-19,36,Telangana,3618,SIDDIPET,361808,NANGANUR,6, SS (I-X) ,5,Private Unaided (Recognized),Rural,3,Co-educational,2,2,0,1,2,2,2,2,2,2,1,1,1,1,1,2,0,1,2,2,1,2,1,2,2,0,1,1,2,0,1
2018-19,36,Telangana,3618,SIDDIPET,361808,NANGANUR,7,SS (VI-X),1,Department of Education,Rural,2,Girls,1,1,1,1,1,1,1,0,1,1,1,1,0,1,1,1,1,0,1,1,0,1,1,1,1,0,0,0,1,0,0
2018-19,36,Telangana,3618,SIDDIPET,361808,NANGANUR,7,SS (VI-X),3,Local body,Rural,3,Co-educational,10,10,1,6,10,10,10,9,10,10,8,8,7,8,9,5,9,0,10,8,0,10,10,8,8,2,4,1,10,3,2
2018-19,36,Telangana,3618,SIDDIPET,361808,NANGANUR,2,UPS (I-VIII) ,3,Local body,Rural,3,Co-educational,10,10,0,2,10,10,10,10,10,10,6,6,5,6,8,0,9,0,10,7,1,10,10,1,7,1,7,1,10,0,1
2018-19,36,Telangana,3618,SIDDIPET,361809,SIDDIPET (URBAN),3,HSS (I-XII),90,Social welfare Department,Rural,2,Girls,1,1,1,1,1,1,1,0,1,1,1,1,0,1,1,1,1,1,1,1,0,0,1,1,1,0,1,1,1,1,1
2018-19,36,Telangana,3618,SIDDIPET,361809,SIDDIPET (URBAN),3,HSS (I-XII),1,Department of Education,Urban,2,Girls,1,1,0,1,1,1,1,0,1,1,1,1,0,1,1,1,1,1,1,1,1,1,1,1,1,0,0,0,1,0,1
2018-19,36,Telangana,3618,SIDDIPET,361809,SIDDIPET (URBAN),3,HSS (I-XII),90,Social welfare Department,Urban,2,Girls,1,1,1,1,1,1,1,0,1,1,1,1,0,1,1,0,0,1,0,1,0,0,1,1,1,0,0,0,1,0,0
2018-19,36,Telangana,3618,SIDDIPET,361809,SIDDIPET (URBAN),11,HSS (XI-XII),1,Department of Education,Urban,3,Co-educational,2,2,0,2,2,2,2,1,2,2,2,2,1,1,2,1,1,2,0,1,0,2,1,0,2,0,0,1,2,2,1
2018-19,36,Telangana,3618,SIDDIPET,361809,SIDDIPET (URBAN),11,HSS (XI-XII),5,Private Unaided (Recognized),Urban,3,Co-educational,15,15,4,4,15,15,15,14,14,14,11,11,9,11,15,10,1,4,0,5,6,9,12,11,10,1,5,2,14,8,0
2018-19,36,Telangana,3618,SIDDIPET,361809,SIDDIPET (URBAN),1,PS (I-V) ,1,Department of Education,Urban,2,Girls,1,1,0,0,1,1,1,0,1,1,0,0,0,0,1,0,0,0,1,1,0,1,1,1,1,1,1,0,1,0,0
2018-19,36,Telangana,3618,SIDDIPET,361809,SIDDIPET (URBAN),1,PS (I-V) ,98,Madarsa unrecognized,Urban,2,Girls,1,1,0,0,1,1,1,0,1,1,1,1,0,1,1,0,0,0,1,0,0,1,0,0,0,0,0,0,1,0,0
2018-19,36,Telangana,3618,SIDDIPET,361809,SIDDIPET (URBAN),1,PS (I-V) ,3,Local body,Rural,3,Co-educational,13,13,4,0,13,13,10,11,12,12,7,7,7,7,12,2,2,0,7,9,0,8,13,1,9,0,4,0,11,0,3
2018-19,36,Telangana,3618,SIDDIPET,361809,SIDDIPET (URBAN),1,PS (I-V) ,1,Department of Education,Urban,3,Co-educational,8,8,1,0,7,8,8,5,8,8,5,5,3,5,7,6,1,0,6,2,0,5,8,0,3,2,2,0,8,0,0
2018-19,36,Telangana,3618,SIDDIPET,361809,SIDDIPET (URBAN),1,PS (I-V) ,3,Local body,Urban,3,Co-educational,23,23,3,1,23,23,22,18,19,21,18,18,15,17,19,5,1,0,15,13,0,15,21,2,10,1,0,1,21,0,1
2018-19,36,Telangana,3618,SIDDIPET,361809,SIDDIPET (URBAN),1,PS (I-V) ,5,Private Unaided (Recognized),Urban,3,Co-educational,1,1,0,1,1,1,0,1,1,1,1,1,1,1,1,0,0,1,1,0,0,0,0,0,0,0,0,0,1,0,0
2018-19,36,Telangana,3618,SIDDIPET,361809,SIDDIPET (URBAN),1,PS (I-V) ,98,Madarsa unrecognized,Urban,3,Co-educational,1,1,0,0,1,1,0,1,1,1,0,0,0,0,1,1,0,0,0,0,0,0,0,0,0,0,0,0,1,0,0
2018-19,36,Telangana,3618,SIDDIPET,361809,SIDDIPET (URBAN),6, SS (I-X) ,1,Department of Education,Urban,1,Boys,1,1,0,1,1,1,1,1,0,1,1,1,1,0,1,1,0,1,0,1,0,1,0,1,1,0,0,0,1,1,1
2018-19,36,Telangana,3618,SIDDIPET,361809,SIDDIPET (URBAN),6, SS (I-X) ,1,Department of Education,Urban,2,Girls,1,1,1,1,1,1,1,0,1,1,1,1,0,1,1,0,1,1,0,0,0,1,1,1,0,0,0,0,1,1,1
2018-19,36,Telangana,3618,SIDDIPET,361809,SIDDIPET (URBAN),6, SS (I-X) ,5,Private Unaided (Recognized),Rural,3,Co-educational,1,1,1,1,1,1,1,1,1,1,0,0,0,0,1,1,1,1,1,1,0,1,1,0,1,1,0,0,1,0,1
2018-19,36,Telangana,3618,SIDDIPET,361809,SIDDIPET (URBAN),6, SS (I-X) ,3,Local body,Urban,3,Co-educational,1,1,1,0,1,1,1,1,1,1,0,0,0,0,1,0,0,0,0,1,0,1,1,1,1,0,1,0,1,0,0
2018-19,36,Telangana,3618,SIDDIPET,361809,SIDDIPET (URBAN),6, SS (I-X) ,5,Private Unaided (Recognized),Urban,3,Co-educational,41,41,10,30,41,41,41,41,41,41,28,28,28,25,41,34,5,20,16,24,6,37,33,20,35,1,5,1,40,18,8
2018-19,36,Telangana,3618,SIDDIPET,361809,SIDDIPET (URBAN),7,SS (VI-X),1,Department of Education,Urban,1,Boys,1,1,0,1,1,1,1,1,0,1,1,1,1,0,1,1,0,0,0,1,0,1,1,1,1,1,1,0,1,0,0
2018-19,36,Telangana,3618,SIDDIPET,361809,SIDDIPET (URBAN),7,SS (VI-X),1,Department of Education,Urban,2,Girls,2,2,2,2,2,2,2,0,2,2,1,1,0,1,2,1,1,2,0,1,1,2,2,1,2,0,1,0,2,0,0
2018-19,36,Telangana,3618,SIDDIPET,361809,SIDDIPET (URBAN),7,SS (VI-X),3,Local body,Rural,3,Co-educational,6,6,5,4,5,5,6,4,4,4,3,4,4,4,6,2,1,2,2,6,0,6,6,6,6,0,4,0,6,2,0
2018-19,36,Telangana,3618,SIDDIPET,361809,SIDDIPET (URBAN),7,SS (VI-X),1,Department of Education,Urban,3,Co-educational,3,3,2,3,3,3,3,3,3,3,3,3,3,3,3,2,1,2,0,2,0,3,3,2,3,0,1,1,3,1,1
2018-19,36,Telangana,3618,SIDDIPET,361809,SIDDIPET (URBAN),7,SS (VI-X),3,Local body,Urban,3,Co-educational,3,3,3,3,3,3,3,2,3,3,3,3,3,3,3,2,1,1,1,2,0,3,3,2,3,0,3,0,3,2,1
2018-19,36,Telangana,3618,SIDDIPET,361809,SIDDIPET (URBAN),2,UPS (I-VIII) ,1,Department of Education,Urban,1,Boys,1,1,0,0,1,1,1,1,0,1,1,1,1,0,1,0,0,0,0,0,0,0,1,0,1,0,0,0,1,0,0
2018-19,36,Telangana,3618,SIDDIPET,361809,SIDDIPET (URBAN),2,UPS (I-VIII) ,98,Madarsa unrecognized,Urban,1,Boys,1,1,1,0,1,1,1,1,0,1,1,1,1,0,1,1,0,0,0,0,0,1,1,1,0,0,1,0,1,0,0
2018-19,36,Telangana,3618,SIDDIPET,361809,SIDDIPET (URBAN),2,UPS (I-VIII) ,3,Local body,Rural,3,Co-educational,2,2,1,1,2,2,2,2,2,2,1,1,1,1,2,1,0,0,2,2,0,2,2,0,2,1,1,0,2,0,0
2018-19,36,Telangana,3618,SIDDIPET,361809,SIDDIPET (URBAN),2,UPS (I-VIII) ,3,Local body,Urban,3,Co-educational,4,4,3,2,4,4,4,4,4,4,4,4,4,4,4,2,2,0,0,4,0,1,4,0,4,3,0,0,4,0,0
2018-19,36,Telangana,3618,SIDDIPET,361809,SIDDIPET (URBAN),2,UPS (I-VIII) ,5,Private Unaided (Recognized),Urban,3,Co-educational,19,19,5,9,19,19,18,19,19,19,14,14,14,13,19,17,2,5,9,9,2,17,17,10,16,2,2,0,19,6,3
2018-19,36,Telangana,3618,SIDDIPET,361810,THOGUTA,3,HSS (I-XII),90,Social welfare Department,Rural,2,Girls,1,1,1,1,1,1,1,0,1,1,1,1,0,1,1,1,1,1,1,0,1,1,1,1,1,0,0,0,1,1,0
2018-19,36,Telangana,3618,SIDDIPET,361810,THOGUTA,11,HSS (XI-XII),1,Department of Education,Rural,3,Co-educational,1,1,0,1,1,1,1,1,1,1,1,1,1,1,1,1,0,1,0,1,0,1,1,1,1,0,1,0,1,0,0
2018-19,36,Telangana,3618,SIDDIPET,361810,THOGUTA,1,PS (I-V) ,3,Local body,Rural,3,Co-educational,24,24,21,0,24,24,17,23,23,24,24,24,22,23,24,6,6,0,9,21,0,24,24,6,20,3,8,1,10,0,6
2018-19,36,Telangana,3618,SIDDIPET,361810,THOGUTA,1,PS (I-V) ,5,Private Unaided (Recognized),Rural,3,Co-educational,2,2,0,0,2,2,2,2,2,2,1,1,1,1,2,1,1,0,0,0,1,1,0,1,1,0,0,0,2,1,0
2018-19,36,Telangana,3618,SIDDIPET,361810,THOGUTA,7,SS (VI-X),1,Department of Education,Rural,2,Girls,1,1,1,0,1,1,1,0,1,1,1,1,0,1,1,0,0,0,0,0,0,1,1,0,1,0,0,0,0,0,0
2018-19,36,Telangana,3618,SIDDIPET,361810,THOGUTA,7,SS (VI-X),3,Local body,Rural,3,Co-educational,8,8,8,6,8,8,8,8,8,8,8,8,8,8,8,3,1,4,3,8,0,8,8,5,8,4,3,1,7,1,3
2018-19,36,Telangana,3618,SIDDIPET,361810,THOGUTA,2,UPS (I-VIII) ,3,Local body,Rural,3,Co-educational,8,8,8,4,8,8,8,8,8,8,8,8,8,8,7,3,2,0,4,7,0,8,8,4,5,4,4,0,6,0,4
2018-19,36,Telangana,3618,SIDDIPET,361810,THOGUTA,2,UPS (I-VIII) ,5,Private Unaided (Recognized),Rural,3,Co-educational,1,1,0,0,1,1,1,1,1,1,1,1,1,1,1,1,0,0,0,0,0,1,0,1,1,0,1,0,1,1,0
2018-19,36,Telangana,3618,SIDDIPET,361811,MIRDODDI,3,HSS (I-XII),90,Social welfare Department,Rural,1,Boys,1,1,0,1,1,1,1,1,0,1,1,1,0,0,1,1,0,1,1,1,1,1,1,1,1,0,0,1,1,1,1
2018-19,36,Telangana,3618,SIDDIPET,361811,MIRDODDI,5, HSS (VI-XII),1,Department of Education,Rural,3,Co-educational,1,1,0,1,1,1,1,1,1,1,1,1,1,1,1,1,0,0,1,0,0,1,1,1,1,0,0,1,1,0,1
2018-19,36,Telangana,3618,SIDDIPET,361811,MIRDODDI,11,HSS (XI-XII),1,Department of Education,Rural,3,Co-educational,1,1,0,1,1,1,1,1,1,1,1,1,1,1,1,1,0,1,0,1,0,1,0,0,1,0,0,0,1,1,0
2018-19,36,Telangana,3618,SIDDIPET,361811,MIRDODDI,11,HSS (XI-XII),5,Private Unaided (Recognized),Rural,3,Co-educational,1,1,0,0,1,1,1,1,1,1,1,1,1,1,1,0,0,0,0,1,0,0,0,0,0,0,0,0,1,0,0
2018-19,36,Telangana,3618,SIDDIPET,361811,MIRDODDI,1,PS (I-V) ,3,Local body,Rural,3,Co-educational,22,22,9,0,22,22,16,16,20,21,14,15,13,15,22,4,5,0,10,17,0,22,19,2,21,2,7,1,8,0,3
2018-19,36,Telangana,3618,SIDDIPET,361811,MIRDODDI,6, SS (I-X) ,5,Private Unaided (Recognized),Rural,3,Co-educational,3,3,0,1,3,3,3,3,3,3,1,1,1,1,2,2,1,1,0,2,0,3,1,3,3,0,0,0,3,1,1
2018-19,36,Telangana,3618,SIDDIPET,361811,MIRDODDI,7,SS (VI-X),1,Department of Education,Rural,2,Girls,1,1,0,1,1,1,1,0,1,1,0,0,0,0,1,1,0,1,1,0,0,1,1,1,1,0,0,1,0,1,1
2018-19,36,Telangana,3618,SIDDIPET,361811,MIRDODDI,7,SS (VI-X),3,Local body,Rural,2,Girls,1,1,1,0,1,1,1,0,1,1,1,1,0,1,1,1,0,0,0,0,0,1,1,1,1,1,0,0,0,1,0
2018-19,36,Telangana,3618,SIDDIPET,361811,MIRDODDI,7,SS (VI-X),3,Local body,Rural,3,Co-educational,12,12,3,10,12,12,12,9,12,12,11,11,8,11,12,4,1,7,8,12,0,12,12,11,12,2,4,1,9,5,6
2018-19,36,Telangana,3618,SIDDIPET,361811,MIRDODDI,2,UPS (I-VIII) ,3,Local body,Rural,3,Co-educational,3,3,3,1,3,3,3,3,3,3,3,3,3,3,3,1,1,0,2,3,0,3,3,0,3,2,1,1,3,0,1
2018-19,36,Telangana,3618,SIDDIPET,361811,MIRDODDI,2,UPS (I-VIII) ,5,Private Unaided (Recognized),Rural,3,Co-educational,6,6,0,5,6,6,5,6,6,6,5,5,5,5,6,6,6,5,0,5,0,3,2,6,6,3,0,0,5,1,3
2018-19,36,Telangana,3618,SIDDIPET,361812,DOULTABAD,3,HSS (I-XII),1,Department of Education,Rural,1,Boys,1,1,0,1,1,1,1,1,0,1,0,0,0,0,1,0,1,0,0,1,0,1,1,0,1,1,0,0,1,1,0
2018-19,36,Telangana,3618,SIDDIPET,361812,DOULTABAD,5, HSS (VI-XII),1,Department of Education,Rural,3,Co-educational,1,1,0,1,1,1,1,1,1,1,1,1,1,1,1,1,1,0,0,1,0,1,1,1,1,1,0,0,1,0,0
2018-19,36,Telangana,3618,SIDDIPET,361812,DOULTABAD,11,HSS (XI-XII),1,Department of Education,Rural,3,Co-educational,1,1,1,1,1,1,1,0,1,1,1,1,0,1,1,0,1,0,0,0,0,1,1,0,1,1,0,0,1,0,0
2018-19,36,Telangana,3618,SIDDIPET,361812,DOULTABAD,1,PS (I-V) ,3,Local body,Rural,3,Co-educational,23,23,0,1,23,23,22,18,23,23,19,19,18,19,22,2,23,0,2,16,4,23,23,1,13,19,10,0,10,0,2
2018-19,36,Telangana,3618,SIDDIPET,361812,DOULTABAD,1,PS (I-V) ,5,Private Unaided (Recognized),Rural,3,Co-educational,2,2,0,0,2,2,2,2,2,2,2,2,2,2,2,2,2,0,0,2,1,2,2,1,2,1,0,0,2,0,0
2018-19,36,Telangana,3618,SIDDIPET,361812,DOULTABAD,6, SS (I-X) ,5,Private Unaided (Recognized),Rural,3,Co-educational,1,1,0,1,1,1,1,1,1,1,0,0,0,0,1,1,1,0,0,1,0,1,1,1,1,1,0,0,1,1,0
2018-19,36,Telangana,3618,SIDDIPET,361812,DOULTABAD,7,SS (VI-X),3,Local body,Rural,1,Boys,1,1,1,1,1,1,1,0,0,0,0,1,1,0,1,1,1,0,0,1,0,1,1,0,1,1,1,0,1,0,0
2018-19,36,Telangana,3618,SIDDIPET,361812,DOULTABAD,7,SS (VI-X),1,Department of Education,Rural,2,Girls,1,1,0,1,1,1,1,0,1,1,1,1,0,1,1,0,1,0,0,1,0,1,1,1,1,1,0,1,1,1,0
2018-19,36,Telangana,3618,SIDDIPET,361812,DOULTABAD,7,SS (VI-X),3,Local body,Rural,2,Girls,1,1,1,1,1,1,1,0,1,1,0,0,0,0,1,1,1,0,0,1,0,1,1,1,1,1,0,0,1,0,0
2018-19,36,Telangana,3618,SIDDIPET,361812,DOULTABAD,7,SS (VI-X),3,Local body,Rural,3,Co-educational,4,4,0,2,4,4,4,3,4,4,1,1,0,1,4,1,4,1,0,4,0,4,4,4,3,4,3,0,3,0,0
2018-19,36,Telangana,3618,SIDDIPET,361812,DOULTABAD,2,UPS (I-VIII) ,3,Local body,Rural,3,Co-educational,5,5,0,3,5,5,5,5,5,5,4,4,3,4,5,0,5,0,0,4,0,5,5,1,4,5,5,0,2,0,0
2018-19,36,Telangana,3618,SIDDIPET,361812,DOULTABAD,2,UPS (I-VIII) ,5,Private Unaided (Recognized),Rural,3,Co-educational,1,1,0,0,1,1,1,1,1,1,1,1,1,1,1,1,1,0,0,1,0,1,1,1,1,0,1,0,1,0,0
2018-19,36,Telangana,3618,SIDDIPET,361813,RAYAPOLE,1,PS (I-V) ,3,Local body,Rural,3,Co-educational,19,19,18,0,19,19,17,15,19,19,9,9,7,9,17,3,19,0,1,14,0,19,19,1,15,13,13,0,8,1,0
2018-19,36,Telangana,3618,SIDDIPET,361813,RAYAPOLE,7,SS (VI-X),1,Department of Education,Rural,2,Girls,1,1,1,0,1,1,1,0,1,1,1,1,0,1,1,0,1,0,0,0,0,0,1,0,0,1,0,0,1,0,0
2018-19,36,Telangana,3618,SIDDIPET,361813,RAYAPOLE,7,SS (VI-X),3,Local body,Rural,3,Co-educational,6,6,5,6,6,6,6,5,6,6,5,5,4,5,6,2,6,4,0,6,0,6,6,4,5,4,3,0,4,2,1
2018-19,36,Telangana,3618,SIDDIPET,361813,RAYAPOLE,2,UPS (I-VIII) ,3,Local body,Rural,3,Co-educational,4,4,4,0,4,4,4,2,4,4,4,4,4,4,4,0,4,0,0,1,0,4,4,0,1,3,2,0,1,0,1
2018-19,36,Telangana,3618,SIDDIPET,361814,WARGAL,5, HSS (VI-XII),93,Jawahar Navodaya Vidyalaya,Rural,3,Co-educational,1,1,0,0,1,1,1,1,1,1,1,1,1,1,0,1,0,0,1,1,1,1,1,1,1,0,1,1,1,1,0
2018-19,36,Telangana,3618,SIDDIPET,361814,WARGAL,11,HSS (XI-XII),1,Department of Education,Rural,3,Co-educational,1,1,0,1,1,1,1,1,1,1,0,0,0,0,1,0,1,0,1,0,0,1,1,0,1,0,1,0,1,0,0
2018-19,36,Telangana,3618,SIDDIPET,361814,WARGAL,1,PS (I-V) ,3,Local body,Rural,3,Co-educational,31,31,3,0,31,31,30,23,30,31,25,25,18,25,19,6,1,0,31,19,0,29,31,2,16,0,2,1,27,0,1
2018-19,36,Telangana,3618,SIDDIPET,361814,WARGAL,6, SS (I-X) ,90,Social welfare Department,Rural,1,Boys,1,1,0,0,1,1,1,1,0,1,0,0,0,0,0,0,0,0,1,0,0,1,0,0,0,0,0,0,1,0,0
2018-19,36,Telangana,3618,SIDDIPET,361814,WARGAL,6, SS (I-X) ,5,Private Unaided (Recognized),Rural,3,Co-educational,3,3,0,0,3,3,3,3,3,3,2,2,2,1,2,3,0,0,3,2,0,3,1,2,3,0,0,0,3,0,0
2018-19,36,Telangana,3618,SIDDIPET,361814,WARGAL,7,SS (VI-X),1,Department of Education,Rural,2,Girls,1,1,0,1,1,1,1,0,1,1,0,0,0,0,1,1,0,0,1,1,0,1,1,1,0,0,0,1,1,1,0
2018-19,36,Telangana,3618,SIDDIPET,361814,WARGAL,7,SS (VI-X),3,Local body,Rural,3,Co-educational,10,10,1,4,10,10,10,6,9,9,8,8,6,7,7,4,0,1,10,8,1,10,10,9,7,0,2,0,10,1,1
2018-19,36,Telangana,3618,SIDDIPET,361814,WARGAL,2,UPS (I-VIII) ,3,Local body,Rural,3,Co-educational,2,2,0,0,2,2,2,2,2,2,2,2,2,2,2,0,0,0,2,2,0,2,2,1,2,0,1,0,1,0,0
2018-19,36,Telangana,3618,SIDDIPET,361814,WARGAL,2,UPS (I-VIII) ,5,Private Unaided (Recognized),Rural,3,Co-educational,2,2,0,0,2,2,2,1,1,1,1,2,2,2,2,1,0,0,2,1,0,2,0,1,2,0,0,0,2,1,0
2018-19,36,Telangana,3618,SIDDIPET,361815,MULUG,3,HSS (I-XII),90,Social welfare Department,Rural,2,Girls,1,1,1,1,1,1,1,0,1,1,1,1,0,1,1,1,1,1,1,1,1,1,1,1,1,1,1,1,1,1,1
2018-19,36,Telangana,3618,SIDDIPET,361815,MULUG,11,HSS (XI-XII),1,Department of Education,Rural,3,Co-educational,1,1,1,0,1,1,1,1,1,1,0,0,0,0,0,0,0,0,0,1,1,1,1,0,1,0,1,0,1,0,0
2018-19,36,Telangana,3618,SIDDIPET,361815,MULUG,1,PS (I-V) ,3,Local body,Rural,3,Co-educational,31,31,29,4,30,30,25,26,26,28,23,23,22,22,28,1,10,0,16,25,0,30,30,4,16,6,10,2,24,2,4
2018-19,36,Telangana,3618,SIDDIPET,361815,MULUG,6, SS (I-X) ,5,Private Unaided (Recognized),Rural,3,Co-educational,2,2,2,0,2,2,2,2,2,2,1,1,1,1,1,2,0,0,0,1,1,2,2,2,2,0,0,0,2,1,1
2018-19,36,Telangana,3618,SIDDIPET,361815,MULUG,7,SS (VI-X),1,Department of Education,Rural,2,Girls,1,1,1,1,1,1,1,0,1,1,1,1,0,1,1,1,1,1,1,1,0,1,1,1,1,0,1,1,1,1,1
2018-19,36,Telangana,3618,SIDDIPET,361815,MULUG,7,SS (VI-X),3,Local body,Rural,3,Co-educational,7,7,6,5,7,7,6,6,7,7,7,7,5,7,4,2,0,2,7,6,0,7,7,6,6,1,2,2,7,2,3
2018-19,36,Telangana,3618,SIDDIPET,361815,MULUG,2,UPS (I-VIII) ,3,Local body,Rural,3,Co-educational,3,3,3,1,3,3,3,2,3,3,3,3,2,3,3,0,2,0,1,1,0,3,3,1,2,1,3,1,3,0,0
2018-19,36,Telangana,3618,SIDDIPET,361815,MULUG,2,UPS (I-VIII) ,5,Private Unaided (Recognized),Rural,3,Co-educational,4,4,4,1,4,4,4,4,4,4,3,3,3,3,4,4,3,0,0,1,0,4,4,4,2,2,3,0,4,3,1
2018-19,36,Telangana,3618,SIDDIPET,361816,MARKOOK,1,PS (I-V) ,3,Local body,Rural,3,Co-educational,13,13,9,2,12,12,10,13,11,12,10,10,9,10,11,3,3,0,7,10,0,12,12,4,10,8,4,0,8,0,4
2018-19,36,Telangana,3618,SIDDIPET,361816,MARKOOK,7,SS (VI-X),1,Department of Education,Rural,2,Girls,1,1,1,0,1,1,1,0,1,1,1,1,0,1,1,1,1,0,1,1,0,1,1,0,0,0,0,0,1,0,1
2018-19,36,Telangana,3618,SIDDIPET,361816,MARKOOK,7,SS (VI-X),3,Local body,Rural,3,Co-educational,4,4,4,3,4,4,4,3,4,4,4,4,3,4,4,1,2,3,4,3,0,4,4,4,1,0,2,0,4,2,0
2018-19,36,Telangana,3618,SIDDIPET,361816,MARKOOK,2,UPS (I-VIII) ,3,Local body,Rural,3,Co-educational,6,6,6,2,6,6,5,6,6,6,5,5,5,4,6,2,3,0,5,6,0,6,6,3,6,5,3,0,6,1,4
2018-19,36,Telangana,3618,SIDDIPET,361816,MARKOOK,2,UPS (I-VIII) ,5,Private Unaided (Recognized),Rural,3,Co-educational,2,2,2,0,2,2,2,2,2,2,1,1,0,1,2,2,1,0,2,1,0,2,2,2,2,0,2,0,2,0,0
2018-19,36,Telangana,3618,SIDDIPET,361817,JAGADEVPUR,5, HSS (VI-XII),1,Department of Education,Rural,3,Co-educational,1,1,0,1,1,1,1,1,1,1,1,1,1,1,1,1,0,0,1,1,0,1,1,0,1,0,1,0,1,0,0
2018-19,36,Telangana,3618,SIDDIPET,361817,JAGADEVPUR,11,HSS (XI-XII),1,Department of Education,Rural,2,Girls,1,1,0,1,1,1,1,0,1,1,1,1,0,1,1,0,1,1,1,0,1,1,1,1,1,0,0,0,1,1,0
2018-19,36,Telangana,3618,SIDDIPET,361817,JAGADEVPUR,11,HSS (XI-XII),1,Department of Education,Rural,3,Co-educational,1,1,0,1,1,1,1,1,1,1,1,1,0,1,1,0,1,0,1,1,1,1,1,1,1,0,0,0,1,0,0
2018-19,36,Telangana,3618,SIDDIPET,361817,JAGADEVPUR,11,HSS (XI-XII),5,Private Unaided (Recognized),Rural,3,Co-educational,1,1,0,1,1,1,1,1,1,1,1,1,1,1,1,1,1,1,1,1,0,1,1,0,1,0,0,0,0,0,0
2018-19,36,Telangana,3618,SIDDIPET,361817,JAGADEVPUR,1,PS (I-V) ,3,Local body,Rural,3,Co-educational,29,29,9,0,28,29,22,26,24,27,24,25,24,20,25,5,7,0,13,23,0,29,27,4,24,1,9,0,19,1,1
2018-19,36,Telangana,3618,SIDDIPET,361817,JAGADEVPUR,1,PS (I-V) ,4,Government Aided,Rural,3,Co-educational,1,1,1,0,1,1,1,1,1,1,1,1,1,1,1,1,0,0,0,1,0,1,1,1,1,0,0,0,1,1,0
2018-19,36,Telangana,3618,SIDDIPET,361817,JAGADEVPUR,6, SS (I-X) ,1,Department of Education,Rural,1,Boys,1,1,0,1,1,1,1,1,0,1,1,1,1,0,1,0,0,1,0,0,0,1,0,0,1,0,0,0,1,0,0
2018-19,36,Telangana,3618,SIDDIPET,361817,JAGADEVPUR,6, SS (I-X) ,1,Department of Education,Rural,2,Girls,1,1,0,1,1,1,1,0,1,1,1,1,0,1,1,1,1,0,1,0,1,1,1,1,1,0,0,0,1,1,0
2018-19,36,Telangana,3618,SIDDIPET,361817,JAGADEVPUR,6, SS (I-X) ,90,Social welfare Department,Rural,2,Girls,1,1,1,1,1,1,1,0,1,1,1,1,0,1,1,0,1,1,0,0,0,1,1,0,1,0,0,0,1,1,0
2018-19,36,Telangana,3618,SIDDIPET,361817,JAGADEVPUR,6, SS (I-X) ,5,Private Unaided (Recognized),Rural,3,Co-educational,3,3,1,3,3,3,3,3,3,3,2,2,2,2,3,2,1,2,3,1,1,3,2,2,3,0,1,0,3,1,0
2018-19,36,Telangana,3618,SIDDIPET,361817,JAGADEVPUR,7,SS (VI-X),1,Department of Education,Rural,2,Girls,1,1,1,1,1,1,1,0,1,1,1,1,0,1,1,0,1,1,0,1,0,1,1,1,1,0,0,0,1,1,1
2018-19,36,Telangana,3618,SIDDIPET,361817,JAGADEVPUR,7,SS (VI-X),3,Local body,Rural,2,Girls,1,1,0,0,1,1,1,0,1,1,1,1,0,1,1,0,0,1,0,0,0,1,1,1,0,0,1,0,1,0,0
2018-19,36,Telangana,3618,SIDDIPET,361817,JAGADEVPUR,7,SS (VI-X),1,Department of Education,Rural,3,Co-educational,1,1,0,1,1,1,1,1,1,1,1,1,1,1,1,0,0,0,1,1,0,1,1,1,1,1,1,0,1,1,0
2018-19,36,Telangana,3618,SIDDIPET,361817,JAGADEVPUR,7,SS (VI-X),3,Local body,Rural,3,Co-educational,8,8,5,4,7,7,8,7,8,8,7,7,6,6,7,1,1,4,3,7,0,8,8,8,8,0,7,0,8,2,0
2018-19,36,Telangana,3618,SIDDIPET,361817,JAGADEVPUR,2,UPS (I-VIII) ,3,Local body,Rural,3,Co-educational,3,3,0,1,3,3,3,3,3,3,3,3,3,2,3,1,0,0,0,3,0,3,3,0,2,0,3,0,2,0,0
2018-19,36,Telangana,3618,SIDDIPET,361817,JAGADEVPUR,2,UPS (I-VIII) ,5,Private Unaided (Recognized),Rural,3,Co-educational,4,4,0,2,4,4,4,4,4,4,3,3,3,3,3,2,1,2,2,3,0,4,2,4,4,0,1,0,4,1,0
2018-19,36,Telangana,3618,SIDDIPET,361818,GAJWEL,5, HSS (VI-XII),1,Department of Education,Urban,2,Girls,1,1,1,1,1,1,1,0,1,1,1,1,0,1,1,0,1,0,0,1,0,1,1,1,1,0,0,1,1,0,1
2018-19,36,Telangana,3618,SIDDIPET,361818,GAJWEL,5, HSS (VI-XII),1,Department of Education,Urban,3,Co-educational,1,1,1,1,1,1,1,1,1,1,1,1,1,0,1,1,0,1,1,0,1,1,1,1,1,1,1,0,1,0,0
2018-19,36,Telangana,3618,SIDDIPET,361818,GAJWEL,11,HSS (XI-XII),1,Department of Education,Urban,2,Girls,1,1,1,1,1,1,1,0,0,0,0,0,0,0,1,1,0,1,0,0,0,1,1,0,1,0,0,0,1,0,0
2018-19,36,Telangana,3618,SIDDIPET,361818,GAJWEL,11,HSS (XI-XII),1,Department of Education,Urban,3,Co-educational,1,1,0,1,1,1,1,1,1,1,1,1,0,1,1,1,1,1,0,1,0,1,0,1,1,0,0,0,1,1,1
2018-19,36,Telangana,3618,SIDDIPET,361818,GAJWEL,11,HSS (XI-XII),5,Private Unaided (Recognized),Urban,3,Co-educational,8,8,0,8,8,8,8,8,8,8,7,7,6,7,8,7,2,5,0,6,0,8,1,7,5,4,0,2,8,7,0
2018-19,36,Telangana,3618,SIDDIPET,361818,GAJWEL,1,PS (I-V) ,5,Private Unaided (Recognized),Urban,2,Girls,1,1,0,0,1,1,1,0,1,1,1,1,0,1,1,1,0,0,1,0,0,1,1,0,1,0,1,0,1,0,1
2018-19,36,Telangana,3618,SIDDIPET,361818,GAJWEL,1,PS (I-V) ,3,Local body,Rural,3,Co-educational,19,19,9,2,19,19,18,13,16,18,14,14,10,14,17,5,9,0,19,16,2,19,18,4,12,9,15,1,12,1,4
2018-19,36,Telangana,3618,SIDDIPET,361818,GAJWEL,1,PS (I-V) ,3,Local body,Urban,3,Co-educational,12,12,7,3,12,12,11,7,11,11,7,8,4,7,10,2,1,0,12,7,0,12,12,3,7,6,9,1,12,1,0
2018-19,36,Telangana,3618,SIDDIPET,361818,GAJWEL,6, SS (I-X) ,90,Social welfare Department,Rural,2,Girls,1,1,0,1,1,1,1,0,1,1,0,0,0,0,1,1,1,0,1,0,0,1,1,1,1,1,1,0,1,1,0
2018-19,36,Telangana,3618,SIDDIPET,361818,GAJWEL,6, SS (I-X) ,1,Department of Education,Urban,2,Girls,1,1,1,1,1,1,1,0,1,1,1,1,0,1,1,0,1,1,1,0,0,1,1,1,1,0,1,0,1,1,0
2018-19,36,Telangana,3618,SIDDIPET,361818,GAJWEL,6, SS (I-X) ,3,Local body,Rural,3,Co-educational,1,1,1,1,1,1,1,1,1,1,1,1,1,1,1,1,0,0,1,1,0,1,1,0,1,1,1,0,1,0,0
2018-19,36,Telangana,3618,SIDDIPET,361818,GAJWEL,6, SS (I-X) ,1,Department of Education,Urban,3,Co-educational,1,1,0,1,1,1,1,1,0,1,1,1,1,0,1,0,0,0,0,0,0,1,1,0,0,0,1,0,1,1,1
2018-19,36,Telangana,3618,SIDDIPET,361818,GAJWEL,6, SS (I-X) ,5,Private Unaided (Recognized),Urban,3,Co-educational,16,16,10,14,16,16,16,16,16,16,13,13,13,10,16,16,11,11,1,7,0,16,14,14,14,9,13,5,15,11,13
2018-19,36,Telangana,3618,SIDDIPET,361818,GAJWEL,7,SS (VI-X),1,Department of Education,Urban,1,Boys,1,1,0,1,1,1,1,1,0,1,1,1,1,0,1,0,1,0,1,1,0,1,1,0,1,0,1,0,1,0,0
2018-19,36,Telangana,3618,SIDDIPET,361818,GAJWEL,7,SS (VI-X),3,Local body,Urban,2,Girls,1,1,1,1,1,1,1,0,1,1,0,0,0,0,1,0,0,0,1,1,0,1,1,1,1,1,1,0,1,0,0
2018-19,36,Telangana,3618,SIDDIPET,361818,GAJWEL,7,SS (VI-X),4,Government Aided,Urban,2,Girls,1,1,1,0,1,1,1,0,1,1,1,1,0,1,1,1,1,0,1,0,0,1,1,1,1,0,1,1,1,0,1
2018-19,36,Telangana,3618,SIDDIPET,361818,GAJWEL,7,SS (VI-X),3,Local body,Rural,3,Co-educational,8,8,7,5,8,8,8,7,8,8,7,7,7,7,8,2,4,2,8,6,1,8,8,8,8,3,8,0,8,2,2
2018-19,36,Telangana,3618,SIDDIPET,361818,GAJWEL,7,SS (VI-X),3,Local body,Urban,3,Co-educational,2,2,1,2,2,2,2,1,2,2,2,2,1,2,2,0,0,1,2,2,1,2,2,2,1,1,2,1,2,0,0
2018-19,36,Telangana,3618,SIDDIPET,361818,GAJWEL,2,UPS (I-VIII) ,3,Local body,Rural,3,Co-educational,8,8,4,4,8,8,8,7,7,7,7,7,5,7,8,1,4,0,8,6,0,8,8,1,6,4,8,0,6,0,2
2018-19,36,Telangana,3618,SIDDIPET,361818,GAJWEL,2,UPS (I-VIII) ,5,Private Unaided (Recognized),Rural,3,Co-educational,1,1,1,1,1,1,1,1,1,1,0,0,0,0,1,1,0,0,1,0,0,1,1,1,1,0,1,0,1,0,1
2018-19,36,Telangana,3618,SIDDIPET,361818,GAJWEL,2,UPS (I-VIII) ,3,Local body,Urban,3,Co-educational,3,3,2,0,3,3,3,2,3,3,3,3,2,3,2,1,0,0,3,1,0,3,3,2,0,2,3,0,2,0,1
2018-19,36,Telangana,3618,SIDDIPET,361818,GAJWEL,2,UPS (I-VIII) ,5,Private Unaided (Recognized),Urban,3,Co-educational,5,5,3,5,5,5,4,5,5,5,4,4,4,4,5,4,1,2,0,3,1,5,5,5,5,3,4,1,4,2,3
2018-19,36,Telangana,3618,SIDDIPET,361819,KONDAPAK,5, HSS (VI-XII),1,Department of Education,Rural,3,Co-educational,1,1,0,1,1,1,1,1,1,1,1,1,1,1,1,1,0,1,1,1,0,1,1,1,1,1,1,0,1,1,1
2018-19,36,Telangana,3618,SIDDIPET,361819,KONDAPAK,11,HSS (XI-XII),1,Department of Education,Rural,3,Co-educational,1,1,0,1,1,1,1,1,1,1,1,1,1,1,1,1,0,0,1,1,1,1,1,1,1,0,0,0,1,0,0
2018-19,36,Telangana,3618,SIDDIPET,361819,KONDAPAK,1,PS (I-V) ,3,Local body,Rural,3,Co-educational,40,40,0,0,40,40,36,37,39,39,35,35,33,35,40,10,2,0,40,28,0,40,40,4,33,2,28,0,39,0,3
2018-19,36,Telangana,3618,SIDDIPET,361819,KONDAPAK,1,PS (I-V) ,5,Private Unaided (Recognized),Rural,3,Co-educational,1,1,0,0,0,0,1,1,1,1,0,0,0,0,1,0,0,0,1,0,0,1,0,1,1,0,0,0,1,0,0
2018-19,36,Telangana,3618,SIDDIPET,361819,KONDAPAK,6, SS (I-X) ,90,Social welfare Department,Rural,1,Boys,1,1,1,1,1,1,1,1,0,1,1,1,1,0,1,0,0,1,1,0,0,1,1,1,1,0,1,0,1,1,0
2018-19,36,Telangana,3618,SIDDIPET,361819,KONDAPAK,6, SS (I-X) ,5,Private Unaided (Recognized),Rural,3,Co-educational,3,3,0,2,3,3,3,3,3,3,3,3,3,3,3,3,1,2,3,1,0,3,2,1,3,0,2,0,3,2,1
2018-19,36,Telangana,3618,SIDDIPET,361819,KONDAPAK,7,SS (VI-X),3,Local body,Rural,1,Boys,1,1,0,1,1,1,1,1,0,1,1,1,1,0,1,1,0,1,1,1,0,1,1,1,1,1,1,0,1,0,1
2018-19,36,Telangana,3618,SIDDIPET,361819,KONDAPAK,7,SS (VI-X),1,Department of Education,Rural,2,Girls,1,1,0,1,1,1,1,0,1,1,1,1,0,1,1,1,1,1,1,1,1,1,1,1,1,1,1,1,1,1,1
2018-19,36,Telangana,3618,SIDDIPET,361819,KONDAPAK,7,SS (VI-X),3,Local body,Rural,3,Co-educational,13,13,0,10,13,13,13,13,13,13,13,13,13,13,13,12,4,8,13,13,1,13,13,9,11,1,10,0,13,1,2
2018-19,36,Telangana,3618,SIDDIPET,361819,KONDAPAK,2,UPS (I-VIII) ,3,Local body,Rural,3,Co-educational,3,3,0,1,3,3,3,3,3,3,3,3,3,3,3,1,0,0,3,2,0,3,3,1,3,1,2,0,3,0,1
2018-19,36,Telangana,3618,SIDDIPET,361819,KONDAPAK,2,UPS (I-VIII) ,5,Private Unaided (Recognized),Rural,3,Co-educational,6,6,0,0,5,6,6,6,6,6,6,6,6,6,6,6,0,0,6,4,0,6,6,3,6,0,1,0,6,1,0
2018-19,36,Telangana,3618,SIDDIPET,361820,KOMARAVELLY,1,PS (I-V) ,3,Local body,Rural,3,Co-educational,12,12,1,1,12,12,9,11,12,12,12,12,11,12,12,4,7,0,6,10,0,12,9,4,11,4,5,1,11,0,4
2018-19,36,Telangana,3618,SIDDIPET,361820,KOMARAVELLY,6, SS (I-X) ,5,Private Unaided (Recognized),Rural,3,Co-educational,1,1,0,0,1,1,1,1,1,0,0,1,1,1,1,1,1,0,0,0,0,0,0,0,1,0,0,0,1,0,0
2018-19,36,Telangana,3618,SIDDIPET,361820,KOMARAVELLY,7,SS (VI-X),1,Department of Education,Rural,2,Girls,1,1,0,0,1,1,1,0,1,1,1,1,0,1,1,1,1,0,0,1,0,0,1,1,1,0,0,0,0,0,1
2018-19,36,Telangana,3618,SIDDIPET,361820,KOMARAVELLY,7,SS (VI-X),3,Local body,Rural,3,Co-educational,4,4,0,2,4,4,4,4,4,4,4,4,4,4,4,1,1,0,1,3,0,4,3,4,3,1,4,2,4,1,3
2018-19,36,Telangana,3618,SIDDIPET,361820,KOMARAVELLY,2,UPS (I-VIII) ,3,Local body,Rural,3,Co-educational,3,3,1,2,3,3,3,3,3,3,2,2,2,2,3,1,1,0,1,3,0,3,3,1,3,0,2,0,3,0,0
2018-19,36,Telangana,3618,SIDDIPET,361821,CHERIYAL,3,HSS (I-XII),90,Social welfare Department,Rural,1,Boys,1,1,1,1,1,1,1,1,0,1,1,1,1,0,1,1,0,1,1,0,1,1,1,1,1,1,0,0,1,0,1
2018-19,36,Telangana,3618,SIDDIPET,361821,CHERIYAL,5, HSS (VI-XII),1,Department of Education,Rural,3,Co-educational,1,1,1,1,1,1,1,1,1,1,1,1,1,1,1,1,1,1,1,1,0,1,1,1,1,1,0,0,1,1,1
2018-19,36,Telangana,3618,SIDDIPET,361821,CHERIYAL,11,HSS (XI-XII),1,Department of Education,Rural,3,Co-educational,1,1,0,0,1,1,1,1,1,1,1,1,1,1,1,1,1,0,0,1,1,1,0,1,1,0,0,0,1,0,1
2018-19,36,Telangana,3618,SIDDIPET,361821,CHERIYAL,11,HSS (XI-XII),5,Private Unaided (Recognized),Rural,3,Co-educational,7,7,0,0,7,7,7,7,7,7,7,7,7,7,3,7,2,7,0,7,0,7,1,7,5,0,0,0,7,0,0
2018-19,36,Telangana,3618,SIDDIPET,361821,CHERIYAL,1,PS (I-V) ,3,Local body,Rural,3,Co-educational,30,30,23,0,29,30,28,22,28,28,28,30,25,30,24,9,7,0,7,27,0,29,26,6,17,5,15,3,25,0,3
2018-19,36,Telangana,3618,SIDDIPET,361821,CHERIYAL,6, SS (I-X) ,5,Private Unaided (Recognized),Rural,3,Co-educational,9,9,3,5,9,9,9,9,9,9,9,9,9,9,4,8,0,7,0,8,0,9,3,5,9,1,0,0,9,1,3
2018-19,36,Telangana,3618,SIDDIPET,361821,CHERIYAL,7,SS (VI-X),1,Department of Education,Rural,2,Girls,1,1,1,1,1,1,1,0,1,1,1,1,0,1,1,1,0,1,1,1,0,1,1,1,1,0,0,1,1,0,1
2018-19,36,Telangana,3618,SIDDIPET,361821,CHERIYAL,7,SS (VI-X),3,Local body,Rural,2,Girls,1,1,1,0,1,1,1,0,1,1,1,1,0,1,1,0,0,0,0,1,0,1,1,1,1,0,0,0,1,0,0
2018-19,36,Telangana,3618,SIDDIPET,361821,CHERIYAL,7,SS (VI-X),1,Department of Education,Rural,3,Co-educational,1,1,1,0,1,1,1,1,1,1,1,1,1,1,0,0,1,0,0,1,0,1,1,1,1,0,0,0,1,0,1
2018-19,36,Telangana,3618,SIDDIPET,361821,CHERIYAL,7,SS (VI-X),3,Local body,Rural,3,Co-educational,12,12,10,7,12,12,12,11,12,12,11,11,11,11,12,6,1,6,2,12,0,12,11,12,10,4,10,1,12,1,3
2018-19,36,Telangana,3618,SIDDIPET,361821,CHERIYAL,2,UPS (I-VIII) ,3,Local body,Rural,3,Co-educational,3,3,2,1,3,3,3,3,3,3,3,3,3,2,2,1,0,0,1,1,0,3,2,1,1,0,2,0,3,0,0
2018-19,36,Telangana,3618,SIDDIPET,361821,CHERIYAL,2,UPS (I-VIII) ,5,Private Unaided (Recognized),Rural,3,Co-educational,1,1,1,0,1,1,1,1,0,1,1,1,1,0,0,1,0,0,0,1,0,1,1,1,1,0,0,0,1,0,0
2018-19,36,Telangana,3618,SIDDIPET,361822,MADDUR,5, HSS (VI-XII),1,Department of Education,Rural,3,Co-educational,1,1,0,1,1,1,1,1,1,1,1,1,1,1,1,1,0,0,1,1,0,1,1,1,1,0,1,0,1,1,0
2018-19,36,Telangana,3618,SIDDIPET,361822,MADDUR,11,HSS (XI-XII),1,Department of Education,Rural,3,Co-educational,1,1,0,0,1,1,1,0,0,0,0,0,0,0,1,0,0,0,0,1,1,1,0,1,1,0,0,0,1,1,0
2018-19,36,Telangana,3618,SIDDIPET,361822,MADDUR,11,HSS (XI-XII),5,Private Unaided (Recognized),Rural,3,Co-educational,1,1,0,0,1,1,1,1,1,1,1,1,1,1,1,1,0,0,0,1,0,1,0,1,1,0,0,0,0,0,0
2018-19,36,Telangana,3618,SIDDIPET,361822,MADDUR,1,PS (I-V) ,3,Local body,Rural,3,Co-educational,26,26,16,0,23,23,15,25,26,26,21,21,21,21,24,12,3,0,9,19,0,18,20,3,25,2,11,0,22,1,0
2018-19,36,Telangana,3618,SIDDIPET,361822,MADDUR,7,SS (VI-X),1,Department of Education,Rural,2,Girls,1,1,0,1,1,1,1,0,1,1,1,1,0,1,1,1,0,1,1,1,1,1,1,1,1,0,0,0,1,1,0
2018-19,36,Telangana,3618,SIDDIPET,361822,MADDUR,7,SS (VI-X),1,Department of Education,Rural,3,Co-educational,1,1,1,1,1,1,1,1,1,1,1,1,1,1,1,1,0,0,0,1,0,1,1,1,1,0,1,0,1,0,0
2018-19,36,Telangana,3618,SIDDIPET,361822,MADDUR,7,SS (VI-X),3,Local body,Rural,3,Co-educational,9,9,6,6,8,9,9,6,9,9,8,8,6,8,9,6,1,3,5,8,2,9,9,9,9,1,8,0,9,1,0
2018-19,36,Telangana,3618,SIDDIPET,361822,MADDUR,2,UPS (I-VIII) ,3,Local body,Rural,3,Co-educational,6,6,4,2,6,6,5,5,5,5,5,5,5,5,5,1,0,0,2,6,0,6,6,3,6,1,4,0,6,1,0
2018-19,36,Telangana,3618,SIDDIPET,361822,MADDUR,2,UPS (I-VIII) ,5,Private Unaided (Recognized),Rural,3,Co-educational,2,2,0,2,2,2,1,2,2,2,2,2,2,2,2,2,1,0,1,2,0,1,0,1,2,1,0,0,2,1,0
2018-19,36,Telangana,3618,SIDDIPET,361823,NARAYANRAOPET,3,HSS (I-XII),90,Social welfare Department,Rural,1,Boys,1,1,1,1,1,1,1,1,0,1,1,1,1,0,1,0,0,0,0,0,1,1,1,0,1,1,0,0,1,0,1
2018-19,36,Telangana,3618,SIDDIPET,361823,NARAYANRAOPET,1,PS (I-V) ,3,Local body,Rural,3,Co-educational,11,11,8,0,10,10,8,11,11,11,9,9,9,8,10,5,0,0,8,4,0,8,10,0,6,3,6,0,9,0,1
2018-19,36,Telangana,3618,SIDDIPET,361823,NARAYANRAOPET,1,PS (I-V) ,5,Private Unaided (Recognized),Rural,3,Co-educational,1,1,0,1,1,1,1,1,1,1,1,1,1,0,1,0,0,0,0,1,0,1,1,1,1,1,0,0,1,1,1
2018-19,36,Telangana,3618,SIDDIPET,361823,NARAYANRAOPET,6, SS (I-X) ,1,Department of Education,Rural,1,Boys,1,1,1,1,1,1,1,1,0,1,1,1,1,0,1,1,0,0,0,0,0,0,1,0,1,0,0,0,1,0,0
2018-19,36,Telangana,3618,SIDDIPET,361823,NARAYANRAOPET,7,SS (VI-X),3,Local body,Rural,3,Co-educational,4,4,3,3,3,3,4,4,4,4,3,3,3,3,4,1,0,1,2,3,0,4,4,4,3,0,2,0,4,1,2
2018-19,36,Telangana,3618,SIDDIPET,361823,NARAYANRAOPET,7,SS (VI-X),5,Private Unaided (Recognized),Rural,3,Co-educational,1,1,0,1,1,1,1,1,1,1,1,1,1,1,1,1,1,0,0,1,0,1,1,1,1,1,0,0,1,1,1
2018-19,36,Telangana,3618,SIDDIPET,361823,NARAYANRAOPET,2,UPS (I-VIII) ,3,Local body,Rural,3,Co-educational,3,3,1,1,3,3,3,3,3,3,3,3,3,3,3,0,0,0,1,2,0,3,3,1,3,1,2,1,3,2,2
2018-19,36,Telangana,3618,SIDDIPET,361823,NARAYANRAOPET,2,UPS (I-VIII) ,5,Private Unaided (Recognized),Rural,3,Co-educational,3,3,0,3,3,3,3,3,3,3,1,1,1,1,3,3,2,1,1,2,2,3,2,3,2,0,0,1,3,1,1
