Academic_Year,State_Code,State_Name,District_Code,District_Name,Block_Code,Udise_Block_Name,School_Category_Id,School_Category_Name,School_Management_Id,School_Management_Name,Location,School_Type_Id,School_Type,Total_Number_of_Schools,Building,Complete_Medical_Checkup,Computer_Available,Functional_Drinking_Water,Drinking_Water,Functional_Electricity,Functional_Boy_Toilet,Functional_Girl_Toilet,Functional_Toilet_Facility,Functional_Toilet_and_Urinal,Functional_Urinal,Functional_Urinal_Boy,Functional_Urinal_Girl,Handwash,Separate_Room_for_Headmaster,Incinerator,Internet,Kitchen_Garden,Land_Available,Librarian,Library_or_Reading_Corner_or_Book_Bank,Medical_Checkup,Newspaper,Playground,Rain_Water_Harvesting,Ramps,Solar_Panel,Furniture,Water_Purifier,Water_Tested
2018-19,33,Tamilnadu,3312,COIMBATORE,331217,KARAMADAI,7,SS (VI-X),3,Local body,Urban,3,Co-educational,2,2,2,2,2,2,2,2,2,2,1,1,1,1,2,1,0,1,0,2,0,1,2,0,1,2,2,0,2,2,0
2018-19,33,Tamilnadu,3312,COIMBATORE,331201,COIMBATORE CITY,3,HSS (I-XII),5,Private Unaided (Recognized),Urban,1,Boys,2,2,2,2,1,1,2,2,0,2,2,2,2,0,2,2,0,1,0,0,0,2,2,0,2,2,0,0,2,2,0
2018-19,33,Tamilnadu,3312,COIMBATORE,331201,COIMBATORE CITY,3,HSS (I-XII),1,Department of Education,Urban,2,Girls,1,1,1,0,1,1,1,0,1,1,1,1,0,1,1,0,1,1,0,0,0,1,1,0,1,1,1,0,1,1,0
2018-19,33,Tamilnadu,3312,COIMBATORE,331201,COIMBATORE CITY,3,HSS (I-XII),5,Private Unaided (Recognized),Urban,2,Girls,2,2,0,2,2,2,2,0,2,2,2,2,0,2,2,2,2,2,0,0,0,2,1,0,2,2,1,0,2,2,0
2018-19,33,Tamilnadu,3312,COIMBATORE,331201,COIMBATORE CITY,3,HSS (I-XII),4,Government Aided,Urban,3,Co-educational,1,1,0,1,1,1,1,0,0,0,0,1,0,1,0,0,0,1,0,0,0,0,0,0,0,0,0,0,1,0,0
2018-19,33,Tamilnadu,3312,COIMBATORE,331201,COIMBATORE CITY,3,HSS (I-XII),5,Private Unaided (Recognized),Urban,3,Co-educational,25,24,9,23,23,24,25,24,25,25,24,24,23,19,24,24,14,22,0,6,1,25,20,1,25,25,5,0,25,23,1
2018-19,33,Tamilnadu,3312,COIMBATORE,331201,COIMBATORE CITY,3,HSS (I-XII),6,Other Govt. managed schools,Urban,3,Co-educational,1,1,0,1,1,1,1,1,1,1,1,1,1,1,1,1,0,1,0,0,0,1,0,0,1,1,1,0,1,1,0
2018-19,33,Tamilnadu,3312,COIMBATORE,331201,COIMBATORE CITY,5, HSS (VI-XII),4,Government Aided,Urban,1,Boys,2,2,2,2,2,2,2,2,0,2,1,1,1,0,2,2,0,1,0,1,0,2,2,0,2,1,2,0,2,0,0
2018-19,33,Tamilnadu,3312,COIMBATORE,331201,COIMBATORE CITY,5, HSS (VI-XII),3,Local body,Urban,2,Girls,5,5,3,4,4,4,5,0,5,5,5,5,0,5,5,4,4,5,0,0,0,4,3,2,5,5,5,1,5,5,0
2018-19,33,Tamilnadu,3312,COIMBATORE,331201,COIMBATORE CITY,5, HSS (VI-XII),4,Government Aided,Urban,2,Girls,4,4,3,4,4,4,4,0,4,4,2,2,0,2,4,4,4,4,0,0,0,4,3,1,4,4,1,0,4,4,0
2018-19,33,Tamilnadu,3312,COIMBATORE,331201,COIMBATORE CITY,5, HSS (VI-XII),3,Local body,Urban,3,Co-educational,7,7,7,6,7,7,7,7,7,7,7,7,7,7,7,5,7,7,2,2,0,7,7,3,6,7,6,2,7,7,1
2018-19,33,Tamilnadu,3312,COIMBATORE,331201,COIMBATORE CITY,5, HSS (VI-XII),4,Government Aided,Urban,3,Co-educational,7,7,7,7,7,7,7,7,6,7,6,6,6,5,7,7,5,7,0,2,0,7,7,1,7,6,4,0,7,6,3
2018-19,33,Tamilnadu,3312,COIMBATORE,331201,COIMBATORE CITY,1,PS (I-V) ,4,Government Aided,Urban,1,Boys,2,2,1,1,2,2,2,2,0,2,2,2,2,0,2,1,0,1,0,0,0,2,1,0,2,2,1,0,2,1,2
2018-19,33,Tamilnadu,3312,COIMBATORE,331201,COIMBATORE CITY,1,PS (I-V) ,4,Government Aided,Urban,2,Girls,1,1,0,1,1,1,1,0,1,1,1,1,0,1,1,1,0,1,0,0,0,1,1,0,1,1,1,0,1,1,1
2018-19,33,Tamilnadu,3312,COIMBATORE,331201,COIMBATORE CITY,1,PS (I-V) ,5,Private Unaided (Recognized),Urban,2,Girls,3,3,0,2,3,3,3,0,3,3,2,2,0,2,3,3,0,3,0,0,0,2,1,0,3,3,0,0,2,3,0
2018-19,33,Tamilnadu,3312,COIMBATORE,331201,COIMBATORE CITY,1,PS (I-V) ,3,Local body,Urban,3,Co-educational,15,15,4,14,14,14,15,15,15,15,13,13,12,13,15,8,0,9,4,2,1,14,10,6,13,15,13,2,15,15,4
2018-19,33,Tamilnadu,3312,COIMBATORE,331201,COIMBATORE CITY,1,PS (I-V) ,4,Government Aided,Urban,3,Co-educational,20,20,3,7,17,18,20,20,20,20,17,17,17,16,20,9,0,2,2,2,0,19,13,0,20,20,10,0,20,18,6
2018-19,33,Tamilnadu,3312,COIMBATORE,331201,COIMBATORE CITY,1,PS (I-V) ,5,Private Unaided (Recognized),Urban,3,Co-educational,26,26,4,23,23,23,26,24,24,24,23,25,23,24,24,17,1,17,0,3,0,24,12,0,24,20,1,0,24,19,0
2018-19,33,Tamilnadu,3312,COIMBATORE,331201,COIMBATORE CITY,1,PS (I-V) ,6,Other Govt. managed schools,Urban,3,Co-educational,2,2,0,1,2,2,2,2,2,2,2,2,2,1,2,2,0,1,0,0,0,2,1,0,2,2,0,0,2,1,0
2018-19,33,Tamilnadu,3312,COIMBATORE,331201,COIMBATORE CITY,1,PS (I-V) ,8,Unrecognized,Urban,3,Co-educational,5,5,1,2,4,4,5,4,4,4,4,5,4,5,4,1,0,1,1,0,0,4,3,0,4,3,1,0,5,4,1
2018-19,33,Tamilnadu,3312,COIMBATORE,331201,COIMBATORE CITY,6, SS (I-X) ,5,Private Unaided (Recognized),Urban,1,Boys,1,1,0,0,1,1,1,1,0,1,1,1,1,0,1,1,0,0,0,0,0,1,0,0,1,1,0,0,1,1,1
2018-19,33,Tamilnadu,3312,COIMBATORE,331201,COIMBATORE CITY,6, SS (I-X) ,4,Government Aided,Urban,2,Girls,1,1,0,1,1,1,1,0,1,1,1,1,0,1,1,0,1,1,0,0,0,1,1,0,1,1,0,0,1,1,0
2018-19,33,Tamilnadu,3312,COIMBATORE,331201,COIMBATORE CITY,6, SS (I-X) ,1,Department of Education,Urban,3,Co-educational,1,1,1,1,1,1,1,1,1,1,1,1,1,1,1,0,0,0,1,0,0,1,1,0,1,1,0,0,1,1,0
2018-19,33,Tamilnadu,3312,COIMBATORE,331201,COIMBATORE CITY,6, SS (I-X) ,3,Local body,Urban,3,Co-educational,1,1,1,1,1,1,1,1,1,1,1,1,1,1,1,1,0,1,0,1,0,0,1,0,1,1,1,0,1,0,1
2018-19,33,Tamilnadu,3312,COIMBATORE,331201,COIMBATORE CITY,6, SS (I-X) ,5,Private Unaided (Recognized),Urban,3,Co-educational,10,10,2,9,9,9,10,10,10,10,10,10,10,9,9,8,4,10,0,2,0,10,6,0,10,10,2,0,10,8,0
2018-19,33,Tamilnadu,3312,COIMBATORE,331201,COIMBATORE CITY,6, SS (I-X) ,92,Kendriya Vidyalaya / Central School,Urban,3,Co-educational,1,1,0,1,1,1,1,0,0,0,0,1,0,1,0,0,0,1,0,0,0,0,1,0,0,0,0,0,1,0,0
2018-19,33,Tamilnadu,3312,COIMBATORE,331201,COIMBATORE CITY,8,SS (IX-X),4,Government Aided,Urban,3,Co-educational,1,1,0,0,0,0,1,0,0,0,0,1,0,1,0,0,0,0,0,0,0,0,0,0,0,0,0,0,0,0,0
2018-19,33,Tamilnadu,3312,COIMBATORE,331201,COIMBATORE CITY,7,SS (VI-X),4,Government Aided,Urban,1,Boys,2,2,1,2,2,2,2,2,0,2,2,2,2,0,1,2,0,2,0,0,0,2,2,0,2,2,2,0,2,1,0
2018-19,33,Tamilnadu,3312,COIMBATORE,331201,COIMBATORE CITY,7,SS (VI-X),3,Local body,Urban,2,Girls,3,3,3,3,3,3,3,0,3,3,3,3,0,3,3,2,3,3,0,2,0,3,3,1,3,3,3,0,3,3,0
2018-19,33,Tamilnadu,3312,COIMBATORE,331201,COIMBATORE CITY,7,SS (VI-X),4,Government Aided,Urban,2,Girls,1,1,1,1,1,1,1,0,1,1,0,0,0,0,1,1,0,1,0,0,0,1,1,0,1,1,0,0,1,1,0
2018-19,33,Tamilnadu,3312,COIMBATORE,331201,COIMBATORE CITY,7,SS (VI-X),4,Government Aided,Rural,3,Co-educational,1,1,1,0,1,1,1,1,1,1,1,1,1,1,1,0,0,1,0,1,0,1,1,0,1,1,1,0,1,1,0
2018-19,33,Tamilnadu,3312,COIMBATORE,331201,COIMBATORE CITY,7,SS (VI-X),3,Local body,Urban,3,Co-educational,2,2,2,2,2,2,2,2,2,2,2,2,2,2,2,2,2,2,0,0,0,2,2,1,2,2,1,0,2,2,0
2018-19,33,Tamilnadu,3312,COIMBATORE,331201,COIMBATORE CITY,7,SS (VI-X),4,Government Aided,Urban,3,Co-educational,4,4,2,2,3,3,4,3,3,3,3,4,3,4,3,1,0,2,0,0,0,3,2,0,3,3,2,0,3,1,0
2018-19,33,Tamilnadu,3312,COIMBATORE,331201,COIMBATORE CITY,2,UPS (I-VIII) ,4,Government Aided,Urban,2,Girls,3,3,2,3,3,3,3,0,3,3,3,3,0,3,3,2,3,1,0,0,0,3,3,0,3,3,1,0,3,3,0
2018-19,33,Tamilnadu,3312,COIMBATORE,331201,COIMBATORE CITY,2,UPS (I-VIII) ,3,Local body,Urban,3,Co-educational,5,5,5,5,5,5,5,5,5,5,5,5,5,4,5,3,0,5,0,3,0,5,5,1,5,5,5,0,5,5,0
2018-19,33,Tamilnadu,3312,COIMBATORE,331201,COIMBATORE CITY,2,UPS (I-VIII) ,4,Government Aided,Urban,3,Co-educational,3,3,2,2,2,2,3,2,2,2,2,3,2,3,2,2,0,0,0,1,0,2,2,0,1,2,1,0,2,2,0
2018-19,33,Tamilnadu,3312,COIMBATORE,331201,COIMBATORE CITY,2,UPS (I-VIII) ,6,Other Govt. managed schools,Urban,3,Co-educational,2,2,0,2,2,2,2,1,1,1,1,2,1,1,1,0,0,2,0,0,0,1,1,0,0,0,0,0,2,1,0
2018-19,33,Tamilnadu,3312,COIMBATORE,331201,COIMBATORE CITY,4,UPS (VI-VIII) ,3,Local body,Urban,3,Co-educational,1,1,1,1,1,1,1,1,1,1,1,1,1,1,1,0,1,1,1,0,0,1,1,0,1,1,1,1,1,1,0
2018-19,33,Tamilnadu,3312,COIMBATORE,331202,MADUKKARAI,3,HSS (I-XII),5,Private Unaided (Recognized),Rural,3,Co-educational,3,3,2,1,3,3,3,3,3,3,3,3,3,3,3,3,1,2,0,2,1,3,2,1,3,3,2,0,3,3,1
2018-19,33,Tamilnadu,3312,COIMBATORE,331202,MADUKKARAI,3,HSS (I-XII),5,Private Unaided (Recognized),Urban,3,Co-educational,8,8,3,8,8,8,8,8,8,8,8,8,8,8,8,8,5,8,0,5,1,8,6,1,8,8,2,0,8,8,0
2018-19,33,Tamilnadu,3312,COIMBATORE,331202,MADUKKARAI,5, HSS (VI-XII),1,Department of Education,Rural,3,Co-educational,3,3,3,2,3,3,3,3,3,3,3,3,3,3,3,0,3,3,0,1,0,3,3,1,3,2,2,0,3,1,1
2018-19,33,Tamilnadu,3312,COIMBATORE,331202,MADUKKARAI,5, HSS (VI-XII),1,Department of Education,Urban,3,Co-educational,3,3,3,1,3,3,3,3,3,3,3,3,3,3,3,3,3,3,0,1,0,3,3,2,3,2,2,0,3,3,1
2018-19,33,Tamilnadu,3312,COIMBATORE,331202,MADUKKARAI,5, HSS (VI-XII),5,Private Unaided (Recognized),Urban,3,Co-educational,1,1,0,1,1,1,1,1,1,1,1,1,1,1,1,1,0,1,0,1,0,1,0,0,1,1,0,0,1,1,0
2018-19,33,Tamilnadu,3312,COIMBATORE,331202,MADUKKARAI,1,PS (I-V) ,1,Department of Education,Rural,3,Co-educational,23,23,13,5,22,22,23,23,23,23,22,22,22,21,21,4,0,0,1,4,0,22,22,0,19,19,19,0,23,18,1
2018-19,33,Tamilnadu,3312,COIMBATORE,331202,MADUKKARAI,1,PS (I-V) ,5,Private Unaided (Recognized),Rural,3,Co-educational,2,2,0,1,2,2,2,2,2,2,1,1,1,1,2,1,0,1,0,0,0,2,1,0,2,2,0,0,2,2,0
2018-19,33,Tamilnadu,3312,COIMBATORE,331202,MADUKKARAI,1,PS (I-V) ,90,Social welfare Department,Rural,3,Co-educational,2,2,2,0,2,2,2,2,2,2,2,2,2,2,2,1,0,0,0,1,0,2,2,0,2,1,1,0,2,0,0
2018-19,33,Tamilnadu,3312,COIMBATORE,331202,MADUKKARAI,1,PS (I-V) ,1,Department of Education,Urban,3,Co-educational,20,20,12,5,20,20,20,20,20,20,19,19,19,19,20,4,0,0,1,7,0,20,18,1,17,18,16,1,20,13,1
2018-19,33,Tamilnadu,3312,COIMBATORE,331202,MADUKKARAI,1,PS (I-V) ,5,Private Unaided (Recognized),Urban,3,Co-educational,3,3,1,2,3,3,3,3,3,3,2,2,2,2,2,2,0,3,0,1,0,3,1,0,3,3,0,0,3,2,0
2018-19,33,Tamilnadu,3312,COIMBATORE,331202,MADUKKARAI,6, SS (I-X) ,5,Private Unaided (Recognized),Rural,3,Co-educational,4,4,2,3,4,4,4,4,4,4,4,4,4,4,4,3,1,4,0,2,0,4,3,0,4,4,0,0,4,4,0
2018-19,33,Tamilnadu,3312,COIMBATORE,331202,MADUKKARAI,6, SS (I-X) ,8,Unrecognized,Rural,3,Co-educational,1,1,0,1,1,1,1,1,1,1,1,1,1,1,1,1,1,1,0,0,0,1,0,0,1,1,0,0,1,1,0
2018-19,33,Tamilnadu,3312,COIMBATORE,331202,MADUKKARAI,6, SS (I-X) ,5,Private Unaided (Recognized),Urban,3,Co-educational,4,4,2,1,4,4,4,4,4,4,4,4,4,3,3,4,1,3,0,2,0,3,4,0,4,4,3,0,4,3,0
2018-19,33,Tamilnadu,3312,COIMBATORE,331202,MADUKKARAI,7,SS (VI-X),1,Department of Education,Rural,3,Co-educational,3,3,2,3,3,3,3,3,3,3,3,3,3,3,3,1,2,3,0,1,0,3,3,0,3,3,2,0,3,2,0
2018-19,33,Tamilnadu,3312,COIMBATORE,331202,MADUKKARAI,7,SS (VI-X),90,Social welfare Department,Rural,3,Co-educational,1,1,1,1,1,1,1,1,1,1,1,1,1,1,1,1,1,0,0,0,0,1,1,0,1,1,1,0,1,1,0
2018-19,33,Tamilnadu,3312,COIMBATORE,331202,MADUKKARAI,7,SS (VI-X),1,Department of Education,Urban,3,Co-educational,5,5,4,4,5,5,5,5,5,5,5,5,5,3,4,3,1,3,0,4,0,3,4,1,5,5,5,0,5,4,1
2018-19,33,Tamilnadu,3312,COIMBATORE,331202,MADUKKARAI,2,UPS (I-VIII) ,1,Department of Education,Rural,3,Co-educational,5,4,5,5,5,5,5,5,5,5,5,5,5,5,5,0,1,0,1,3,0,5,5,0,5,5,5,1,5,4,0
2018-19,33,Tamilnadu,3312,COIMBATORE,331202,MADUKKARAI,2,UPS (I-VIII) ,5,Private Unaided (Recognized),Rural,3,Co-educational,3,3,1,2,3,3,3,3,3,3,3,3,3,2,3,2,0,3,0,2,0,3,3,0,3,3,2,0,3,3,0
2018-19,33,Tamilnadu,3312,COIMBATORE,331202,MADUKKARAI,2,UPS (I-VIII) ,1,Department of Education,Urban,3,Co-educational,6,6,4,6,5,6,6,6,6,6,6,6,6,6,6,3,2,2,0,1,0,6,4,2,5,6,5,0,6,6,0
2018-19,33,Tamilnadu,3312,COIMBATORE,331202,MADUKKARAI,2,UPS (I-VIII) ,4,Government Aided,Urban,3,Co-educational,2,2,2,0,2,2,2,2,2,2,1,1,1,1,2,1,0,0,1,0,0,2,2,0,2,2,0,0,2,0,1
2018-19,33,Tamilnadu,3312,COIMBATORE,331202,MADUKKARAI,2,UPS (I-VIII) ,5,Private Unaided (Recognized),Urban,3,Co-educational,1,1,0,1,1,1,1,1,1,1,1,1,1,1,1,0,0,0,0,1,0,1,0,0,1,1,0,0,1,1,0
2018-19,33,Tamilnadu,3312,COIMBATORE,331202,MADUKKARAI,2,UPS (I-VIII) ,8,Unrecognized,Urban,3,Co-educational,2,2,0,1,2,2,2,2,2,2,2,2,2,2,2,2,0,1,0,1,1,2,1,1,2,2,0,0,1,2,1
2018-19,33,Tamilnadu,3312,COIMBATORE,331203,PERIYANAICKAN PALAYAM,3,HSS (I-XII),5,Private Unaided (Recognized),Rural,3,Co-educational,17,17,2,14,16,17,17,16,16,16,15,16,15,13,15,15,13,15,0,11,1,16,13,0,16,16,6,0,17,16,1
2018-19,33,Tamilnadu,3312,COIMBATORE,331203,PERIYANAICKAN PALAYAM,3,HSS (I-XII),5,Private Unaided (Recognized),Urban,3,Co-educational,19,19,3,15,18,18,19,19,19,19,18,18,18,17,19,13,9,15,1,8,4,19,9,5,19,19,4,2,19,16,3
2018-19,33,Tamilnadu,3312,COIMBATORE,331203,PERIYANAICKAN PALAYAM,3,HSS (I-XII),6,Other Govt. managed schools,Urban,3,Co-educational,2,2,0,2,1,2,2,2,2,2,2,2,2,1,2,2,0,1,1,1,0,2,1,1,2,2,1,1,2,2,0
2018-19,33,Tamilnadu,3312,COIMBATORE,331203,PERIYANAICKAN PALAYAM,5, HSS (VI-XII),1,Department of Education,Rural,1,Boys,1,1,1,1,0,0,1,1,0,1,1,1,1,0,1,1,0,1,1,1,0,1,1,1,1,1,1,0,1,1,1
2018-19,33,Tamilnadu,3312,COIMBATORE,331203,PERIYANAICKAN PALAYAM,5, HSS (VI-XII),1,Department of Education,Rural,2,Girls,1,1,1,1,1,1,1,0,1,1,1,1,0,1,1,0,1,1,0,1,0,1,1,0,1,1,0,0,1,1,0
2018-19,33,Tamilnadu,3312,COIMBATORE,331203,PERIYANAICKAN PALAYAM,5, HSS (VI-XII),1,Department of Education,Rural,3,Co-educational,3,3,3,3,3,3,3,3,3,3,3,3,3,3,3,3,3,3,1,1,0,3,3,3,3,3,3,0,3,3,1
2018-19,33,Tamilnadu,3312,COIMBATORE,331203,PERIYANAICKAN PALAYAM,5, HSS (VI-XII),5,Private Unaided (Recognized),Rural,3,Co-educational,1,1,0,1,1,1,1,1,1,1,1,1,1,0,1,1,1,1,0,0,0,1,1,0,1,1,0,0,1,1,0
2018-19,33,Tamilnadu,3312,COIMBATORE,331203,PERIYANAICKAN PALAYAM,5, HSS (VI-XII),1,Department of Education,Urban,3,Co-educational,1,1,1,0,1,1,1,1,1,1,1,1,1,1,1,0,1,1,0,1,0,1,1,0,1,1,1,0,1,1,0
2018-19,33,Tamilnadu,3312,COIMBATORE,331203,PERIYANAICKAN PALAYAM,5, HSS (VI-XII),4,Government Aided,Urban,3,Co-educational,4,4,4,4,4,4,4,4,4,4,4,4,4,3,4,4,4,3,1,3,1,4,4,3,4,4,3,0,4,3,1
2018-19,33,Tamilnadu,3312,COIMBATORE,331203,PERIYANAICKAN PALAYAM,1,PS (I-V) ,1,Department of Education,Rural,3,Co-educational,23,23,18,5,23,23,23,23,23,23,22,22,22,20,23,3,0,0,5,4,1,22,22,3,22,23,20,0,23,18,1
2018-19,33,Tamilnadu,3312,COIMBATORE,331203,PERIYANAICKAN PALAYAM,1,PS (I-V) ,2,Tribal Welfare Department,Rural,3,Co-educational,2,2,2,1,2,2,2,2,2,2,2,2,2,2,1,0,0,0,0,0,0,2,2,0,1,2,1,0,2,1,0
2018-19,33,Tamilnadu,3312,COIMBATORE,331203,PERIYANAICKAN PALAYAM,1,PS (I-V) ,5,Private Unaided (Recognized),Rural,3,Co-educational,13,13,2,10,13,13,13,13,13,13,13,13,13,13,13,11,1,7,0,3,0,8,10,0,13,13,1,0,13,11,0
2018-19,33,Tamilnadu,3312,COIMBATORE,331203,PERIYANAICKAN PALAYAM,1,PS (I-V) ,8,Unrecognized,Rural,3,Co-educational,5,5,0,1,3,3,5,2,2,2,2,5,2,4,2,2,0,2,0,2,0,0,1,0,2,2,0,0,4,1,0
2018-19,33,Tamilnadu,3312,COIMBATORE,331203,PERIYANAICKAN PALAYAM,1,PS (I-V) ,1,Department of Education,Urban,3,Co-educational,21,21,15,7,20,20,21,21,21,21,20,20,20,19,21,8,0,0,6,4,0,20,20,6,18,19,16,1,21,17,4
2018-19,33,Tamilnadu,3312,COIMBATORE,331203,PERIYANAICKAN PALAYAM,1,PS (I-V) ,5,Private Unaided (Recognized),Urban,3,Co-educational,7,7,1,5,6,6,7,7,7,7,7,7,7,6,7,2,0,3,0,1,0,4,2,1,7,6,1,0,7,4,0
2018-19,33,Tamilnadu,3312,COIMBATORE,331203,PERIYANAICKAN PALAYAM,1,PS (I-V) ,6,Other Govt. managed schools,Urban,3,Co-educational,1,1,0,1,1,1,1,1,1,1,1,1,1,1,1,1,1,1,0,0,0,1,1,0,1,1,0,0,1,1,0
2018-19,33,Tamilnadu,3312,COIMBATORE,331203,PERIYANAICKAN PALAYAM,1,PS (I-V) ,8,Unrecognized,Urban,3,Co-educational,6,6,0,5,5,5,6,6,6,6,6,6,6,6,6,4,0,5,0,1,0,6,2,1,6,6,2,0,6,3,1
2018-19,33,Tamilnadu,3312,COIMBATORE,331203,PERIYANAICKAN PALAYAM,6, SS (I-X) ,5,Private Unaided (Recognized),Rural,3,Co-educational,8,8,2,7,8,8,8,8,8,8,8,8,8,8,8,8,4,7,2,5,4,8,6,4,8,8,3,2,8,7,2
2018-19,33,Tamilnadu,3312,COIMBATORE,331203,PERIYANAICKAN PALAYAM,6, SS (I-X) ,5,Private Unaided (Recognized),Urban,3,Co-educational,4,4,0,3,4,4,4,4,4,4,4,4,4,4,4,3,0,3,0,4,0,4,2,0,4,4,1,0,4,4,0
2018-19,33,Tamilnadu,3312,COIMBATORE,331203,PERIYANAICKAN PALAYAM,6, SS (I-X) ,6,Other Govt. managed schools,Urban,3,Co-educational,1,1,0,0,1,1,1,1,1,1,1,1,1,1,1,1,0,0,0,1,0,1,0,1,1,1,0,1,1,1,0
2018-19,33,Tamilnadu,3312,COIMBATORE,331203,PERIYANAICKAN PALAYAM,7,SS (VI-X),4,Government Aided,Urban,1,Boys,1,1,1,0,1,1,1,1,0,1,1,1,1,0,1,1,0,1,0,1,0,1,1,1,1,1,1,0,1,1,0
2018-19,33,Tamilnadu,3312,COIMBATORE,331203,PERIYANAICKAN PALAYAM,7,SS (VI-X),1,Department of Education,Rural,2,Girls,1,1,1,1,1,1,1,0,1,1,1,1,0,1,1,1,1,1,1,1,0,1,1,0,1,1,1,0,1,1,0
2018-19,33,Tamilnadu,3312,COIMBATORE,331203,PERIYANAICKAN PALAYAM,7,SS (VI-X),1,Department of Education,Rural,3,Co-educational,1,1,1,0,1,1,1,1,1,1,1,1,1,1,1,0,1,1,0,0,0,1,1,0,1,1,1,0,1,1,0
2018-19,33,Tamilnadu,3312,COIMBATORE,331203,PERIYANAICKAN PALAYAM,7,SS (VI-X),90,Social welfare Department,Rural,3,Co-educational,1,1,0,0,0,0,1,1,1,1,1,1,1,1,1,1,1,0,1,0,0,1,0,0,1,1,1,1,1,1,1
2018-19,33,Tamilnadu,3312,COIMBATORE,331203,PERIYANAICKAN PALAYAM,7,SS (VI-X),1,Department of Education,Urban,3,Co-educational,3,3,3,3,2,2,3,3,3,3,3,3,3,3,3,1,3,3,0,2,0,3,3,0,3,3,2,0,3,3,2
2018-19,33,Tamilnadu,3312,COIMBATORE,331203,PERIYANAICKAN PALAYAM,2,UPS (I-VIII) ,1,Department of Education,Rural,3,Co-educational,14,14,14,14,14,14,14,14,14,14,14,14,14,13,14,8,3,0,3,5,0,14,14,4,13,12,13,1,14,14,2
2018-19,33,Tamilnadu,3312,COIMBATORE,331203,PERIYANAICKAN PALAYAM,2,UPS (I-VIII) ,2,Tribal Welfare Department,Rural,3,Co-educational,1,1,0,1,1,1,1,1,1,1,1,1,1,1,1,0,1,0,0,0,0,1,0,0,1,1,1,0,1,0,0
2018-19,33,Tamilnadu,3312,COIMBATORE,331203,PERIYANAICKAN PALAYAM,2,UPS (I-VIII) ,5,Private Unaided (Recognized),Rural,3,Co-educational,3,3,0,3,3,3,3,3,3,3,2,2,2,1,3,3,2,3,0,1,0,3,1,0,2,3,1,0,3,3,0
2018-19,33,Tamilnadu,3312,COIMBATORE,331203,PERIYANAICKAN PALAYAM,2,UPS (I-VIII) ,6,Other Govt. managed schools,Rural,3,Co-educational,1,1,1,1,1,1,1,1,1,1,1,1,1,0,1,1,1,1,0,0,0,0,1,0,1,1,1,0,1,1,0
2018-19,33,Tamilnadu,3312,COIMBATORE,331203,PERIYANAICKAN PALAYAM,2,UPS (I-VIII) ,8,Unrecognized,Rural,3,Co-educational,3,3,1,3,3,3,3,3,3,3,3,3,3,2,3,3,1,3,0,2,0,3,2,0,3,2,2,0,3,2,0
2018-19,33,Tamilnadu,3312,COIMBATORE,331203,PERIYANAICKAN PALAYAM,2,UPS (I-VIII) ,1,Department of Education,Urban,3,Co-educational,11,10,11,11,11,11,11,11,11,11,11,11,11,11,11,5,3,0,3,3,0,11,11,2,11,10,11,0,11,9,1
2018-19,33,Tamilnadu,3312,COIMBATORE,331203,PERIYANAICKAN PALAYAM,2,UPS (I-VIII) ,4,Government Aided,Urban,3,Co-educational,1,1,1,0,1,1,1,1,1,1,1,1,1,1,1,1,0,0,0,1,0,1,1,0,1,1,1,0,1,1,0
2018-19,33,Tamilnadu,3312,COIMBATORE,331203,PERIYANAICKAN PALAYAM,2,UPS (I-VIII) ,5,Private Unaided (Recognized),Urban,3,Co-educational,1,1,0,1,1,1,1,1,1,1,1,1,1,1,1,1,0,1,0,1,0,1,0,0,1,0,0,0,1,1,0
2018-19,33,Tamilnadu,3312,COIMBATORE,331204,PERUR,3,HSS (I-XII),5,Private Unaided (Recognized),Urban,2,Girls,1,1,0,0,1,1,1,0,1,1,1,1,0,1,1,1,1,1,0,0,0,1,1,0,1,1,0,0,1,1,0
2018-19,33,Tamilnadu,3312,COIMBATORE,331204,PERUR,3,HSS (I-XII),5,Private Unaided (Recognized),Urban,3,Co-educational,34,34,9,27,28,31,34,33,33,33,30,31,30,27,32,28,14,26,0,12,2,33,25,4,33,31,10,0,34,31,2
2018-19,33,Tamilnadu,3312,COIMBATORE,331204,PERUR,5, HSS (VI-XII),1,Department of Education,Urban,3,Co-educational,6,6,5,6,6,6,6,6,6,6,6,6,6,6,5,5,2,5,0,2,0,6,5,0,5,6,6,0,6,4,1
2018-19,33,Tamilnadu,3312,COIMBATORE,331204,PERUR,5, HSS (VI-XII),3,Local body,Urban,3,Co-educational,2,2,1,2,2,2,2,2,2,2,2,2,2,2,2,2,2,2,0,0,0,2,1,1,2,2,2,0,2,2,0
2018-19,33,Tamilnadu,3312,COIMBATORE,331204,PERUR,5, HSS (VI-XII),4,Government Aided,Urban,3,Co-educational,2,2,1,2,1,2,2,2,2,2,2,2,2,2,2,2,1,1,0,2,0,2,1,0,2,2,1,0,2,2,0
2018-19,33,Tamilnadu,3312,COIMBATORE,331204,PERUR,1,PS (I-V) ,1,Department of Education,Rural,3,Co-educational,1,1,0,1,1,1,1,1,1,1,1,1,1,1,1,1,0,0,0,0,0,1,1,0,1,1,1,0,1,0,0
2018-19,33,Tamilnadu,3312,COIMBATORE,331204,PERUR,1,PS (I-V) ,5,Private Unaided (Recognized),Rural,3,Co-educational,2,2,1,2,2,2,2,2,2,2,2,2,2,2,2,0,0,2,0,0,0,2,2,0,2,2,0,0,2,1,0
2018-19,33,Tamilnadu,3312,COIMBATORE,331204,PERUR,1,PS (I-V) ,1,Department of Education,Urban,3,Co-educational,15,15,9,6,15,15,15,15,15,15,15,15,15,15,13,6,0,0,1,3,0,15,15,4,11,15,12,0,15,8,0
2018-19,33,Tamilnadu,3312,COIMBATORE,331204,PERUR,1,PS (I-V) ,3,Local body,Urban,3,Co-educational,15,15,6,15,14,15,15,14,15,15,15,15,15,15,15,6,1,8,3,4,0,15,11,1,13,15,14,0,15,15,2
2018-19,33,Tamilnadu,3312,COIMBATORE,331204,PERUR,1,PS (I-V) ,4,Government Aided,Urban,3,Co-educational,9,9,6,4,9,9,9,9,9,9,9,9,9,9,9,5,0,2,1,3,0,9,8,1,9,8,5,0,9,5,0
2018-19,33,Tamilnadu,3312,COIMBATORE,331204,PERUR,1,PS (I-V) ,5,Private Unaided (Recognized),Urban,3,Co-educational,42,42,10,34,37,37,42,42,41,42,39,39,39,38,41,23,0,28,2,10,0,38,19,4,39,38,3,0,42,35,3
2018-19,33,Tamilnadu,3312,COIMBATORE,331204,PERUR,1,PS (I-V) ,8,Unrecognized,Urban,3,Co-educational,6,6,0,5,5,5,6,5,5,5,5,6,5,6,5,3,0,2,0,3,0,3,3,0,5,2,1,0,6,3,0
2018-19,33,Tamilnadu,3312,COIMBATORE,331204,PERUR,6, SS (I-X) ,5,Private Unaided (Recognized),Urban,3,Co-educational,12,12,1,10,10,11,12,12,12,12,12,12,12,12,12,10,5,10,0,4,1,12,8,1,12,12,1,0,12,10,1
2018-19,33,Tamilnadu,3312,COIMBATORE,331204,PERUR,6, SS (I-X) ,8,Unrecognized,Urban,3,Co-educational,1,1,0,1,1,1,1,1,1,1,1,1,1,1,1,1,0,1,1,0,1,1,1,1,1,1,0,0,1,1,1
2018-19,33,Tamilnadu,3312,COIMBATORE,331204,PERUR,7,SS (VI-X),4,Government Aided,Urban,2,Girls,1,1,1,1,1,1,1,0,1,1,1,1,0,1,1,1,1,1,0,0,0,1,1,0,1,1,1,0,1,1,0
2018-19,33,Tamilnadu,3312,COIMBATORE,331204,PERUR,7,SS (VI-X),5,Private Unaided (Recognized),Rural,3,Co-educational,1,1,0,0,1,1,1,1,1,1,1,1,1,1,1,1,1,1,0,1,0,1,1,0,1,1,1,0,1,1,0
2018-19,33,Tamilnadu,3312,COIMBATORE,331204,PERUR,7,SS (VI-X),1,Department of Education,Urban,3,Co-educational,4,4,3,3,4,4,4,4,4,4,4,4,4,4,4,2,0,2,0,0,0,2,3,0,3,3,4,0,4,1,0
2018-19,33,Tamilnadu,3312,COIMBATORE,331204,PERUR,7,SS (VI-X),3,Local body,Urban,3,Co-educational,5,5,3,5,5,5,5,5,5,5,5,5,5,4,5,4,4,4,0,2,0,5,3,2,5,5,5,0,5,3,1
2018-19,33,Tamilnadu,3312,COIMBATORE,331204,PERUR,7,SS (VI-X),4,Government Aided,Urban,3,Co-educational,3,3,2,2,3,3,3,3,3,3,3,3,3,3,3,3,1,3,0,2,0,3,2,0,3,3,0,0,3,3,0
2018-19,33,Tamilnadu,3312,COIMBATORE,331204,PERUR,7,SS (VI-X),5,Private Unaided (Recognized),Urban,3,Co-educational,1,1,1,1,1,1,1,1,1,1,1,1,1,1,1,1,0,1,0,1,0,1,1,0,1,1,0,0,1,1,0
2018-19,33,Tamilnadu,3312,COIMBATORE,331204,PERUR,2,UPS (I-VIII) ,4,Government Aided,Rural,3,Co-educational,1,1,1,1,1,1,1,1,1,1,1,1,1,1,1,1,0,0,0,1,0,1,1,0,1,1,1,0,1,0,0
2018-19,33,Tamilnadu,3312,COIMBATORE,331204,PERUR,2,UPS (I-VIII) ,1,Department of Education,Urban,3,Co-educational,7,7,7,7,7,7,7,6,6,6,6,7,6,7,7,3,0,1,0,2,0,7,7,2,6,6,6,0,7,3,0
2018-19,33,Tamilnadu,3312,COIMBATORE,331204,PERUR,2,UPS (I-VIII) ,3,Local body,Urban,3,Co-educational,2,2,1,2,2,2,2,2,2,2,2,2,2,2,2,2,2,2,0,0,0,2,1,1,2,2,2,0,2,2,0
2018-19,33,Tamilnadu,3312,COIMBATORE,331204,PERUR,2,UPS (I-VIII) ,4,Government Aided,Urban,3,Co-educational,1,1,1,1,1,1,1,1,1,1,1,1,1,1,1,1,1,0,0,1,0,1,1,1,1,1,1,0,1,1,0
2018-19,33,Tamilnadu,3312,COIMBATORE,331204,PERUR,2,UPS (I-VIII) ,5,Private Unaided (Recognized),Urban,3,Co-educational,2,2,1,1,2,2,2,2,2,2,2,2,2,1,2,2,0,2,0,1,0,2,2,0,2,2,1,0,2,2,0
2018-19,33,Tamilnadu,3312,COIMBATORE,331204,PERUR,2,UPS (I-VIII) ,6,Other Govt. managed schools,Urban,3,Co-educational,1,1,0,1,1,1,1,1,1,1,1,1,1,0,1,1,0,1,0,0,0,1,1,0,1,1,1,0,1,1,0
2018-19,33,Tamilnadu,3312,COIMBATORE,331204,PERUR,4,UPS (VI-VIII) ,4,Government Aided,Urban,3,Co-educational,1,1,1,0,1,1,1,1,1,1,1,1,1,1,1,0,0,0,0,0,0,1,1,0,1,1,1,0,1,1,0
2018-19,33,Tamilnadu,3312,COIMBATORE,331205,SARKAR SAMAKKULAM,3,HSS (I-XII),5,Private Unaided (Recognized),Rural,3,Co-educational,14,14,6,10,13,13,14,14,13,14,14,14,14,14,12,13,6,12,0,6,0,14,8,1,14,13,3,0,14,12,1
2018-19,33,Tamilnadu,3312,COIMBATORE,331205,SARKAR SAMAKKULAM,3,HSS (I-XII),92,Kendriya Vidyalaya / Central School,Rural,3,Co-educational,1,1,0,1,1,1,1,1,1,1,1,1,1,1,1,0,1,1,0,0,0,1,1,0,1,1,0,0,1,1,0
2018-19,33,Tamilnadu,3312,COIMBATORE,331205,SARKAR SAMAKKULAM,3,HSS (I-XII),5,Private Unaided (Recognized),Urban,3,Co-educational,37,36,11,30,36,36,37,35,35,35,34,36,34,31,35,33,19,32,0,14,1,34,25,0,35,34,5,0,37,32,0
2018-19,33,Tamilnadu,3312,COIMBATORE,331205,SARKAR SAMAKKULAM,5, HSS (VI-XII),1,Department of Education,Urban,1,Boys,1,1,1,1,1,1,1,1,0,1,1,1,1,0,1,1,0,1,0,1,0,1,1,0,1,1,1,0,1,1,0
2018-19,33,Tamilnadu,3312,COIMBATORE,331205,SARKAR SAMAKKULAM,5, HSS (VI-XII),4,Government Aided,Urban,1,Boys,1,1,1,1,1,1,1,1,0,1,1,1,1,0,1,1,0,1,0,1,0,1,1,0,1,1,1,0,1,1,0
2018-19,33,Tamilnadu,3312,COIMBATORE,331205,SARKAR SAMAKKULAM,5, HSS (VI-XII),1,Department of Education,Urban,2,Girls,2,2,2,2,2,2,2,0,2,2,2,2,0,2,2,0,2,2,1,1,0,2,2,1,2,2,2,0,2,2,0
2018-19,33,Tamilnadu,3312,COIMBATORE,331205,SARKAR SAMAKKULAM,5, HSS (VI-XII),4,Government Aided,Urban,2,Girls,2,2,2,2,2,2,2,0,2,2,2,2,0,2,2,2,2,2,1,1,1,2,2,2,2,2,2,1,2,2,1
2018-19,33,Tamilnadu,3312,COIMBATORE,331205,SARKAR SAMAKKULAM,5, HSS (VI-XII),1,Department of Education,Rural,3,Co-educational,1,1,1,0,1,1,1,1,1,1,1,1,1,0,1,0,0,0,0,0,0,1,1,0,1,1,0,0,1,1,0
2018-19,33,Tamilnadu,3312,COIMBATORE,331205,SARKAR SAMAKKULAM,5, HSS (VI-XII),4,Government Aided,Rural,3,Co-educational,3,3,3,3,3,3,3,3,3,3,3,3,3,1,3,3,3,3,1,1,3,3,3,3,3,3,1,0,3,2,0
2018-19,33,Tamilnadu,3312,COIMBATORE,331205,SARKAR SAMAKKULAM,5, HSS (VI-XII),1,Department of Education,Urban,3,Co-educational,4,4,4,4,3,4,4,4,4,4,4,4,4,3,4,4,2,3,0,1,0,4,4,2,4,4,4,1,4,3,1
2018-19,33,Tamilnadu,3312,COIMBATORE,331205,SARKAR SAMAKKULAM,5, HSS (VI-XII),3,Local body,Urban,3,Co-educational,2,2,1,2,2,2,2,1,1,1,1,2,1,2,1,1,1,2,0,0,0,1,1,1,1,1,1,1,2,0,1
2018-19,33,Tamilnadu,3312,COIMBATORE,331205,SARKAR SAMAKKULAM,5, HSS (VI-XII),4,Government Aided,Urban,3,Co-educational,1,1,1,1,1,1,1,1,1,1,1,1,1,1,1,1,1,1,0,1,1,1,1,1,1,1,1,1,1,1,0
2018-19,33,Tamilnadu,3312,COIMBATORE,331205,SARKAR SAMAKKULAM,5, HSS (VI-XII),5,Private Unaided (Recognized),Urban,3,Co-educational,1,1,0,0,1,1,1,1,1,1,1,1,1,0,1,1,1,1,0,1,0,1,0,0,1,1,0,0,1,1,0
2018-19,33,Tamilnadu,3312,COIMBATORE,331205,SARKAR SAMAKKULAM,1,PS (I-V) ,4,Government Aided,Urban,2,Girls,2,2,0,1,2,2,2,0,2,2,2,2,0,2,2,0,0,0,0,0,0,2,1,0,2,2,1,0,2,2,1
2018-19,33,Tamilnadu,3312,COIMBATORE,331205,SARKAR SAMAKKULAM,1,PS (I-V) ,5,Private Unaided (Recognized),Urban,2,Girls,1,1,0,1,1,1,1,0,1,1,0,0,0,0,1,0,0,1,0,1,0,1,1,0,1,1,0,0,1,1,0
2018-19,33,Tamilnadu,3312,COIMBATORE,331205,SARKAR SAMAKKULAM,1,PS (I-V) ,1,Department of Education,Rural,3,Co-educational,17,17,13,5,17,17,17,17,17,17,16,16,16,16,17,2,0,0,2,3,0,16,17,1,16,13,13,0,17,11,1
2018-19,33,Tamilnadu,3312,COIMBATORE,331205,SARKAR SAMAKKULAM,1,PS (I-V) ,3,Local body,Rural,3,Co-educational,1,1,0,0,0,1,1,1,1,1,1,1,1,1,1,1,0,0,0,0,0,1,1,0,1,1,1,0,1,1,0
2018-19,33,Tamilnadu,3312,COIMBATORE,331205,SARKAR SAMAKKULAM,1,PS (I-V) ,4,Government Aided,Rural,3,Co-educational,1,1,1,0,1,1,1,1,1,1,1,1,1,1,1,0,0,0,0,0,0,1,1,0,1,1,0,0,1,0,0
2018-19,33,Tamilnadu,3312,COIMBATORE,331205,SARKAR SAMAKKULAM,1,PS (I-V) ,5,Private Unaided (Recognized),Rural,3,Co-educational,15,15,4,5,14,14,15,13,13,13,13,15,13,14,12,9,1,8,0,3,1,10,8,1,12,12,1,0,15,10,1
2018-19,33,Tamilnadu,3312,COIMBATORE,331205,SARKAR SAMAKKULAM,1,PS (I-V) ,8,Unrecognized,Rural,3,Co-educational,1,1,0,0,0,0,1,0,0,0,0,1,0,1,0,0,0,0,0,0,0,0,0,0,0,0,0,0,1,0,0
2018-19,33,Tamilnadu,3312,COIMBATORE,331205,SARKAR SAMAKKULAM,1,PS (I-V) ,1,Department of Education,Urban,3,Co-educational,17,17,9,7,17,17,17,16,16,17,17,17,17,15,17,2,0,0,3,5,0,17,17,2,16,15,13,0,17,15,2
2018-19,33,Tamilnadu,3312,COIMBATORE,331205,SARKAR SAMAKKULAM,1,PS (I-V) ,3,Local body,Urban,3,Co-educational,11,11,1,9,10,11,11,11,11,11,11,11,11,10,10,6,0,7,1,2,0,11,9,2,9,11,9,0,11,11,1
2018-19,33,Tamilnadu,3312,COIMBATORE,331205,SARKAR SAMAKKULAM,1,PS (I-V) ,4,Government Aided,Urban,3,Co-educational,3,3,0,2,3,3,3,3,3,3,3,3,3,3,3,0,0,1,1,0,0,3,2,0,2,3,1,0,3,3,0
2018-19,33,Tamilnadu,3312,COIMBATORE,331205,SARKAR SAMAKKULAM,1,PS (I-V) ,5,Private Unaided (Recognized),Urban,3,Co-educational,10,10,1,5,10,10,10,9,9,9,9,10,9,10,9,5,0,7,0,2,0,8,5,2,9,8,1,1,10,9,0
2018-19,33,Tamilnadu,3312,COIMBATORE,331205,SARKAR SAMAKKULAM,1,PS (I-V) ,6,Other Govt. managed schools,Urban,3,Co-educational,1,1,1,0,1,1,1,1,1,1,1,1,1,1,1,0,0,0,0,0,0,1,1,0,1,1,0,0,1,1,0
2018-19,33,Tamilnadu,3312,COIMBATORE,331205,SARKAR SAMAKKULAM,1,PS (I-V) ,8,Unrecognized,Urban,3,Co-educational,1,1,0,1,1,1,1,1,1,1,1,1,1,1,1,1,0,1,0,1,0,1,0,0,1,1,0,0,1,1,0
2018-19,33,Tamilnadu,3312,COIMBATORE,331205,SARKAR SAMAKKULAM,6, SS (I-X) ,5,Private Unaided (Recognized),Rural,3,Co-educational,11,11,1,10,8,9,11,11,11,11,11,11,11,9,11,7,5,6,0,4,1,11,5,1,11,11,7,0,11,11,1
2018-19,33,Tamilnadu,3312,COIMBATORE,331205,SARKAR SAMAKKULAM,6, SS (I-X) ,5,Private Unaided (Recognized),Urban,3,Co-educational,10,10,1,8,9,9,10,10,10,10,10,10,10,8,10,8,3,8,0,3,1,10,6,1,10,10,5,0,10,9,2
2018-19,33,Tamilnadu,3312,COIMBATORE,331205,SARKAR SAMAKKULAM,6, SS (I-X) ,6,Other Govt. managed schools,Urban,3,Co-educational,1,1,0,1,1,1,1,1,1,1,0,0,0,0,1,1,0,1,0,0,0,1,0,0,1,1,0,0,1,1,0
2018-19,33,Tamilnadu,3312,COIMBATORE,331205,SARKAR SAMAKKULAM,6, SS (I-X) ,8,Unrecognized,Urban,3,Co-educational,1,1,0,0,1,1,1,1,1,1,1,1,1,0,1,1,1,0,0,1,0,1,0,0,1,1,1,0,1,1,0
2018-19,33,Tamilnadu,3312,COIMBATORE,331205,SARKAR SAMAKKULAM,7,SS (VI-X),1,Department of Education,Urban,1,Boys,1,1,0,0,1,1,1,1,0,1,1,1,1,0,1,0,0,1,0,1,0,1,1,0,1,0,1,0,1,1,0
2018-19,33,Tamilnadu,3312,COIMBATORE,331205,SARKAR SAMAKKULAM,7,SS (VI-X),1,Department of Education,Urban,3,Co-educational,2,2,1,2,1,1,2,2,2,2,2,2,2,2,2,2,1,2,1,1,0,2,1,1,2,2,2,0,2,2,0
2018-19,33,Tamilnadu,3312,COIMBATORE,331205,SARKAR SAMAKKULAM,7,SS (VI-X),3,Local body,Urban,3,Co-educational,1,1,1,1,0,0,1,1,1,1,0,0,0,0,1,1,1,1,0,1,0,1,1,1,1,1,1,0,1,1,0
2018-19,33,Tamilnadu,3312,COIMBATORE,331205,SARKAR SAMAKKULAM,7,SS (VI-X),4,Government Aided,Urban,3,Co-educational,4,4,4,4,4,4,4,4,4,4,4,4,4,4,4,2,2,3,0,3,0,4,4,1,4,4,4,0,4,3,0
2018-19,33,Tamilnadu,3312,COIMBATORE,331205,SARKAR SAMAKKULAM,7,SS (VI-X),5,Private Unaided (Recognized),Urban,3,Co-educational,1,1,0,1,1,1,1,1,1,1,1,1,1,1,1,1,1,1,0,0,0,1,0,0,1,1,0,0,1,1,0
2018-19,33,Tamilnadu,3312,COIMBATORE,331205,SARKAR SAMAKKULAM,2,UPS (I-VIII) ,4,Government Aided,Urban,1,Boys,1,1,1,1,1,1,1,1,0,1,0,0,0,0,1,1,0,1,0,0,0,1,1,0,1,1,1,0,1,1,0
2018-19,33,Tamilnadu,3312,COIMBATORE,331205,SARKAR SAMAKKULAM,2,UPS (I-VIII) ,6,Other Govt. managed schools,Urban,1,Boys,1,1,0,0,1,1,1,0,0,0,0,0,0,0,0,0,0,0,0,0,0,0,0,0,0,0,0,0,1,0,0
2018-19,33,Tamilnadu,3312,COIMBATORE,331205,SARKAR SAMAKKULAM,2,UPS (I-VIII) ,1,Department of Education,Rural,3,Co-educational,5,5,5,5,5,5,5,5,5,5,5,5,5,4,5,3,1,0,1,3,0,5,5,1,5,4,5,0,5,5,0
2018-19,33,Tamilnadu,3312,COIMBATORE,331205,SARKAR SAMAKKULAM,2,UPS (I-VIII) ,3,Local body,Rural,3,Co-educational,1,1,0,1,1,1,1,1,1,1,1,1,1,1,1,0,1,0,0,1,0,1,0,0,1,1,1,0,1,1,0
2018-19,33,Tamilnadu,3312,COIMBATORE,331205,SARKAR SAMAKKULAM,2,UPS (I-VIII) ,5,Private Unaided (Recognized),Rural,3,Co-educational,2,2,1,0,2,2,2,1,1,1,1,2,1,2,1,1,0,1,0,0,0,1,1,0,1,0,0,0,2,1,0
2018-19,33,Tamilnadu,3312,COIMBATORE,331205,SARKAR SAMAKKULAM,2,UPS (I-VIII) ,6,Other Govt. managed schools,Rural,3,Co-educational,1,1,0,0,0,0,1,0,0,0,0,1,0,1,0,0,0,0,0,0,0,0,0,0,0,0,0,0,1,0,0
2018-19,33,Tamilnadu,3312,COIMBATORE,331205,SARKAR SAMAKKULAM,2,UPS (I-VIII) ,1,Department of Education,Urban,3,Co-educational,7,7,7,7,7,7,7,7,7,7,7,7,7,7,7,2,2,0,0,3,0,7,7,1,7,7,6,0,7,7,0
2018-19,33,Tamilnadu,3312,COIMBATORE,331205,SARKAR SAMAKKULAM,2,UPS (I-VIII) ,3,Local body,Urban,3,Co-educational,5,5,5,4,5,5,5,5,5,5,5,5,5,5,5,0,3,3,0,0,0,5,5,1,5,4,5,0,5,5,0
2018-19,33,Tamilnadu,3312,COIMBATORE,331205,SARKAR SAMAKKULAM,2,UPS (I-VIII) ,4,Government Aided,Urban,3,Co-educational,1,1,1,0,1,1,1,1,1,1,1,1,1,1,1,1,0,1,0,1,0,1,1,0,1,1,1,0,1,1,0
2018-19,33,Tamilnadu,3312,COIMBATORE,331205,SARKAR SAMAKKULAM,2,UPS (I-VIII) ,5,Private Unaided (Recognized),Urban,3,Co-educational,2,2,0,1,1,2,2,2,2,2,2,2,2,1,2,2,1,2,0,1,0,1,1,0,2,2,0,0,2,2,0
2018-19,33,Tamilnadu,3312,COIMBATORE,331205,SARKAR SAMAKKULAM,2,UPS (I-VIII) ,6,Other Govt. managed schools,Urban,3,Co-educational,1,1,0,1,1,1,1,1,1,1,1,1,1,1,1,1,0,1,1,1,0,1,0,0,1,1,1,0,1,1,0
2018-19,33,Tamilnadu,3312,COIMBATORE,331206,THONDAMUTHUR,3,HSS (I-XII),5,Private Unaided (Recognized),Rural,3,Co-educational,11,11,4,9,11,11,11,11,11,11,11,11,11,9,11,11,6,10,0,8,0,11,10,0,11,11,5,0,11,11,0
2018-19,33,Tamilnadu,3312,COIMBATORE,331206,THONDAMUTHUR,3,HSS (I-XII),5,Private Unaided (Recognized),Urban,3,Co-educational,3,3,0,3,3,3,3,3,3,3,3,3,3,2,3,3,2,3,0,3,1,3,3,1,3,3,1,0,3,3,1
2018-19,33,Tamilnadu,3312,COIMBATORE,331206,THONDAMUTHUR,5, HSS (VI-XII),1,Department of Education,Rural,1,Boys,1,1,1,1,1,1,1,1,0,1,1,1,1,0,0,1,0,1,0,0,0,1,1,0,1,1,1,0,1,1,0
2018-19,33,Tamilnadu,3312,COIMBATORE,331206,THONDAMUTHUR,5, HSS (VI-XII),1,Department of Education,Urban,2,Girls,1,1,1,1,1,1,1,0,1,1,1,1,0,1,1,1,1,1,0,0,0,1,1,1,1,1,1,0,1,1,1
2018-19,33,Tamilnadu,3312,COIMBATORE,331206,THONDAMUTHUR,5, HSS (VI-XII),1,Department of Education,Rural,3,Co-educational,2,2,1,2,2,2,2,1,2,2,2,2,2,2,2,1,2,1,0,1,0,2,1,1,2,2,2,0,2,2,0
2018-19,33,Tamilnadu,3312,COIMBATORE,331206,THONDAMUTHUR,5, HSS (VI-XII),1,Department of Education,Urban,3,Co-educational,3,3,2,3,3,3,3,3,3,3,3,3,3,3,3,1,3,3,1,2,0,3,2,0,3,3,3,0,3,2,1
2018-19,33,Tamilnadu,3312,COIMBATORE,331206,THONDAMUTHUR,5, HSS (VI-XII),4,Government Aided,Urban,3,Co-educational,1,1,1,1,1,1,1,1,1,1,1,1,1,1,1,1,1,0,0,1,0,1,1,0,1,1,1,0,1,1,0
2018-19,33,Tamilnadu,3312,COIMBATORE,331206,THONDAMUTHUR,1,PS (I-V) ,1,Department of Education,Rural,3,Co-educational,17,16,10,4,16,16,17,17,17,17,17,17,17,17,17,0,0,0,0,0,0,16,17,5,17,17,16,0,17,10,7
2018-19,33,Tamilnadu,3312,COIMBATORE,331206,THONDAMUTHUR,1,PS (I-V) ,2,Tribal Welfare Department,Rural,3,Co-educational,2,2,2,0,2,2,2,2,2,2,2,2,2,2,2,0,0,0,1,0,0,2,2,0,2,2,1,2,2,0,1
2018-19,33,Tamilnadu,3312,COIMBATORE,331206,THONDAMUTHUR,1,PS (I-V) ,5,Private Unaided (Recognized),Rural,3,Co-educational,8,8,3,3,7,7,8,8,8,8,8,8,8,7,8,3,0,3,0,4,0,8,5,0,8,8,0,0,8,3,0
2018-19,33,Tamilnadu,3312,COIMBATORE,331206,THONDAMUTHUR,1,PS (I-V) ,8,Unrecognized,Rural,3,Co-educational,1,1,0,1,1,1,1,1,1,1,0,0,0,0,1,1,0,1,0,1,0,1,1,0,1,1,0,0,1,0,0
2018-19,33,Tamilnadu,3312,COIMBATORE,331206,THONDAMUTHUR,1,PS (I-V) ,90,Social welfare Department,Rural,3,Co-educational,1,1,1,0,1,1,1,1,1,1,1,1,1,1,1,0,0,0,0,0,0,1,1,1,1,1,1,1,1,1,0
2018-19,33,Tamilnadu,3312,COIMBATORE,331206,THONDAMUTHUR,1,PS (I-V) ,1,Department of Education,Urban,3,Co-educational,24,24,13,4,24,24,24,24,24,24,24,24,24,24,24,1,0,0,4,0,0,24,24,4,24,24,21,0,24,15,7
2018-19,33,Tamilnadu,3312,COIMBATORE,331206,THONDAMUTHUR,1,PS (I-V) ,5,Private Unaided (Recognized),Urban,3,Co-educational,1,1,0,1,1,1,1,1,1,1,1,1,1,1,1,0,0,1,0,0,0,1,0,0,1,1,0,0,1,1,0
2018-19,33,Tamilnadu,3312,COIMBATORE,331206,THONDAMUTHUR,1,PS (I-V) ,90,Social welfare Department,Urban,3,Co-educational,2,2,1,2,2,2,2,2,2,2,2,2,2,2,2,1,0,0,1,1,0,2,2,0,2,2,1,1,2,2,1
2018-19,33,Tamilnadu,3312,COIMBATORE,331206,THONDAMUTHUR,6, SS (I-X) ,5,Private Unaided (Recognized),Rural,3,Co-educational,5,5,0,4,5,5,5,5,5,5,5,5,5,4,4,4,1,5,0,2,1,5,3,2,5,5,0,0,5,4,1
2018-19,33,Tamilnadu,3312,COIMBATORE,331206,THONDAMUTHUR,7,SS (VI-X),1,Department of Education,Rural,3,Co-educational,4,4,4,4,4,4,4,4,4,4,4,4,4,3,4,2,4,4,1,0,0,4,4,1,4,4,4,0,4,3,1
2018-19,33,Tamilnadu,3312,COIMBATORE,331206,THONDAMUTHUR,7,SS (VI-X),90,Social welfare Department,Rural,3,Co-educational,1,1,1,1,1,1,1,1,1,1,1,1,1,1,1,0,1,0,0,0,0,1,1,1,0,1,1,1,1,1,1
2018-19,33,Tamilnadu,3312,COIMBATORE,331206,THONDAMUTHUR,7,SS (VI-X),1,Department of Education,Urban,3,Co-educational,1,1,1,1,1,1,1,1,1,1,1,1,1,1,1,1,1,1,0,0,0,1,1,0,1,0,1,0,1,0,0
2018-19,33,Tamilnadu,3312,COIMBATORE,331206,THONDAMUTHUR,2,UPS (I-VIII) ,1,Department of Education,Rural,3,Co-educational,8,7,8,8,8,8,8,8,8,8,8,8,8,8,8,2,2,0,1,1,0,8,8,1,8,8,8,0,8,6,5
2018-19,33,Tamilnadu,3312,COIMBATORE,331206,THONDAMUTHUR,2,UPS (I-VIII) ,4,Government Aided,Rural,3,Co-educational,2,2,2,0,2,2,2,2,2,2,2,2,2,2,2,1,0,0,0,0,0,2,2,1,1,2,2,0,2,1,1
2018-19,33,Tamilnadu,3312,COIMBATORE,331206,THONDAMUTHUR,2,UPS (I-VIII) ,5,Private Unaided (Recognized),Rural,3,Co-educational,1,1,0,0,1,1,1,1,1,1,1,1,1,1,1,1,1,1,0,1,0,1,1,0,1,1,0,0,1,1,0
2018-19,33,Tamilnadu,3312,COIMBATORE,331206,THONDAMUTHUR,2,UPS (I-VIII) ,1,Department of Education,Urban,3,Co-educational,6,5,6,6,6,6,6,6,6,6,6,6,6,6,6,2,1,0,3,0,0,6,6,1,6,6,6,0,6,6,2
2018-19,33,Tamilnadu,3312,COIMBATORE,331206,THONDAMUTHUR,2,UPS (I-VIII) ,6,Other Govt. managed schools,Urban,3,Co-educational,1,1,0,1,1,1,1,1,1,1,1,1,1,1,1,1,0,1,0,1,0,1,0,0,1,1,1,0,1,1,0
2018-19,33,Tamilnadu,3312,COIMBATORE,331206,THONDAMUTHUR,2,UPS (I-VIII) ,8,Unrecognized,Urban,3,Co-educational,1,1,0,0,1,1,1,1,1,1,1,1,1,1,1,1,0,0,0,1,0,0,0,0,1,1,0,0,1,1,0
2018-19,33,Tamilnadu,3312,COIMBATORE,331207,ANAIMALAI,3,HSS (I-XII),5,Private Unaided (Recognized),Rural,3,Co-educational,5,5,3,5,4,4,5,5,5,5,5,5,5,5,5,3,3,5,0,2,0,5,3,0,5,5,2,0,5,5,0
2018-19,33,Tamilnadu,3312,COIMBATORE,331207,ANAIMALAI,3,HSS (I-XII),5,Private Unaided (Recognized),Urban,3,Co-educational,3,3,2,3,3,3,3,3,3,3,3,3,3,3,3,1,0,3,0,3,0,3,3,0,3,3,0,0,3,3,0
2018-19,33,Tamilnadu,3312,COIMBATORE,331207,ANAIMALAI,5, HSS (VI-XII),1,Department of Education,Urban,1,Boys,2,2,2,2,2,2,2,2,0,2,2,2,2,0,1,2,0,2,0,1,0,2,2,0,2,2,2,0,2,2,0
2018-19,33,Tamilnadu,3312,COIMBATORE,331207,ANAIMALAI,5, HSS (VI-XII),1,Department of Education,Urban,2,Girls,2,2,1,2,2,2,2,0,2,2,2,2,0,2,2,2,2,2,1,2,0,2,2,1,2,2,2,0,2,2,0
2018-19,33,Tamilnadu,3312,COIMBATORE,331207,ANAIMALAI,5, HSS (VI-XII),1,Department of Education,Rural,3,Co-educational,2,2,2,2,2,2,2,1,2,2,2,2,2,2,2,2,2,2,0,1,0,2,2,1,2,2,2,0,2,1,0
2018-19,33,Tamilnadu,3312,COIMBATORE,331207,ANAIMALAI,5, HSS (VI-XII),4,Government Aided,Rural,3,Co-educational,1,1,1,1,1,1,1,1,1,1,1,1,1,1,1,1,0,0,0,0,0,1,1,0,1,1,0,0,1,1,0
2018-19,33,Tamilnadu,3312,COIMBATORE,331207,ANAIMALAI,5, HSS (VI-XII),1,Department of Education,Urban,3,Co-educational,1,1,1,1,1,1,1,1,1,1,1,1,1,1,1,1,1,1,0,1,0,1,1,0,1,0,1,0,1,0,0
2018-19,33,Tamilnadu,3312,COIMBATORE,331207,ANAIMALAI,1,PS (I-V) ,1,Department of Education,Rural,3,Co-educational,33,33,27,9,33,33,33,29,32,32,31,31,29,31,30,3,0,1,7,13,0,32,33,6,32,31,30,0,33,32,22
2018-19,33,Tamilnadu,3312,COIMBATORE,331207,ANAIMALAI,1,PS (I-V) ,4,Government Aided,Rural,3,Co-educational,1,1,1,0,1,1,1,1,1,1,1,1,1,1,1,0,0,0,0,1,0,1,1,0,1,1,1,0,1,0,1
2018-19,33,Tamilnadu,3312,COIMBATORE,331207,ANAIMALAI,1,PS (I-V) ,5,Private Unaided (Recognized),Rural,3,Co-educational,3,3,2,3,3,3,3,3,3,3,3,3,3,3,3,3,0,2,0,2,0,3,3,1,2,3,0,0,3,2,0
2018-19,33,Tamilnadu,3312,COIMBATORE,331207,ANAIMALAI,1,PS (I-V) ,90,Social welfare Department,Rural,3,Co-educational,1,1,1,0,1,1,1,1,1,1,1,1,1,1,1,0,0,0,0,1,0,1,1,0,1,1,0,0,1,1,1
2018-19,33,Tamilnadu,3312,COIMBATORE,331207,ANAIMALAI,1,PS (I-V) ,1,Department of Education,Urban,3,Co-educational,30,30,23,7,30,30,30,29,30,30,30,30,29,30,28,5,0,0,2,14,0,29,29,9,30,28,21,0,30,25,16
2018-19,33,Tamilnadu,3312,COIMBATORE,331207,ANAIMALAI,1,PS (I-V) ,2,Tribal Welfare Department,Urban,3,Co-educational,1,1,0,0,1,1,1,1,1,1,1,1,1,1,1,0,0,0,0,0,0,1,1,0,1,0,0,0,1,0,1
2018-19,33,Tamilnadu,3312,COIMBATORE,331207,ANAIMALAI,1,PS (I-V) ,4,Government Aided,Urban,3,Co-educational,2,2,1,0,2,2,2,2,2,2,2,2,2,2,2,0,0,0,0,0,0,2,2,0,2,2,0,0,2,1,0
2018-19,33,Tamilnadu,3312,COIMBATORE,331207,ANAIMALAI,1,PS (I-V) ,5,Private Unaided (Recognized),Urban,3,Co-educational,6,6,2,6,6,6,6,6,6,6,6,6,6,6,6,1,0,5,0,0,0,6,6,3,6,6,1,0,6,4,1
2018-19,33,Tamilnadu,3312,COIMBATORE,331207,ANAIMALAI,1,PS (I-V) ,8,Unrecognized,Urban,3,Co-educational,1,1,0,1,0,0,1,1,1,1,0,0,0,0,0,0,0,0,0,0,0,1,0,0,1,1,0,0,1,1,0
2018-19,33,Tamilnadu,3312,COIMBATORE,331207,ANAIMALAI,6, SS (I-X) ,5,Private Unaided (Recognized),Rural,3,Co-educational,2,2,0,2,2,2,2,2,2,2,2,2,2,2,2,1,0,2,0,0,0,2,0,0,2,2,0,0,2,2,0
2018-19,33,Tamilnadu,3312,COIMBATORE,331207,ANAIMALAI,6, SS (I-X) ,5,Private Unaided (Recognized),Urban,3,Co-educational,2,2,0,2,1,1,2,2,2,2,2,2,2,2,2,2,0,1,0,0,0,2,0,0,2,1,0,0,2,1,0
2018-19,33,Tamilnadu,3312,COIMBATORE,331207,ANAIMALAI,7,SS (VI-X),1,Department of Education,Rural,3,Co-educational,5,4,5,2,5,5,5,5,5,5,3,3,3,2,5,3,2,3,1,1,0,4,5,1,4,5,5,0,5,5,0
2018-19,33,Tamilnadu,3312,COIMBATORE,331207,ANAIMALAI,7,SS (VI-X),1,Department of Education,Urban,3,Co-educational,1,1,1,1,1,1,1,1,1,1,1,1,1,1,1,1,1,1,0,0,0,1,1,0,0,1,1,0,1,1,1
2018-19,33,Tamilnadu,3312,COIMBATORE,331207,ANAIMALAI,2,UPS (I-VIII) ,1,Department of Education,Rural,3,Co-educational,11,11,10,11,11,11,11,11,11,11,11,11,11,11,11,6,8,0,2,3,0,11,11,1,11,11,11,0,11,10,10
2018-19,33,Tamilnadu,3312,COIMBATORE,331207,ANAIMALAI,2,UPS (I-VIII) ,8,Unrecognized,Rural,3,Co-educational,1,1,1,1,1,1,1,1,1,1,1,1,1,1,1,1,1,1,0,0,0,1,1,0,1,1,1,0,1,1,0
2018-19,33,Tamilnadu,3312,COIMBATORE,331207,ANAIMALAI,2,UPS (I-VIII) ,1,Department of Education,Urban,3,Co-educational,5,5,5,5,5,5,5,5,5,5,5,5,5,5,5,2,3,0,2,4,0,5,5,1,4,5,4,0,5,5,2
2018-19,33,Tamilnadu,3312,COIMBATORE,331207,ANAIMALAI,2,UPS (I-VIII) ,6,Other Govt. managed schools,Urban,3,Co-educational,1,1,1,0,1,1,1,1,1,1,1,1,1,1,1,0,0,0,0,1,0,1,1,0,1,1,1,0,1,0,1
2018-19,33,Tamilnadu,3312,COIMBATORE,331209,KINATHUKKADAVU,3,HSS (I-XII),5,Private Unaided (Recognized),Rural,3,Co-educational,6,6,0,5,5,5,6,6,6,6,6,6,6,6,6,5,3,6,1,6,1,6,2,1,6,6,2,0,6,6,1
2018-19,33,Tamilnadu,3312,COIMBATORE,331209,KINATHUKKADAVU,5, HSS (VI-XII),4,Government Aided,Urban,2,Girls,1,1,1,1,1,1,1,0,1,1,0,0,0,0,1,1,0,1,0,1,0,1,1,1,1,1,0,0,1,0,1
2018-19,33,Tamilnadu,3312,COIMBATORE,331209,KINATHUKKADAVU,5, HSS (VI-XII),1,Department of Education,Rural,3,Co-educational,3,3,2,3,3,3,3,3,3,3,3,3,3,3,3,3,2,1,0,3,0,3,2,1,3,2,3,0,3,3,0
2018-19,33,Tamilnadu,3312,COIMBATORE,331209,KINATHUKKADAVU,5, HSS (VI-XII),1,Department of Education,Urban,3,Co-educational,2,2,2,2,2,2,2,2,2,2,2,2,2,2,2,2,0,1,0,1,0,2,2,0,2,1,2,0,2,2,0
2018-19,33,Tamilnadu,3312,COIMBATORE,331209,KINATHUKKADAVU,1,PS (I-V) ,1,Department of Education,Rural,3,Co-educational,46,46,23,6,46,46,46,45,45,46,46,46,46,46,45,2,2,0,11,12,0,45,46,13,46,46,42,0,46,32,10
2018-19,33,Tamilnadu,3312,COIMBATORE,331209,KINATHUKKADAVU,1,PS (I-V) ,4,Government Aided,Rural,3,Co-educational,8,8,3,0,7,7,8,6,8,8,8,8,8,7,7,0,0,0,1,2,0,8,8,1,7,6,6,0,8,3,1
2018-19,33,Tamilnadu,3312,COIMBATORE,331209,KINATHUKKADAVU,1,PS (I-V) ,5,Private Unaided (Recognized),Rural,3,Co-educational,2,2,1,2,2,2,2,2,2,2,2,2,2,2,2,2,1,1,0,2,0,2,2,0,2,2,1,0,2,2,0
2018-19,33,Tamilnadu,3312,COIMBATORE,331209,KINATHUKKADAVU,1,PS (I-V) ,90,Social welfare Department,Rural,3,Co-educational,1,1,1,1,1,1,1,1,1,1,1,1,1,1,1,0,0,0,0,0,0,1,1,0,1,1,1,0,1,0,1
2018-19,33,Tamilnadu,3312,COIMBATORE,331209,KINATHUKKADAVU,1,PS (I-V) ,1,Department of Education,Urban,3,Co-educational,3,3,1,1,3,3,3,3,3,3,3,3,3,3,3,0,0,0,1,0,0,3,3,1,2,3,3,0,3,3,1
2018-19,33,Tamilnadu,3312,COIMBATORE,331209,KINATHUKKADAVU,1,PS (I-V) ,4,Government Aided,Urban,3,Co-educational,1,1,1,0,1,1,1,1,1,1,1,1,1,1,1,1,0,0,0,0,0,0,1,0,1,1,0,0,1,1,0
2018-19,33,Tamilnadu,3312,COIMBATORE,331209,KINATHUKKADAVU,6, SS (I-X) ,5,Private Unaided (Recognized),Rural,3,Co-educational,1,1,0,1,0,0,1,1,1,1,1,1,1,1,1,1,1,1,0,1,0,1,0,0,1,1,1,0,1,1,0
2018-19,33,Tamilnadu,3312,COIMBATORE,331209,KINATHUKKADAVU,7,SS (VI-X),1,Department of Education,Rural,3,Co-educational,6,6,5,5,5,5,6,6,6,6,6,6,6,6,6,1,4,5,0,5,0,6,5,2,6,5,4,0,6,4,0
2018-19,33,Tamilnadu,3312,COIMBATORE,331209,KINATHUKKADAVU,7,SS (VI-X),4,Government Aided,Rural,3,Co-educational,1,1,1,0,1,1,1,1,1,1,1,1,1,1,1,0,0,1,0,1,0,1,1,0,1,1,1,0,1,1,0
2018-19,33,Tamilnadu,3312,COIMBATORE,331209,KINATHUKKADAVU,2,UPS (I-VIII) ,1,Department of Education,Rural,3,Co-educational,12,12,11,12,12,12,12,12,12,12,12,12,12,12,12,5,4,1,6,4,0,12,11,3,12,12,12,0,12,12,2
2018-19,33,Tamilnadu,3312,COIMBATORE,331209,KINATHUKKADAVU,2,UPS (I-VIII) ,4,Government Aided,Rural,3,Co-educational,1,1,1,0,1,1,1,1,1,1,1,1,1,1,1,1,0,0,0,0,0,1,1,0,1,1,1,0,1,0,0
2018-19,33,Tamilnadu,3312,COIMBATORE,331209,KINATHUKKADAVU,2,UPS (I-VIII) ,5,Private Unaided (Recognized),Rural,3,Co-educational,1,1,0,1,0,0,1,1,1,1,1,1,1,1,1,0,0,1,0,1,0,1,0,0,1,1,0,0,1,1,0
2018-19,33,Tamilnadu,3312,COIMBATORE,331209,KINATHUKKADAVU,2,UPS (I-VIII) ,4,Government Aided,Urban,3,Co-educational,1,1,1,0,1,1,1,1,1,1,1,1,1,1,0,0,0,0,0,0,0,1,1,0,1,1,0,0,1,0,0
2018-19,33,Tamilnadu,3312,COIMBATORE,331209,KINATHUKKADAVU,2,UPS (I-VIII) ,6,Other Govt. managed schools,Urban,3,Co-educational,1,1,0,0,0,0,1,0,0,0,0,1,0,1,0,0,0,0,0,0,0,0,0,0,0,0,0,0,1,0,0
2018-19,33,Tamilnadu,3312,COIMBATORE,331211,POLLACHI NORTH,3,HSS (I-XII),5,Private Unaided (Recognized),Rural,3,Co-educational,10,10,4,9,10,10,10,10,10,10,9,9,9,8,9,9,3,10,1,4,2,10,7,2,10,10,2,1,10,10,2
2018-19,33,Tamilnadu,3312,COIMBATORE,331211,POLLACHI NORTH,5, HSS (VI-XII),1,Department of Education,Rural,3,Co-educational,2,2,2,2,2,2,2,1,2,2,1,1,1,1,2,2,1,2,0,2,0,2,2,1,2,2,1,0,2,0,0
2018-19,33,Tamilnadu,3312,COIMBATORE,331211,POLLACHI NORTH,5, HSS (VI-XII),4,Government Aided,Rural,3,Co-educational,1,1,1,0,1,1,1,1,1,1,1,1,1,1,1,1,0,1,0,0,0,1,1,0,1,1,0,0,1,0,0
2018-19,33,Tamilnadu,3312,COIMBATORE,331211,POLLACHI NORTH,5, HSS (VI-XII),5,Private Unaided (Recognized),Rural,3,Co-educational,1,1,0,1,1,1,1,1,1,1,1,1,1,0,1,1,0,1,0,1,0,1,0,0,1,1,0,0,1,0,0
2018-19,33,Tamilnadu,3312,COIMBATORE,331211,POLLACHI NORTH,5, HSS (VI-XII),1,Department of Education,Urban,3,Co-educational,1,1,1,0,1,1,1,1,1,1,1,1,1,1,1,1,1,0,0,1,0,1,1,0,1,1,1,0,1,0,0
2018-19,33,Tamilnadu,3312,COIMBATORE,331211,POLLACHI NORTH,1,PS (I-V) ,1,Department of Education,Rural,3,Co-educational,67,67,42,7,64,66,67,66,67,67,67,67,67,66,65,5,0,0,6,7,0,66,64,4,46,66,63,0,67,60,5
2018-19,33,Tamilnadu,3312,COIMBATORE,331211,POLLACHI NORTH,1,PS (I-V) ,4,Government Aided,Rural,3,Co-educational,1,1,1,0,1,1,1,1,1,1,1,1,1,1,1,0,0,0,0,0,0,1,1,0,0,1,1,0,1,1,0
2018-19,33,Tamilnadu,3312,COIMBATORE,331211,POLLACHI NORTH,1,PS (I-V) ,5,Private Unaided (Recognized),Rural,3,Co-educational,1,1,0,1,1,1,1,1,1,1,1,1,1,1,1,1,0,1,0,0,0,1,0,0,1,1,0,0,1,1,0
2018-19,33,Tamilnadu,3312,COIMBATORE,331211,POLLACHI NORTH,1,PS (I-V) ,1,Department of Education,Urban,3,Co-educational,4,4,3,1,4,4,4,4,4,4,4,4,4,4,4,0,0,0,1,0,0,3,4,1,4,4,3,0,4,4,0
2018-19,33,Tamilnadu,3312,COIMBATORE,331211,POLLACHI NORTH,1,PS (I-V) ,5,Private Unaided (Recognized),Urban,3,Co-educational,1,1,0,1,1,1,1,1,1,1,1,1,1,1,1,1,0,1,0,0,0,1,1,0,1,1,1,0,1,1,0
2018-19,33,Tamilnadu,3312,COIMBATORE,331211,POLLACHI NORTH,6, SS (I-X) ,5,Private Unaided (Recognized),Rural,3,Co-educational,3,3,0,2,2,2,3,3,3,3,3,3,3,3,3,3,1,3,0,3,0,3,1,0,3,3,1,0,3,3,0
2018-19,33,Tamilnadu,3312,COIMBATORE,331211,POLLACHI NORTH,6, SS (I-X) ,5,Private Unaided (Recognized),Urban,3,Co-educational,1,1,1,0,1,1,1,1,1,1,1,1,1,1,1,1,0,1,0,1,0,1,1,0,1,1,0,0,1,1,0
2018-19,33,Tamilnadu,3312,COIMBATORE,331211,POLLACHI NORTH,7,SS (VI-X),1,Department of Education,Urban,2,Girls,1,1,1,1,1,1,1,0,1,1,1,1,0,1,1,1,0,1,0,0,0,1,1,1,1,1,1,0,1,0,0
2018-19,33,Tamilnadu,3312,COIMBATORE,331211,POLLACHI NORTH,7,SS (VI-X),1,Department of Education,Rural,3,Co-educational,3,3,3,3,3,3,3,3,3,3,3,3,3,3,3,2,2,3,0,3,0,3,3,2,3,3,3,0,3,2,0
2018-19,33,Tamilnadu,3312,COIMBATORE,331211,POLLACHI NORTH,2,UPS (I-VIII) ,1,Department of Education,Rural,3,Co-educational,20,19,18,20,20,20,20,20,20,20,20,20,20,20,20,7,3,0,5,9,0,20,18,2,15,20,20,1,20,17,5
2018-19,33,Tamilnadu,3312,COIMBATORE,331211,POLLACHI NORTH,2,UPS (I-VIII) ,5,Private Unaided (Recognized),Rural,3,Co-educational,1,1,0,1,1,1,1,1,1,1,1,1,1,1,1,1,0,0,0,1,0,1,0,0,1,1,1,0,1,1,0
2018-19,33,Tamilnadu,3312,COIMBATORE,331212,POLLACHI SOUTH,3,HSS (I-XII),5,Private Unaided (Recognized),Rural,3,Co-educational,5,5,3,4,4,4,5,5,5,5,5,5,5,5,5,5,4,5,1,2,0,5,5,1,5,5,2,0,5,5,1
2018-19,33,Tamilnadu,3312,COIMBATORE,331212,POLLACHI SOUTH,3,HSS (I-XII),5,Private Unaided (Recognized),Urban,3,Co-educational,9,9,1,5,9,9,9,9,9,9,9,9,9,8,9,7,6,8,0,2,0,9,3,0,9,9,3,0,9,9,0
2018-19,33,Tamilnadu,3312,COIMBATORE,331212,POLLACHI SOUTH,5, HSS (VI-XII),3,Local body,Urban,1,Boys,1,1,1,1,1,1,1,1,0,1,1,1,1,0,1,1,0,1,1,0,0,1,1,1,1,1,1,0,1,0,0
2018-19,33,Tamilnadu,3312,COIMBATORE,331212,POLLACHI SOUTH,5, HSS (VI-XII),1,Department of Education,Urban,2,Girls,1,1,0,0,1,1,1,0,1,1,1,1,0,1,1,0,1,0,0,0,0,1,0,0,1,1,1,0,1,1,0
2018-19,33,Tamilnadu,3312,COIMBATORE,331212,POLLACHI SOUTH,5, HSS (VI-XII),4,Government Aided,Urban,2,Girls,1,1,1,1,1,1,1,0,1,1,1,1,0,1,1,1,0,1,1,1,0,1,1,1,1,1,0,0,1,1,0
2018-19,33,Tamilnadu,3312,COIMBATORE,331212,POLLACHI SOUTH,5, HSS (VI-XII),1,Department of Education,Rural,3,Co-educational,3,3,3,3,3,3,3,3,3,3,3,3,3,2,3,3,2,3,0,1,0,2,3,2,3,0,2,0,3,1,1
2018-19,33,Tamilnadu,3312,COIMBATORE,331212,POLLACHI SOUTH,5, HSS (VI-XII),4,Government Aided,Rural,3,Co-educational,1,1,1,1,1,1,1,1,1,1,1,1,1,1,1,1,0,1,1,1,0,1,1,1,1,1,0,0,1,1,0
2018-19,33,Tamilnadu,3312,COIMBATORE,331212,POLLACHI SOUTH,5, HSS (VI-XII),90,Social welfare Department,Rural,3,Co-educational,1,1,1,0,1,1,1,1,1,1,1,1,1,1,1,0,1,1,0,1,0,1,1,1,1,1,1,0,1,1,0
2018-19,33,Tamilnadu,3312,COIMBATORE,331212,POLLACHI SOUTH,5, HSS (VI-XII),1,Department of Education,Urban,3,Co-educational,2,2,2,2,2,2,2,1,2,2,2,2,1,1,2,2,1,2,0,2,0,2,2,2,2,2,2,0,2,1,0
2018-19,33,Tamilnadu,3312,COIMBATORE,331212,POLLACHI SOUTH,5, HSS (VI-XII),3,Local body,Urban,3,Co-educational,2,2,1,2,2,2,2,1,2,2,2,2,1,2,2,2,0,2,0,1,0,2,2,2,2,2,1,1,2,2,1
2018-19,33,Tamilnadu,3312,COIMBATORE,331212,POLLACHI SOUTH,5, HSS (VI-XII),5,Private Unaided (Recognized),Urban,3,Co-educational,1,1,0,1,1,1,1,1,1,1,1,1,1,1,1,1,0,1,0,0,0,1,0,0,1,1,0,0,1,1,0
2018-19,33,Tamilnadu,3312,COIMBATORE,331212,POLLACHI SOUTH,11,HSS (XI-XII),5,Private Unaided (Recognized),Rural,3,Co-educational,1,1,0,1,1,1,1,1,1,1,0,0,0,0,1,1,0,1,0,0,0,1,0,0,1,1,0,0,1,1,0
2018-19,33,Tamilnadu,3312,COIMBATORE,331212,POLLACHI SOUTH,1,PS (I-V) ,1,Department of Education,Rural,3,Co-educational,44,43,16,12,41,43,44,42,44,44,44,44,42,43,43,2,1,0,3,13,0,41,43,1,43,44,39,0,44,41,21
2018-19,33,Tamilnadu,3312,COIMBATORE,331212,POLLACHI SOUTH,1,PS (I-V) ,3,Local body,Rural,3,Co-educational,1,1,0,0,1,1,1,1,0,1,1,1,1,1,1,0,0,0,0,0,0,1,1,0,1,1,1,0,1,1,0
2018-19,33,Tamilnadu,3312,COIMBATORE,331212,POLLACHI SOUTH,1,PS (I-V) ,4,Government Aided,Rural,3,Co-educational,2,2,0,0,2,2,2,2,2,2,2,2,2,2,2,0,0,0,0,0,0,2,2,0,2,1,2,0,2,1,1
2018-19,33,Tamilnadu,3312,COIMBATORE,331212,POLLACHI SOUTH,1,PS (I-V) ,5,Private Unaided (Recognized),Rural,3,Co-educational,3,3,0,2,2,2,3,2,2,2,2,3,3,3,3,2,0,0,0,0,0,2,1,0,3,1,0,0,3,1,0
2018-19,33,Tamilnadu,3312,COIMBATORE,331212,POLLACHI SOUTH,1,PS (I-V) ,90,Social welfare Department,Rural,3,Co-educational,2,2,0,0,2,2,2,2,2,2,2,2,2,2,2,0,0,0,0,1,0,2,2,0,2,2,2,0,2,1,0
2018-19,33,Tamilnadu,3312,COIMBATORE,331212,POLLACHI SOUTH,1,PS (I-V) ,1,Department of Education,Urban,3,Co-educational,5,5,2,1,5,5,5,5,5,5,5,5,5,5,5,0,0,0,0,2,0,5,5,0,4,4,4,0,5,3,1
2018-19,33,Tamilnadu,3312,COIMBATORE,331212,POLLACHI SOUTH,1,PS (I-V) ,3,Local body,Urban,3,Co-educational,4,4,2,1,4,4,4,4,4,4,4,4,4,4,4,2,0,0,1,2,0,4,4,0,4,4,3,0,4,2,0
2018-19,33,Tamilnadu,3312,COIMBATORE,331212,POLLACHI SOUTH,1,PS (I-V) ,4,Government Aided,Urban,3,Co-educational,2,2,1,0,2,2,2,2,2,2,2,2,2,2,2,1,0,0,0,1,0,2,2,0,2,2,2,0,2,1,0
2018-19,33,Tamilnadu,3312,COIMBATORE,331212,POLLACHI SOUTH,1,PS (I-V) ,5,Private Unaided (Recognized),Urban,3,Co-educational,13,13,1,10,10,10,13,12,12,12,11,12,11,12,12,8,0,5,0,4,0,11,4,1,12,10,3,0,13,8,1
2018-19,33,Tamilnadu,3312,COIMBATORE,331212,POLLACHI SOUTH,1,PS (I-V) ,8,Unrecognized,Urban,3,Co-educational,1,1,1,1,1,1,1,1,1,1,1,1,1,1,1,0,0,0,0,0,0,1,1,0,1,1,1,0,1,1,0
2018-19,33,Tamilnadu,3312,COIMBATORE,331212,POLLACHI SOUTH,6, SS (I-X) ,5,Private Unaided (Recognized),Rural,3,Co-educational,1,1,0,1,1,1,1,1,1,1,1,1,1,1,1,1,1,1,0,0,0,1,0,0,1,1,0,0,1,1,0
2018-19,33,Tamilnadu,3312,COIMBATORE,331212,POLLACHI SOUTH,6, SS (I-X) ,5,Private Unaided (Recognized),Urban,3,Co-educational,3,3,0,3,2,2,3,3,3,3,3,3,3,3,3,3,2,3,0,1,0,3,2,1,3,3,3,0,3,3,1
2018-19,33,Tamilnadu,3312,COIMBATORE,331212,POLLACHI SOUTH,7,SS (VI-X),1,Department of Education,Rural,3,Co-educational,2,2,2,2,2,2,2,1,1,1,1,2,1,1,1,0,0,1,0,1,0,0,2,0,0,1,1,0,2,1,0
2018-19,33,Tamilnadu,3312,COIMBATORE,331212,POLLACHI SOUTH,2,UPS (I-VIII) ,1,Department of Education,Rural,3,Co-educational,8,8,8,8,8,8,8,8,8,8,8,8,8,8,8,5,1,0,0,5,0,8,8,1,7,8,8,0,8,8,3
2018-19,33,Tamilnadu,3312,COIMBATORE,331212,POLLACHI SOUTH,2,UPS (I-VIII) ,3,Local body,Rural,3,Co-educational,6,6,6,6,6,6,6,6,6,6,6,6,6,6,6,2,0,0,0,3,0,6,6,0,5,6,5,0,6,3,0
2018-19,33,Tamilnadu,3312,COIMBATORE,331212,POLLACHI SOUTH,2,UPS (I-VIII) ,5,Private Unaided (Recognized),Rural,3,Co-educational,1,1,0,0,1,1,1,1,1,1,1,1,1,1,1,1,0,0,0,1,0,1,0,0,1,1,0,0,1,1,0
2018-19,33,Tamilnadu,3312,COIMBATORE,331212,POLLACHI SOUTH,2,UPS (I-VIII) ,8,Unrecognized,Rural,3,Co-educational,1,1,0,0,1,1,1,1,1,1,1,1,1,1,1,1,0,1,0,1,0,1,1,0,1,1,0,0,1,1,0
2018-19,33,Tamilnadu,3312,COIMBATORE,331212,POLLACHI SOUTH,2,UPS (I-VIII) ,1,Department of Education,Urban,3,Co-educational,4,4,4,3,3,4,4,4,4,4,4,4,4,4,4,1,1,0,0,1,0,4,4,1,3,3,3,0,4,4,1
2018-19,33,Tamilnadu,3312,COIMBATORE,331212,POLLACHI SOUTH,2,UPS (I-VIII) ,3,Local body,Urban,3,Co-educational,2,2,1,2,2,2,2,1,2,2,2,2,2,2,2,2,0,0,0,0,0,2,2,0,2,1,2,0,2,0,1
2018-19,33,Tamilnadu,3312,COIMBATORE,331212,POLLACHI SOUTH,2,UPS (I-VIII) ,4,Government Aided,Urban,3,Co-educational,1,1,1,0,1,1,1,1,1,1,1,1,1,1,1,0,0,0,0,0,0,1,1,0,1,1,1,0,1,1,0
2018-19,33,Tamilnadu,3312,COIMBATORE,331214,VALPARAI,3,HSS (I-XII),5,Private Unaided (Recognized),Urban,3,Co-educational,2,2,1,2,2,2,2,2,2,2,2,2,2,2,2,2,2,2,0,1,0,2,1,0,2,2,0,0,2,2,0
2018-19,33,Tamilnadu,3312,COIMBATORE,331214,VALPARAI,5, HSS (VI-XII),1,Department of Education,Urban,2,Girls,1,1,1,0,1,1,1,0,1,1,1,1,0,1,1,1,1,1,1,0,0,1,1,1,0,1,0,0,1,1,0
2018-19,33,Tamilnadu,3312,COIMBATORE,331214,VALPARAI,5, HSS (VI-XII),4,Government Aided,Urban,2,Girls,1,1,0,1,1,1,1,0,1,1,0,0,0,0,1,1,1,1,1,1,0,1,0,1,1,1,0,0,1,1,0
2018-19,33,Tamilnadu,3312,COIMBATORE,331214,VALPARAI,5, HSS (VI-XII),1,Department of Education,Urban,3,Co-educational,3,3,2,2,3,3,3,3,3,3,3,3,3,3,3,2,2,3,2,1,0,3,2,3,3,2,3,0,3,2,1
2018-19,33,Tamilnadu,3312,COIMBATORE,331214,VALPARAI,1,PS (I-V) ,1,Department of Education,Urban,3,Co-educational,50,50,34,4,47,48,50,48,49,49,40,40,36,36,46,2,0,0,19,10,0,49,42,27,38,28,29,0,50,35,2
2018-19,33,Tamilnadu,3312,COIMBATORE,331214,VALPARAI,1,PS (I-V) ,2,Tribal Welfare Department,Urban,3,Co-educational,4,4,3,0,4,4,4,4,4,4,3,3,3,3,4,0,0,0,4,3,0,4,4,3,3,3,2,0,3,4,0
2018-19,33,Tamilnadu,3312,COIMBATORE,331214,VALPARAI,1,PS (I-V) ,4,Government Aided,Urban,3,Co-educational,18,18,10,2,17,18,18,16,18,18,12,12,11,11,18,1,0,0,13,2,0,18,16,16,15,14,12,1,18,12,0
2018-19,33,Tamilnadu,3312,COIMBATORE,331214,VALPARAI,1,PS (I-V) ,5,Private Unaided (Recognized),Urban,3,Co-educational,4,4,4,3,4,4,4,4,4,4,4,4,4,4,4,3,0,2,3,2,1,4,4,4,4,4,3,0,4,4,2
2018-19,33,Tamilnadu,3312,COIMBATORE,331214,VALPARAI,7,SS (VI-X),1,Department of Education,Urban,3,Co-educational,4,4,4,3,4,4,4,4,4,4,4,4,4,4,4,2,1,3,1,1,0,4,4,1,4,3,1,0,4,3,0
2018-19,33,Tamilnadu,3312,COIMBATORE,331214,VALPARAI,2,UPS (I-VIII) ,1,Department of Education,Urban,3,Co-educational,9,9,8,9,9,9,9,9,9,9,9,9,9,9,9,6,0,0,6,2,0,9,8,9,7,8,8,0,9,7,0
2018-19,33,Tamilnadu,3312,COIMBATORE,331214,VALPARAI,2,UPS (I-VIII) ,2,Tribal Welfare Department,Urban,3,Co-educational,1,1,0,1,1,1,1,1,1,1,1,1,1,1,1,1,0,0,1,0,0,1,0,1,1,1,0,1,1,0,0
2018-19,33,Tamilnadu,3312,COIMBATORE,331214,VALPARAI,2,UPS (I-VIII) ,4,Government Aided,Urban,3,Co-educational,3,3,3,1,3,3,3,3,3,3,3,3,3,3,3,1,0,0,2,0,0,3,3,3,3,2,2,0,3,2,0
2018-19,33,Tamilnadu,3312,COIMBATORE,331214,VALPARAI,2,UPS (I-VIII) ,6,Other Govt. managed schools,Urban,3,Co-educational,1,1,1,1,1,1,1,1,1,1,1,1,1,0,1,0,0,1,1,0,0,1,1,1,1,0,0,0,1,1,0
2018-19,33,Tamilnadu,3312,COIMBATORE,331215,ANNUR,3,HSS (I-XII),5,Private Unaided (Recognized),Rural,3,Co-educational,4,4,3,4,3,3,4,4,4,4,4,4,4,4,4,4,3,4,0,2,0,4,3,0,4,4,0,0,4,3,0
2018-19,33,Tamilnadu,3312,COIMBATORE,331215,ANNUR,3,HSS (I-XII),5,Private Unaided (Recognized),Urban,3,Co-educational,1,1,0,1,1,1,1,1,1,1,1,1,1,1,1,1,1,1,0,1,0,1,0,0,1,1,1,0,1,1,0
2018-19,33,Tamilnadu,3312,COIMBATORE,331215,ANNUR,5, HSS (VI-XII),4,Government Aided,Urban,2,Girls,1,1,1,1,1,1,1,0,1,1,1,1,0,1,1,1,1,1,0,0,0,1,1,0,1,1,0,0,1,1,0
2018-19,33,Tamilnadu,3312,COIMBATORE,331215,ANNUR,5, HSS (VI-XII),1,Department of Education,Rural,3,Co-educational,4,4,3,1,4,4,4,4,4,4,4,4,4,4,4,2,4,3,1,3,0,4,3,2,4,3,4,1,4,3,2
2018-19,33,Tamilnadu,3312,COIMBATORE,331215,ANNUR,5, HSS (VI-XII),1,Department of Education,Urban,3,Co-educational,1,1,1,1,1,1,1,1,1,1,1,1,1,1,1,1,1,1,1,1,0,1,1,1,1,1,1,0,1,1,0
2018-19,33,Tamilnadu,3312,COIMBATORE,331215,ANNUR,1,PS (I-V) ,1,Department of Education,Rural,3,Co-educational,64,62,36,5,64,64,64,59,63,64,64,64,59,63,63,6,1,1,39,10,0,64,61,5,59,63,57,0,64,43,8
2018-19,33,Tamilnadu,3312,COIMBATORE,331215,ANNUR,1,PS (I-V) ,4,Government Aided,Rural,3,Co-educational,1,1,1,0,1,1,1,1,1,1,1,1,1,1,0,0,0,0,0,1,0,1,1,0,1,1,0,0,1,0,0
2018-19,33,Tamilnadu,3312,COIMBATORE,331215,ANNUR,1,PS (I-V) ,5,Private Unaided (Recognized),Rural,3,Co-educational,3,3,1,3,3,3,3,3,3,3,3,3,3,3,3,2,0,2,0,1,0,3,1,0,3,2,0,0,3,1,0
2018-19,33,Tamilnadu,3312,COIMBATORE,331215,ANNUR,1,PS (I-V) ,90,Social welfare Department,Rural,3,Co-educational,1,1,1,0,1,1,1,1,1,1,1,1,1,1,1,1,0,0,1,0,0,1,1,0,0,1,1,0,1,1,1
2018-19,33,Tamilnadu,3312,COIMBATORE,331215,ANNUR,1,PS (I-V) ,1,Department of Education,Urban,3,Co-educational,7,7,4,2,7,7,7,7,6,7,7,7,7,6,7,1,0,0,1,2,0,7,7,1,5,7,5,0,7,6,2
2018-19,33,Tamilnadu,3312,COIMBATORE,331215,ANNUR,1,PS (I-V) ,4,Government Aided,Urban,3,Co-educational,2,2,1,0,2,2,2,2,2,2,2,2,2,2,2,0,0,0,2,0,0,2,2,0,2,2,2,0,2,1,0
2018-19,33,Tamilnadu,3312,COIMBATORE,331215,ANNUR,1,PS (I-V) ,5,Private Unaided (Recognized),Urban,3,Co-educational,2,2,0,2,2,2,2,2,2,2,2,2,2,2,2,0,0,1,0,0,0,1,0,1,2,2,0,0,2,0,0
2018-19,33,Tamilnadu,3312,COIMBATORE,331215,ANNUR,6, SS (I-X) ,5,Private Unaided (Recognized),Rural,3,Co-educational,5,5,2,4,5,5,5,5,5,5,5,5,5,4,5,3,1,5,0,3,0,5,2,0,5,4,0,0,5,4,0
2018-19,33,Tamilnadu,3312,COIMBATORE,331215,ANNUR,6, SS (I-X) ,5,Private Unaided (Recognized),Urban,3,Co-educational,1,1,1,1,1,1,1,1,1,1,1,1,1,1,1,1,1,1,0,1,0,1,1,1,1,1,0,0,1,1,0
2018-19,33,Tamilnadu,3312,COIMBATORE,331215,ANNUR,7,SS (VI-X),1,Department of Education,Rural,3,Co-educational,2,2,2,2,1,1,2,2,2,2,2,2,2,2,2,0,2,2,1,2,0,2,2,2,2,1,2,0,2,2,2
2018-19,33,Tamilnadu,3312,COIMBATORE,331215,ANNUR,7,SS (VI-X),90,Social welfare Department,Rural,3,Co-educational,1,1,1,1,1,1,1,1,1,1,1,1,1,1,1,0,1,1,1,0,0,1,1,1,0,1,1,0,1,1,0
2018-19,33,Tamilnadu,3312,COIMBATORE,331215,ANNUR,2,UPS (I-VIII) ,1,Department of Education,Rural,3,Co-educational,15,15,13,15,15,15,15,15,15,15,15,15,15,15,15,5,0,0,8,4,0,14,13,2,14,15,14,0,15,14,5
2018-19,33,Tamilnadu,3312,COIMBATORE,331215,ANNUR,2,UPS (I-VIII) ,5,Private Unaided (Recognized),Rural,3,Co-educational,1,1,0,1,1,1,1,1,1,1,0,0,0,0,1,1,0,1,0,0,0,1,0,0,1,1,0,0,1,1,0
2018-19,33,Tamilnadu,3312,COIMBATORE,331215,ANNUR,2,UPS (I-VIII) ,1,Department of Education,Urban,3,Co-educational,1,1,1,1,1,1,1,1,1,1,1,1,1,1,1,1,1,0,1,0,0,1,1,0,1,1,1,0,1,0,0
2018-19,33,Tamilnadu,3312,COIMBATORE,331217,KARAMADAI,3,HSS (I-XII),5,Private Unaided (Recognized),Rural,3,Co-educational,16,16,2,14,14,14,16,16,16,16,16,16,16,12,16,15,6,15,1,8,3,16,10,3,16,16,5,2,16,15,2
2018-19,33,Tamilnadu,3312,COIMBATORE,331217,KARAMADAI,3,HSS (I-XII),5,Private Unaided (Recognized),Urban,3,Co-educational,4,4,2,3,3,4,4,4,4,4,4,4,4,4,4,4,3,4,0,2,0,4,4,0,4,4,3,0,4,4,0
2018-19,33,Tamilnadu,3312,COIMBATORE,331217,KARAMADAI,10,HSS (IX-XII),5,Private Unaided (Recognized),Rural,2,Girls,1,1,0,1,1,1,1,0,1,1,1,1,0,1,1,1,0,0,0,0,0,1,0,0,1,0,0,0,1,1,0
2018-19,33,Tamilnadu,3312,COIMBATORE,331217,KARAMADAI,5, HSS (VI-XII),3,Local body,Urban,2,Girls,1,1,1,1,1,1,1,0,1,1,1,1,0,1,1,0,1,1,0,0,0,1,1,1,1,1,1,0,1,1,1
2018-19,33,Tamilnadu,3312,COIMBATORE,331217,KARAMADAI,5, HSS (VI-XII),1,Department of Education,Rural,3,Co-educational,7,7,7,6,7,7,7,7,7,7,7,7,7,7,7,4,7,7,0,4,0,7,7,2,7,7,4,0,7,6,0
2018-19,33,Tamilnadu,3312,COIMBATORE,331217,KARAMADAI,5, HSS (VI-XII),4,Government Aided,Rural,3,Co-educational,1,1,1,1,1,1,1,1,1,1,1,1,1,1,1,1,1,1,0,0,0,1,1,0,1,1,1,0,1,1,0
2018-19,33,Tamilnadu,3312,COIMBATORE,331217,KARAMADAI,5, HSS (VI-XII),90,Social welfare Department,Rural,3,Co-educational,1,1,1,0,1,1,1,1,1,1,1,1,1,0,1,0,1,1,0,1,0,0,1,0,1,1,1,0,1,1,0
2018-19,33,Tamilnadu,3312,COIMBATORE,331217,KARAMADAI,5, HSS (VI-XII),1,Department of Education,Urban,3,Co-educational,2,2,1,2,2,2,2,2,2,2,2,2,2,2,2,2,2,2,0,1,0,2,2,1,2,2,2,0,2,2,0
2018-19,33,Tamilnadu,3312,COIMBATORE,331217,KARAMADAI,5, HSS (VI-XII),4,Government Aided,Urban,3,Co-educational,2,2,2,2,2,2,2,2,2,2,2,2,2,2,2,0,1,2,0,1,0,2,2,0,2,2,1,0,2,2,0
2018-19,33,Tamilnadu,3312,COIMBATORE,331217,KARAMADAI,1,PS (I-V) ,1,Department of Education,Rural,3,Co-educational,70,70,35,17,68,70,70,69,70,70,70,70,69,70,68,8,1,0,11,15,0,70,65,29,62,64,62,0,70,54,8
2018-19,33,Tamilnadu,3312,COIMBATORE,331217,KARAMADAI,1,PS (I-V) ,2,Tribal Welfare Department,Rural,3,Co-educational,3,3,2,1,2,2,3,3,3,3,3,3,3,3,3,1,0,0,0,2,1,3,2,2,2,2,1,0,3,1,1
2018-19,33,Tamilnadu,3312,COIMBATORE,331217,KARAMADAI,1,PS (I-V) ,4,Government Aided,Rural,3,Co-educational,2,2,1,1,2,2,2,2,2,2,2,2,2,2,2,0,0,0,0,2,0,2,2,0,2,1,1,0,2,2,0
2018-19,33,Tamilnadu,3312,COIMBATORE,331217,KARAMADAI,1,PS (I-V) ,5,Private Unaided (Recognized),Rural,3,Co-educational,9,9,1,7,8,8,9,9,9,9,9,9,9,9,9,3,0,4,1,4,0,9,2,2,9,9,2,0,9,5,0
2018-19,33,Tamilnadu,3312,COIMBATORE,331217,KARAMADAI,1,PS (I-V) ,1,Department of Education,Urban,3,Co-educational,7,7,7,4,7,7,7,6,7,7,7,7,7,7,7,2,0,0,2,4,1,7,7,5,6,6,6,0,7,6,0
2018-19,33,Tamilnadu,3312,COIMBATORE,331217,KARAMADAI,1,PS (I-V) ,2,Tribal Welfare Department,Urban,3,Co-educational,1,1,1,0,1,1,1,1,1,1,0,0,0,0,1,0,0,0,0,0,0,1,1,0,0,1,0,0,1,0,0
2018-19,33,Tamilnadu,3312,COIMBATORE,331217,KARAMADAI,1,PS (I-V) ,3,Local body,Urban,3,Co-educational,11,11,5,4,9,11,11,11,11,11,10,10,10,10,11,0,0,0,1,2,0,11,11,1,8,9,11,0,11,7,1
2018-19,33,Tamilnadu,3312,COIMBATORE,331217,KARAMADAI,1,PS (I-V) ,4,Government Aided,Urban,3,Co-educational,2,2,2,1,2,2,2,2,2,2,2,2,2,2,2,0,0,1,0,0,0,2,2,0,2,1,1,0,2,0,0
2018-19,33,Tamilnadu,3312,COIMBATORE,331217,KARAMADAI,1,PS (I-V) ,5,Private Unaided (Recognized),Urban,3,Co-educational,7,7,1,6,6,7,7,7,7,7,7,7,7,7,7,3,0,2,0,1,0,7,3,0,6,5,3,0,7,6,0
2018-19,33,Tamilnadu,3312,COIMBATORE,331217,KARAMADAI,1,PS (I-V) ,8,Unrecognized,Urban,3,Co-educational,2,2,0,2,2,2,2,2,2,2,2,2,2,2,2,1,0,1,0,1,0,2,1,0,2,1,0,0,2,1,0
2018-19,33,Tamilnadu,3312,COIMBATORE,331217,KARAMADAI,6, SS (I-X) ,5,Private Unaided (Recognized),Rural,3,Co-educational,5,5,1,5,4,4,5,5,5,5,5,5,5,5,5,4,2,5,0,4,0,5,3,1,5,5,2,0,5,4,0
2018-19,33,Tamilnadu,3312,COIMBATORE,331217,KARAMADAI,7,SS (VI-X),4,Government Aided,Rural,2,Girls,1,1,1,1,0,1,1,0,1,1,1,1,0,1,1,0,1,1,0,0,0,1,1,0,1,1,1,0,1,0,0
2018-19,33,Tamilnadu,3312,COIMBATORE,331217,KARAMADAI,7,SS (VI-X),1,Department of Education,Rural,3,Co-educational,4,4,4,4,4,4,4,4,4,4,4,4,4,4,4,1,2,1,1,2,0,4,4,1,3,4,4,0,4,3,1
2018-19,33,Tamilnadu,3312,COIMBATORE,331217,KARAMADAI,7,SS (VI-X),1,Department of Education,Urban,3,Co-educational,1,1,1,1,1,1,1,1,1,1,1,1,1,1,1,1,0,0,0,0,0,1,1,0,1,1,1,0,1,1,0
2018-19,33,Tamilnadu,3312,COIMBATORE,331217,KARAMADAI,2,UPS (I-VIII) ,1,Department of Education,Rural,3,Co-educational,19,19,18,17,19,19,19,18,19,19,18,18,18,18,18,4,1,0,7,8,0,19,19,12,18,18,18,1,19,18,4
2018-19,33,Tamilnadu,3312,COIMBATORE,331217,KARAMADAI,2,UPS (I-VIII) ,5,Private Unaided (Recognized),Rural,3,Co-educational,1,1,0,1,1,1,1,1,1,1,1,1,1,1,1,1,0,1,0,0,0,1,1,0,1,1,1,0,1,0,0
2018-19,33,Tamilnadu,3312,COIMBATORE,331217,KARAMADAI,2,UPS (I-VIII) ,1,Department of Education,Urban,3,Co-educational,5,5,5,5,5,5,5,5,5,5,5,5,5,5,5,1,1,0,1,1,0,5,5,1,4,5,5,0,5,5,0
2018-19,33,Tamilnadu,3312,COIMBATORE,331217,KARAMADAI,2,UPS (I-VIII) ,4,Government Aided,Urban,3,Co-educational,3,3,3,2,3,3,3,3,3,3,3,3,3,3,3,0,0,0,1,2,0,3,3,1,3,3,3,0,3,2,0
2018-19,33,Tamilnadu,3312,COIMBATORE,331220,SULTHANPET,3,HSS (I-XII),5,Private Unaided (Recognized),Rural,3,Co-educational,2,2,1,1,2,2,2,2,2,2,2,2,2,2,2,2,1,2,0,2,0,2,2,1,2,2,0,0,2,2,1
2018-19,33,Tamilnadu,3312,COIMBATORE,331220,SULTHANPET,5, HSS (VI-XII),1,Department of Education,Rural,3,Co-educational,4,4,4,4,4,4,4,3,4,4,4,4,3,4,4,3,4,2,0,2,0,4,4,2,4,4,3,0,4,2,1
2018-19,33,Tamilnadu,3312,COIMBATORE,331220,SULTHANPET,5, HSS (VI-XII),4,Government Aided,Rural,3,Co-educational,2,2,1,2,2,2,2,2,2,2,2,2,2,2,2,2,1,2,0,1,0,2,1,0,2,2,2,0,2,2,0
2018-19,33,Tamilnadu,3312,COIMBATORE,331220,SULTHANPET,1,PS (I-V) ,1,Department of Education,Rural,3,Co-educational,40,40,30,11,40,40,40,40,40,40,40,40,40,40,40,4,0,0,4,13,0,40,39,0,40,39,37,0,40,34,0
2018-19,33,Tamilnadu,3312,COIMBATORE,331220,SULTHANPET,1,PS (I-V) ,4,Government Aided,Rural,3,Co-educational,4,4,3,1,4,4,4,4,4,4,4,4,4,4,4,3,0,0,2,3,0,4,4,0,4,3,3,0,4,3,1
2018-19,33,Tamilnadu,3312,COIMBATORE,331220,SULTHANPET,1,PS (I-V) ,5,Private Unaided (Recognized),Rural,3,Co-educational,4,4,2,4,3,4,4,4,4,4,4,4,4,3,3,1,0,4,0,0,0,4,3,0,4,4,1,0,4,3,0
2018-19,33,Tamilnadu,3312,COIMBATORE,331220,SULTHANPET,1,PS (I-V) ,90,Social welfare Department,Rural,3,Co-educational,2,2,2,0,2,2,2,2,2,2,2,2,2,2,2,0,0,0,0,0,0,2,2,0,2,2,2,0,2,1,0
2018-19,33,Tamilnadu,3312,COIMBATORE,331220,SULTHANPET,6, SS (I-X) ,5,Private Unaided (Recognized),Rural,3,Co-educational,3,3,2,2,3,3,3,3,3,3,3,3,3,3,3,2,1,3,0,2,0,3,2,1,3,3,2,0,3,3,0
2018-19,33,Tamilnadu,3312,COIMBATORE,331220,SULTHANPET,7,SS (VI-X),1,Department of Education,Rural,3,Co-educational,5,5,5,5,5,5,5,5,5,5,5,5,5,5,5,4,3,5,1,2,0,5,5,4,5,3,5,0,5,4,2
2018-19,33,Tamilnadu,3312,COIMBATORE,331220,SULTHANPET,7,SS (VI-X),4,Government Aided,Rural,3,Co-educational,1,1,1,0,0,0,1,1,1,1,1,1,1,1,1,1,0,1,1,0,0,1,1,1,1,1,1,0,1,1,0
2018-19,33,Tamilnadu,3312,COIMBATORE,331220,SULTHANPET,2,UPS (I-VIII) ,5,Private Unaided (Recognized),Rural,1,Boys,1,1,1,1,1,1,1,1,0,1,1,1,1,0,1,1,0,0,0,1,0,1,1,0,1,1,0,0,1,1,0
2018-19,33,Tamilnadu,3312,COIMBATORE,331220,SULTHANPET,2,UPS (I-VIII) ,1,Department of Education,Rural,3,Co-educational,9,9,8,9,9,9,9,9,9,9,9,9,9,9,9,3,9,0,0,3,0,9,9,0,9,9,9,0,9,9,0
2018-19,33,Tamilnadu,3312,COIMBATORE,331220,SULTHANPET,2,UPS (I-VIII) ,5,Private Unaided (Recognized),Rural,3,Co-educational,1,1,1,1,1,1,1,1,1,1,1,1,1,1,1,1,0,1,0,1,0,1,1,0,1,1,1,0,1,1,0
2018-19,33,Tamilnadu,3312,COIMBATORE,331221,SULUR,3,HSS (I-XII),5,Private Unaided (Recognized),Urban,2,Girls,1,1,1,1,1,1,1,0,1,1,1,1,0,1,1,1,0,1,0,1,0,1,1,0,1,1,0,0,1,1,0
2018-19,33,Tamilnadu,3312,COIMBATORE,331221,SULUR,3,HSS (I-XII),5,Private Unaided (Recognized),Rural,3,Co-educational,12,12,3,9,12,12,12,12,12,12,11,11,11,8,12,12,6,9,0,6,0,12,6,1,12,11,1,1,12,10,1
2018-19,33,Tamilnadu,3312,COIMBATORE,331221,SULUR,3,HSS (I-XII),92,Kendriya Vidyalaya / Central School,Rural,3,Co-educational,1,1,0,1,1,1,1,1,1,1,1,1,1,1,1,0,0,1,0,0,0,1,1,0,1,1,1,0,1,1,0
2018-19,33,Tamilnadu,3312,COIMBATORE,331221,SULUR,3,HSS (I-XII),5,Private Unaided (Recognized),Urban,3,Co-educational,4,4,1,4,3,3,4,4,4,4,4,4,4,3,4,4,3,3,0,1,0,4,3,1,4,4,0,0,4,4,0
2018-19,33,Tamilnadu,3312,COIMBATORE,331221,SULUR,5, HSS (VI-XII),1,Department of Education,Urban,1,Boys,1,1,1,0,1,1,1,1,0,1,1,1,1,0,1,1,0,1,0,0,0,1,1,0,1,1,1,0,1,1,0
2018-19,33,Tamilnadu,3312,COIMBATORE,331221,SULUR,5, HSS (VI-XII),1,Department of Education,Rural,2,Girls,1,1,1,1,1,1,1,0,1,1,1,1,0,1,1,1,1,1,1,1,0,1,1,0,1,1,1,0,1,1,0
2018-19,33,Tamilnadu,3312,COIMBATORE,331221,SULUR,5, HSS (VI-XII),4,Government Aided,Rural,2,Girls,1,1,1,1,1,1,1,0,1,1,0,0,0,0,1,1,0,1,0,1,0,1,1,0,1,1,0,0,1,1,0
2018-19,33,Tamilnadu,3312,COIMBATORE,331221,SULUR,5, HSS (VI-XII),1,Department of Education,Rural,3,Co-educational,4,4,4,3,4,4,4,4,4,4,4,4,4,4,4,2,3,3,3,4,0,4,4,1,4,4,4,0,4,4,0
2018-19,33,Tamilnadu,3312,COIMBATORE,331221,SULUR,5, HSS (VI-XII),5,Private Unaided (Recognized),Rural,3,Co-educational,2,2,0,2,2,2,2,2,2,2,1,1,1,1,2,2,0,0,1,1,0,2,0,0,1,0,0,1,2,1,1
2018-19,33,Tamilnadu,3312,COIMBATORE,331221,SULUR,5, HSS (VI-XII),1,Department of Education,Urban,3,Co-educational,3,3,3,2,2,2,3,3,3,3,3,3,3,3,3,1,2,2,2,3,0,3,3,1,3,3,3,0,3,3,0
2018-19,33,Tamilnadu,3312,COIMBATORE,331221,SULUR,5, HSS (VI-XII),4,Government Aided,Urban,3,Co-educational,1,1,1,0,1,1,1,1,1,1,1,1,1,1,1,1,1,1,1,1,0,1,1,1,1,1,1,0,1,1,0
2018-19,33,Tamilnadu,3312,COIMBATORE,331221,SULUR,1,PS (I-V) ,1,Department of Education,Rural,3,Co-educational,34,32,23,16,31,32,34,32,34,34,34,34,32,34,34,5,0,0,27,23,1,34,30,8,32,34,30,0,34,32,1
2018-19,33,Tamilnadu,3312,COIMBATORE,331221,SULUR,1,PS (I-V) ,4,Government Aided,Rural,3,Co-educational,3,3,1,0,3,3,3,3,3,3,3,3,3,3,3,0,0,0,3,1,0,3,2,1,3,3,2,0,3,1,0
2018-19,33,Tamilnadu,3312,COIMBATORE,331221,SULUR,1,PS (I-V) ,5,Private Unaided (Recognized),Rural,3,Co-educational,4,4,0,4,3,4,4,4,4,4,4,4,4,4,3,0,0,1,0,0,0,4,1,0,4,3,0,0,4,1,0
2018-19,33,Tamilnadu,3312,COIMBATORE,331221,SULUR,1,PS (I-V) ,8,Unrecognized,Rural,3,Co-educational,1,1,0,0,1,1,1,1,1,1,1,1,1,1,1,0,0,0,0,0,0,1,1,0,1,1,0,0,1,0,0
2018-19,33,Tamilnadu,3312,COIMBATORE,331221,SULUR,1,PS (I-V) ,1,Department of Education,Urban,3,Co-educational,13,13,11,2,13,13,13,13,13,13,13,13,13,13,13,4,0,0,11,7,0,13,13,0,12,13,13,0,13,13,1
2018-19,33,Tamilnadu,3312,COIMBATORE,331221,SULUR,1,PS (I-V) ,4,Government Aided,Urban,3,Co-educational,5,5,2,1,5,5,5,5,5,5,5,5,5,5,5,0,0,0,5,4,0,5,5,0,5,5,3,0,5,4,1
2018-19,33,Tamilnadu,3312,COIMBATORE,331221,SULUR,1,PS (I-V) ,5,Private Unaided (Recognized),Urban,3,Co-educational,7,7,1,7,7,7,7,7,7,7,7,7,7,7,7,3,0,4,0,1,0,6,2,1,7,7,0,0,7,4,1
2018-19,33,Tamilnadu,3312,COIMBATORE,331221,SULUR,1,PS (I-V) ,8,Unrecognized,Urban,3,Co-educational,2,2,0,1,2,2,2,2,2,2,1,1,1,1,2,0,0,1,0,0,0,2,1,0,2,2,0,0,2,1,0
2018-19,33,Tamilnadu,3312,COIMBATORE,331221,SULUR,6, SS (I-X) ,5,Private Unaided (Recognized),Rural,3,Co-educational,6,6,1,6,6,6,6,6,6,6,6,6,6,6,6,6,2,6,0,2,1,5,5,2,6,6,3,0,6,6,2
2018-19,33,Tamilnadu,3312,COIMBATORE,331221,SULUR,6, SS (I-X) ,8,Unrecognized,Rural,3,Co-educational,1,1,0,1,1,1,1,1,1,1,1,1,1,1,1,1,0,1,0,0,0,1,0,0,1,1,0,0,1,1,0
2018-19,33,Tamilnadu,3312,COIMBATORE,331221,SULUR,6, SS (I-X) ,5,Private Unaided (Recognized),Urban,3,Co-educational,5,5,3,4,3,3,5,5,5,5,5,5,5,5,5,3,1,4,0,3,0,5,3,0,5,5,1,0,5,2,0
2018-19,33,Tamilnadu,3312,COIMBATORE,331221,SULUR,7,SS (VI-X),4,Government Aided,Urban,1,Boys,1,1,1,0,1,1,1,1,0,1,1,1,1,0,1,1,0,1,0,0,0,1,1,1,1,1,1,0,1,1,0
2018-19,33,Tamilnadu,3312,COIMBATORE,331221,SULUR,7,SS (VI-X),1,Department of Education,Rural,3,Co-educational,7,7,7,6,7,7,7,7,7,7,7,7,7,7,7,3,4,4,7,7,0,7,7,2,7,7,7,0,7,6,2
2018-19,33,Tamilnadu,3312,COIMBATORE,331221,SULUR,7,SS (VI-X),1,Department of Education,Urban,3,Co-educational,1,1,1,1,1,1,1,1,1,1,1,1,1,1,1,1,0,1,1,1,0,1,1,1,1,1,1,0,1,1,0
2018-19,33,Tamilnadu,3312,COIMBATORE,331221,SULUR,2,UPS (I-VIII) ,1,Department of Education,Rural,3,Co-educational,12,12,11,12,12,12,12,12,12,12,12,12,12,12,12,5,6,1,8,7,0,12,11,1,12,12,11,0,12,11,0
2018-19,33,Tamilnadu,3312,COIMBATORE,331221,SULUR,2,UPS (I-VIII) ,5,Private Unaided (Recognized),Rural,3,Co-educational,1,1,0,1,1,1,1,1,1,1,1,1,1,1,1,1,0,1,0,0,0,1,0,0,1,1,1,0,1,0,0
2018-19,33,Tamilnadu,3312,COIMBATORE,331221,SULUR,2,UPS (I-VIII) ,8,Unrecognized,Rural,3,Co-educational,1,1,0,0,1,1,1,1,1,1,1,1,1,1,1,0,0,1,0,0,0,1,0,0,1,0,0,0,1,0,0
2018-19,33,Tamilnadu,3312,COIMBATORE,331221,SULUR,2,UPS (I-VIII) ,1,Department of Education,Urban,3,Co-educational,8,8,7,8,8,8,8,8,8,8,8,8,8,8,8,3,3,0,7,6,0,8,7,4,8,8,8,0,8,8,1
2018-19,33,Tamilnadu,3312,COIMBATORE,331221,SULUR,2,UPS (I-VIII) ,8,Unrecognized,Urban,3,Co-educational,1,1,0,1,1,1,1,1,1,1,1,1,1,1,1,0,0,1,0,0,0,1,0,0,1,1,0,0,1,1,0
