Academic_Year,State_Code,State_Name,District_Code,District_Name,Block_Code,Udise_Block_Name,School_Category_Id,School_Category_Name,School_Management_Id,School_Management_Name,Location,School_Type_Id,School_Type,Total_Number_of_Schools,Building,Complete_Medical_Checkup,Computer_Available,Functional_Drinking_Water,Drinking_Water,Functional_Electricity,Functional_Boy_Toilet,Functional_Girl_Toilet,Functional_Toilet_Facility,Functional_Toilet_and_Urinal,Functional_Urinal,Functional_Urinal_Boy,Functional_Urinal_Girl,Handwash,Separate_Room_for_Headmaster,Incinerator,Internet,Kitchen_Garden,Land_Available,Librarian,Library_or_Reading_Corner_or_Book_Bank,Medical_Checkup,Newspaper,Playground,Rain_Water_Harvesting,Ramps,Solar_Panel,Furniture,Water_Purifier,Water_Tested
2018-19,33,Tamilnadu,3305,DHARMAPURI,330501,DHARMAPURI,3,HSS (I-XII),5,Private Unaided (Recognized),Rural,2,Girls,1,1,0,1,1,1,1,0,1,1,0,0,0,0,0,1,0,1,0,1,0,1,0,1,1,1,1,0,1,1,0
2018-19,33,Tamilnadu,3305,DHARMAPURI,330501,DHARMAPURI,3,HSS (I-XII),5,Private Unaided (Recognized),Rural,3,Co-educational,7,7,2,6,6,6,7,7,7,7,7,7,7,7,7,7,1,6,0,2,0,7,4,1,7,7,1,0,7,7,1
2018-19,33,Tamilnadu,3305,DHARMAPURI,330501,DHARMAPURI,3,HSS (I-XII),90,Social welfare Department,Rural,3,Co-educational,1,1,0,1,1,1,1,1,1,1,1,1,1,1,1,0,0,1,1,1,0,1,0,1,1,1,1,0,1,1,1
2018-19,33,Tamilnadu,3305,DHARMAPURI,330501,DHARMAPURI,3,HSS (I-XII),92,Kendriya Vidyalaya / Central School,Rural,3,Co-educational,1,1,1,1,1,1,1,1,1,1,1,1,1,0,1,1,1,1,0,1,0,1,1,0,1,1,1,0,1,1,0
2018-19,33,Tamilnadu,3305,DHARMAPURI,330501,DHARMAPURI,3,HSS (I-XII),5,Private Unaided (Recognized),Urban,3,Co-educational,8,8,1,7,6,6,8,7,7,7,7,8,7,8,7,5,3,8,0,1,1,7,2,2,7,7,2,0,8,7,2
2018-19,33,Tamilnadu,3305,DHARMAPURI,330501,DHARMAPURI,5, HSS (VI-XII),1,Department of Education,Urban,1,Boys,1,1,1,1,1,1,1,1,0,1,1,1,1,0,1,1,0,1,0,1,0,1,1,1,1,1,1,0,1,1,1
2018-19,33,Tamilnadu,3305,DHARMAPURI,330501,DHARMAPURI,5, HSS (VI-XII),1,Department of Education,Urban,2,Girls,1,1,1,1,1,1,1,0,1,1,1,1,0,1,1,0,1,1,0,1,0,1,1,1,1,1,1,1,1,1,0
2018-19,33,Tamilnadu,3305,DHARMAPURI,330501,DHARMAPURI,5, HSS (VI-XII),1,Department of Education,Rural,3,Co-educational,10,10,10,9,10,10,10,10,10,10,10,10,10,10,10,6,5,6,5,7,1,10,10,5,10,10,7,1,10,8,9
2018-19,33,Tamilnadu,3305,DHARMAPURI,330501,DHARMAPURI,5, HSS (VI-XII),5,Private Unaided (Recognized),Rural,3,Co-educational,1,1,0,1,1,1,1,1,1,1,1,1,1,1,1,1,0,0,0,0,0,1,0,0,1,1,0,0,1,1,0
2018-19,33,Tamilnadu,3305,DHARMAPURI,330501,DHARMAPURI,1,PS (I-V) ,1,Department of Education,Rural,3,Co-educational,90,90,27,37,77,87,90,83,87,89,88,89,77,86,87,11,2,0,7,30,0,87,85,7,86,88,72,0,89,36,38
2018-19,33,Tamilnadu,3305,DHARMAPURI,330501,DHARMAPURI,1,PS (I-V) ,3,Local body,Rural,3,Co-educational,5,5,3,1,5,5,5,5,5,5,5,5,5,5,5,1,0,0,0,0,0,5,5,0,2,5,3,0,5,3,3
2018-19,33,Tamilnadu,3305,DHARMAPURI,330501,DHARMAPURI,1,PS (I-V) ,4,Government Aided,Rural,3,Co-educational,1,1,1,1,1,1,1,1,1,1,1,1,1,1,1,1,0,0,0,1,0,1,1,0,1,1,1,0,1,1,0
2018-19,33,Tamilnadu,3305,DHARMAPURI,330501,DHARMAPURI,1,PS (I-V) ,5,Private Unaided (Recognized),Rural,3,Co-educational,18,18,3,11,15,15,18,15,14,15,15,18,15,16,15,12,0,3,0,4,0,15,8,1,15,15,3,0,17,12,2
2018-19,33,Tamilnadu,3305,DHARMAPURI,330501,DHARMAPURI,1,PS (I-V) ,3,Local body,Urban,3,Co-educational,2,2,0,0,2,2,2,2,2,2,2,2,2,2,2,0,0,0,1,0,0,2,2,1,2,2,1,0,2,2,2
2018-19,33,Tamilnadu,3305,DHARMAPURI,330501,DHARMAPURI,1,PS (I-V) ,5,Private Unaided (Recognized),Urban,3,Co-educational,12,12,4,10,11,11,12,12,12,12,12,12,12,11,12,4,0,4,0,2,0,11,7,2,12,12,2,0,12,12,2
2018-19,33,Tamilnadu,3305,DHARMAPURI,330501,DHARMAPURI,1,PS (I-V) ,90,Social welfare Department,Urban,3,Co-educational,1,1,0,0,1,1,1,1,1,0,0,1,1,1,1,1,0,0,0,0,0,0,0,0,0,1,1,1,1,1,1
2018-19,33,Tamilnadu,3305,DHARMAPURI,330501,DHARMAPURI,6, SS (I-X) ,5,Private Unaided (Recognized),Rural,3,Co-educational,5,5,2,4,5,5,5,5,5,5,5,5,5,5,5,4,1,5,1,3,1,5,3,1,5,4,2,0,5,5,1
2018-19,33,Tamilnadu,3305,DHARMAPURI,330501,DHARMAPURI,6, SS (I-X) ,5,Private Unaided (Recognized),Urban,3,Co-educational,2,2,0,2,1,1,2,2,2,2,2,2,2,2,2,1,0,1,0,0,0,2,0,0,2,2,1,0,2,2,0
2018-19,33,Tamilnadu,3305,DHARMAPURI,330501,DHARMAPURI,7,SS (VI-X),1,Department of Education,Rural,2,Girls,1,1,1,1,1,1,1,0,1,1,1,1,0,1,1,0,1,1,0,0,0,1,1,1,1,1,1,0,1,1,1
2018-19,33,Tamilnadu,3305,DHARMAPURI,330501,DHARMAPURI,7,SS (VI-X),3,Local body,Urban,2,Girls,1,1,1,1,1,1,1,0,1,1,1,1,0,1,1,0,1,1,0,0,0,0,1,0,1,1,1,0,1,1,0
2018-19,33,Tamilnadu,3305,DHARMAPURI,330501,DHARMAPURI,7,SS (VI-X),1,Department of Education,Rural,3,Co-educational,10,10,9,2,9,9,10,10,10,10,10,10,10,8,10,8,5,6,3,9,0,10,9,4,10,10,9,0,10,7,4
2018-19,33,Tamilnadu,3305,DHARMAPURI,330501,DHARMAPURI,7,SS (VI-X),5,Private Unaided (Recognized),Rural,3,Co-educational,1,1,0,1,1,1,1,1,1,1,1,1,1,1,1,1,0,0,0,0,0,1,0,0,1,1,0,0,1,1,0
2018-19,33,Tamilnadu,3305,DHARMAPURI,330501,DHARMAPURI,7,SS (VI-X),1,Department of Education,Urban,3,Co-educational,1,1,1,0,1,1,1,1,1,1,1,1,1,1,1,1,1,0,0,0,0,1,1,1,1,1,1,0,1,0,1
2018-19,33,Tamilnadu,3305,DHARMAPURI,330501,DHARMAPURI,2,UPS (I-VIII) ,1,Department of Education,Rural,3,Co-educational,28,28,25,28,25,26,28,28,28,28,28,28,27,28,27,13,4,0,2,9,0,28,26,5,27,27,26,0,28,17,14
2018-19,33,Tamilnadu,3305,DHARMAPURI,330501,DHARMAPURI,2,UPS (I-VIII) ,3,Local body,Rural,3,Co-educational,2,2,1,2,2,2,2,2,2,2,2,2,2,2,2,0,0,0,0,0,0,2,2,0,2,1,1,0,2,1,1
2018-19,33,Tamilnadu,3305,DHARMAPURI,330501,DHARMAPURI,2,UPS (I-VIII) ,5,Private Unaided (Recognized),Rural,3,Co-educational,1,1,0,1,0,0,1,1,1,1,1,1,1,1,1,1,0,1,0,0,0,1,1,0,1,1,0,0,1,1,0
2018-19,33,Tamilnadu,3305,DHARMAPURI,330501,DHARMAPURI,2,UPS (I-VIII) ,90,Social welfare Department,Rural,3,Co-educational,1,1,0,1,1,1,1,1,1,1,1,1,1,1,1,0,0,0,0,1,0,1,0,0,1,0,0,0,1,0,0
2018-19,33,Tamilnadu,3305,DHARMAPURI,330501,DHARMAPURI,2,UPS (I-VIII) ,3,Local body,Urban,3,Co-educational,4,4,3,3,2,3,4,4,4,4,3,3,3,2,4,2,0,0,0,1,0,4,3,2,4,4,4,0,4,4,3
2018-19,33,Tamilnadu,3305,DHARMAPURI,330501,DHARMAPURI,4,UPS (VI-VIII) ,4,Government Aided,Rural,3,Co-educational,1,1,1,0,1,1,1,1,1,1,1,1,1,1,1,1,0,0,0,1,0,1,1,0,1,1,1,0,1,1,0
2018-19,33,Tamilnadu,3305,DHARMAPURI,330502,NALLAMPALLI,3,HSS (I-XII),5,Private Unaided (Recognized),Rural,3,Co-educational,5,5,1,5,5,5,5,5,5,5,5,5,5,5,5,4,2,5,0,3,1,5,2,1,5,5,2,0,5,5,1
2018-19,33,Tamilnadu,3305,DHARMAPURI,330502,NALLAMPALLI,5, HSS (VI-XII),1,Department of Education,Rural,1,Boys,1,1,1,1,1,1,1,1,0,1,1,1,1,0,1,0,0,1,0,1,0,1,1,1,1,1,1,0,1,1,1
2018-19,33,Tamilnadu,3305,DHARMAPURI,330502,NALLAMPALLI,5, HSS (VI-XII),1,Department of Education,Rural,2,Girls,1,1,1,0,1,1,1,0,1,1,1,1,0,1,1,1,0,1,0,1,0,0,1,0,0,1,1,0,1,1,0
2018-19,33,Tamilnadu,3305,DHARMAPURI,330502,NALLAMPALLI,5, HSS (VI-XII),1,Department of Education,Rural,3,Co-educational,11,11,9,7,11,11,11,11,10,11,10,10,9,9,11,7,5,9,4,7,0,11,9,4,11,11,7,0,11,7,3
2018-19,33,Tamilnadu,3305,DHARMAPURI,330502,NALLAMPALLI,5, HSS (VI-XII),4,Government Aided,Rural,3,Co-educational,1,1,1,1,1,1,1,1,1,1,1,1,1,1,1,1,0,1,0,0,0,1,1,0,1,1,0,0,1,0,1
2018-19,33,Tamilnadu,3305,DHARMAPURI,330502,NALLAMPALLI,1,PS (I-V) ,4,Government Aided,Rural,1,Boys,1,1,0,1,1,1,1,1,0,1,1,1,1,0,1,1,0,0,0,0,0,1,1,0,1,1,0,0,1,0,0
2018-19,33,Tamilnadu,3305,DHARMAPURI,330502,NALLAMPALLI,1,PS (I-V) ,4,Government Aided,Rural,2,Girls,1,1,0,1,1,1,1,0,1,1,1,1,0,1,1,0,0,0,0,1,0,1,1,0,1,1,0,0,1,0,0
2018-19,33,Tamilnadu,3305,DHARMAPURI,330502,NALLAMPALLI,1,PS (I-V) ,1,Department of Education,Rural,3,Co-educational,114,114,29,39,105,111,114,113,112,113,110,110,110,110,109,20,1,0,14,33,0,111,108,42,98,106,92,0,114,31,36
2018-19,33,Tamilnadu,3305,DHARMAPURI,330502,NALLAMPALLI,1,PS (I-V) ,4,Government Aided,Rural,3,Co-educational,1,1,1,0,1,1,1,1,1,1,1,1,1,0,1,1,0,1,0,1,0,1,1,0,1,1,1,0,1,0,0
2018-19,33,Tamilnadu,3305,DHARMAPURI,330502,NALLAMPALLI,1,PS (I-V) ,5,Private Unaided (Recognized),Rural,3,Co-educational,22,22,5,14,20,20,22,19,19,19,19,22,19,22,19,10,2,14,2,11,0,17,8,2,19,12,4,1,21,13,0
2018-19,33,Tamilnadu,3305,DHARMAPURI,330502,NALLAMPALLI,1,PS (I-V) ,90,Social welfare Department,Rural,3,Co-educational,1,1,0,0,1,1,1,1,1,1,0,0,0,0,1,0,0,0,0,0,0,1,1,0,1,0,1,0,1,1,0
2018-19,33,Tamilnadu,3305,DHARMAPURI,330502,NALLAMPALLI,6, SS (I-X) ,5,Private Unaided (Recognized),Rural,3,Co-educational,4,4,1,3,4,4,4,4,4,4,4,4,4,4,3,4,2,4,0,3,1,4,2,2,4,3,1,0,4,4,2
2018-19,33,Tamilnadu,3305,DHARMAPURI,330502,NALLAMPALLI,7,SS (VI-X),4,Government Aided,Rural,1,Boys,1,1,1,0,1,1,1,1,0,1,1,1,1,0,1,1,0,0,0,0,0,1,1,0,1,1,1,0,1,1,0
2018-19,33,Tamilnadu,3305,DHARMAPURI,330502,NALLAMPALLI,7,SS (VI-X),1,Department of Education,Rural,2,Girls,2,2,1,1,1,2,2,0,2,2,1,1,0,1,1,0,1,0,1,0,0,1,1,0,1,0,0,0,2,0,0
2018-19,33,Tamilnadu,3305,DHARMAPURI,330502,NALLAMPALLI,7,SS (VI-X),5,Private Unaided (Recognized),Rural,2,Girls,1,1,1,1,1,1,1,0,1,1,1,1,0,1,1,1,0,1,0,0,0,1,1,0,1,1,1,0,1,0,0
2018-19,33,Tamilnadu,3305,DHARMAPURI,330502,NALLAMPALLI,7,SS (VI-X),1,Department of Education,Rural,3,Co-educational,19,19,18,10,18,18,19,18,19,19,18,18,16,16,17,12,10,8,2,11,2,18,18,9,17,19,18,0,19,17,6
2018-19,33,Tamilnadu,3305,DHARMAPURI,330502,NALLAMPALLI,7,SS (VI-X),5,Private Unaided (Recognized),Rural,3,Co-educational,1,1,1,1,1,1,1,1,1,1,1,1,1,1,1,1,1,1,0,1,0,1,1,0,1,1,1,0,1,1,0
2018-19,33,Tamilnadu,3305,DHARMAPURI,330502,NALLAMPALLI,2,UPS (I-VIII) ,1,Department of Education,Rural,3,Co-educational,41,41,36,39,37,40,41,41,41,41,38,38,36,37,39,10,6,0,5,19,0,41,39,11,37,41,38,0,41,29,8
2018-19,33,Tamilnadu,3305,DHARMAPURI,330502,NALLAMPALLI,2,UPS (I-VIII) ,4,Government Aided,Rural,3,Co-educational,1,1,1,0,1,1,1,1,1,1,0,0,0,0,1,1,0,0,0,0,0,1,1,0,1,0,0,0,1,0,0
2018-19,33,Tamilnadu,3305,DHARMAPURI,330503,PENNAGARAM,3,HSS (I-XII),5,Private Unaided (Recognized),Rural,3,Co-educational,3,3,1,3,3,3,3,3,3,3,3,3,3,3,3,3,1,3,0,1,0,3,2,0,3,3,3,0,3,3,0
2018-19,33,Tamilnadu,3305,DHARMAPURI,330503,PENNAGARAM,3,HSS (I-XII),1,Department of Education,Urban,3,Co-educational,1,1,0,1,1,1,1,1,0,1,1,1,1,0,1,1,0,1,0,1,0,1,0,0,1,1,1,0,1,1,0
2018-19,33,Tamilnadu,3305,DHARMAPURI,330503,PENNAGARAM,3,HSS (I-XII),5,Private Unaided (Recognized),Urban,3,Co-educational,2,2,2,2,2,2,2,2,2,2,2,2,2,2,2,2,1,1,0,1,0,2,2,0,2,2,0,0,2,2,0
2018-19,33,Tamilnadu,3305,DHARMAPURI,330503,PENNAGARAM,5, HSS (VI-XII),1,Department of Education,Urban,1,Boys,1,1,1,1,1,1,1,1,0,1,1,1,1,0,1,1,0,1,0,1,0,1,1,1,1,1,1,0,1,0,0
2018-19,33,Tamilnadu,3305,DHARMAPURI,330503,PENNAGARAM,5, HSS (VI-XII),1,Department of Education,Urban,2,Girls,2,2,1,1,2,2,2,0,2,2,2,2,0,2,2,2,2,1,1,0,0,2,1,0,2,2,2,1,2,2,1
2018-19,33,Tamilnadu,3305,DHARMAPURI,330503,PENNAGARAM,5, HSS (VI-XII),1,Department of Education,Rural,3,Co-educational,9,8,7,7,9,9,9,9,9,9,9,9,9,9,7,3,4,6,0,5,1,9,7,4,9,9,7,0,9,7,2
2018-19,33,Tamilnadu,3305,DHARMAPURI,330503,PENNAGARAM,1,PS (I-V) ,1,Department of Education,Rural,3,Co-educational,117,117,58,38,107,112,117,110,116,117,114,114,109,114,114,8,0,0,5,49,0,117,107,19,117,115,101,0,117,48,35
2018-19,33,Tamilnadu,3305,DHARMAPURI,330503,PENNAGARAM,1,PS (I-V) ,2,Tribal Welfare Department,Rural,3,Co-educational,1,1,1,1,1,1,1,1,1,1,1,1,1,1,1,1,0,0,0,0,0,1,1,1,1,1,1,0,1,0,0
2018-19,33,Tamilnadu,3305,DHARMAPURI,330503,PENNAGARAM,1,PS (I-V) ,5,Private Unaided (Recognized),Rural,3,Co-educational,17,17,8,13,14,14,17,15,15,15,15,17,15,16,15,7,1,9,1,9,0,14,10,4,15,14,7,0,17,12,4
2018-19,33,Tamilnadu,3305,DHARMAPURI,330503,PENNAGARAM,1,PS (I-V) ,90,Social welfare Department,Rural,3,Co-educational,2,2,0,0,0,1,2,2,2,2,2,2,2,2,2,0,0,0,0,1,0,2,2,0,1,1,2,0,2,1,0
2018-19,33,Tamilnadu,3305,DHARMAPURI,330503,PENNAGARAM,1,PS (I-V) ,1,Department of Education,Urban,3,Co-educational,3,3,1,0,3,3,3,3,3,3,1,1,1,1,3,1,0,0,0,1,0,3,2,0,3,3,3,0,3,1,0
2018-19,33,Tamilnadu,3305,DHARMAPURI,330503,PENNAGARAM,1,PS (I-V) ,5,Private Unaided (Recognized),Urban,3,Co-educational,1,1,1,1,1,1,1,1,1,1,1,1,1,1,1,0,0,1,0,0,0,1,1,0,1,1,0,0,1,1,0
2018-19,33,Tamilnadu,3305,DHARMAPURI,330503,PENNAGARAM,6, SS (I-X) ,5,Private Unaided (Recognized),Rural,3,Co-educational,3,3,0,3,3,3,3,3,3,3,3,3,3,3,2,3,1,2,0,2,0,3,1,0,3,3,2,0,3,3,0
2018-19,33,Tamilnadu,3305,DHARMAPURI,330503,PENNAGARAM,7,SS (VI-X),1,Department of Education,Rural,3,Co-educational,22,22,19,15,22,22,22,21,21,22,21,21,20,19,21,10,9,12,2,16,0,22,19,11,21,20,20,0,22,10,8
2018-19,33,Tamilnadu,3305,DHARMAPURI,330503,PENNAGARAM,7,SS (VI-X),5,Private Unaided (Recognized),Rural,3,Co-educational,2,2,2,2,2,2,2,2,2,2,2,2,2,2,2,0,1,2,0,0,0,2,2,0,2,2,2,0,2,1,0
2018-19,33,Tamilnadu,3305,DHARMAPURI,330503,PENNAGARAM,2,UPS (I-VIII) ,6,Other Govt. managed schools,Rural,2,Girls,1,1,1,1,0,0,1,0,1,1,1,1,0,1,1,0,1,1,0,0,0,1,1,0,1,0,0,0,1,1,0
2018-19,33,Tamilnadu,3305,DHARMAPURI,330503,PENNAGARAM,2,UPS (I-VIII) ,1,Department of Education,Rural,3,Co-educational,76,76,70,69,70,73,76,75,74,75,72,73,72,72,74,16,9,0,8,30,0,75,71,18,75,74,72,0,76,44,23
2018-19,33,Tamilnadu,3305,DHARMAPURI,330503,PENNAGARAM,2,UPS (I-VIII) ,6,Other Govt. managed schools,Rural,3,Co-educational,1,1,1,1,1,1,1,1,1,1,1,1,1,1,1,0,0,1,0,1,0,1,1,0,1,0,0,0,1,1,0
2018-19,33,Tamilnadu,3305,DHARMAPURI,330503,PENNAGARAM,2,UPS (I-VIII) ,1,Department of Education,Urban,3,Co-educational,1,1,1,1,1,1,1,1,1,1,1,1,1,1,1,0,1,0,0,0,0,1,1,0,1,1,1,0,1,1,0
2018-19,33,Tamilnadu,3305,DHARMAPURI,330503,PENNAGARAM,2,UPS (I-VIII) ,5,Private Unaided (Recognized),Urban,3,Co-educational,1,1,0,1,1,1,1,1,1,1,1,1,1,1,1,0,0,0,0,0,0,1,0,0,1,1,0,0,1,0,0
2018-19,33,Tamilnadu,3305,DHARMAPURI,330504,PALACODE,3,HSS (I-XII),5,Private Unaided (Recognized),Rural,3,Co-educational,4,4,1,2,4,4,4,4,4,4,3,3,3,3,4,3,2,2,0,1,0,4,2,0,4,4,1,0,4,3,0
2018-19,33,Tamilnadu,3305,DHARMAPURI,330504,PALACODE,3,HSS (I-XII),5,Private Unaided (Recognized),Urban,3,Co-educational,1,1,1,1,1,1,1,1,1,1,1,1,1,1,1,1,1,1,0,1,0,1,1,0,1,1,0,0,1,1,0
2018-19,33,Tamilnadu,3305,DHARMAPURI,330504,PALACODE,5, HSS (VI-XII),1,Department of Education,Rural,1,Boys,1,1,1,1,1,1,1,1,0,1,1,1,1,0,1,1,0,1,0,1,1,1,1,1,1,1,1,0,1,0,0
2018-19,33,Tamilnadu,3305,DHARMAPURI,330504,PALACODE,5, HSS (VI-XII),1,Department of Education,Urban,1,Boys,1,1,1,1,1,1,1,1,0,1,0,0,0,0,0,0,0,1,1,1,0,1,1,0,1,1,1,0,1,0,1
2018-19,33,Tamilnadu,3305,DHARMAPURI,330504,PALACODE,5, HSS (VI-XII),1,Department of Education,Rural,2,Girls,1,1,1,1,1,1,1,0,1,1,1,1,0,1,1,1,1,1,0,1,0,1,1,1,1,1,1,1,1,0,0
2018-19,33,Tamilnadu,3305,DHARMAPURI,330504,PALACODE,5, HSS (VI-XII),1,Department of Education,Urban,2,Girls,1,1,1,1,1,1,1,0,1,1,1,1,0,1,1,1,1,1,0,0,0,1,1,0,1,1,1,0,1,0,1
2018-19,33,Tamilnadu,3305,DHARMAPURI,330504,PALACODE,5, HSS (VI-XII),1,Department of Education,Rural,3,Co-educational,7,7,7,6,6,6,7,7,7,7,7,7,7,6,5,4,3,5,0,5,1,7,7,4,7,6,5,0,7,2,2
2018-19,33,Tamilnadu,3305,DHARMAPURI,330504,PALACODE,5, HSS (VI-XII),4,Government Aided,Rural,3,Co-educational,1,1,1,1,1,1,1,1,1,1,1,1,1,1,1,1,0,1,0,1,0,1,1,1,1,1,1,0,1,1,1
2018-19,33,Tamilnadu,3305,DHARMAPURI,330504,PALACODE,1,PS (I-V) ,1,Department of Education,Rural,3,Co-educational,108,108,71,40,97,103,108,102,107,108,102,102,94,97,104,11,0,0,8,16,0,107,92,4,99,102,85,0,108,50,33
2018-19,33,Tamilnadu,3305,DHARMAPURI,330504,PALACODE,1,PS (I-V) ,4,Government Aided,Rural,3,Co-educational,1,1,1,0,1,1,1,1,1,1,1,1,1,1,1,1,0,0,0,0,0,1,1,0,1,1,0,0,1,1,0
2018-19,33,Tamilnadu,3305,DHARMAPURI,330504,PALACODE,1,PS (I-V) ,5,Private Unaided (Recognized),Rural,3,Co-educational,8,8,2,4,8,8,8,7,7,7,7,8,7,7,7,1,1,7,0,4,0,5,2,2,7,6,1,1,8,6,2
2018-19,33,Tamilnadu,3305,DHARMAPURI,330504,PALACODE,1,PS (I-V) ,1,Department of Education,Urban,3,Co-educational,3,3,3,2,3,3,3,3,3,3,3,3,3,2,3,2,0,0,0,0,0,3,3,1,2,3,2,0,3,2,2
2018-19,33,Tamilnadu,3305,DHARMAPURI,330504,PALACODE,1,PS (I-V) ,5,Private Unaided (Recognized),Urban,3,Co-educational,1,1,0,1,1,1,1,1,1,1,1,1,1,1,1,0,0,0,0,1,0,1,1,0,1,1,0,0,1,1,0
2018-19,33,Tamilnadu,3305,DHARMAPURI,330504,PALACODE,6, SS (I-X) ,5,Private Unaided (Recognized),Rural,3,Co-educational,5,5,1,4,4,4,5,5,5,5,4,4,4,4,5,4,0,5,0,2,0,4,2,0,5,4,5,0,5,3,0
2018-19,33,Tamilnadu,3305,DHARMAPURI,330504,PALACODE,7,SS (VI-X),1,Department of Education,Rural,3,Co-educational,14,14,12,6,14,14,14,12,13,13,13,13,12,10,13,9,6,5,1,7,1,13,12,5,14,13,13,0,14,8,6
2018-19,33,Tamilnadu,3305,DHARMAPURI,330504,PALACODE,2,UPS (I-VIII) ,6,Other Govt. managed schools,Rural,2,Girls,1,1,1,1,0,0,1,0,1,1,1,1,0,1,1,0,1,1,1,0,0,1,1,1,1,1,0,1,1,1,0
2018-19,33,Tamilnadu,3305,DHARMAPURI,330504,PALACODE,2,UPS (I-VIII) ,1,Department of Education,Rural,3,Co-educational,39,39,34,38,38,39,39,38,39,39,38,38,37,37,38,12,5,0,5,7,0,39,36,3,36,38,36,0,39,22,22
2018-19,33,Tamilnadu,3305,DHARMAPURI,330504,PALACODE,4,UPS (VI-VIII) ,6,Other Govt. managed schools,Rural,1,Boys,1,1,1,1,1,1,1,1,0,1,1,1,1,0,1,0,0,0,1,0,0,1,1,0,1,1,1,0,1,0,0
2018-19,33,Tamilnadu,3305,DHARMAPURI,330505,KARIMANGALAM,3,HSS (I-XII),5,Private Unaided (Recognized),Rural,3,Co-educational,2,2,2,2,2,2,2,2,2,2,2,2,2,2,2,2,0,1,0,2,0,2,2,0,2,2,0,0,2,2,0
2018-19,33,Tamilnadu,3305,DHARMAPURI,330505,KARIMANGALAM,3,HSS (I-XII),5,Private Unaided (Recognized),Urban,3,Co-educational,1,1,1,1,1,1,1,1,1,1,1,1,1,1,1,1,0,0,0,1,0,1,1,0,1,1,1,0,1,1,0
2018-19,33,Tamilnadu,3305,DHARMAPURI,330505,KARIMANGALAM,5, HSS (VI-XII),1,Department of Education,Rural,1,Boys,1,1,1,1,1,1,1,1,0,1,1,1,1,0,1,0,0,1,0,1,0,1,1,1,1,1,0,0,1,0,1
2018-19,33,Tamilnadu,3305,DHARMAPURI,330505,KARIMANGALAM,5, HSS (VI-XII),1,Department of Education,Rural,2,Girls,1,1,1,1,1,1,1,0,1,1,1,1,0,1,0,0,1,1,0,1,0,1,1,1,1,1,1,0,1,0,0
2018-19,33,Tamilnadu,3305,DHARMAPURI,330505,KARIMANGALAM,5, HSS (VI-XII),1,Department of Education,Urban,2,Girls,1,1,1,1,1,1,1,0,1,1,1,1,0,1,1,1,1,1,1,0,0,1,1,0,1,1,1,0,1,1,0
2018-19,33,Tamilnadu,3305,DHARMAPURI,330505,KARIMANGALAM,5, HSS (VI-XII),1,Department of Education,Rural,3,Co-educational,10,10,9,10,10,10,10,7,10,10,9,9,6,9,10,7,6,4,0,6,0,10,9,7,10,10,7,0,10,5,4
2018-19,33,Tamilnadu,3305,DHARMAPURI,330505,KARIMANGALAM,5, HSS (VI-XII),1,Department of Education,Urban,3,Co-educational,1,1,1,1,1,1,1,1,1,1,1,1,1,1,1,1,0,1,0,1,0,1,1,1,1,1,0,0,1,0,0
2018-19,33,Tamilnadu,3305,DHARMAPURI,330505,KARIMANGALAM,5, HSS (VI-XII),5,Private Unaided (Recognized),Urban,3,Co-educational,1,1,1,1,1,1,1,1,1,1,1,1,1,1,1,1,0,1,0,1,0,1,1,0,1,1,1,0,1,1,0
2018-19,33,Tamilnadu,3305,DHARMAPURI,330505,KARIMANGALAM,1,PS (I-V) ,1,Department of Education,Rural,3,Co-educational,99,99,21,32,95,97,99,85,98,99,96,96,86,95,94,8,0,0,9,32,0,99,85,3,95,94,74,0,99,27,21
2018-19,33,Tamilnadu,3305,DHARMAPURI,330505,KARIMANGALAM,1,PS (I-V) ,4,Government Aided,Rural,3,Co-educational,1,1,0,0,1,1,1,1,1,1,1,1,1,1,1,0,0,0,0,0,0,1,1,0,1,1,1,0,1,1,0
2018-19,33,Tamilnadu,3305,DHARMAPURI,330505,KARIMANGALAM,1,PS (I-V) ,5,Private Unaided (Recognized),Rural,3,Co-educational,9,9,0,9,9,9,9,9,9,9,9,9,9,9,9,4,0,6,0,5,1,8,4,3,9,9,1,0,9,6,1
2018-19,33,Tamilnadu,3305,DHARMAPURI,330505,KARIMANGALAM,1,PS (I-V) ,1,Department of Education,Urban,3,Co-educational,5,5,2,1,4,5,5,5,5,5,5,5,5,5,5,2,0,0,0,1,0,5,5,0,5,5,4,0,5,2,3
2018-19,33,Tamilnadu,3305,DHARMAPURI,330505,KARIMANGALAM,1,PS (I-V) ,5,Private Unaided (Recognized),Urban,3,Co-educational,2,2,0,2,2,2,2,2,2,2,2,2,2,2,2,1,0,2,0,1,0,2,1,1,2,2,1,0,2,2,1
2018-19,33,Tamilnadu,3305,DHARMAPURI,330505,KARIMANGALAM,6, SS (I-X) ,5,Private Unaided (Recognized),Rural,3,Co-educational,1,1,0,1,1,1,1,1,1,1,1,1,1,1,1,0,0,1,0,1,0,1,1,0,1,1,0,0,1,1,0
2018-19,33,Tamilnadu,3305,DHARMAPURI,330505,KARIMANGALAM,6, SS (I-X) ,5,Private Unaided (Recognized),Urban,3,Co-educational,2,2,1,2,2,2,2,2,2,2,2,2,2,2,2,0,0,1,0,2,0,2,1,1,2,2,1,0,2,2,0
2018-19,33,Tamilnadu,3305,DHARMAPURI,330505,KARIMANGALAM,7,SS (VI-X),1,Department of Education,Rural,3,Co-educational,5,5,5,2,3,4,5,4,4,4,4,4,4,4,4,2,2,1,0,2,0,5,5,3,4,4,3,0,5,2,0
2018-19,33,Tamilnadu,3305,DHARMAPURI,330505,KARIMANGALAM,7,SS (VI-X),5,Private Unaided (Recognized),Rural,3,Co-educational,2,2,0,2,2,2,2,2,2,2,2,2,2,2,2,1,0,2,0,0,0,2,1,0,2,2,1,0,2,2,0
2018-19,33,Tamilnadu,3305,DHARMAPURI,330505,KARIMANGALAM,2,UPS (I-VIII) ,6,Other Govt. managed schools,Urban,2,Girls,1,1,1,1,1,1,1,0,1,1,0,0,0,0,0,1,1,1,0,0,0,1,1,0,0,1,1,0,1,1,0
2018-19,33,Tamilnadu,3305,DHARMAPURI,330505,KARIMANGALAM,2,UPS (I-VIII) ,1,Department of Education,Rural,3,Co-educational,41,41,33,38,38,40,41,41,41,41,40,40,40,40,39,20,11,0,5,21,0,41,37,3,40,40,32,0,41,24,13
2018-19,33,Tamilnadu,3305,DHARMAPURI,330506,MORAPPUR,3,HSS (I-XII),5,Private Unaided (Recognized),Rural,3,Co-educational,10,10,5,9,9,9,10,10,10,10,10,10,10,10,9,10,6,10,0,6,2,10,8,2,10,9,4,2,10,10,2
2018-19,33,Tamilnadu,3305,DHARMAPURI,330506,MORAPPUR,5, HSS (VI-XII),1,Department of Education,Rural,1,Boys,1,1,1,1,1,1,1,1,0,1,1,1,1,0,1,1,0,0,1,1,0,1,1,1,1,1,1,0,1,0,1
2018-19,33,Tamilnadu,3305,DHARMAPURI,330506,MORAPPUR,5, HSS (VI-XII),1,Department of Education,Urban,1,Boys,2,2,2,1,2,2,2,2,0,2,2,2,2,0,2,1,0,2,0,2,0,2,2,0,2,2,1,0,2,0,0
2018-19,33,Tamilnadu,3305,DHARMAPURI,330506,MORAPPUR,5, HSS (VI-XII),1,Department of Education,Rural,2,Girls,2,2,2,2,1,1,2,0,2,2,1,1,0,1,2,1,2,2,1,2,0,2,2,1,2,1,0,0,2,1,0
2018-19,33,Tamilnadu,3305,DHARMAPURI,330506,MORAPPUR,5, HSS (VI-XII),1,Department of Education,Urban,2,Girls,1,1,1,1,1,1,1,0,1,1,1,1,0,1,0,0,0,1,0,0,0,1,1,1,1,1,1,0,1,1,1
2018-19,33,Tamilnadu,3305,DHARMAPURI,330506,MORAPPUR,5, HSS (VI-XII),1,Department of Education,Rural,3,Co-educational,11,11,8,5,11,11,11,10,11,11,10,10,9,9,11,7,6,5,3,9,0,11,9,6,11,10,9,0,11,5,6
2018-19,33,Tamilnadu,3305,DHARMAPURI,330506,MORAPPUR,1,PS (I-V) ,1,Department of Education,Rural,3,Co-educational,103,103,65,32,94,98,103,93,102,102,93,94,85,90,99,11,1,0,17,33,0,101,99,23,96,88,74,1,102,46,21
2018-19,33,Tamilnadu,3305,DHARMAPURI,330506,MORAPPUR,1,PS (I-V) ,4,Government Aided,Rural,3,Co-educational,1,1,1,0,1,1,1,1,1,1,1,1,1,1,1,0,0,0,0,0,0,1,1,0,1,1,1,0,1,1,0
2018-19,33,Tamilnadu,3305,DHARMAPURI,330506,MORAPPUR,1,PS (I-V) ,5,Private Unaided (Recognized),Rural,3,Co-educational,6,6,4,4,4,4,6,5,5,5,5,6,5,6,5,3,0,3,0,3,0,5,4,0,5,5,3,0,5,4,0
2018-19,33,Tamilnadu,3305,DHARMAPURI,330506,MORAPPUR,1,PS (I-V) ,6,Other Govt. managed schools,Rural,3,Co-educational,1,1,0,0,1,1,1,1,1,1,1,1,1,1,1,0,0,0,0,0,0,1,0,0,1,1,1,0,1,1,0
2018-19,33,Tamilnadu,3305,DHARMAPURI,330506,MORAPPUR,1,PS (I-V) ,1,Department of Education,Urban,3,Co-educational,2,2,1,0,2,2,2,1,2,2,2,2,1,2,2,0,0,0,1,1,0,2,2,0,2,2,1,0,2,0,1
2018-19,33,Tamilnadu,3305,DHARMAPURI,330506,MORAPPUR,1,PS (I-V) ,5,Private Unaided (Recognized),Urban,3,Co-educational,2,2,1,2,0,0,2,2,2,2,2,2,2,2,2,1,0,1,0,1,0,2,2,0,2,1,1,0,2,2,0
2018-19,33,Tamilnadu,3305,DHARMAPURI,330506,MORAPPUR,6, SS (I-X) ,5,Private Unaided (Recognized),Rural,3,Co-educational,1,1,0,0,1,1,1,1,1,1,1,1,1,1,1,1,0,0,0,0,0,1,0,0,1,1,0,0,1,1,0
2018-19,33,Tamilnadu,3305,DHARMAPURI,330506,MORAPPUR,6, SS (I-X) ,5,Private Unaided (Recognized),Urban,3,Co-educational,3,3,1,1,3,3,3,3,3,3,3,3,3,3,3,3,1,2,0,0,0,3,2,0,3,3,3,0,3,3,0
2018-19,33,Tamilnadu,3305,DHARMAPURI,330506,MORAPPUR,7,SS (VI-X),1,Department of Education,Rural,3,Co-educational,15,15,12,5,14,14,15,15,15,15,13,13,13,11,14,9,7,2,3,6,0,14,13,5,13,14,10,0,15,10,5
2018-19,33,Tamilnadu,3305,DHARMAPURI,330506,MORAPPUR,7,SS (VI-X),4,Government Aided,Rural,3,Co-educational,1,1,1,0,1,1,1,1,1,1,0,0,0,0,1,0,0,0,0,0,0,1,1,0,1,1,0,0,1,0,0
2018-19,33,Tamilnadu,3305,DHARMAPURI,330506,MORAPPUR,7,SS (VI-X),5,Private Unaided (Recognized),Rural,3,Co-educational,1,1,1,0,0,0,1,1,1,1,1,1,1,1,1,1,0,1,0,1,0,1,1,0,1,1,0,0,1,1,0
2018-19,33,Tamilnadu,3305,DHARMAPURI,330506,MORAPPUR,2,UPS (I-VIII) ,1,Department of Education,Rural,3,Co-educational,24,24,24,22,22,24,24,24,24,24,22,22,22,22,24,12,9,1,2,14,1,23,24,8,23,24,23,1,24,17,5
2018-19,33,Tamilnadu,3305,DHARMAPURI,330506,MORAPPUR,2,UPS (I-VIII) ,5,Private Unaided (Recognized),Rural,3,Co-educational,4,4,1,2,3,4,4,3,3,3,3,4,3,4,2,3,1,3,1,3,0,3,1,0,3,3,2,0,4,3,1
2018-19,33,Tamilnadu,3305,DHARMAPURI,330506,MORAPPUR,2,UPS (I-VIII) ,1,Department of Education,Urban,3,Co-educational,1,1,0,1,1,1,1,1,1,1,1,1,1,1,1,1,1,0,0,0,0,1,0,0,1,1,1,0,1,0,0
2018-19,33,Tamilnadu,3305,DHARMAPURI,330507,PAPPIREDDIPATTI,3,HSS (I-XII),5,Private Unaided (Recognized),Rural,3,Co-educational,7,7,3,7,7,7,7,7,7,7,7,7,7,7,7,6,4,6,0,4,0,7,4,0,7,6,5,0,7,7,0
2018-19,33,Tamilnadu,3305,DHARMAPURI,330507,PAPPIREDDIPATTI,3,HSS (I-XII),5,Private Unaided (Recognized),Urban,3,Co-educational,1,1,0,1,1,1,1,1,1,1,1,1,1,0,1,1,0,1,0,1,0,1,1,0,1,1,0,0,1,1,0
2018-19,33,Tamilnadu,3305,DHARMAPURI,330507,PAPPIREDDIPATTI,5, HSS (VI-XII),1,Department of Education,Rural,1,Boys,2,2,1,2,2,2,2,2,0,2,2,2,2,0,2,0,0,1,0,2,0,2,1,2,2,2,2,0,2,0,0
2018-19,33,Tamilnadu,3305,DHARMAPURI,330507,PAPPIREDDIPATTI,5, HSS (VI-XII),1,Department of Education,Urban,1,Boys,1,1,1,1,1,1,1,1,0,1,1,1,1,0,1,1,0,1,1,1,0,1,1,0,1,1,1,0,1,0,0
2018-19,33,Tamilnadu,3305,DHARMAPURI,330507,PAPPIREDDIPATTI,5, HSS (VI-XII),1,Department of Education,Rural,2,Girls,2,2,2,2,2,2,2,0,2,2,2,2,0,2,2,1,2,2,0,1,0,2,2,0,2,2,2,0,2,2,0
2018-19,33,Tamilnadu,3305,DHARMAPURI,330507,PAPPIREDDIPATTI,5, HSS (VI-XII),1,Department of Education,Urban,2,Girls,1,1,1,1,1,1,1,0,1,1,1,1,0,1,1,0,1,1,1,1,0,1,1,1,1,1,1,0,1,1,1
2018-19,33,Tamilnadu,3305,DHARMAPURI,330507,PAPPIREDDIPATTI,5, HSS (VI-XII),1,Department of Education,Rural,3,Co-educational,5,5,4,4,5,5,5,5,5,5,4,4,4,4,5,4,2,5,2,5,0,5,5,2,5,5,5,0,5,2,3
2018-19,33,Tamilnadu,3305,DHARMAPURI,330507,PAPPIREDDIPATTI,5, HSS (VI-XII),2,Tribal Welfare Department,Rural,3,Co-educational,1,1,1,1,1,1,1,1,1,1,1,1,1,1,1,1,1,1,0,1,0,1,1,1,1,1,1,0,1,1,0
2018-19,33,Tamilnadu,3305,DHARMAPURI,330507,PAPPIREDDIPATTI,5, HSS (VI-XII),4,Government Aided,Rural,3,Co-educational,1,1,1,1,1,1,1,1,1,1,1,1,1,1,1,1,0,1,0,1,0,1,1,0,1,1,1,0,1,1,0
2018-19,33,Tamilnadu,3305,DHARMAPURI,330507,PAPPIREDDIPATTI,1,PS (I-V) ,1,Department of Education,Rural,3,Co-educational,43,43,28,20,40,42,43,42,43,43,42,42,39,40,42,7,0,0,13,23,1,43,43,11,42,43,40,0,43,29,15
2018-19,33,Tamilnadu,3305,DHARMAPURI,330507,PAPPIREDDIPATTI,1,PS (I-V) ,2,Tribal Welfare Department,Rural,3,Co-educational,8,8,5,3,7,8,8,7,7,7,4,4,4,4,6,0,0,0,4,2,1,8,7,3,6,8,6,4,8,8,4
2018-19,33,Tamilnadu,3305,DHARMAPURI,330507,PAPPIREDDIPATTI,1,PS (I-V) ,4,Government Aided,Rural,3,Co-educational,1,1,0,0,1,1,1,1,1,1,1,1,1,1,1,1,0,0,0,1,0,1,1,0,1,1,1,0,1,0,0
2018-19,33,Tamilnadu,3305,DHARMAPURI,330507,PAPPIREDDIPATTI,1,PS (I-V) ,5,Private Unaided (Recognized),Rural,3,Co-educational,3,3,2,3,3,3,3,3,3,3,3,3,3,3,3,1,0,2,0,1,0,2,3,1,3,3,0,0,3,3,0
2018-19,33,Tamilnadu,3305,DHARMAPURI,330507,PAPPIREDDIPATTI,1,PS (I-V) ,90,Social welfare Department,Rural,3,Co-educational,2,2,1,0,2,2,2,2,2,2,2,2,2,2,2,0,0,0,0,1,0,2,2,0,2,2,1,0,2,1,1
2018-19,33,Tamilnadu,3305,DHARMAPURI,330507,PAPPIREDDIPATTI,1,PS (I-V) ,1,Department of Education,Urban,3,Co-educational,6,6,4,2,6,6,6,6,6,6,5,5,5,3,5,0,0,0,2,1,0,6,6,1,6,6,5,0,6,2,1
2018-19,33,Tamilnadu,3305,DHARMAPURI,330507,PAPPIREDDIPATTI,6, SS (I-X) ,5,Private Unaided (Recognized),Rural,3,Co-educational,1,1,1,1,0,0,1,1,1,1,1,1,1,1,1,1,0,1,0,1,0,1,1,0,1,1,0,0,1,1,0
2018-19,33,Tamilnadu,3305,DHARMAPURI,330507,PAPPIREDDIPATTI,7,SS (VI-X),1,Department of Education,Rural,2,Girls,1,1,0,0,1,1,1,0,1,1,1,1,0,1,0,0,1,0,0,1,0,1,0,1,1,1,1,0,1,0,1
2018-19,33,Tamilnadu,3305,DHARMAPURI,330507,PAPPIREDDIPATTI,7,SS (VI-X),1,Department of Education,Rural,3,Co-educational,7,7,7,3,7,7,7,7,7,7,6,6,6,3,7,5,3,3,3,6,0,7,7,3,7,7,6,0,7,7,1
2018-19,33,Tamilnadu,3305,DHARMAPURI,330507,PAPPIREDDIPATTI,7,SS (VI-X),1,Department of Education,Urban,3,Co-educational,1,1,0,0,1,1,1,1,1,1,1,1,1,1,1,1,1,0,0,1,0,1,1,0,1,1,0,0,1,0,0
2018-19,33,Tamilnadu,3305,DHARMAPURI,330507,PAPPIREDDIPATTI,7,SS (VI-X),5,Private Unaided (Recognized),Urban,3,Co-educational,1,1,1,1,1,1,1,1,1,1,0,0,0,0,1,1,0,0,0,0,0,1,1,1,1,1,0,0,1,1,0
2018-19,33,Tamilnadu,3305,DHARMAPURI,330507,PAPPIREDDIPATTI,2,UPS (I-VIII) ,1,Department of Education,Rural,3,Co-educational,12,12,11,12,11,11,12,12,12,12,12,12,12,12,12,4,1,0,6,5,0,12,12,5,12,12,12,0,12,9,6
2018-19,33,Tamilnadu,3305,DHARMAPURI,330507,PAPPIREDDIPATTI,2,UPS (I-VIII) ,2,Tribal Welfare Department,Rural,3,Co-educational,9,9,9,6,9,9,9,6,9,9,8,8,6,7,9,0,7,0,4,6,0,9,9,5,9,9,6,6,9,9,4
2018-19,33,Tamilnadu,3305,DHARMAPURI,330507,PAPPIREDDIPATTI,2,UPS (I-VIII) ,5,Private Unaided (Recognized),Rural,3,Co-educational,1,1,1,1,1,1,1,1,1,1,1,1,1,1,1,0,0,0,0,1,0,1,1,0,1,1,0,0,1,1,0
2018-19,33,Tamilnadu,3305,DHARMAPURI,330507,PAPPIREDDIPATTI,2,UPS (I-VIII) ,1,Department of Education,Urban,3,Co-educational,1,1,1,1,1,1,1,1,1,1,1,1,1,1,1,0,0,0,0,0,0,1,1,0,1,1,1,0,1,1,0
2018-19,33,Tamilnadu,3305,DHARMAPURI,330508,HARUR,3,HSS (I-XII),5,Private Unaided (Recognized),Rural,3,Co-educational,12,12,5,6,8,8,12,10,10,10,10,12,10,12,10,11,3,10,1,4,0,11,6,1,10,10,3,0,11,9,0
2018-19,33,Tamilnadu,3305,DHARMAPURI,330508,HARUR,5, HSS (VI-XII),1,Department of Education,Urban,1,Boys,1,1,1,1,1,1,1,1,0,1,1,1,1,0,1,1,0,1,0,1,0,1,1,1,1,1,1,0,1,1,1
2018-19,33,Tamilnadu,3305,DHARMAPURI,330508,HARUR,5, HSS (VI-XII),1,Department of Education,Urban,2,Girls,1,1,1,1,1,1,1,0,1,1,1,1,0,1,1,1,0,1,0,1,0,1,1,0,1,1,1,0,1,1,1
2018-19,33,Tamilnadu,3305,DHARMAPURI,330508,HARUR,5, HSS (VI-XII),1,Department of Education,Rural,3,Co-educational,7,7,3,6,7,7,7,6,7,7,5,5,5,5,7,6,2,3,2,5,0,7,3,3,7,5,4,0,7,2,1
2018-19,33,Tamilnadu,3305,DHARMAPURI,330508,HARUR,5, HSS (VI-XII),2,Tribal Welfare Department,Rural,3,Co-educational,1,1,1,0,1,1,1,1,1,1,1,1,1,1,1,1,0,0,0,0,0,1,1,1,1,1,1,1,1,0,1
2018-19,33,Tamilnadu,3305,DHARMAPURI,330508,HARUR,5, HSS (VI-XII),4,Government Aided,Rural,3,Co-educational,1,1,0,1,0,0,1,1,1,1,1,1,1,1,1,0,0,0,0,0,0,1,0,0,1,0,0,0,1,0,0
2018-19,33,Tamilnadu,3305,DHARMAPURI,330508,HARUR,5, HSS (VI-XII),5,Private Unaided (Recognized),Rural,3,Co-educational,2,2,0,2,2,2,2,2,2,2,2,2,2,2,2,2,0,2,0,1,0,2,2,0,2,2,0,0,2,2,0
2018-19,33,Tamilnadu,3305,DHARMAPURI,330508,HARUR,5, HSS (VI-XII),90,Social welfare Department,Rural,3,Co-educational,1,1,0,1,1,1,1,1,1,1,1,1,0,1,1,1,0,1,0,1,0,1,0,0,1,1,1,0,1,0,0
2018-19,33,Tamilnadu,3305,DHARMAPURI,330508,HARUR,1,PS (I-V) ,1,Department of Education,Rural,3,Co-educational,106,106,63,34,93,102,106,92,99,103,94,95,82,92,96,10,1,0,6,40,0,104,91,8,98,99,81,0,106,24,32
2018-19,33,Tamilnadu,3305,DHARMAPURI,330508,HARUR,1,PS (I-V) ,2,Tribal Welfare Department,Rural,3,Co-educational,8,8,4,6,7,8,8,7,8,8,6,6,5,5,6,2,0,1,1,4,0,8,8,0,8,8,5,2,8,3,3
2018-19,33,Tamilnadu,3305,DHARMAPURI,330508,HARUR,1,PS (I-V) ,5,Private Unaided (Recognized),Rural,3,Co-educational,11,11,5,6,11,11,11,10,10,10,10,11,10,10,10,5,0,4,1,5,0,9,6,2,9,10,2,1,11,7,2
2018-19,33,Tamilnadu,3305,DHARMAPURI,330508,HARUR,1,PS (I-V) ,90,Social welfare Department,Rural,3,Co-educational,3,3,2,0,3,3,3,2,2,2,1,2,2,2,1,0,0,1,0,1,0,3,3,0,2,3,2,0,3,0,2
2018-19,33,Tamilnadu,3305,DHARMAPURI,330508,HARUR,1,PS (I-V) ,1,Department of Education,Urban,3,Co-educational,3,3,1,1,3,3,3,3,3,3,3,3,2,3,3,1,0,1,0,1,0,3,2,0,2,2,2,0,3,0,1
2018-19,33,Tamilnadu,3305,DHARMAPURI,330508,HARUR,1,PS (I-V) ,4,Government Aided,Urban,3,Co-educational,1,1,1,0,1,1,1,1,1,1,0,0,0,0,1,1,0,1,0,0,0,1,1,0,1,1,1,0,1,0,0
2018-19,33,Tamilnadu,3305,DHARMAPURI,330508,HARUR,6, SS (I-X) ,5,Private Unaided (Recognized),Rural,3,Co-educational,3,3,0,0,2,2,3,2,2,2,2,3,2,3,2,2,1,0,0,0,0,2,0,0,2,1,0,0,3,2,0
2018-19,33,Tamilnadu,3305,DHARMAPURI,330508,HARUR,7,SS (VI-X),1,Department of Education,Rural,3,Co-educational,19,19,15,10,18,18,19,17,19,19,17,17,15,15,18,7,4,4,2,13,0,18,15,8,14,18,15,0,19,8,4
2018-19,33,Tamilnadu,3305,DHARMAPURI,330508,HARUR,7,SS (VI-X),2,Tribal Welfare Department,Rural,3,Co-educational,2,2,1,1,2,2,2,1,2,2,2,2,2,2,2,2,1,1,0,0,0,1,2,0,2,2,1,0,2,0,0
2018-19,33,Tamilnadu,3305,DHARMAPURI,330508,HARUR,7,SS (VI-X),5,Private Unaided (Recognized),Rural,3,Co-educational,4,4,0,1,2,2,4,3,3,3,3,4,3,4,3,2,0,1,0,0,0,3,0,0,3,3,0,1,4,2,1
2018-19,33,Tamilnadu,3305,DHARMAPURI,330508,HARUR,2,UPS (I-VIII) ,1,Department of Education,Rural,3,Co-educational,36,36,32,34,32,35,36,35,36,36,36,36,34,36,35,10,8,0,3,18,0,36,34,3,31,34,29,0,36,20,15
2018-19,33,Tamilnadu,3305,DHARMAPURI,330508,HARUR,2,UPS (I-VIII) ,5,Private Unaided (Recognized),Rural,3,Co-educational,2,2,0,2,2,2,2,2,2,2,2,2,2,2,2,2,0,2,0,0,0,2,0,0,2,1,0,0,1,2,0
2018-19,33,Tamilnadu,3305,DHARMAPURI,330508,HARUR,2,UPS (I-VIII) ,1,Department of Education,Urban,3,Co-educational,1,1,1,1,1,1,1,1,1,1,1,1,1,1,1,0,1,0,0,1,0,1,1,0,1,1,1,0,1,1,0
