Academic_Year,State_Code,State_Name,District_Code,District_Name,Block_Code,Udise_Block_Name,School_Category_Id,School_Category_Name,School_Management_Id,School_Management_Name,Location,School_Type_Id,School_Type,Total_Number_of_Schools,Building,Complete_Medical_Checkup,Computer_Available,Functional_Drinking_Water,Drinking_Water,Functional_Electricity,Functional_Boy_Toilet,Functional_Girl_Toilet,Functional_Toilet_Facility,Functional_Toilet_and_Urinal,Functional_Urinal,Functional_Urinal_Boy,Functional_Urinal_Girl,Handwash,Separate_Room_for_Headmaster,Incinerator,Internet,Kitchen_Garden,Land_Available,Librarian,Library_or_Reading_Corner_or_Book_Bank,Medical_Checkup,Newspaper,Playground,Rain_Water_Harvesting,Ramps,Solar_Panel,Furniture,Water_Purifier,Water_Tested
2018-19,33,Tamilnadu,3327,RAMANATHAPURAM,332701,THIRUVADANAI,3,HSS (I-XII),5,Private Unaided (Recognized),Rural,3,Co-educational,1,1,1,1,0,0,1,1,1,1,1,1,1,1,1,1,0,0,0,0,0,1,1,0,1,1,0,0,1,1,0
2018-19,33,Tamilnadu,3327,RAMANATHAPURAM,332701,THIRUVADANAI,3,HSS (I-XII),5,Private Unaided (Recognized),Urban,3,Co-educational,3,3,1,3,3,3,3,3,3,3,3,3,2,3,3,3,0,3,0,1,1,3,2,0,3,3,1,0,3,2,1
2018-19,33,Tamilnadu,3327,RAMANATHAPURAM,332701,THIRUVADANAI,5, HSS (VI-XII),1,Department of Education,Rural,1,Boys,1,1,1,1,1,1,1,1,0,1,1,1,1,0,1,1,0,1,0,0,0,1,1,1,1,1,1,0,1,0,1
2018-19,33,Tamilnadu,3327,RAMANATHAPURAM,332701,THIRUVADANAI,5, HSS (VI-XII),1,Department of Education,Urban,1,Boys,1,1,1,1,1,1,1,1,0,1,1,1,1,0,1,1,0,0,0,1,0,1,1,1,1,1,1,0,1,0,0
2018-19,33,Tamilnadu,3327,RAMANATHAPURAM,332701,THIRUVADANAI,5, HSS (VI-XII),1,Department of Education,Rural,2,Girls,1,1,1,1,1,1,1,0,1,1,1,1,0,1,1,1,1,1,0,1,0,1,1,0,1,1,0,0,1,0,0
2018-19,33,Tamilnadu,3327,RAMANATHAPURAM,332701,THIRUVADANAI,5, HSS (VI-XII),1,Department of Education,Urban,2,Girls,1,1,1,1,1,1,1,0,1,1,1,1,0,1,1,0,0,0,0,1,0,1,1,0,1,1,1,0,1,0,0
2018-19,33,Tamilnadu,3327,RAMANATHAPURAM,332701,THIRUVADANAI,5, HSS (VI-XII),1,Department of Education,Rural,3,Co-educational,3,3,3,2,3,3,3,3,3,3,3,3,3,2,3,1,2,0,0,3,0,2,3,0,3,3,2,0,3,2,0
2018-19,33,Tamilnadu,3327,RAMANATHAPURAM,332701,THIRUVADANAI,5, HSS (VI-XII),4,Government Aided,Rural,3,Co-educational,4,4,1,4,4,4,4,4,4,4,3,3,3,3,3,3,1,2,0,3,0,4,2,0,4,3,2,0,4,2,0
2018-19,33,Tamilnadu,3327,RAMANATHAPURAM,332701,THIRUVADANAI,1,PS (I-V) ,1,Department of Education,Rural,3,Co-educational,75,75,36,12,72,74,75,73,75,74,68,69,65,68,65,4,0,1,1,26,0,71,64,2,71,61,57,0,75,25,3
2018-19,33,Tamilnadu,3327,RAMANATHAPURAM,332701,THIRUVADANAI,1,PS (I-V) ,4,Government Aided,Rural,3,Co-educational,9,9,3,2,9,9,9,8,9,9,8,8,8,8,6,0,0,0,0,2,0,9,8,0,9,9,6,1,9,2,1
2018-19,33,Tamilnadu,3327,RAMANATHAPURAM,332701,THIRUVADANAI,1,PS (I-V) ,5,Private Unaided (Recognized),Rural,3,Co-educational,7,7,2,7,7,7,7,7,7,7,7,7,7,7,6,2,0,3,0,0,0,7,3,0,7,4,0,0,7,0,0
2018-19,33,Tamilnadu,3327,RAMANATHAPURAM,332701,THIRUVADANAI,1,PS (I-V) ,1,Department of Education,Urban,3,Co-educational,5,5,1,3,3,4,5,5,5,5,5,5,5,5,4,3,0,0,0,0,0,4,4,0,3,5,5,0,5,2,0
2018-19,33,Tamilnadu,3327,RAMANATHAPURAM,332701,THIRUVADANAI,1,PS (I-V) ,4,Government Aided,Urban,3,Co-educational,1,1,0,1,1,1,1,1,1,1,1,1,1,1,1,1,0,1,0,0,0,1,1,0,1,1,1,0,1,0,1
2018-19,33,Tamilnadu,3327,RAMANATHAPURAM,332701,THIRUVADANAI,6, SS (I-X) ,5,Private Unaided (Recognized),Rural,3,Co-educational,1,1,0,1,1,1,1,1,1,1,1,1,1,1,1,1,0,1,0,0,0,1,0,0,1,1,0,0,1,0,0
2018-19,33,Tamilnadu,3327,RAMANATHAPURAM,332701,THIRUVADANAI,7,SS (VI-X),1,Department of Education,Rural,3,Co-educational,6,6,5,2,2,3,6,5,5,5,4,4,4,4,5,4,2,0,0,2,0,6,6,2,4,5,6,0,6,2,1
2018-19,33,Tamilnadu,3327,RAMANATHAPURAM,332701,THIRUVADANAI,7,SS (VI-X),5,Private Unaided (Recognized),Rural,3,Co-educational,1,1,1,1,1,1,1,1,1,1,1,1,1,1,1,1,0,1,0,0,0,1,1,0,1,1,1,0,1,1,0
2018-19,33,Tamilnadu,3327,RAMANATHAPURAM,332701,THIRUVADANAI,7,SS (VI-X),4,Government Aided,Urban,3,Co-educational,1,1,1,0,1,1,1,1,1,1,1,1,1,1,1,0,0,1,1,0,0,1,1,1,1,1,1,0,1,0,0
2018-19,33,Tamilnadu,3327,RAMANATHAPURAM,332701,THIRUVADANAI,2,UPS (I-VIII) ,1,Department of Education,Rural,3,Co-educational,18,18,16,17,17,17,18,18,18,18,17,17,16,16,16,5,7,0,0,6,0,16,16,2,16,15,13,0,18,11,1
2018-19,33,Tamilnadu,3327,RAMANATHAPURAM,332701,THIRUVADANAI,2,UPS (I-VIII) ,4,Government Aided,Rural,3,Co-educational,4,4,4,4,4,4,4,4,4,4,4,4,4,4,4,3,0,2,0,1,0,4,4,1,4,4,4,0,4,2,1
2018-19,33,Tamilnadu,3327,RAMANATHAPURAM,332701,THIRUVADANAI,2,UPS (I-VIII) ,5,Private Unaided (Recognized),Rural,3,Co-educational,1,1,1,1,1,1,1,1,1,1,1,1,1,0,1,1,0,1,0,1,0,1,1,0,1,1,1,0,1,1,0
2018-19,33,Tamilnadu,3327,RAMANATHAPURAM,332701,THIRUVADANAI,2,UPS (I-VIII) ,1,Department of Education,Urban,3,Co-educational,1,1,1,1,1,1,1,1,1,1,1,1,1,1,1,1,0,0,0,0,0,1,1,0,1,1,1,0,1,1,0
2018-19,33,Tamilnadu,3327,RAMANATHAPURAM,332702,RAJASINGAMANGALAM,3,HSS (I-XII),5,Private Unaided (Recognized),Urban,3,Co-educational,1,1,1,0,1,1,1,1,1,1,1,1,1,1,1,1,1,1,0,0,0,1,1,0,1,1,1,0,1,1,0
2018-19,33,Tamilnadu,3327,RAMANATHAPURAM,332702,RAJASINGAMANGALAM,5, HSS (VI-XII),1,Department of Education,Urban,1,Boys,1,1,0,0,1,1,1,1,0,1,0,0,0,0,1,1,0,1,0,1,0,1,0,0,1,1,1,0,1,0,0
2018-19,33,Tamilnadu,3327,RAMANATHAPURAM,332702,RAJASINGAMANGALAM,5, HSS (VI-XII),1,Department of Education,Urban,2,Girls,1,1,1,1,1,1,1,0,1,1,1,1,0,1,1,1,1,1,0,1,0,1,1,1,1,0,0,0,1,1,0
2018-19,33,Tamilnadu,3327,RAMANATHAPURAM,332702,RAJASINGAMANGALAM,5, HSS (VI-XII),1,Department of Education,Rural,3,Co-educational,3,3,3,2,3,3,3,3,3,3,3,3,3,3,1,2,3,1,0,2,0,2,3,1,3,2,3,0,3,2,1
2018-19,33,Tamilnadu,3327,RAMANATHAPURAM,332702,RAJASINGAMANGALAM,5, HSS (VI-XII),4,Government Aided,Rural,3,Co-educational,1,1,1,1,1,1,1,1,1,1,1,1,1,1,1,1,0,1,0,1,0,1,1,0,1,1,0,0,1,1,0
2018-19,33,Tamilnadu,3327,RAMANATHAPURAM,332702,RAJASINGAMANGALAM,5, HSS (VI-XII),1,Department of Education,Urban,3,Co-educational,1,1,1,1,1,1,1,1,1,1,1,1,1,1,1,0,1,0,0,0,0,1,1,0,1,1,1,0,1,0,0
2018-19,33,Tamilnadu,3327,RAMANATHAPURAM,332702,RAJASINGAMANGALAM,1,PS (I-V) ,1,Department of Education,Rural,3,Co-educational,65,65,47,7,60,63,65,59,63,63,58,59,51,57,45,2,0,0,6,19,0,61,56,1,63,58,36,0,65,43,7
2018-19,33,Tamilnadu,3327,RAMANATHAPURAM,332702,RAJASINGAMANGALAM,1,PS (I-V) ,4,Government Aided,Rural,3,Co-educational,15,15,13,1,13,14,15,14,14,15,12,12,11,11,11,4,0,0,0,5,0,15,13,0,15,12,7,0,15,9,0
2018-19,33,Tamilnadu,3327,RAMANATHAPURAM,332702,RAJASINGAMANGALAM,1,PS (I-V) ,5,Private Unaided (Recognized),Rural,3,Co-educational,6,6,5,5,5,5,6,6,6,6,6,6,6,6,5,2,0,2,0,3,0,6,5,0,6,5,1,1,6,2,0
2018-19,33,Tamilnadu,3327,RAMANATHAPURAM,332702,RAJASINGAMANGALAM,1,PS (I-V) ,8,Unrecognized,Rural,3,Co-educational,1,1,1,1,1,1,1,1,1,1,1,1,1,1,1,0,0,0,0,0,0,1,1,0,1,1,0,0,1,1,0
2018-19,33,Tamilnadu,3327,RAMANATHAPURAM,332702,RAJASINGAMANGALAM,1,PS (I-V) ,90,Social welfare Department,Rural,3,Co-educational,1,1,1,0,1,1,1,1,1,1,1,1,1,1,0,0,0,0,0,1,0,1,1,0,1,1,1,0,1,0,0
2018-19,33,Tamilnadu,3327,RAMANATHAPURAM,332702,RAJASINGAMANGALAM,1,PS (I-V) ,1,Department of Education,Urban,3,Co-educational,3,3,3,1,3,3,3,3,3,3,3,3,3,3,2,0,0,0,0,2,0,3,3,0,3,2,1,0,3,2,0
2018-19,33,Tamilnadu,3327,RAMANATHAPURAM,332702,RAJASINGAMANGALAM,1,PS (I-V) ,4,Government Aided,Urban,3,Co-educational,1,1,0,0,1,1,1,1,1,1,1,1,1,1,1,0,0,0,0,0,0,1,1,0,1,0,1,0,1,1,0
2018-19,33,Tamilnadu,3327,RAMANATHAPURAM,332702,RAJASINGAMANGALAM,1,PS (I-V) ,5,Private Unaided (Recognized),Urban,3,Co-educational,3,3,0,2,1,1,3,3,3,3,2,2,2,2,3,2,0,0,0,3,0,2,1,0,3,3,0,0,3,0,0
2018-19,33,Tamilnadu,3327,RAMANATHAPURAM,332702,RAJASINGAMANGALAM,1,PS (I-V) ,8,Unrecognized,Urban,3,Co-educational,1,1,0,1,0,0,1,1,1,1,1,1,1,1,1,0,0,0,0,0,0,1,1,0,1,0,0,0,1,0,0
2018-19,33,Tamilnadu,3327,RAMANATHAPURAM,332702,RAJASINGAMANGALAM,6, SS (I-X) ,5,Private Unaided (Recognized),Urban,3,Co-educational,1,1,0,0,1,1,1,1,1,1,1,1,1,1,1,1,1,0,0,1,0,1,0,1,1,1,1,0,1,0,0
2018-19,33,Tamilnadu,3327,RAMANATHAPURAM,332702,RAJASINGAMANGALAM,7,SS (VI-X),1,Department of Education,Rural,3,Co-educational,2,2,0,1,2,2,2,1,2,2,1,1,1,1,2,1,1,0,1,0,0,2,2,1,2,2,1,0,2,1,1
2018-19,33,Tamilnadu,3327,RAMANATHAPURAM,332702,RAJASINGAMANGALAM,7,SS (VI-X),4,Government Aided,Rural,3,Co-educational,1,1,1,1,1,1,1,1,1,1,1,1,1,1,1,1,0,1,0,0,0,1,1,0,1,1,1,0,1,1,0
2018-19,33,Tamilnadu,3327,RAMANATHAPURAM,332702,RAJASINGAMANGALAM,7,SS (VI-X),5,Private Unaided (Recognized),Rural,3,Co-educational,1,1,1,1,1,1,1,1,1,1,1,1,1,1,1,1,0,0,0,1,0,1,1,0,1,1,1,0,1,0,0
2018-19,33,Tamilnadu,3327,RAMANATHAPURAM,332702,RAJASINGAMANGALAM,7,SS (VI-X),90,Social welfare Department,Rural,3,Co-educational,1,1,1,1,1,1,1,1,1,1,1,1,1,1,0,1,1,0,1,1,0,1,1,1,1,1,1,0,1,1,0
2018-19,33,Tamilnadu,3327,RAMANATHAPURAM,332702,RAJASINGAMANGALAM,2,UPS (I-VIII) ,1,Department of Education,Rural,3,Co-educational,11,11,10,11,10,10,11,10,11,11,10,10,9,9,5,3,0,0,1,3,0,11,10,0,11,10,9,1,11,6,1
2018-19,33,Tamilnadu,3327,RAMANATHAPURAM,332702,RAJASINGAMANGALAM,2,UPS (I-VIII) ,4,Government Aided,Rural,3,Co-educational,2,2,1,0,2,2,2,2,2,2,1,1,1,1,2,0,0,0,0,0,0,1,2,0,2,1,1,0,2,0,0
2018-19,33,Tamilnadu,3327,RAMANATHAPURAM,332703,PARAMAKUDI,3,HSS (I-XII),5,Private Unaided (Recognized),Rural,3,Co-educational,2,2,1,1,2,2,2,2,2,2,2,2,2,2,2,2,0,2,0,0,0,2,1,0,2,2,1,0,2,1,0
2018-19,33,Tamilnadu,3327,RAMANATHAPURAM,332703,PARAMAKUDI,3,HSS (I-XII),5,Private Unaided (Recognized),Urban,3,Co-educational,3,3,3,3,3,3,3,3,3,3,3,3,3,3,3,2,2,3,0,2,0,3,3,2,3,3,2,0,3,3,2
2018-19,33,Tamilnadu,3327,RAMANATHAPURAM,332703,PARAMAKUDI,5, HSS (VI-XII),1,Department of Education,Urban,1,Boys,1,1,1,0,1,1,1,1,0,1,1,1,1,0,1,0,0,1,0,1,0,1,1,0,1,1,1,0,1,0,1
2018-19,33,Tamilnadu,3327,RAMANATHAPURAM,332703,PARAMAKUDI,5, HSS (VI-XII),1,Department of Education,Urban,2,Girls,1,1,1,1,1,1,1,0,1,1,1,1,0,1,1,1,1,1,0,0,0,1,1,0,1,1,1,0,1,1,0
2018-19,33,Tamilnadu,3327,RAMANATHAPURAM,332703,PARAMAKUDI,5, HSS (VI-XII),1,Department of Education,Rural,3,Co-educational,3,3,3,3,3,3,3,3,3,3,3,3,3,3,3,3,1,1,0,1,0,3,3,0,3,2,3,0,3,0,1
2018-19,33,Tamilnadu,3327,RAMANATHAPURAM,332703,PARAMAKUDI,5, HSS (VI-XII),1,Department of Education,Urban,3,Co-educational,1,1,0,1,1,1,1,1,1,1,1,1,1,1,1,0,1,1,0,1,0,1,0,1,1,1,1,0,1,1,0
2018-19,33,Tamilnadu,3327,RAMANATHAPURAM,332703,PARAMAKUDI,5, HSS (VI-XII),4,Government Aided,Urban,3,Co-educational,4,4,4,4,3,3,4,4,4,4,4,4,4,4,4,4,3,4,0,1,1,4,4,2,4,4,3,0,4,4,1
2018-19,33,Tamilnadu,3327,RAMANATHAPURAM,332703,PARAMAKUDI,1,PS (I-V) ,1,Department of Education,Rural,3,Co-educational,60,60,57,14,54,56,60,56,60,60,54,54,50,53,58,5,0,0,8,19,0,59,57,2,58,45,43,0,60,5,14
2018-19,33,Tamilnadu,3327,RAMANATHAPURAM,332703,PARAMAKUDI,1,PS (I-V) ,3,Local body,Rural,3,Co-educational,3,3,3,2,3,3,3,3,3,3,3,3,3,2,2,1,0,0,0,1,0,3,3,0,2,3,3,0,3,3,1
2018-19,33,Tamilnadu,3327,RAMANATHAPURAM,332703,PARAMAKUDI,1,PS (I-V) ,4,Government Aided,Rural,3,Co-educational,15,15,14,2,13,14,15,14,14,14,13,13,13,12,11,1,0,0,0,5,0,15,15,0,13,10,8,0,15,0,1
2018-19,33,Tamilnadu,3327,RAMANATHAPURAM,332703,PARAMAKUDI,1,PS (I-V) ,5,Private Unaided (Recognized),Rural,3,Co-educational,5,5,3,5,3,4,5,5,5,5,5,5,5,5,5,3,0,2,0,2,0,5,4,2,5,4,1,0,5,1,0
2018-19,33,Tamilnadu,3327,RAMANATHAPURAM,332703,PARAMAKUDI,1,PS (I-V) ,90,Social welfare Department,Rural,3,Co-educational,1,1,1,1,1,1,1,0,0,0,0,0,0,0,1,0,0,0,1,0,0,1,1,0,1,1,1,0,1,0,1
2018-19,33,Tamilnadu,3327,RAMANATHAPURAM,332703,PARAMAKUDI,1,PS (I-V) ,3,Local body,Urban,3,Co-educational,4,4,2,1,4,4,4,4,4,4,4,4,3,4,4,0,0,0,0,3,0,4,4,0,3,2,3,0,4,3,0
2018-19,33,Tamilnadu,3327,RAMANATHAPURAM,332703,PARAMAKUDI,1,PS (I-V) ,4,Government Aided,Urban,3,Co-educational,5,5,4,1,4,5,5,5,5,5,4,4,4,4,4,4,0,0,0,1,0,5,4,0,4,5,2,0,5,1,1
2018-19,33,Tamilnadu,3327,RAMANATHAPURAM,332703,PARAMAKUDI,1,PS (I-V) ,5,Private Unaided (Recognized),Urban,3,Co-educational,11,11,5,7,10,10,11,11,11,11,10,10,10,9,10,6,0,5,0,3,0,10,7,0,11,8,1,0,11,4,0
2018-19,33,Tamilnadu,3327,RAMANATHAPURAM,332703,PARAMAKUDI,6, SS (I-X) ,5,Private Unaided (Recognized),Rural,3,Co-educational,3,3,2,3,1,1,3,3,3,3,3,3,3,3,3,3,0,3,0,2,0,3,2,1,3,3,1,0,3,3,1
2018-19,33,Tamilnadu,3327,RAMANATHAPURAM,332703,PARAMAKUDI,6, SS (I-X) ,8,Unrecognized,Rural,3,Co-educational,1,1,1,1,1,1,1,1,1,1,1,1,1,1,1,1,1,0,0,1,0,1,1,0,1,1,0,0,1,0,0
2018-19,33,Tamilnadu,3327,RAMANATHAPURAM,332703,PARAMAKUDI,6, SS (I-X) ,5,Private Unaided (Recognized),Urban,3,Co-educational,3,3,2,3,3,3,3,3,3,3,3,3,3,2,3,2,1,2,0,0,0,3,2,0,3,3,1,0,3,3,0
2018-19,33,Tamilnadu,3327,RAMANATHAPURAM,332703,PARAMAKUDI,7,SS (VI-X),1,Department of Education,Rural,3,Co-educational,5,5,5,3,5,5,5,5,5,5,4,4,4,3,5,4,5,0,1,3,0,5,5,4,5,4,5,0,5,3,2
2018-19,33,Tamilnadu,3327,RAMANATHAPURAM,332703,PARAMAKUDI,7,SS (VI-X),5,Private Unaided (Recognized),Rural,3,Co-educational,1,1,1,1,1,1,1,1,1,1,1,1,1,1,1,1,0,1,0,0,0,1,1,0,1,1,1,0,1,1,1
2018-19,33,Tamilnadu,3327,RAMANATHAPURAM,332703,PARAMAKUDI,7,SS (VI-X),4,Government Aided,Urban,3,Co-educational,1,1,0,0,1,1,1,1,1,1,1,1,1,1,1,0,0,0,0,1,0,1,1,0,1,1,1,0,1,0,0
2018-19,33,Tamilnadu,3327,RAMANATHAPURAM,332703,PARAMAKUDI,7,SS (VI-X),90,Social welfare Department,Urban,3,Co-educational,1,1,1,0,1,1,1,1,1,1,1,1,1,1,1,0,1,0,0,0,0,1,1,1,1,0,1,0,1,0,0
2018-19,33,Tamilnadu,3327,RAMANATHAPURAM,332703,PARAMAKUDI,2,UPS (I-VIII) ,1,Department of Education,Rural,3,Co-educational,8,8,7,8,8,8,8,8,8,8,8,8,7,7,8,1,6,0,1,5,0,8,7,1,8,7,7,0,8,3,3
2018-19,33,Tamilnadu,3327,RAMANATHAPURAM,332703,PARAMAKUDI,2,UPS (I-VIII) ,4,Government Aided,Rural,3,Co-educational,6,6,5,2,6,6,6,6,6,6,5,5,5,5,5,5,1,2,0,3,0,6,5,0,6,4,2,0,6,3,0
2018-19,33,Tamilnadu,3327,RAMANATHAPURAM,332703,PARAMAKUDI,2,UPS (I-VIII) ,5,Private Unaided (Recognized),Rural,3,Co-educational,1,1,1,1,1,1,1,1,1,1,1,1,1,1,1,1,0,1,0,1,0,1,1,0,1,1,1,0,1,1,1
2018-19,33,Tamilnadu,3327,RAMANATHAPURAM,332703,PARAMAKUDI,2,UPS (I-VIII) ,8,Unrecognized,Rural,3,Co-educational,2,2,0,2,1,1,2,2,2,2,2,2,2,2,2,2,0,2,0,1,0,2,1,1,2,1,1,0,2,2,0
2018-19,33,Tamilnadu,3327,RAMANATHAPURAM,332703,PARAMAKUDI,2,UPS (I-VIII) ,90,Social welfare Department,Rural,3,Co-educational,2,2,2,2,2,2,2,2,2,2,2,2,2,2,2,1,1,0,0,1,0,2,2,0,2,2,2,0,2,1,0
2018-19,33,Tamilnadu,3327,RAMANATHAPURAM,332703,PARAMAKUDI,2,UPS (I-VIII) ,1,Department of Education,Urban,3,Co-educational,1,1,1,1,1,1,1,1,1,1,0,0,0,0,1,0,0,0,0,0,0,1,1,0,1,1,1,0,1,0,0
2018-19,33,Tamilnadu,3327,RAMANATHAPURAM,332703,PARAMAKUDI,2,UPS (I-VIII) ,3,Local body,Urban,3,Co-educational,2,2,2,2,2,2,2,2,2,2,2,2,2,2,1,1,2,0,0,1,0,2,2,0,1,2,2,0,2,1,0
2018-19,33,Tamilnadu,3327,RAMANATHAPURAM,332703,PARAMAKUDI,2,UPS (I-VIII) ,4,Government Aided,Urban,3,Co-educational,1,1,1,0,1,1,1,1,1,1,1,1,1,1,1,0,0,0,0,0,0,1,1,0,1,1,0,0,1,1,0
2018-19,33,Tamilnadu,3327,RAMANATHAPURAM,332703,PARAMAKUDI,2,UPS (I-VIII) ,8,Unrecognized,Urban,3,Co-educational,1,1,0,1,1,1,1,1,1,1,1,1,1,1,0,0,0,1,0,1,0,1,0,0,1,1,0,0,1,1,0
2018-19,33,Tamilnadu,3327,RAMANATHAPURAM,332704,BOGALUR,3,HSS (I-XII),5,Private Unaided (Recognized),Rural,3,Co-educational,1,1,1,1,1,1,1,1,1,1,1,1,1,1,1,1,0,1,1,1,0,1,1,1,1,1,1,0,1,1,1
2018-19,33,Tamilnadu,3327,RAMANATHAPURAM,332704,BOGALUR,5, HSS (VI-XII),1,Department of Education,Rural,3,Co-educational,3,3,3,3,3,3,3,3,3,3,3,3,3,3,3,1,1,2,0,2,0,3,3,2,3,1,3,0,3,2,0
2018-19,33,Tamilnadu,3327,RAMANATHAPURAM,332704,BOGALUR,1,PS (I-V) ,1,Department of Education,Rural,3,Co-educational,33,33,25,9,31,31,33,29,33,33,32,32,27,31,30,2,0,0,8,7,0,33,33,10,31,28,27,0,33,7,9
2018-19,33,Tamilnadu,3327,RAMANATHAPURAM,332704,BOGALUR,1,PS (I-V) ,4,Government Aided,Rural,3,Co-educational,7,7,5,0,7,7,7,5,7,7,6,6,4,5,4,1,0,0,0,4,0,7,7,0,7,5,4,0,7,1,0
2018-19,33,Tamilnadu,3327,RAMANATHAPURAM,332704,BOGALUR,1,PS (I-V) ,5,Private Unaided (Recognized),Rural,3,Co-educational,3,3,2,1,3,3,3,3,3,3,3,3,3,3,2,1,0,1,0,2,0,3,2,1,3,3,1,0,3,1,1
2018-19,33,Tamilnadu,3327,RAMANATHAPURAM,332704,BOGALUR,6, SS (I-X) ,5,Private Unaided (Recognized),Rural,3,Co-educational,2,2,0,2,2,2,2,2,2,2,2,2,2,2,2,2,1,2,0,2,0,2,1,0,2,2,2,1,2,2,1
2018-19,33,Tamilnadu,3327,RAMANATHAPURAM,332704,BOGALUR,7,SS (VI-X),1,Department of Education,Rural,3,Co-educational,2,2,2,1,2,2,2,2,2,2,2,2,2,2,1,1,2,0,0,0,0,2,2,1,1,1,1,0,2,0,0
2018-19,33,Tamilnadu,3327,RAMANATHAPURAM,332704,BOGALUR,7,SS (VI-X),5,Private Unaided (Recognized),Rural,3,Co-educational,1,1,0,1,1,1,1,1,1,1,1,1,1,1,1,1,0,1,0,1,0,1,0,0,1,1,1,0,1,1,0
2018-19,33,Tamilnadu,3327,RAMANATHAPURAM,332704,BOGALUR,2,UPS (I-VIII) ,1,Department of Education,Rural,3,Co-educational,7,7,7,7,7,7,7,6,7,7,7,7,6,7,6,0,6,0,4,2,0,7,7,4,7,6,7,0,7,2,5
2018-19,33,Tamilnadu,3327,RAMANATHAPURAM,332704,BOGALUR,4,UPS (VI-VIII) ,1,Department of Education,Rural,3,Co-educational,1,1,1,1,1,1,1,1,1,1,1,1,1,1,0,0,1,0,0,0,0,1,1,0,1,1,1,0,1,0,1
2018-19,33,Tamilnadu,3327,RAMANATHAPURAM,332705,NAINARKOIL,5, HSS (VI-XII),1,Department of Education,Rural,3,Co-educational,3,3,3,3,2,3,3,3,3,3,2,2,2,2,2,2,3,1,0,2,0,2,3,2,3,2,3,0,3,0,1
2018-19,33,Tamilnadu,3327,RAMANATHAPURAM,332705,NAINARKOIL,1,PS (I-V) ,1,Department of Education,Rural,3,Co-educational,48,48,40,4,46,47,48,42,47,47,47,47,40,44,40,1,0,0,3,12,0,46,45,4,47,33,36,0,48,11,9
2018-19,33,Tamilnadu,3327,RAMANATHAPURAM,332705,NAINARKOIL,1,PS (I-V) ,4,Government Aided,Rural,3,Co-educational,8,8,8,0,6,7,8,8,8,8,8,8,7,8,5,0,0,0,0,3,0,8,8,2,8,8,2,0,8,1,2
2018-19,33,Tamilnadu,3327,RAMANATHAPURAM,332705,NAINARKOIL,1,PS (I-V) ,5,Private Unaided (Recognized),Rural,3,Co-educational,2,2,1,2,1,1,2,2,2,2,1,1,1,1,2,1,0,0,0,2,0,2,1,0,2,1,0,0,2,2,0
2018-19,33,Tamilnadu,3327,RAMANATHAPURAM,332705,NAINARKOIL,7,SS (VI-X),1,Department of Education,Rural,3,Co-educational,5,5,5,3,5,5,5,5,5,5,5,5,4,5,4,2,3,0,0,2,0,4,5,1,5,4,3,0,5,3,0
2018-19,33,Tamilnadu,3327,RAMANATHAPURAM,332705,NAINARKOIL,2,UPS (I-VIII) ,1,Department of Education,Rural,3,Co-educational,12,12,11,11,11,12,12,12,12,12,12,12,11,12,10,2,11,0,0,6,0,11,11,1,12,12,10,0,12,4,2
2018-19,33,Tamilnadu,3327,RAMANATHAPURAM,332705,NAINARKOIL,2,UPS (I-VIII) ,4,Government Aided,Rural,3,Co-educational,1,1,1,1,1,1,1,1,1,1,0,0,0,0,1,0,0,0,0,0,0,1,1,0,1,1,1,0,1,0,0
2018-19,33,Tamilnadu,3327,RAMANATHAPURAM,332706,KAMUTHI,3,HSS (I-XII),5,Private Unaided (Recognized),Urban,3,Co-educational,2,2,1,0,2,2,2,2,2,2,2,2,2,2,2,1,0,2,0,0,0,2,1,0,2,2,2,0,2,2,0
2018-19,33,Tamilnadu,3327,RAMANATHAPURAM,332706,KAMUTHI,5, HSS (VI-XII),4,Government Aided,Urban,1,Boys,1,1,1,1,1,1,1,1,0,1,1,1,1,0,1,1,0,1,1,0,0,1,1,0,1,1,1,1,1,0,1
2018-19,33,Tamilnadu,3327,RAMANATHAPURAM,332706,KAMUTHI,5, HSS (VI-XII),4,Government Aided,Urban,2,Girls,1,1,1,1,1,1,1,0,1,1,1,1,0,1,1,1,0,1,0,0,0,1,1,1,1,1,0,0,1,0,0
2018-19,33,Tamilnadu,3327,RAMANATHAPURAM,332706,KAMUTHI,5, HSS (VI-XII),1,Department of Education,Rural,3,Co-educational,5,5,5,5,3,3,5,5,5,5,3,3,2,3,4,4,1,1,1,5,0,5,5,2,5,3,5,0,5,1,0
2018-19,33,Tamilnadu,3327,RAMANATHAPURAM,332706,KAMUTHI,5, HSS (VI-XII),4,Government Aided,Rural,3,Co-educational,4,4,4,3,4,4,4,4,4,4,3,3,3,3,4,3,1,3,1,4,0,4,4,3,4,4,2,0,4,2,2
2018-19,33,Tamilnadu,3327,RAMANATHAPURAM,332706,KAMUTHI,5, HSS (VI-XII),4,Government Aided,Urban,3,Co-educational,1,1,1,1,1,1,1,1,1,1,1,1,1,1,1,1,0,1,1,0,0,1,1,0,1,1,1,0,1,1,0
2018-19,33,Tamilnadu,3327,RAMANATHAPURAM,332706,KAMUTHI,1,PS (I-V) ,4,Government Aided,Rural,2,Girls,1,1,1,0,1,1,1,0,1,1,1,1,0,1,1,0,0,0,0,1,0,1,1,0,1,1,0,0,1,1,0
2018-19,33,Tamilnadu,3327,RAMANATHAPURAM,332706,KAMUTHI,1,PS (I-V) ,1,Department of Education,Rural,3,Co-educational,96,96,88,14,87,91,96,86,95,94,89,90,86,89,74,7,0,0,1,29,0,96,94,17,95,88,68,0,96,11,7
2018-19,33,Tamilnadu,3327,RAMANATHAPURAM,332706,KAMUTHI,1,PS (I-V) ,4,Government Aided,Rural,3,Co-educational,17,17,15,3,14,15,17,16,17,17,15,15,15,15,12,0,0,1,1,3,0,17,16,3,15,13,10,0,17,0,2
2018-19,33,Tamilnadu,3327,RAMANATHAPURAM,332706,KAMUTHI,1,PS (I-V) ,5,Private Unaided (Recognized),Rural,3,Co-educational,4,4,4,2,4,4,4,4,4,4,4,4,4,4,3,2,0,1,0,2,1,4,4,1,4,4,2,0,4,2,0
2018-19,33,Tamilnadu,3327,RAMANATHAPURAM,332706,KAMUTHI,1,PS (I-V) ,90,Social welfare Department,Rural,3,Co-educational,2,2,2,0,2,2,2,2,2,2,2,2,2,2,2,0,0,0,0,1,0,2,2,1,2,2,2,0,2,0,0
2018-19,33,Tamilnadu,3327,RAMANATHAPURAM,332706,KAMUTHI,1,PS (I-V) ,4,Government Aided,Urban,3,Co-educational,6,6,5,2,6,6,6,6,5,6,6,6,6,4,6,5,0,2,0,3,0,6,5,2,6,6,4,0,6,2,0
2018-19,33,Tamilnadu,3327,RAMANATHAPURAM,332706,KAMUTHI,6, SS (I-X) ,5,Private Unaided (Recognized),Rural,3,Co-educational,1,1,1,0,1,1,1,1,1,1,1,1,1,1,1,1,0,1,0,0,1,1,1,1,1,1,1,0,1,1,0
2018-19,33,Tamilnadu,3327,RAMANATHAPURAM,332706,KAMUTHI,7,SS (VI-X),1,Department of Education,Rural,3,Co-educational,5,5,5,1,4,4,5,5,5,5,5,5,5,5,5,2,1,0,1,4,0,5,5,4,5,4,5,0,5,4,1
2018-19,33,Tamilnadu,3327,RAMANATHAPURAM,332706,KAMUTHI,7,SS (VI-X),90,Social welfare Department,Rural,3,Co-educational,1,1,1,1,1,1,1,1,1,1,0,0,0,0,1,0,0,0,0,0,0,1,1,0,0,0,1,0,1,0,0
2018-19,33,Tamilnadu,3327,RAMANATHAPURAM,332706,KAMUTHI,7,SS (VI-X),4,Government Aided,Urban,3,Co-educational,3,3,3,2,3,3,3,3,3,3,3,3,3,3,3,2,0,2,2,2,0,3,3,1,3,3,2,0,3,1,0
2018-19,33,Tamilnadu,3327,RAMANATHAPURAM,332706,KAMUTHI,2,UPS (I-VIII) ,1,Department of Education,Rural,3,Co-educational,18,18,16,18,18,18,18,18,18,18,17,17,17,17,15,3,1,1,2,9,0,18,17,7,18,17,17,0,18,5,0
2018-19,33,Tamilnadu,3327,RAMANATHAPURAM,332706,KAMUTHI,2,UPS (I-VIII) ,4,Government Aided,Rural,3,Co-educational,2,2,1,1,2,2,2,2,2,2,2,2,2,2,2,1,0,0,0,2,0,2,1,0,2,2,2,0,2,0,0
2018-19,33,Tamilnadu,3327,RAMANATHAPURAM,332706,KAMUTHI,2,UPS (I-VIII) ,5,Private Unaided (Recognized),Rural,3,Co-educational,1,1,0,1,1,1,1,1,1,1,0,0,0,0,1,1,0,1,0,1,0,1,0,1,1,1,1,0,1,1,1
2018-19,33,Tamilnadu,3327,RAMANATHAPURAM,332706,KAMUTHI,2,UPS (I-VIII) ,1,Department of Education,Urban,3,Co-educational,1,1,0,1,1,1,1,1,1,1,1,1,1,1,1,1,0,0,0,0,0,1,0,0,1,1,1,0,1,1,0
2018-19,33,Tamilnadu,3327,RAMANATHAPURAM,332706,KAMUTHI,2,UPS (I-VIII) ,4,Government Aided,Urban,3,Co-educational,3,3,3,2,3,3,3,3,3,3,2,2,2,2,3,1,0,0,0,2,0,3,3,1,3,3,2,0,3,1,1
2018-19,33,Tamilnadu,3327,RAMANATHAPURAM,332707,MUDUKULATHUR,3,HSS (I-XII),5,Private Unaided (Recognized),Rural,3,Co-educational,2,2,2,2,2,2,2,2,2,2,2,2,2,2,2,2,0,2,0,2,1,2,2,1,2,2,2,0,2,2,0
2018-19,33,Tamilnadu,3327,RAMANATHAPURAM,332707,MUDUKULATHUR,5, HSS (VI-XII),1,Department of Education,Rural,3,Co-educational,4,4,4,3,4,4,4,4,4,4,4,4,4,4,3,1,3,2,1,2,0,4,4,2,4,4,4,0,4,2,0
2018-19,33,Tamilnadu,3327,RAMANATHAPURAM,332707,MUDUKULATHUR,5, HSS (VI-XII),4,Government Aided,Rural,3,Co-educational,2,2,2,2,2,2,2,2,2,2,2,2,2,2,2,2,0,2,0,2,0,2,2,1,2,2,2,0,2,2,1
2018-19,33,Tamilnadu,3327,RAMANATHAPURAM,332707,MUDUKULATHUR,5, HSS (VI-XII),1,Department of Education,Urban,3,Co-educational,1,1,1,1,1,1,1,1,1,1,1,1,1,1,1,1,1,0,0,0,0,1,1,0,1,1,1,0,1,0,0
2018-19,33,Tamilnadu,3327,RAMANATHAPURAM,332707,MUDUKULATHUR,5, HSS (VI-XII),4,Government Aided,Urban,3,Co-educational,1,1,0,1,1,1,1,1,1,1,1,1,1,1,1,1,0,1,0,0,0,1,0,0,1,1,1,0,1,1,0
2018-19,33,Tamilnadu,3327,RAMANATHAPURAM,332707,MUDUKULATHUR,1,PS (I-V) ,4,Government Aided,Rural,1,Boys,1,1,0,0,1,1,1,1,0,1,1,1,1,0,1,0,0,0,0,0,0,1,1,0,1,1,1,0,1,1,0
2018-19,33,Tamilnadu,3327,RAMANATHAPURAM,332707,MUDUKULATHUR,1,PS (I-V) ,4,Government Aided,Rural,2,Girls,1,1,0,0,1,1,1,0,1,1,1,1,0,1,0,0,0,0,0,1,0,1,0,0,1,1,1,0,1,0,0
2018-19,33,Tamilnadu,3327,RAMANATHAPURAM,332707,MUDUKULATHUR,1,PS (I-V) ,1,Department of Education,Rural,3,Co-educational,75,75,59,12,64,66,75,72,72,70,62,65,62,62,60,2,1,0,8,32,0,71,67,8,68,58,53,0,75,12,3
2018-19,33,Tamilnadu,3327,RAMANATHAPURAM,332707,MUDUKULATHUR,1,PS (I-V) ,4,Government Aided,Rural,3,Co-educational,8,8,5,2,8,8,8,7,7,7,6,6,6,5,7,0,0,0,0,4,0,7,7,0,8,6,5,0,8,1,0
2018-19,33,Tamilnadu,3327,RAMANATHAPURAM,332707,MUDUKULATHUR,1,PS (I-V) ,5,Private Unaided (Recognized),Rural,3,Co-educational,1,1,1,1,1,1,1,1,1,1,1,1,1,1,1,0,0,0,0,1,0,1,1,1,1,0,0,0,1,1,0
2018-19,33,Tamilnadu,3327,RAMANATHAPURAM,332707,MUDUKULATHUR,1,PS (I-V) ,1,Department of Education,Urban,3,Co-educational,3,3,2,0,3,3,3,2,3,3,3,3,3,2,3,0,0,0,0,0,0,3,2,0,3,1,1,0,3,1,0
2018-19,33,Tamilnadu,3327,RAMANATHAPURAM,332707,MUDUKULATHUR,1,PS (I-V) ,4,Government Aided,Urban,3,Co-educational,3,3,2,1,3,3,3,3,3,3,3,3,3,3,3,1,0,1,0,1,0,3,2,0,2,3,3,0,3,2,0
2018-19,33,Tamilnadu,3327,RAMANATHAPURAM,332707,MUDUKULATHUR,1,PS (I-V) ,5,Private Unaided (Recognized),Urban,3,Co-educational,2,2,2,1,2,2,2,2,2,2,2,2,2,2,1,2,0,1,0,1,0,2,2,0,2,1,1,0,2,1,1
2018-19,33,Tamilnadu,3327,RAMANATHAPURAM,332707,MUDUKULATHUR,6, SS (I-X) ,5,Private Unaided (Recognized),Urban,3,Co-educational,1,1,1,1,1,1,1,1,1,1,1,1,1,1,1,1,0,1,0,0,0,1,1,1,1,1,0,0,1,1,0
2018-19,33,Tamilnadu,3327,RAMANATHAPURAM,332707,MUDUKULATHUR,7,SS (VI-X),1,Department of Education,Rural,3,Co-educational,7,7,7,2,7,7,7,6,6,6,6,6,6,5,6,4,2,0,2,2,0,6,7,2,6,4,4,0,7,3,0
2018-19,33,Tamilnadu,3327,RAMANATHAPURAM,332707,MUDUKULATHUR,7,SS (VI-X),4,Government Aided,Urban,3,Co-educational,1,1,1,0,1,1,1,1,1,1,1,1,1,1,1,0,0,0,0,1,0,1,1,0,1,1,1,0,1,1,0
2018-19,33,Tamilnadu,3327,RAMANATHAPURAM,332707,MUDUKULATHUR,2,UPS (I-VIII) ,1,Department of Education,Rural,3,Co-educational,14,14,14,13,13,13,14,13,14,13,13,13,11,13,12,3,3,0,0,10,1,14,14,2,14,13,11,0,14,3,0
2018-19,33,Tamilnadu,3327,RAMANATHAPURAM,332707,MUDUKULATHUR,2,UPS (I-VIII) ,4,Government Aided,Rural,3,Co-educational,2,2,2,1,1,1,2,2,2,2,2,2,2,2,2,0,0,0,0,2,0,2,2,0,2,1,2,0,2,0,0
2018-19,33,Tamilnadu,3327,RAMANATHAPURAM,332707,MUDUKULATHUR,2,UPS (I-VIII) ,5,Private Unaided (Recognized),Rural,3,Co-educational,1,1,1,0,1,1,1,1,1,1,1,1,1,1,1,1,0,1,0,0,0,1,1,0,1,1,0,0,1,0,0
2018-19,33,Tamilnadu,3327,RAMANATHAPURAM,332707,MUDUKULATHUR,2,UPS (I-VIII) ,1,Department of Education,Urban,3,Co-educational,1,1,1,1,1,1,1,1,1,1,1,1,1,1,1,1,1,0,1,0,0,1,1,0,1,1,1,0,1,1,0
2018-19,33,Tamilnadu,3327,RAMANATHAPURAM,332708,KADALADI,3,HSS (I-XII),5,Private Unaided (Recognized),Rural,3,Co-educational,6,6,2,5,6,6,6,6,6,6,6,6,6,6,6,5,2,5,0,3,0,6,3,2,6,6,4,1,6,4,1
2018-19,33,Tamilnadu,3327,RAMANATHAPURAM,332708,KADALADI,3,HSS (I-XII),5,Private Unaided (Recognized),Urban,3,Co-educational,1,1,0,1,1,1,1,1,1,1,1,1,1,1,1,0,1,1,0,0,0,1,0,1,1,1,0,0,1,1,1
2018-19,33,Tamilnadu,3327,RAMANATHAPURAM,332708,KADALADI,10,HSS (IX-XII),1,Department of Education,Rural,3,Co-educational,1,1,1,1,1,1,1,1,1,1,1,1,1,1,1,1,1,0,0,1,0,1,1,0,1,1,1,0,1,1,0
2018-19,33,Tamilnadu,3327,RAMANATHAPURAM,332708,KADALADI,5, HSS (VI-XII),1,Department of Education,Urban,1,Boys,1,1,1,1,1,1,1,1,0,1,1,1,1,0,1,1,0,1,0,1,0,1,1,1,1,1,1,0,1,1,0
2018-19,33,Tamilnadu,3327,RAMANATHAPURAM,332708,KADALADI,5, HSS (VI-XII),1,Department of Education,Urban,2,Girls,1,1,1,1,1,1,1,0,1,1,1,1,0,1,1,1,1,1,1,1,0,1,1,1,1,0,1,0,1,1,1
2018-19,33,Tamilnadu,3327,RAMANATHAPURAM,332708,KADALADI,5, HSS (VI-XII),1,Department of Education,Rural,3,Co-educational,8,8,8,8,8,8,8,8,8,8,7,7,7,7,7,4,5,4,3,4,0,7,8,4,8,6,8,0,8,4,0
2018-19,33,Tamilnadu,3327,RAMANATHAPURAM,332708,KADALADI,1,PS (I-V) ,1,Department of Education,Rural,3,Co-educational,96,95,63,18,81,92,96,88,93,96,91,91,78,87,56,6,0,0,22,32,0,90,90,4,95,44,68,0,96,27,20
2018-19,33,Tamilnadu,3327,RAMANATHAPURAM,332708,KADALADI,1,PS (I-V) ,4,Government Aided,Rural,3,Co-educational,27,27,21,0,25,27,27,21,27,27,23,23,21,23,21,2,0,0,1,8,0,23,22,1,26,16,14,0,27,5,4
2018-19,33,Tamilnadu,3327,RAMANATHAPURAM,332708,KADALADI,1,PS (I-V) ,5,Private Unaided (Recognized),Rural,3,Co-educational,6,6,4,5,6,6,6,6,6,6,6,6,6,6,6,0,1,2,1,1,0,6,4,2,6,3,1,0,6,1,0
2018-19,33,Tamilnadu,3327,RAMANATHAPURAM,332708,KADALADI,1,PS (I-V) ,1,Department of Education,Urban,3,Co-educational,2,2,1,0,2,2,2,2,2,2,2,2,2,2,2,1,0,0,0,1,0,2,2,2,2,1,2,0,2,0,0
2018-19,33,Tamilnadu,3327,RAMANATHAPURAM,332708,KADALADI,1,PS (I-V) ,4,Government Aided,Urban,3,Co-educational,1,1,1,0,0,1,1,1,1,1,1,1,1,1,1,0,0,0,0,0,0,1,1,0,1,1,0,0,1,0,0
2018-19,33,Tamilnadu,3327,RAMANATHAPURAM,332708,KADALADI,1,PS (I-V) ,5,Private Unaided (Recognized),Urban,3,Co-educational,1,1,1,1,1,1,1,1,1,1,1,1,1,1,0,1,0,0,0,1,0,1,1,0,1,0,0,0,1,0,0
2018-19,33,Tamilnadu,3327,RAMANATHAPURAM,332708,KADALADI,1,PS (I-V) ,8,Unrecognized,Urban,3,Co-educational,1,1,1,1,1,1,1,1,1,1,1,1,1,1,1,1,1,1,0,1,0,0,1,0,1,1,1,0,1,1,0
2018-19,33,Tamilnadu,3327,RAMANATHAPURAM,332708,KADALADI,6, SS (I-X) ,5,Private Unaided (Recognized),Rural,3,Co-educational,1,1,1,1,1,1,1,1,1,1,1,1,1,1,1,1,0,1,0,0,1,1,1,1,1,1,1,0,1,1,1
2018-19,33,Tamilnadu,3327,RAMANATHAPURAM,332708,KADALADI,7,SS (VI-X),1,Department of Education,Rural,3,Co-educational,8,8,6,5,8,8,8,7,8,8,8,8,7,6,6,4,2,0,1,4,0,7,6,4,6,8,7,0,8,3,1
2018-19,33,Tamilnadu,3327,RAMANATHAPURAM,332708,KADALADI,7,SS (VI-X),4,Government Aided,Rural,3,Co-educational,2,2,2,2,2,2,2,2,2,2,2,2,2,2,1,0,0,2,0,1,0,2,2,0,2,1,1,0,2,0,0
2018-19,33,Tamilnadu,3327,RAMANATHAPURAM,332708,KADALADI,2,UPS (I-VIII) ,1,Department of Education,Rural,3,Co-educational,25,25,24,25,23,24,25,23,24,24,22,22,19,21,19,7,5,0,5,15,0,25,24,3,24,21,25,0,25,8,4
2018-19,33,Tamilnadu,3327,RAMANATHAPURAM,332708,KADALADI,2,UPS (I-VIII) ,4,Government Aided,Rural,3,Co-educational,4,4,4,3,4,4,4,3,4,4,4,4,4,4,4,4,1,1,0,2,0,4,4,0,4,3,4,0,4,3,1
2018-19,33,Tamilnadu,3327,RAMANATHAPURAM,332708,KADALADI,2,UPS (I-VIII) ,5,Private Unaided (Recognized),Rural,3,Co-educational,4,4,1,3,4,4,4,3,3,3,3,3,3,2,3,2,1,2,1,2,0,3,3,1,4,3,2,0,4,2,0
2018-19,33,Tamilnadu,3327,RAMANATHAPURAM,332708,KADALADI,2,UPS (I-VIII) ,1,Department of Education,Urban,3,Co-educational,1,1,0,1,1,1,1,1,1,1,1,1,1,1,0,0,0,0,0,0,0,1,1,0,0,0,0,0,1,0,0
2018-19,33,Tamilnadu,3327,RAMANATHAPURAM,332708,KADALADI,2,UPS (I-VIII) ,4,Government Aided,Urban,3,Co-educational,2,2,2,1,2,2,2,2,2,2,2,2,2,2,2,1,0,1,2,1,0,2,2,2,2,2,1,0,2,1,1
2018-19,33,Tamilnadu,3327,RAMANATHAPURAM,332709,RAMANATHAPURAM,3,HSS (I-XII),5,Private Unaided (Recognized),Urban,1,Boys,1,1,1,1,1,1,1,1,0,1,1,1,1,0,1,1,0,1,1,0,1,1,1,1,1,1,1,1,1,1,1
2018-19,33,Tamilnadu,3327,RAMANATHAPURAM,332709,RAMANATHAPURAM,3,HSS (I-XII),5,Private Unaided (Recognized),Urban,2,Girls,1,1,1,1,1,1,1,0,1,1,1,1,0,1,1,1,0,1,1,0,1,1,1,1,1,1,0,1,1,1,1
2018-19,33,Tamilnadu,3327,RAMANATHAPURAM,332709,RAMANATHAPURAM,3,HSS (I-XII),5,Private Unaided (Recognized),Rural,3,Co-educational,9,9,4,7,9,9,9,8,8,8,8,9,8,8,7,8,3,8,0,6,0,8,6,0,8,8,6,0,9,7,0
2018-19,33,Tamilnadu,3327,RAMANATHAPURAM,332709,RAMANATHAPURAM,3,HSS (I-XII),5,Private Unaided (Recognized),Urban,3,Co-educational,3,3,3,3,3,3,3,3,3,3,3,3,3,3,3,3,0,2,0,1,1,3,3,1,3,2,1,0,3,1,0
2018-19,33,Tamilnadu,3327,RAMANATHAPURAM,332709,RAMANATHAPURAM,5, HSS (VI-XII),4,Government Aided,Urban,1,Boys,1,1,0,1,1,1,1,1,0,1,1,1,1,0,1,1,0,1,0,1,0,1,0,0,1,1,1,0,1,0,0
2018-19,33,Tamilnadu,3327,RAMANATHAPURAM,332709,RAMANATHAPURAM,5, HSS (VI-XII),3,Local body,Rural,2,Girls,1,1,0,1,1,1,1,0,1,1,1,1,0,1,1,1,0,1,0,0,0,1,0,0,1,1,1,0,1,0,0
2018-19,33,Tamilnadu,3327,RAMANATHAPURAM,332709,RAMANATHAPURAM,5, HSS (VI-XII),1,Department of Education,Rural,3,Co-educational,2,2,2,2,2,2,2,2,2,2,2,2,2,2,2,2,2,1,0,1,0,1,2,1,2,1,1,0,2,1,0
2018-19,33,Tamilnadu,3327,RAMANATHAPURAM,332709,RAMANATHAPURAM,5, HSS (VI-XII),4,Government Aided,Rural,3,Co-educational,1,1,1,1,1,1,1,1,1,1,1,1,1,1,1,1,0,1,0,0,0,1,1,0,1,1,1,0,1,0,0
2018-19,33,Tamilnadu,3327,RAMANATHAPURAM,332709,RAMANATHAPURAM,5, HSS (VI-XII),5,Private Unaided (Recognized),Rural,3,Co-educational,1,1,0,1,1,1,1,1,1,1,1,1,1,0,1,1,0,1,0,0,0,1,1,0,1,0,1,0,1,1,0
2018-19,33,Tamilnadu,3327,RAMANATHAPURAM,332709,RAMANATHAPURAM,5, HSS (VI-XII),4,Government Aided,Urban,3,Co-educational,5,5,4,4,5,5,5,4,5,5,5,5,4,5,4,2,1,4,2,2,1,5,4,3,5,5,3,0,5,5,3
2018-19,33,Tamilnadu,3327,RAMANATHAPURAM,332709,RAMANATHAPURAM,1,PS (I-V) ,1,Department of Education,Rural,3,Co-educational,55,55,45,11,55,55,55,51,52,52,51,52,47,50,48,2,0,0,6,28,0,52,51,4,46,50,41,0,55,31,5
2018-19,33,Tamilnadu,3327,RAMANATHAPURAM,332709,RAMANATHAPURAM,1,PS (I-V) ,3,Local body,Rural,3,Co-educational,1,1,1,1,1,1,1,1,1,1,1,1,0,1,1,0,0,0,0,0,0,1,1,0,1,1,0,0,1,1,0
2018-19,33,Tamilnadu,3327,RAMANATHAPURAM,332709,RAMANATHAPURAM,1,PS (I-V) ,4,Government Aided,Rural,3,Co-educational,6,6,6,1,6,6,6,6,6,6,5,5,5,5,6,3,0,1,0,0,0,6,6,0,6,5,3,0,6,1,0
2018-19,33,Tamilnadu,3327,RAMANATHAPURAM,332709,RAMANATHAPURAM,1,PS (I-V) ,5,Private Unaided (Recognized),Rural,3,Co-educational,4,4,3,3,4,4,4,4,3,4,4,4,4,3,4,2,0,2,0,2,0,3,4,0,4,4,3,0,4,3,0
2018-19,33,Tamilnadu,3327,RAMANATHAPURAM,332709,RAMANATHAPURAM,1,PS (I-V) ,4,Government Aided,Urban,3,Co-educational,8,8,6,2,7,8,8,8,8,8,8,8,8,7,8,3,0,1,3,4,0,8,7,1,8,7,4,1,8,5,1
2018-19,33,Tamilnadu,3327,RAMANATHAPURAM,332709,RAMANATHAPURAM,1,PS (I-V) ,5,Private Unaided (Recognized),Urban,3,Co-educational,8,8,0,4,7,7,8,8,8,8,7,7,7,7,7,4,0,4,0,4,0,8,5,0,8,5,4,0,8,4,0
2018-19,33,Tamilnadu,3327,RAMANATHAPURAM,332709,RAMANATHAPURAM,6, SS (I-X) ,5,Private Unaided (Recognized),Rural,3,Co-educational,3,3,1,2,3,3,3,2,2,2,2,3,2,3,2,2,1,2,0,0,0,2,3,0,2,2,0,0,3,1,0
2018-19,33,Tamilnadu,3327,RAMANATHAPURAM,332709,RAMANATHAPURAM,6, SS (I-X) ,5,Private Unaided (Recognized),Urban,3,Co-educational,2,2,1,2,2,2,2,2,2,2,1,1,1,1,2,1,0,2,0,0,1,2,2,1,2,2,2,0,2,1,1
2018-19,33,Tamilnadu,3327,RAMANATHAPURAM,332709,RAMANATHAPURAM,7,SS (VI-X),1,Department of Education,Rural,3,Co-educational,7,7,7,4,7,7,7,7,7,7,7,7,7,3,5,5,1,2,0,4,0,6,7,1,6,6,6,0,7,5,1
2018-19,33,Tamilnadu,3327,RAMANATHAPURAM,332709,RAMANATHAPURAM,7,SS (VI-X),4,Government Aided,Urban,3,Co-educational,2,2,2,1,2,2,2,2,2,2,2,2,2,2,2,2,0,2,0,1,0,2,2,0,2,2,2,0,2,1,0
2018-19,33,Tamilnadu,3327,RAMANATHAPURAM,332709,RAMANATHAPURAM,2,UPS (I-VIII) ,1,Department of Education,Rural,3,Co-educational,11,11,11,9,11,11,11,11,11,11,10,10,10,10,9,3,4,1,0,6,0,10,11,0,7,8,11,0,11,5,0
2018-19,33,Tamilnadu,3327,RAMANATHAPURAM,332709,RAMANATHAPURAM,2,UPS (I-VIII) ,4,Government Aided,Rural,3,Co-educational,2,2,2,0,2,2,2,2,2,2,2,2,2,2,1,1,0,0,0,1,0,2,2,0,2,2,1,0,2,1,0
2018-19,33,Tamilnadu,3327,RAMANATHAPURAM,332709,RAMANATHAPURAM,2,UPS (I-VIII) ,5,Private Unaided (Recognized),Rural,3,Co-educational,3,3,1,1,2,2,3,2,2,2,1,2,1,2,2,2,0,1,0,1,0,2,2,0,2,2,2,0,3,1,0
2018-19,33,Tamilnadu,3327,RAMANATHAPURAM,332709,RAMANATHAPURAM,2,UPS (I-VIII) ,3,Local body,Urban,3,Co-educational,2,2,1,2,2,2,2,2,2,2,2,2,2,2,2,2,1,0,0,1,0,2,2,0,2,2,1,0,2,2,0
2018-19,33,Tamilnadu,3327,RAMANATHAPURAM,332709,RAMANATHAPURAM,2,UPS (I-VIII) ,4,Government Aided,Urban,3,Co-educational,3,3,3,1,3,3,3,3,3,3,3,3,3,3,2,3,0,1,2,1,0,3,3,0,3,3,1,0,3,2,1
2018-19,33,Tamilnadu,3327,RAMANATHAPURAM,332710,THIRUPPULLANI,3,HSS (I-XII),5,Private Unaided (Recognized),Rural,3,Co-educational,2,2,0,2,2,2,2,2,2,2,2,2,2,2,2,2,0,1,0,1,0,2,0,0,2,0,0,0,2,2,0
2018-19,33,Tamilnadu,3327,RAMANATHAPURAM,332710,THIRUPPULLANI,3,HSS (I-XII),5,Private Unaided (Recognized),Urban,3,Co-educational,4,4,2,4,4,4,4,4,4,4,4,4,4,4,4,3,0,4,1,2,0,4,2,0,4,4,3,0,4,3,1
2018-19,33,Tamilnadu,3327,RAMANATHAPURAM,332710,THIRUPPULLANI,5, HSS (VI-XII),4,Government Aided,Rural,1,Boys,1,1,1,1,1,1,1,1,0,1,1,1,1,0,1,1,0,0,0,1,0,1,1,0,1,1,0,0,1,1,0
2018-19,33,Tamilnadu,3327,RAMANATHAPURAM,332710,THIRUPPULLANI,5, HSS (VI-XII),4,Government Aided,Urban,2,Girls,1,1,1,1,1,1,1,0,1,1,0,0,0,0,1,1,0,1,0,0,0,1,1,1,1,1,1,0,1,1,0
2018-19,33,Tamilnadu,3327,RAMANATHAPURAM,332710,THIRUPPULLANI,5, HSS (VI-XII),1,Department of Education,Rural,3,Co-educational,6,6,4,4,6,6,6,6,6,6,6,6,6,6,6,3,6,5,1,3,0,6,4,2,6,5,5,0,6,2,0
2018-19,33,Tamilnadu,3327,RAMANATHAPURAM,332710,THIRUPPULLANI,5, HSS (VI-XII),4,Government Aided,Rural,3,Co-educational,1,1,1,1,1,1,1,1,1,1,1,1,1,1,1,1,0,1,1,1,0,1,1,1,1,1,1,0,1,1,1
2018-19,33,Tamilnadu,3327,RAMANATHAPURAM,332710,THIRUPPULLANI,5, HSS (VI-XII),4,Government Aided,Urban,3,Co-educational,2,2,2,2,2,2,2,2,2,2,2,2,2,2,2,2,0,2,0,2,0,2,2,1,2,2,2,0,2,1,0
2018-19,33,Tamilnadu,3327,RAMANATHAPURAM,332710,THIRUPPULLANI,1,PS (I-V) ,1,Department of Education,Rural,3,Co-educational,57,57,34,15,57,57,57,57,57,57,52,52,49,50,53,5,0,1,2,10,1,56,52,5,51,49,38,0,57,27,7
2018-19,33,Tamilnadu,3327,RAMANATHAPURAM,332710,THIRUPPULLANI,1,PS (I-V) ,4,Government Aided,Rural,3,Co-educational,10,10,6,1,9,9,10,8,9,9,8,8,8,7,5,1,0,0,0,2,0,10,8,0,10,7,5,0,10,1,0
2018-19,33,Tamilnadu,3327,RAMANATHAPURAM,332710,THIRUPPULLANI,1,PS (I-V) ,5,Private Unaided (Recognized),Rural,3,Co-educational,11,11,4,8,10,10,11,11,11,11,11,11,11,11,11,6,0,3,0,2,1,7,7,2,11,6,4,0,11,4,1
2018-19,33,Tamilnadu,3327,RAMANATHAPURAM,332710,THIRUPPULLANI,1,PS (I-V) ,90,Social welfare Department,Rural,3,Co-educational,1,1,0,0,1,1,1,0,1,1,1,1,0,1,1,0,0,0,0,0,0,1,1,0,1,0,1,0,1,0,0
2018-19,33,Tamilnadu,3327,RAMANATHAPURAM,332710,THIRUPPULLANI,1,PS (I-V) ,1,Department of Education,Urban,3,Co-educational,2,2,1,2,2,2,2,2,2,2,2,2,2,2,1,0,0,0,0,0,0,2,2,0,2,1,1,0,2,0,0
2018-19,33,Tamilnadu,3327,RAMANATHAPURAM,332710,THIRUPPULLANI,1,PS (I-V) ,4,Government Aided,Urban,3,Co-educational,5,5,1,2,5,5,5,5,5,5,5,5,5,5,4,3,0,1,2,1,0,5,4,1,5,5,2,0,5,2,2
2018-19,33,Tamilnadu,3327,RAMANATHAPURAM,332710,THIRUPPULLANI,1,PS (I-V) ,5,Private Unaided (Recognized),Urban,3,Co-educational,1,1,0,1,1,1,1,1,1,1,1,1,1,1,1,0,0,0,0,0,0,1,0,0,1,0,0,0,1,1,0
2018-19,33,Tamilnadu,3327,RAMANATHAPURAM,332710,THIRUPPULLANI,6, SS (I-X) ,5,Private Unaided (Recognized),Rural,3,Co-educational,2,2,2,2,2,2,2,2,2,2,2,2,2,2,2,2,0,1,0,2,0,2,2,0,2,2,2,0,2,2,0
2018-19,33,Tamilnadu,3327,RAMANATHAPURAM,332710,THIRUPPULLANI,7,SS (VI-X),1,Department of Education,Rural,3,Co-educational,5,5,5,4,5,5,5,5,5,5,5,5,5,3,5,3,1,0,0,2,0,4,5,2,5,5,4,0,5,3,1
2018-19,33,Tamilnadu,3327,RAMANATHAPURAM,332710,THIRUPPULLANI,7,SS (VI-X),4,Government Aided,Rural,3,Co-educational,2,2,1,1,2,2,2,2,2,2,1,1,1,1,2,0,0,1,0,1,0,2,1,0,2,1,0,0,2,1,0
2018-19,33,Tamilnadu,3327,RAMANATHAPURAM,332710,THIRUPPULLANI,7,SS (VI-X),90,Social welfare Department,Rural,3,Co-educational,1,1,1,1,1,1,1,1,1,1,1,1,0,1,1,0,1,0,0,0,0,1,1,0,0,0,1,0,1,0,0
2018-19,33,Tamilnadu,3327,RAMANATHAPURAM,332710,THIRUPPULLANI,7,SS (VI-X),5,Private Unaided (Recognized),Urban,3,Co-educational,1,1,0,1,1,1,1,1,1,1,1,1,1,1,1,0,0,0,0,0,0,1,0,1,1,1,1,0,1,1,0
2018-19,33,Tamilnadu,3327,RAMANATHAPURAM,332710,THIRUPPULLANI,2,UPS (I-VIII) ,1,Department of Education,Rural,3,Co-educational,8,8,6,7,8,8,8,8,7,8,7,7,7,7,7,2,1,0,0,2,0,8,7,0,7,7,6,0,8,5,1
2018-19,33,Tamilnadu,3327,RAMANATHAPURAM,332710,THIRUPPULLANI,2,UPS (I-VIII) ,4,Government Aided,Rural,3,Co-educational,4,4,4,3,4,4,4,4,4,4,3,3,3,3,4,4,0,0,0,3,0,3,4,0,4,3,3,0,4,1,1
2018-19,33,Tamilnadu,3327,RAMANATHAPURAM,332710,THIRUPPULLANI,2,UPS (I-VIII) ,5,Private Unaided (Recognized),Rural,3,Co-educational,1,1,1,1,1,1,1,1,1,1,1,1,1,1,1,1,0,0,0,1,0,1,1,0,1,1,1,0,1,1,0
2018-19,33,Tamilnadu,3327,RAMANATHAPURAM,332710,THIRUPPULLANI,2,UPS (I-VIII) ,5,Private Unaided (Recognized),Urban,3,Co-educational,2,2,1,1,2,2,2,2,2,2,2,2,2,2,2,2,0,2,0,0,0,2,1,1,2,2,1,0,2,0,0
2018-19,33,Tamilnadu,3327,RAMANATHAPURAM,332711,MANDAPAM,3,HSS (I-XII),5,Private Unaided (Recognized),Rural,3,Co-educational,7,7,3,7,7,7,7,6,6,6,6,7,6,7,5,6,4,7,0,2,1,6,4,1,6,6,4,1,7,6,0
2018-19,33,Tamilnadu,3327,RAMANATHAPURAM,332711,MANDAPAM,3,HSS (I-XII),92,Kendriya Vidyalaya / Central School,Rural,3,Co-educational,1,1,0,0,1,1,1,1,1,1,1,1,1,1,1,1,0,1,0,0,0,1,1,0,1,1,1,0,1,1,0
2018-19,33,Tamilnadu,3327,RAMANATHAPURAM,332711,MANDAPAM,3,HSS (I-XII),5,Private Unaided (Recognized),Urban,3,Co-educational,3,3,1,3,3,3,3,3,3,3,3,3,3,3,3,2,0,1,0,2,1,3,1,2,3,3,1,1,3,3,1
2018-19,33,Tamilnadu,3327,RAMANATHAPURAM,332711,MANDAPAM,5, HSS (VI-XII),1,Department of Education,Rural,1,Boys,1,1,1,1,1,1,1,1,0,1,1,1,1,0,0,0,0,1,0,0,0,1,1,0,1,1,1,0,1,0,0
2018-19,33,Tamilnadu,3327,RAMANATHAPURAM,332711,MANDAPAM,5, HSS (VI-XII),1,Department of Education,Urban,1,Boys,1,1,1,1,0,0,1,1,0,1,1,1,1,0,1,1,0,1,0,0,0,0,1,0,1,1,1,0,1,1,0
2018-19,33,Tamilnadu,3327,RAMANATHAPURAM,332711,MANDAPAM,5, HSS (VI-XII),1,Department of Education,Rural,2,Girls,1,1,1,1,1,1,1,0,1,1,0,0,0,0,1,1,1,1,0,0,0,1,1,0,1,1,0,0,1,1,0
2018-19,33,Tamilnadu,3327,RAMANATHAPURAM,332711,MANDAPAM,5, HSS (VI-XII),4,Government Aided,Rural,2,Girls,1,1,1,1,1,1,1,0,1,1,1,1,0,1,1,1,1,1,0,0,0,1,1,0,1,1,1,0,1,1,0
2018-19,33,Tamilnadu,3327,RAMANATHAPURAM,332711,MANDAPAM,5, HSS (VI-XII),1,Department of Education,Urban,2,Girls,1,1,1,1,1,1,1,0,1,1,1,1,0,1,1,1,1,1,0,1,0,1,1,0,1,0,1,0,1,1,0
2018-19,33,Tamilnadu,3327,RAMANATHAPURAM,332711,MANDAPAM,5, HSS (VI-XII),4,Government Aided,Urban,2,Girls,1,0,1,1,0,0,1,0,1,1,1,1,0,1,1,0,0,1,0,1,0,1,1,0,1,1,0,0,1,1,0
2018-19,33,Tamilnadu,3327,RAMANATHAPURAM,332711,MANDAPAM,5, HSS (VI-XII),1,Department of Education,Rural,3,Co-educational,10,10,8,7,10,10,10,10,10,10,10,10,10,9,10,4,4,7,2,8,0,10,8,3,8,7,8,2,10,8,1
2018-19,33,Tamilnadu,3327,RAMANATHAPURAM,332711,MANDAPAM,5, HSS (VI-XII),4,Government Aided,Rural,3,Co-educational,1,1,1,1,1,1,1,1,1,1,1,1,1,1,1,0,0,1,0,0,0,1,1,0,1,1,1,0,1,1,0
2018-19,33,Tamilnadu,3327,RAMANATHAPURAM,332711,MANDAPAM,5, HSS (VI-XII),1,Department of Education,Urban,3,Co-educational,1,1,0,0,1,1,1,1,1,1,1,1,1,1,1,1,0,1,0,1,0,1,0,0,1,1,0,0,1,0,0
2018-19,33,Tamilnadu,3327,RAMANATHAPURAM,332711,MANDAPAM,5, HSS (VI-XII),4,Government Aided,Urban,3,Co-educational,1,1,1,1,1,1,1,1,1,1,1,1,1,1,1,1,0,1,0,1,0,1,1,0,1,1,1,0,1,1,0
2018-19,33,Tamilnadu,3327,RAMANATHAPURAM,332711,MANDAPAM,1,PS (I-V) ,1,Department of Education,Rural,3,Co-educational,66,66,51,20,66,66,66,65,65,66,59,59,57,57,63,5,2,0,6,27,0,61,61,4,54,52,50,0,66,40,11
2018-19,33,Tamilnadu,3327,RAMANATHAPURAM,332711,MANDAPAM,1,PS (I-V) ,4,Government Aided,Rural,3,Co-educational,5,5,5,2,5,5,5,5,5,5,4,4,4,4,4,3,0,1,1,3,0,5,5,0,5,3,4,0,5,3,0
2018-19,33,Tamilnadu,3327,RAMANATHAPURAM,332711,MANDAPAM,1,PS (I-V) ,5,Private Unaided (Recognized),Rural,3,Co-educational,18,18,9,14,18,18,18,18,18,18,15,15,15,15,17,7,1,10,0,5,0,17,12,5,18,12,5,0,18,11,5
2018-19,33,Tamilnadu,3327,RAMANATHAPURAM,332711,MANDAPAM,1,PS (I-V) ,8,Unrecognized,Rural,3,Co-educational,1,1,0,1,1,1,1,1,1,1,0,0,0,0,1,0,0,0,0,0,0,1,0,0,1,1,0,0,1,0,0
2018-19,33,Tamilnadu,3327,RAMANATHAPURAM,332711,MANDAPAM,1,PS (I-V) ,1,Department of Education,Urban,3,Co-educational,16,16,12,3,16,16,16,15,15,15,13,14,13,14,12,2,0,0,2,5,0,15,14,1,9,8,9,2,16,6,2
2018-19,33,Tamilnadu,3327,RAMANATHAPURAM,332711,MANDAPAM,1,PS (I-V) ,4,Government Aided,Urban,3,Co-educational,3,3,1,2,3,3,3,3,3,3,3,3,3,3,3,2,0,0,0,0,0,3,1,0,3,2,2,1,3,2,1
2018-19,33,Tamilnadu,3327,RAMANATHAPURAM,332711,MANDAPAM,1,PS (I-V) ,5,Private Unaided (Recognized),Urban,3,Co-educational,9,9,3,4,9,9,9,9,9,9,8,8,8,8,9,5,0,5,2,4,0,6,6,4,9,7,1,0,9,6,1
2018-19,33,Tamilnadu,3327,RAMANATHAPURAM,332711,MANDAPAM,6, SS (I-X) ,5,Private Unaided (Recognized),Rural,3,Co-educational,2,2,0,1,2,2,2,2,2,2,2,2,2,2,2,1,0,1,0,2,0,2,0,0,2,1,1,0,2,2,0
2018-19,33,Tamilnadu,3327,RAMANATHAPURAM,332711,MANDAPAM,6, SS (I-X) ,92,Kendriya Vidyalaya / Central School,Urban,3,Co-educational,1,1,0,1,1,1,1,1,1,1,1,1,1,1,1,0,0,1,0,0,0,1,0,0,0,1,1,0,1,1,0
2018-19,33,Tamilnadu,3327,RAMANATHAPURAM,332711,MANDAPAM,7,SS (VI-X),1,Department of Education,Rural,2,Girls,1,1,1,1,1,1,1,0,1,1,1,1,0,1,1,0,0,1,0,0,0,1,1,0,0,1,1,0,1,1,0
2018-19,33,Tamilnadu,3327,RAMANATHAPURAM,332711,MANDAPAM,7,SS (VI-X),1,Department of Education,Rural,3,Co-educational,7,7,7,5,7,7,7,7,6,7,6,6,6,3,6,2,3,4,0,5,0,7,7,1,6,4,7,0,7,3,1
2018-19,33,Tamilnadu,3327,RAMANATHAPURAM,332711,MANDAPAM,7,SS (VI-X),4,Government Aided,Rural,3,Co-educational,1,1,1,1,1,1,1,1,1,1,1,1,1,0,1,0,0,1,0,0,0,1,1,1,1,1,1,0,1,1,0
2018-19,33,Tamilnadu,3327,RAMANATHAPURAM,332711,MANDAPAM,7,SS (VI-X),1,Department of Education,Urban,3,Co-educational,2,2,0,1,2,2,2,2,2,2,2,2,2,2,2,2,0,0,0,0,0,2,0,0,0,2,2,0,2,1,0
2018-19,33,Tamilnadu,3327,RAMANATHAPURAM,332711,MANDAPAM,2,UPS (I-VIII) ,1,Department of Education,Rural,3,Co-educational,9,9,9,9,9,9,9,9,9,9,9,9,9,9,9,4,2,0,2,5,0,8,9,2,8,8,8,0,9,4,1
2018-19,33,Tamilnadu,3327,RAMANATHAPURAM,332711,MANDAPAM,2,UPS (I-VIII) ,4,Government Aided,Rural,3,Co-educational,1,1,1,0,1,1,1,1,0,1,1,1,1,1,1,0,0,0,0,1,0,1,1,0,1,1,0,0,1,0,0
2018-19,33,Tamilnadu,3327,RAMANATHAPURAM,332711,MANDAPAM,2,UPS (I-VIII) ,5,Private Unaided (Recognized),Rural,3,Co-educational,9,9,3,6,9,9,9,8,8,8,8,9,8,8,7,5,0,4,0,5,0,8,5,0,8,6,1,0,9,5,0
2018-19,33,Tamilnadu,3327,RAMANATHAPURAM,332711,MANDAPAM,2,UPS (I-VIII) ,1,Department of Education,Urban,3,Co-educational,4,4,4,4,4,4,4,4,4,4,4,4,4,4,3,0,2,0,1,2,0,4,4,1,3,3,4,1,4,2,0
