Academic_Year,State_Code,State_Name,District_Code,District_Name,Block_Code,Udise_Block_Name,School_Category_Id,School_Category_Name,School_Management_Id,School_Management_Name,Location,School_Type_Id,School_Type,Total_Number_of_Schools,Building,Complete_Medical_Checkup,Computer_Available,Functional_Drinking_Water,Drinking_Water,Functional_Electricity,Functional_Boy_Toilet,Functional_Girl_Toilet,Functional_Toilet_Facility,Functional_Toilet_and_Urinal,Functional_Urinal,Functional_Urinal_Boy,Functional_Urinal_Girl,Handwash,Separate_Room_for_Headmaster,Incinerator,Internet,Kitchen_Garden,Land_Available,Librarian,Library_or_Reading_Corner_or_Book_Bank,Medical_Checkup,Newspaper,Playground,Rain_Water_Harvesting,Ramps,Solar_Panel,Furniture,Water_Purifier,Water_Tested
2018-19,33,Tamilnadu,3316,PERAMBALUR,331602,VEPPUR,3,HSS (I-XII),5,Private Unaided (Recognized),Rural,3,Co-educational,3,3,0,2,3,3,3,3,3,3,3,3,3,3,3,3,2,3,0,1,0,3,2,0,3,2,1,0,3,3,0
2018-19,33,Tamilnadu,3316,PERAMBALUR,331602,VEPPUR,5, HSS (VI-XII),1,Department of Education,Rural,1,Boys,1,1,0,1,1,1,1,1,0,1,1,1,1,0,1,1,0,0,0,0,0,1,0,0,1,0,0,0,1,0,0
2018-19,33,Tamilnadu,3316,PERAMBALUR,331602,VEPPUR,5, HSS (VI-XII),1,Department of Education,Rural,2,Girls,1,1,1,0,1,1,1,0,1,1,1,1,0,1,1,0,1,0,0,0,0,1,1,0,1,1,1,0,1,1,0
2018-19,33,Tamilnadu,3316,PERAMBALUR,331602,VEPPUR,5, HSS (VI-XII),1,Department of Education,Urban,2,Girls,1,1,1,1,1,1,1,0,1,1,1,1,0,1,1,0,1,1,1,0,0,1,1,1,1,1,1,0,1,0,1
2018-19,33,Tamilnadu,3316,PERAMBALUR,331602,VEPPUR,5, HSS (VI-XII),1,Department of Education,Rural,3,Co-educational,10,10,7,8,10,10,10,9,10,10,9,9,9,9,10,5,5,6,1,7,0,9,8,0,10,10,7,0,10,5,1
2018-19,33,Tamilnadu,3316,PERAMBALUR,331602,VEPPUR,5, HSS (VI-XII),5,Private Unaided (Recognized),Rural,3,Co-educational,2,2,1,1,2,2,2,2,2,2,2,2,2,2,1,1,0,2,0,1,0,2,2,0,2,1,0,0,2,2,0
2018-19,33,Tamilnadu,3316,PERAMBALUR,331602,VEPPUR,1,PS (I-V) ,1,Department of Education,Rural,3,Co-educational,56,56,37,25,48,53,56,54,53,55,46,47,45,43,47,10,0,0,2,20,0,54,53,2,49,46,42,0,56,12,4
2018-19,33,Tamilnadu,3316,PERAMBALUR,331602,VEPPUR,1,PS (I-V) ,4,Government Aided,Rural,3,Co-educational,14,14,5,2,12,14,14,14,14,14,14,14,14,14,12,1,0,0,0,7,0,13,9,0,11,10,6,0,14,1,0
2018-19,33,Tamilnadu,3316,PERAMBALUR,331602,VEPPUR,1,PS (I-V) ,5,Private Unaided (Recognized),Rural,3,Co-educational,10,10,3,6,9,10,10,10,10,10,9,9,9,9,9,5,0,2,0,3,0,6,4,0,10,6,3,0,10,7,0
2018-19,33,Tamilnadu,3316,PERAMBALUR,331602,VEPPUR,1,PS (I-V) ,90,Social welfare Department,Rural,3,Co-educational,1,1,1,1,1,1,1,1,1,1,1,1,0,1,1,0,0,0,0,0,0,1,1,0,1,1,1,0,1,0,0
2018-19,33,Tamilnadu,3316,PERAMBALUR,331602,VEPPUR,1,PS (I-V) ,5,Private Unaided (Recognized),Urban,3,Co-educational,2,2,0,2,2,2,2,2,2,2,2,2,2,2,2,0,0,0,0,1,0,2,0,0,2,2,0,0,2,2,0
2018-19,33,Tamilnadu,3316,PERAMBALUR,331602,VEPPUR,1,PS (I-V) ,8,Unrecognized,Urban,3,Co-educational,1,1,1,1,1,1,1,1,1,1,1,1,1,1,1,0,0,0,0,0,0,0,1,0,0,0,0,0,1,1,1
2018-19,33,Tamilnadu,3316,PERAMBALUR,331602,VEPPUR,6, SS (I-X) ,5,Private Unaided (Recognized),Rural,3,Co-educational,2,2,0,2,2,2,2,2,2,2,2,2,2,2,2,2,0,2,0,0,0,2,0,0,2,2,2,0,2,2,0
2018-19,33,Tamilnadu,3316,PERAMBALUR,331602,VEPPUR,7,SS (VI-X),1,Department of Education,Rural,3,Co-educational,15,14,14,2,15,15,15,14,14,14,13,13,13,8,12,9,5,1,0,8,0,15,14,1,14,9,12,0,15,6,1
2018-19,33,Tamilnadu,3316,PERAMBALUR,331602,VEPPUR,7,SS (VI-X),4,Government Aided,Rural,3,Co-educational,1,1,1,0,1,1,1,1,1,1,1,1,1,1,1,0,0,0,0,1,0,1,1,1,1,1,1,0,1,0,0
2018-19,33,Tamilnadu,3316,PERAMBALUR,331602,VEPPUR,7,SS (VI-X),5,Private Unaided (Recognized),Rural,3,Co-educational,3,3,0,1,3,3,3,3,3,3,3,3,3,3,3,2,0,2,0,2,0,2,0,0,3,2,2,0,3,2,0
2018-19,33,Tamilnadu,3316,PERAMBALUR,331602,VEPPUR,7,SS (VI-X),90,Social welfare Department,Rural,3,Co-educational,1,1,1,0,1,1,1,0,1,1,1,1,0,1,0,1,0,0,0,0,0,1,1,0,1,1,1,0,1,0,0
2018-19,33,Tamilnadu,3316,PERAMBALUR,331602,VEPPUR,2,UPS (I-VIII) ,6,Other Govt. managed schools,Rural,2,Girls,1,1,1,1,0,1,1,0,1,1,0,0,0,0,1,0,0,0,0,1,0,1,1,0,1,1,1,0,1,1,0
2018-19,33,Tamilnadu,3316,PERAMBALUR,331602,VEPPUR,2,UPS (I-VIII) ,1,Department of Education,Rural,3,Co-educational,14,14,12,13,13,13,14,12,14,14,13,13,11,13,14,2,2,1,0,9,0,14,13,0,14,13,14,0,14,5,1
2018-19,33,Tamilnadu,3316,PERAMBALUR,331602,VEPPUR,2,UPS (I-VIII) ,4,Government Aided,Rural,3,Co-educational,4,4,3,2,4,4,4,4,4,4,4,4,4,4,4,0,0,0,1,1,0,4,4,0,4,4,4,0,4,3,1
2018-19,33,Tamilnadu,3316,PERAMBALUR,331602,VEPPUR,2,UPS (I-VIII) ,5,Private Unaided (Recognized),Rural,3,Co-educational,1,1,0,1,1,1,1,1,1,1,1,1,1,1,1,1,0,0,0,1,0,1,0,0,1,1,0,0,1,1,0
2018-19,33,Tamilnadu,3316,PERAMBALUR,331603,VEPPANTHATTAI,3,HSS (I-XII),5,Private Unaided (Recognized),Rural,3,Co-educational,2,2,0,2,2,2,2,2,2,2,2,2,2,1,2,2,0,1,0,0,1,2,1,1,2,2,0,0,2,2,1
2018-19,33,Tamilnadu,3316,PERAMBALUR,331603,VEPPANTHATTAI,3,HSS (I-XII),5,Private Unaided (Recognized),Urban,3,Co-educational,2,2,0,2,2,2,2,2,2,2,2,2,2,2,2,2,1,2,0,1,0,2,0,2,2,2,2,0,2,2,1
2018-19,33,Tamilnadu,3316,PERAMBALUR,331603,VEPPANTHATTAI,5, HSS (VI-XII),1,Department of Education,Rural,3,Co-educational,10,10,8,10,9,10,10,8,9,9,7,8,6,8,8,5,10,6,1,8,1,10,8,1,10,9,10,0,10,3,1
2018-19,33,Tamilnadu,3316,PERAMBALUR,331603,VEPPANTHATTAI,5, HSS (VI-XII),4,Government Aided,Rural,3,Co-educational,2,2,2,2,1,1,2,2,2,2,2,2,2,2,2,2,1,2,0,0,0,2,2,0,2,2,2,0,2,1,0
2018-19,33,Tamilnadu,3316,PERAMBALUR,331603,VEPPANTHATTAI,5, HSS (VI-XII),5,Private Unaided (Recognized),Rural,3,Co-educational,3,3,1,1,3,3,3,2,3,3,2,2,2,2,3,2,0,2,0,0,0,3,3,0,3,3,0,0,3,3,0
2018-19,33,Tamilnadu,3316,PERAMBALUR,331603,VEPPANTHATTAI,5, HSS (VI-XII),1,Department of Education,Urban,3,Co-educational,1,1,1,1,0,1,1,1,1,1,1,1,1,1,1,1,1,1,0,1,0,1,1,0,1,1,1,0,1,1,0
2018-19,33,Tamilnadu,3316,PERAMBALUR,331603,VEPPANTHATTAI,5, HSS (VI-XII),5,Private Unaided (Recognized),Urban,3,Co-educational,1,1,0,1,1,1,1,1,1,1,1,1,1,1,1,1,0,1,0,0,1,1,0,0,1,1,1,0,1,1,0
2018-19,33,Tamilnadu,3316,PERAMBALUR,331603,VEPPANTHATTAI,1,PS (I-V) ,1,Department of Education,Rural,1,Boys,1,1,0,1,1,1,1,1,0,1,1,1,1,0,0,0,0,0,0,0,0,0,0,0,1,1,1,0,1,0,0
2018-19,33,Tamilnadu,3316,PERAMBALUR,331603,VEPPANTHATTAI,1,PS (I-V) ,1,Department of Education,Rural,3,Co-educational,42,36,30,18,38,41,42,38,40,40,31,32,29,28,34,3,0,0,3,9,0,40,39,1,33,31,31,0,42,19,2
2018-19,33,Tamilnadu,3316,PERAMBALUR,331603,VEPPANTHATTAI,1,PS (I-V) ,4,Government Aided,Rural,3,Co-educational,12,11,7,3,9,9,12,10,10,10,8,9,9,9,11,2,0,0,0,5,0,12,11,0,12,10,5,0,12,7,1
2018-19,33,Tamilnadu,3316,PERAMBALUR,331603,VEPPANTHATTAI,1,PS (I-V) ,5,Private Unaided (Recognized),Rural,3,Co-educational,9,9,3,2,8,8,9,8,9,9,9,9,8,9,9,5,0,3,0,0,1,9,4,1,9,8,1,0,9,7,1
2018-19,33,Tamilnadu,3316,PERAMBALUR,331603,VEPPANTHATTAI,1,PS (I-V) ,90,Social welfare Department,Rural,3,Co-educational,6,6,4,1,6,6,6,4,6,6,4,4,3,4,4,1,0,0,1,2,0,5,6,0,4,1,2,0,6,1,0
2018-19,33,Tamilnadu,3316,PERAMBALUR,331603,VEPPANTHATTAI,1,PS (I-V) ,1,Department of Education,Urban,3,Co-educational,6,6,3,1,4,4,6,6,6,6,5,5,5,5,4,0,0,0,0,1,0,6,6,0,5,5,3,0,6,2,0
2018-19,33,Tamilnadu,3316,PERAMBALUR,331603,VEPPANTHATTAI,1,PS (I-V) ,5,Private Unaided (Recognized),Urban,3,Co-educational,1,1,1,0,1,1,1,1,1,1,1,1,1,1,1,0,0,0,0,0,0,1,1,0,1,0,0,0,1,1,0
2018-19,33,Tamilnadu,3316,PERAMBALUR,331603,VEPPANTHATTAI,6, SS (I-X) ,5,Private Unaided (Recognized),Rural,3,Co-educational,4,4,1,3,4,4,4,4,4,4,4,4,4,4,4,2,0,1,0,1,0,4,1,0,4,3,3,0,4,4,0
2018-19,33,Tamilnadu,3316,PERAMBALUR,331603,VEPPANTHATTAI,7,SS (VI-X),1,Department of Education,Rural,3,Co-educational,8,7,7,6,8,8,8,7,7,7,7,7,6,5,6,4,6,2,0,2,0,7,7,1,4,7,6,0,8,4,0
2018-19,33,Tamilnadu,3316,PERAMBALUR,331603,VEPPANTHATTAI,7,SS (VI-X),90,Social welfare Department,Rural,3,Co-educational,2,2,1,2,2,2,2,2,2,2,2,2,2,2,0,1,1,0,0,1,1,2,2,1,1,1,2,0,2,1,0
2018-19,33,Tamilnadu,3316,PERAMBALUR,331603,VEPPANTHATTAI,2,UPS (I-VIII) ,1,Department of Education,Rural,2,Girls,1,1,1,1,1,1,1,0,1,1,1,1,0,1,1,1,0,0,0,0,0,1,1,0,1,1,1,0,1,0,0
2018-19,33,Tamilnadu,3316,PERAMBALUR,331603,VEPPANTHATTAI,2,UPS (I-VIII) ,1,Department of Education,Rural,3,Co-educational,11,11,9,11,10,10,11,11,11,11,10,10,10,10,10,1,2,0,3,4,0,11,10,2,10,9,8,0,11,5,0
2018-19,33,Tamilnadu,3316,PERAMBALUR,331603,VEPPANTHATTAI,2,UPS (I-VIII) ,4,Government Aided,Rural,3,Co-educational,5,5,5,3,4,4,5,5,5,5,4,4,4,4,5,4,0,2,1,2,0,5,5,1,5,4,4,0,5,2,1
2018-19,33,Tamilnadu,3316,PERAMBALUR,331604,PERAMBALUR,3,HSS (I-XII),5,Private Unaided (Recognized),Rural,3,Co-educational,3,3,1,3,2,3,3,3,3,3,3,3,3,3,3,3,1,3,0,2,0,3,3,0,3,3,1,0,3,3,0
2018-19,33,Tamilnadu,3316,PERAMBALUR,331604,PERAMBALUR,3,HSS (I-XII),5,Private Unaided (Recognized),Urban,3,Co-educational,4,4,2,4,4,4,4,4,4,4,4,4,4,4,4,4,0,4,0,1,1,4,2,1,4,4,2,0,4,3,0
2018-19,33,Tamilnadu,3316,PERAMBALUR,331604,PERAMBALUR,3,HSS (I-XII),92,Kendriya Vidyalaya / Central School,Urban,3,Co-educational,1,1,0,1,1,1,1,1,1,1,1,1,1,1,1,1,0,1,0,0,0,1,1,0,1,1,0,0,1,1,0
2018-19,33,Tamilnadu,3316,PERAMBALUR,331604,PERAMBALUR,5, HSS (VI-XII),4,Government Aided,Urban,2,Girls,1,1,1,1,1,1,1,0,1,1,1,1,0,1,1,1,0,1,0,0,0,1,1,0,1,1,1,0,1,1,0
2018-19,33,Tamilnadu,3316,PERAMBALUR,331604,PERAMBALUR,5, HSS (VI-XII),5,Private Unaided (Recognized),Urban,2,Girls,1,1,0,1,1,1,1,0,1,1,0,0,0,0,1,1,0,1,0,0,0,1,0,0,1,1,1,0,1,1,0
2018-19,33,Tamilnadu,3316,PERAMBALUR,331604,PERAMBALUR,5, HSS (VI-XII),1,Department of Education,Rural,3,Co-educational,7,7,7,5,6,7,7,6,7,7,4,4,4,4,7,5,4,4,0,6,0,6,7,0,7,6,7,0,7,2,0
2018-19,33,Tamilnadu,3316,PERAMBALUR,331604,PERAMBALUR,5, HSS (VI-XII),4,Government Aided,Rural,3,Co-educational,1,1,1,1,1,1,1,1,1,1,1,1,1,1,1,1,0,1,0,0,0,1,1,0,1,1,1,0,1,1,0
2018-19,33,Tamilnadu,3316,PERAMBALUR,331604,PERAMBALUR,5, HSS (VI-XII),5,Private Unaided (Recognized),Rural,3,Co-educational,1,1,0,0,1,1,1,1,1,1,1,1,0,1,1,0,0,0,0,0,0,1,0,0,1,0,0,0,1,0,0
2018-19,33,Tamilnadu,3316,PERAMBALUR,331604,PERAMBALUR,5, HSS (VI-XII),90,Social welfare Department,Rural,3,Co-educational,1,1,1,1,1,1,1,1,1,1,1,1,1,1,1,0,1,0,0,0,0,1,1,0,0,1,1,0,1,1,0
2018-19,33,Tamilnadu,3316,PERAMBALUR,331604,PERAMBALUR,5, HSS (VI-XII),1,Department of Education,Urban,3,Co-educational,2,2,2,1,2,2,2,2,2,2,1,1,1,1,2,2,2,1,0,2,0,2,2,1,2,2,2,0,2,2,0
2018-19,33,Tamilnadu,3316,PERAMBALUR,331604,PERAMBALUR,5, HSS (VI-XII),4,Government Aided,Urban,3,Co-educational,1,1,1,1,1,1,1,1,1,1,1,1,1,1,1,1,0,1,1,1,0,1,1,1,1,1,1,0,1,0,0
2018-19,33,Tamilnadu,3316,PERAMBALUR,331604,PERAMBALUR,5, HSS (VI-XII),5,Private Unaided (Recognized),Urban,3,Co-educational,2,2,0,2,2,2,2,2,2,2,2,2,2,1,2,2,1,2,0,1,0,2,2,0,2,2,1,0,2,1,0
2018-19,33,Tamilnadu,3316,PERAMBALUR,331604,PERAMBALUR,1,PS (I-V) ,1,Department of Education,Rural,3,Co-educational,29,29,14,4,24,27,29,29,29,29,27,27,27,26,25,3,0,0,0,6,0,27,28,0,24,26,23,0,29,18,0
2018-19,33,Tamilnadu,3316,PERAMBALUR,331604,PERAMBALUR,1,PS (I-V) ,4,Government Aided,Rural,3,Co-educational,6,6,5,2,6,6,6,6,6,6,6,6,6,6,6,3,0,0,0,2,0,6,5,0,6,4,2,0,6,0,0
2018-19,33,Tamilnadu,3316,PERAMBALUR,331604,PERAMBALUR,1,PS (I-V) ,5,Private Unaided (Recognized),Rural,3,Co-educational,9,9,2,5,8,8,9,9,9,9,8,8,8,8,9,6,0,2,0,2,0,8,5,0,8,7,0,0,9,7,0
2018-19,33,Tamilnadu,3316,PERAMBALUR,331604,PERAMBALUR,1,PS (I-V) ,90,Social welfare Department,Rural,3,Co-educational,10,10,8,8,8,9,10,9,10,10,9,9,9,9,8,0,0,0,0,1,0,9,10,0,8,7,6,0,10,3,0
2018-19,33,Tamilnadu,3316,PERAMBALUR,331604,PERAMBALUR,1,PS (I-V) ,1,Department of Education,Urban,3,Co-educational,7,7,5,2,7,7,7,7,7,7,6,6,6,6,7,0,0,1,0,1,0,7,7,0,7,7,5,0,7,4,0
2018-19,33,Tamilnadu,3316,PERAMBALUR,331604,PERAMBALUR,1,PS (I-V) ,4,Government Aided,Urban,3,Co-educational,2,2,0,0,1,2,2,1,1,1,1,1,1,1,2,0,0,0,0,0,0,2,1,0,2,1,1,0,2,0,0
2018-19,33,Tamilnadu,3316,PERAMBALUR,331604,PERAMBALUR,1,PS (I-V) ,5,Private Unaided (Recognized),Urban,3,Co-educational,9,9,3,5,9,9,9,9,9,9,7,7,7,7,9,7,0,5,0,1,0,7,6,0,9,8,1,0,9,4,1
2018-19,33,Tamilnadu,3316,PERAMBALUR,331604,PERAMBALUR,6, SS (I-X) ,5,Private Unaided (Recognized),Rural,3,Co-educational,4,4,3,3,4,4,4,4,4,4,4,4,4,4,3,4,2,4,0,3,1,4,4,1,4,4,1,1,4,4,1
2018-19,33,Tamilnadu,3316,PERAMBALUR,331604,PERAMBALUR,6, SS (I-X) ,5,Private Unaided (Recognized),Urban,3,Co-educational,4,4,2,3,3,3,4,4,4,4,4,4,4,4,4,4,0,3,0,3,0,4,2,0,4,4,2,0,4,3,0
2018-19,33,Tamilnadu,3316,PERAMBALUR,331604,PERAMBALUR,6, SS (I-X) ,6,Other Govt. managed schools,Urban,3,Co-educational,1,1,1,1,1,1,1,1,1,1,1,1,1,1,1,0,0,1,0,1,0,1,1,0,1,1,0,0,1,1,0
2018-19,33,Tamilnadu,3316,PERAMBALUR,331604,PERAMBALUR,6, SS (I-X) ,8,Unrecognized,Urban,3,Co-educational,1,1,0,1,1,1,1,1,1,1,1,1,1,1,1,1,0,1,0,1,0,1,0,0,1,1,1,0,1,1,0
2018-19,33,Tamilnadu,3316,PERAMBALUR,331604,PERAMBALUR,7,SS (VI-X),1,Department of Education,Urban,2,Girls,1,1,0,0,1,1,1,0,0,0,0,0,0,0,0,0,0,1,0,0,0,0,0,0,1,0,1,0,1,0,0
2018-19,33,Tamilnadu,3316,PERAMBALUR,331604,PERAMBALUR,7,SS (VI-X),1,Department of Education,Rural,3,Co-educational,6,6,5,2,6,6,6,5,5,5,5,5,5,4,4,2,4,1,0,2,0,5,6,0,5,4,6,0,6,3,0
2018-19,33,Tamilnadu,3316,PERAMBALUR,331604,PERAMBALUR,7,SS (VI-X),4,Government Aided,Rural,3,Co-educational,1,1,1,1,1,1,1,1,1,1,1,1,1,1,1,1,0,1,0,0,0,1,1,0,1,1,1,0,1,1,0
2018-19,33,Tamilnadu,3316,PERAMBALUR,331604,PERAMBALUR,7,SS (VI-X),90,Social welfare Department,Rural,3,Co-educational,4,4,3,1,3,4,4,3,4,4,3,3,2,3,3,2,1,1,0,1,0,4,3,1,3,3,2,0,4,0,0
2018-19,33,Tamilnadu,3316,PERAMBALUR,331604,PERAMBALUR,2,UPS (I-VIII) ,1,Department of Education,Rural,3,Co-educational,9,9,7,8,7,9,9,8,9,9,9,9,9,9,9,2,0,2,0,1,0,9,7,0,8,8,8,0,9,5,0
2018-19,33,Tamilnadu,3316,PERAMBALUR,331604,PERAMBALUR,2,UPS (I-VIII) ,4,Government Aided,Rural,3,Co-educational,2,2,1,2,2,2,2,2,2,2,1,1,1,1,2,2,0,0,0,1,0,2,1,0,2,1,2,0,2,0,0
2018-19,33,Tamilnadu,3316,PERAMBALUR,331604,PERAMBALUR,2,UPS (I-VIII) ,1,Department of Education,Urban,3,Co-educational,1,1,1,1,1,1,1,1,1,1,0,0,0,0,1,0,0,0,0,0,0,1,1,0,1,0,0,0,1,0,0
2018-19,33,Tamilnadu,3316,PERAMBALUR,331606,ALATHUR,3,HSS (I-XII),5,Private Unaided (Recognized),Rural,3,Co-educational,3,3,2,3,3,3,3,3,3,3,3,3,3,3,2,3,2,3,0,2,0,3,2,0,3,3,2,0,3,3,0
2018-19,33,Tamilnadu,3316,PERAMBALUR,331606,ALATHUR,5, HSS (VI-XII),1,Department of Education,Rural,3,Co-educational,7,7,7,5,7,7,7,7,7,7,7,7,7,7,5,5,3,3,0,3,0,7,7,1,7,7,6,0,7,2,0
2018-19,33,Tamilnadu,3316,PERAMBALUR,331606,ALATHUR,5, HSS (VI-XII),5,Private Unaided (Recognized),Rural,3,Co-educational,2,2,1,2,1,1,2,2,2,2,1,1,1,1,2,2,0,1,0,1,0,2,2,0,2,2,1,0,2,2,0
2018-19,33,Tamilnadu,3316,PERAMBALUR,331606,ALATHUR,1,PS (I-V) ,1,Department of Education,Rural,3,Co-educational,44,44,5,18,41,42,44,42,43,44,41,41,38,41,39,7,0,0,0,9,0,42,40,0,41,40,33,0,44,12,0
2018-19,33,Tamilnadu,3316,PERAMBALUR,331606,ALATHUR,1,PS (I-V) ,4,Government Aided,Rural,3,Co-educational,4,4,1,0,3,3,4,4,4,4,3,3,3,3,4,0,0,0,0,2,0,4,2,0,3,4,0,0,4,3,0
2018-19,33,Tamilnadu,3316,PERAMBALUR,331606,ALATHUR,1,PS (I-V) ,5,Private Unaided (Recognized),Rural,3,Co-educational,6,6,2,5,6,6,6,6,6,6,6,6,6,6,6,3,1,1,0,4,0,6,2,1,6,5,1,0,6,5,1
2018-19,33,Tamilnadu,3316,PERAMBALUR,331606,ALATHUR,1,PS (I-V) ,90,Social welfare Department,Rural,3,Co-educational,8,8,2,3,8,8,8,8,8,8,7,7,7,7,6,0,0,0,0,2,0,7,8,0,6,7,5,0,8,1,0
2018-19,33,Tamilnadu,3316,PERAMBALUR,331606,ALATHUR,6, SS (I-X) ,5,Private Unaided (Recognized),Rural,3,Co-educational,2,2,1,0,2,2,2,2,2,2,2,2,2,1,2,2,0,2,0,0,0,2,1,0,2,2,0,0,2,2,0
2018-19,33,Tamilnadu,3316,PERAMBALUR,331606,ALATHUR,7,SS (VI-X),1,Department of Education,Rural,3,Co-educational,11,11,10,7,11,11,11,11,11,11,10,10,10,8,11,7,8,3,1,5,0,10,10,1,9,10,11,0,11,4,2
2018-19,33,Tamilnadu,3316,PERAMBALUR,331606,ALATHUR,7,SS (VI-X),5,Private Unaided (Recognized),Rural,3,Co-educational,1,1,0,1,1,1,1,1,1,1,1,1,1,1,1,1,0,0,0,0,0,1,0,0,1,1,1,0,1,1,0
2018-19,33,Tamilnadu,3316,PERAMBALUR,331606,ALATHUR,7,SS (VI-X),90,Social welfare Department,Rural,3,Co-educational,2,2,2,2,2,2,2,2,2,2,2,2,2,2,2,1,2,0,1,1,0,2,2,1,1,2,2,0,2,1,0
2018-19,33,Tamilnadu,3316,PERAMBALUR,331606,ALATHUR,2,UPS (I-VIII) ,1,Department of Education,Rural,3,Co-educational,20,20,15,17,18,18,20,18,19,19,18,19,16,18,18,8,2,0,1,6,0,19,16,1,18,18,15,0,20,9,2
2018-19,33,Tamilnadu,3316,PERAMBALUR,331606,ALATHUR,2,UPS (I-VIII) ,4,Government Aided,Rural,3,Co-educational,2,2,2,0,2,2,2,1,1,1,0,1,1,1,2,0,0,0,0,1,0,2,2,0,2,2,1,0,2,1,0
2018-19,33,Tamilnadu,3316,PERAMBALUR,331606,ALATHUR,2,UPS (I-VIII) ,5,Private Unaided (Recognized),Rural,3,Co-educational,1,1,1,0,1,1,1,1,1,1,1,1,1,1,1,0,0,0,0,0,0,1,1,0,1,1,0,0,1,1,0
2018-19,33,Tamilnadu,3316,PERAMBALUR,331606,ALATHUR,4,UPS (VI-VIII) ,4,Government Aided,Rural,3,Co-educational,1,1,1,1,1,1,1,1,1,1,1,1,1,1,1,0,0,0,0,0,0,1,1,0,1,1,0,0,1,0,0
