Academic_Year,State_Code,State_Name,District_Code,District_Name,Block_Code,Udise_Block_Name,School_Category_Id,School_Category_Name,School_Management_Id,School_Management_Name,Location,School_Type_Id,School_Type,Total_Number_of_Schools,Building,Complete_Medical_Checkup,Computer_Available,Functional_Drinking_Water,Drinking_Water,Functional_Electricity,Functional_Boy_Toilet,Functional_Girl_Toilet,Functional_Toilet_Facility,Functional_Toilet_and_Urinal,Functional_Urinal,Functional_Urinal_Boy,Functional_Urinal_Girl,Handwash,Separate_Room_for_Headmaster,Incinerator,Internet,Kitchen_Garden,Land_Available,Librarian,Library_or_Reading_Corner_or_Book_Bank,Medical_Checkup,Newspaper,Playground,Rain_Water_Harvesting,Ramps,Solar_Panel,Furniture,Water_Purifier,Water_Tested
2018-19,33,Tamilnadu,3326,VIRUDHUNAGAR,332602,VIRUDHUNAGAR,5, HSS (VI-XII),4,Government Aided,Urban,3,Co-educational,1,1,1,1,1,1,1,0,1,1,1,1,0,1,1,1,0,1,0,0,0,1,1,0,1,1,1,0,1,0,0
2018-19,33,Tamilnadu,3326,VIRUDHUNAGAR,332609,SIVAKASI,7,SS (VI-X),3,Local body,Urban,2,Girls,1,1,1,1,1,1,1,0,1,1,1,1,0,1,1,1,0,0,0,0,0,1,1,1,1,1,1,0,1,1,0
2018-19,33,Tamilnadu,3326,VIRUDHUNAGAR,332601,ARUPPUKOTTAI,3,HSS (I-XII),5,Private Unaided (Recognized),Rural,3,Co-educational,6,6,4,5,5,5,6,6,6,6,6,6,6,6,5,6,0,6,0,3,1,6,6,1,6,6,2,1,6,4,0
2018-19,33,Tamilnadu,3326,VIRUDHUNAGAR,332601,ARUPPUKOTTAI,3,HSS (I-XII),5,Private Unaided (Recognized),Urban,3,Co-educational,1,1,1,1,1,1,1,1,1,1,1,1,1,1,1,1,0,1,0,1,0,1,1,0,1,1,1,0,1,1,0
2018-19,33,Tamilnadu,3326,VIRUDHUNAGAR,332601,ARUPPUKOTTAI,5, HSS (VI-XII),4,Government Aided,Urban,1,Boys,1,1,1,1,1,1,1,1,0,1,1,1,1,0,1,1,0,1,0,0,0,1,1,1,1,1,0,0,1,1,1
2018-19,33,Tamilnadu,3326,VIRUDHUNAGAR,332601,ARUPPUKOTTAI,5, HSS (VI-XII),1,Department of Education,Rural,2,Girls,1,1,1,1,1,1,1,0,1,1,1,1,0,1,1,0,1,1,0,0,0,1,1,0,0,1,1,0,1,0,0
2018-19,33,Tamilnadu,3326,VIRUDHUNAGAR,332601,ARUPPUKOTTAI,5, HSS (VI-XII),4,Government Aided,Urban,2,Girls,2,2,2,2,2,2,2,0,2,2,2,2,0,2,2,2,1,2,0,1,0,2,2,0,2,2,2,0,2,2,0
2018-19,33,Tamilnadu,3326,VIRUDHUNAGAR,332601,ARUPPUKOTTAI,5, HSS (VI-XII),1,Department of Education,Rural,3,Co-educational,7,7,7,7,7,7,7,7,7,7,6,6,6,5,7,4,2,4,0,3,0,6,7,2,7,7,6,0,7,2,1
2018-19,33,Tamilnadu,3326,VIRUDHUNAGAR,332601,ARUPPUKOTTAI,5, HSS (VI-XII),4,Government Aided,Rural,3,Co-educational,2,2,2,2,2,2,2,2,2,2,2,2,2,2,2,2,1,2,0,1,0,2,2,0,2,2,2,0,2,1,0
2018-19,33,Tamilnadu,3326,VIRUDHUNAGAR,332601,ARUPPUKOTTAI,5, HSS (VI-XII),1,Department of Education,Urban,3,Co-educational,1,1,1,1,1,1,1,1,1,1,1,1,1,1,1,1,1,1,0,1,0,0,1,0,1,1,1,0,1,0,0
2018-19,33,Tamilnadu,3326,VIRUDHUNAGAR,332601,ARUPPUKOTTAI,5, HSS (VI-XII),4,Government Aided,Urban,3,Co-educational,4,4,3,4,4,4,4,3,3,4,4,4,3,3,4,4,0,4,0,3,0,4,4,1,4,4,3,0,4,1,0
2018-19,33,Tamilnadu,3326,VIRUDHUNAGAR,332601,ARUPPUKOTTAI,1,PS (I-V) ,6,Other Govt. managed schools,Rural,2,Girls,1,1,1,0,1,1,1,0,1,1,1,1,0,1,1,0,0,0,0,0,0,1,1,0,1,1,1,0,1,1,0
2018-19,33,Tamilnadu,3326,VIRUDHUNAGAR,332601,ARUPPUKOTTAI,1,PS (I-V) ,1,Department of Education,Rural,3,Co-educational,32,32,26,13,30,31,32,32,32,32,31,31,30,31,30,5,1,0,0,8,0,32,32,4,31,29,29,0,32,17,3
2018-19,33,Tamilnadu,3326,VIRUDHUNAGAR,332601,ARUPPUKOTTAI,1,PS (I-V) ,4,Government Aided,Rural,3,Co-educational,22,22,15,4,21,22,22,21,22,22,20,20,19,20,17,4,0,0,0,5,0,21,22,0,21,19,13,0,22,1,0
2018-19,33,Tamilnadu,3326,VIRUDHUNAGAR,332601,ARUPPUKOTTAI,1,PS (I-V) ,5,Private Unaided (Recognized),Rural,3,Co-educational,7,7,3,5,7,7,7,7,7,7,7,7,7,7,7,3,0,3,1,4,0,6,5,2,7,5,1,1,7,5,1
2018-19,33,Tamilnadu,3326,VIRUDHUNAGAR,332601,ARUPPUKOTTAI,1,PS (I-V) ,1,Department of Education,Urban,3,Co-educational,2,2,2,2,1,1,2,2,2,2,2,2,2,2,2,1,0,0,0,0,0,2,2,1,2,2,1,2,2,1,0
2018-19,33,Tamilnadu,3326,VIRUDHUNAGAR,332601,ARUPPUKOTTAI,1,PS (I-V) ,4,Government Aided,Urban,3,Co-educational,8,8,3,3,8,8,8,8,8,8,8,8,8,8,8,4,0,1,0,1,0,7,7,4,7,8,6,0,8,2,0
2018-19,33,Tamilnadu,3326,VIRUDHUNAGAR,332601,ARUPPUKOTTAI,1,PS (I-V) ,5,Private Unaided (Recognized),Urban,3,Co-educational,6,6,1,6,5,5,6,6,6,6,6,6,6,5,6,5,0,6,0,1,0,5,1,1,6,6,2,0,6,4,0
2018-19,33,Tamilnadu,3326,VIRUDHUNAGAR,332601,ARUPPUKOTTAI,6, SS (I-X) ,5,Private Unaided (Recognized),Rural,3,Co-educational,3,3,1,3,2,3,3,3,3,3,3,3,3,3,3,1,2,2,0,1,1,3,2,1,3,3,1,0,3,3,0
2018-19,33,Tamilnadu,3326,VIRUDHUNAGAR,332601,ARUPPUKOTTAI,6, SS (I-X) ,90,Social welfare Department,Rural,3,Co-educational,1,1,1,1,1,1,1,1,1,1,1,1,1,1,1,1,0,1,0,1,0,1,1,0,1,1,0,0,1,1,0
2018-19,33,Tamilnadu,3326,VIRUDHUNAGAR,332601,ARUPPUKOTTAI,6, SS (I-X) ,5,Private Unaided (Recognized),Urban,3,Co-educational,2,2,1,2,2,2,2,2,2,2,2,2,2,2,2,1,0,1,0,0,0,2,1,0,2,2,1,0,2,1,0
2018-19,33,Tamilnadu,3326,VIRUDHUNAGAR,332601,ARUPPUKOTTAI,8,SS (IX-X),1,Department of Education,Rural,3,Co-educational,1,1,1,1,1,1,1,1,1,1,1,1,1,1,1,0,0,1,0,1,0,1,1,0,1,1,1,0,1,0,0
2018-19,33,Tamilnadu,3326,VIRUDHUNAGAR,332601,ARUPPUKOTTAI,7,SS (VI-X),1,Department of Education,Rural,3,Co-educational,1,1,1,0,1,1,1,1,1,1,1,1,1,1,1,1,0,0,0,1,0,1,1,0,1,1,1,0,1,0,0
2018-19,33,Tamilnadu,3326,VIRUDHUNAGAR,332601,ARUPPUKOTTAI,7,SS (VI-X),4,Government Aided,Rural,3,Co-educational,3,3,3,3,3,3,3,3,3,3,3,3,3,3,3,3,0,3,1,1,0,3,3,2,3,3,2,0,3,0,0
2018-19,33,Tamilnadu,3326,VIRUDHUNAGAR,332601,ARUPPUKOTTAI,7,SS (VI-X),3,Local body,Urban,3,Co-educational,1,1,1,0,1,1,1,1,1,1,1,1,1,1,1,0,0,1,0,0,0,1,1,0,1,1,1,0,1,1,0
2018-19,33,Tamilnadu,3326,VIRUDHUNAGAR,332601,ARUPPUKOTTAI,7,SS (VI-X),4,Government Aided,Urban,3,Co-educational,2,2,2,2,2,2,2,2,2,2,2,2,2,2,2,1,0,2,0,1,0,2,2,0,2,2,2,0,2,0,0
2018-19,33,Tamilnadu,3326,VIRUDHUNAGAR,332601,ARUPPUKOTTAI,2,UPS (I-VIII) ,1,Department of Education,Rural,3,Co-educational,8,8,7,8,8,8,8,8,8,8,7,7,7,6,8,4,2,0,0,2,0,8,7,0,8,8,8,0,8,3,1
2018-19,33,Tamilnadu,3326,VIRUDHUNAGAR,332601,ARUPPUKOTTAI,2,UPS (I-VIII) ,4,Government Aided,Rural,3,Co-educational,7,7,7,4,7,7,7,7,7,7,7,7,7,7,6,5,0,1,0,2,0,7,7,0,7,7,5,0,7,2,0
2018-19,33,Tamilnadu,3326,VIRUDHUNAGAR,332601,ARUPPUKOTTAI,2,UPS (I-VIII) ,5,Private Unaided (Recognized),Rural,3,Co-educational,2,2,0,1,2,2,2,2,2,2,2,2,2,2,2,1,0,1,0,1,0,2,1,0,2,0,0,0,2,0,0
2018-19,33,Tamilnadu,3326,VIRUDHUNAGAR,332601,ARUPPUKOTTAI,2,UPS (I-VIII) ,1,Department of Education,Urban,3,Co-educational,1,1,1,1,1,1,1,1,1,1,1,1,1,1,1,0,0,0,0,0,0,1,1,0,1,1,1,0,1,0,0
2018-19,33,Tamilnadu,3326,VIRUDHUNAGAR,332601,ARUPPUKOTTAI,2,UPS (I-VIII) ,4,Government Aided,Urban,3,Co-educational,4,4,3,1,4,4,4,4,4,4,2,2,2,2,4,3,0,1,0,1,0,4,3,1,4,4,2,0,4,2,2
2018-19,33,Tamilnadu,3326,VIRUDHUNAGAR,332602,VIRUDHUNAGAR,3,HSS (I-XII),5,Private Unaided (Recognized),Rural,1,Boys,1,1,0,1,1,1,1,1,0,1,1,1,1,0,1,0,0,1,0,0,0,0,0,0,1,0,0,0,1,0,0
2018-19,33,Tamilnadu,3326,VIRUDHUNAGAR,332602,VIRUDHUNAGAR,3,HSS (I-XII),5,Private Unaided (Recognized),Urban,2,Girls,1,1,0,1,1,1,1,0,1,1,1,1,0,1,1,1,0,1,0,1,1,1,0,1,1,1,0,1,1,1,0
2018-19,33,Tamilnadu,3326,VIRUDHUNAGAR,332602,VIRUDHUNAGAR,3,HSS (I-XII),5,Private Unaided (Recognized),Rural,3,Co-educational,3,3,2,3,3,3,3,3,2,3,3,3,3,2,3,3,1,3,0,1,0,3,3,0,3,3,1,0,3,2,0
2018-19,33,Tamilnadu,3326,VIRUDHUNAGAR,332602,VIRUDHUNAGAR,3,HSS (I-XII),92,Kendriya Vidyalaya / Central School,Rural,3,Co-educational,1,1,1,0,1,1,1,1,1,1,1,1,1,1,1,1,0,1,0,1,0,1,1,0,1,1,1,0,1,1,0
2018-19,33,Tamilnadu,3326,VIRUDHUNAGAR,332602,VIRUDHUNAGAR,3,HSS (I-XII),5,Private Unaided (Recognized),Urban,3,Co-educational,2,2,2,1,2,2,2,2,2,2,2,2,2,2,2,2,0,1,0,1,0,2,2,0,2,2,0,0,2,0,0
2018-19,33,Tamilnadu,3326,VIRUDHUNAGAR,332602,VIRUDHUNAGAR,5, HSS (VI-XII),4,Government Aided,Urban,1,Boys,2,2,2,1,2,2,2,2,0,2,2,2,2,0,2,2,0,2,0,2,0,2,2,0,2,2,1,0,2,2,1
2018-19,33,Tamilnadu,3326,VIRUDHUNAGAR,332602,VIRUDHUNAGAR,5, HSS (VI-XII),3,Local body,Urban,2,Girls,1,1,0,1,1,1,1,0,1,1,1,1,0,1,1,1,1,1,0,0,0,1,1,0,1,0,1,0,1,0,0
2018-19,33,Tamilnadu,3326,VIRUDHUNAGAR,332602,VIRUDHUNAGAR,5, HSS (VI-XII),4,Government Aided,Urban,2,Girls,1,1,1,0,1,1,1,0,1,1,1,1,0,1,1,1,0,1,0,0,0,1,1,0,1,1,1,0,1,1,0
2018-19,33,Tamilnadu,3326,VIRUDHUNAGAR,332602,VIRUDHUNAGAR,5, HSS (VI-XII),1,Department of Education,Rural,3,Co-educational,9,9,9,9,9,9,9,9,9,9,9,9,9,9,8,9,9,4,0,7,0,9,9,2,8,6,9,0,9,6,2
2018-19,33,Tamilnadu,3326,VIRUDHUNAGAR,332602,VIRUDHUNAGAR,5, HSS (VI-XII),4,Government Aided,Rural,3,Co-educational,4,4,4,3,4,4,4,4,4,4,2,2,2,2,4,3,2,4,0,3,0,4,4,1,4,4,4,0,4,0,1
2018-19,33,Tamilnadu,3326,VIRUDHUNAGAR,332602,VIRUDHUNAGAR,5, HSS (VI-XII),1,Department of Education,Urban,3,Co-educational,1,1,1,1,1,1,1,1,1,1,1,1,1,1,1,1,0,1,0,0,0,1,1,1,1,1,1,0,1,0,0
2018-19,33,Tamilnadu,3326,VIRUDHUNAGAR,332602,VIRUDHUNAGAR,1,PS (I-V) ,4,Government Aided,Rural,1,Boys,1,1,1,0,1,1,1,1,0,1,1,1,1,0,1,1,0,1,0,0,0,1,1,0,1,1,0,0,1,0,0
2018-19,33,Tamilnadu,3326,VIRUDHUNAGAR,332602,VIRUDHUNAGAR,1,PS (I-V) ,4,Government Aided,Urban,1,Boys,1,1,1,1,1,1,1,1,0,1,1,1,1,0,1,0,0,1,1,1,0,1,1,1,1,1,1,0,1,1,0
2018-19,33,Tamilnadu,3326,VIRUDHUNAGAR,332602,VIRUDHUNAGAR,1,PS (I-V) ,1,Department of Education,Rural,3,Co-educational,73,73,57,22,70,71,73,70,73,73,73,73,67,73,66,4,1,1,4,16,0,72,69,1,67,57,59,0,73,34,5
2018-19,33,Tamilnadu,3326,VIRUDHUNAGAR,332602,VIRUDHUNAGAR,1,PS (I-V) ,3,Local body,Rural,3,Co-educational,1,1,0,1,1,1,1,1,1,1,1,1,1,1,1,0,0,0,0,0,0,1,0,0,0,0,0,0,1,0,0
2018-19,33,Tamilnadu,3326,VIRUDHUNAGAR,332602,VIRUDHUNAGAR,1,PS (I-V) ,4,Government Aided,Rural,3,Co-educational,28,28,23,5,24,26,28,26,28,28,24,24,22,24,25,4,0,1,0,5,0,27,24,0,27,20,12,0,28,3,3
2018-19,33,Tamilnadu,3326,VIRUDHUNAGAR,332602,VIRUDHUNAGAR,1,PS (I-V) ,5,Private Unaided (Recognized),Rural,3,Co-educational,11,11,9,8,11,11,11,11,11,11,11,11,11,11,11,5,0,7,2,7,0,11,10,3,10,9,4,0,11,6,1
2018-19,33,Tamilnadu,3326,VIRUDHUNAGAR,332602,VIRUDHUNAGAR,1,PS (I-V) ,90,Social welfare Department,Rural,3,Co-educational,2,2,1,1,2,2,2,2,2,2,2,2,2,2,2,0,0,0,0,0,0,2,2,0,2,2,2,0,2,2,0
2018-19,33,Tamilnadu,3326,VIRUDHUNAGAR,332602,VIRUDHUNAGAR,1,PS (I-V) ,3,Local body,Urban,3,Co-educational,1,1,1,1,1,1,1,1,1,1,1,1,1,1,1,0,0,0,0,1,0,1,1,0,1,1,1,0,1,0,0
2018-19,33,Tamilnadu,3326,VIRUDHUNAGAR,332602,VIRUDHUNAGAR,1,PS (I-V) ,4,Government Aided,Urban,3,Co-educational,3,3,2,0,3,3,3,3,2,3,3,3,3,2,2,1,0,0,0,1,0,2,3,0,3,2,0,0,3,3,1
2018-19,33,Tamilnadu,3326,VIRUDHUNAGAR,332602,VIRUDHUNAGAR,6, SS (I-X) ,5,Private Unaided (Recognized),Rural,3,Co-educational,1,1,0,1,1,1,1,1,1,1,1,1,1,1,1,1,1,1,1,0,1,1,1,1,1,1,1,0,1,1,1
2018-19,33,Tamilnadu,3326,VIRUDHUNAGAR,332602,VIRUDHUNAGAR,7,SS (VI-X),1,Department of Education,Rural,3,Co-educational,6,6,6,2,6,6,6,6,6,6,6,6,6,4,6,4,3,2,1,2,0,5,6,2,5,5,6,0,6,4,2
2018-19,33,Tamilnadu,3326,VIRUDHUNAGAR,332602,VIRUDHUNAGAR,7,SS (VI-X),4,Government Aided,Rural,3,Co-educational,1,1,1,1,1,1,1,1,1,1,1,1,1,1,1,0,0,1,0,1,0,1,1,0,1,1,1,0,1,0,0
2018-19,33,Tamilnadu,3326,VIRUDHUNAGAR,332602,VIRUDHUNAGAR,7,SS (VI-X),1,Department of Education,Urban,3,Co-educational,1,1,1,1,1,1,1,1,1,1,1,1,1,1,1,0,1,1,0,0,0,1,1,0,1,0,1,0,1,0,1
2018-19,33,Tamilnadu,3326,VIRUDHUNAGAR,332602,VIRUDHUNAGAR,7,SS (VI-X),3,Local body,Urban,3,Co-educational,1,1,1,1,1,1,1,1,1,1,1,1,1,1,1,1,1,1,0,0,0,1,1,1,1,1,1,0,1,1,0
2018-19,33,Tamilnadu,3326,VIRUDHUNAGAR,332602,VIRUDHUNAGAR,2,UPS (I-VIII) ,4,Government Aided,Urban,1,Boys,2,2,1,2,2,2,2,2,0,2,2,2,2,0,0,2,0,2,0,0,0,2,2,0,2,1,0,0,2,0,0
2018-19,33,Tamilnadu,3326,VIRUDHUNAGAR,332602,VIRUDHUNAGAR,2,UPS (I-VIII) ,4,Government Aided,Urban,2,Girls,3,3,2,3,3,3,3,0,2,2,2,3,0,3,3,2,0,2,1,1,0,3,3,0,3,3,2,0,3,2,1
2018-19,33,Tamilnadu,3326,VIRUDHUNAGAR,332602,VIRUDHUNAGAR,2,UPS (I-VIII) ,1,Department of Education,Rural,3,Co-educational,9,9,8,9,8,8,9,9,9,9,9,9,9,9,8,2,2,0,1,3,0,9,8,0,7,8,8,0,9,4,0
2018-19,33,Tamilnadu,3326,VIRUDHUNAGAR,332602,VIRUDHUNAGAR,2,UPS (I-VIII) ,3,Local body,Rural,3,Co-educational,4,4,4,4,4,4,4,4,4,4,4,4,4,4,4,0,0,0,0,0,0,4,4,1,3,4,4,2,4,2,0
2018-19,33,Tamilnadu,3326,VIRUDHUNAGAR,332602,VIRUDHUNAGAR,2,UPS (I-VIII) ,4,Government Aided,Rural,3,Co-educational,6,6,6,2,6,6,6,6,6,6,5,5,5,5,6,3,0,1,2,3,0,5,6,1,6,4,6,0,6,1,0
2018-19,33,Tamilnadu,3326,VIRUDHUNAGAR,332602,VIRUDHUNAGAR,2,UPS (I-VIII) ,5,Private Unaided (Recognized),Rural,3,Co-educational,3,3,3,1,3,3,3,3,3,3,3,3,3,3,3,2,0,2,0,1,0,3,3,1,3,3,1,0,3,1,0
2018-19,33,Tamilnadu,3326,VIRUDHUNAGAR,332602,VIRUDHUNAGAR,2,UPS (I-VIII) ,3,Local body,Urban,3,Co-educational,2,2,2,2,2,2,2,2,2,2,2,2,2,2,2,0,0,0,0,0,0,2,2,1,2,2,2,1,2,2,0
2018-19,33,Tamilnadu,3326,VIRUDHUNAGAR,332602,VIRUDHUNAGAR,2,UPS (I-VIII) ,4,Government Aided,Urban,3,Co-educational,2,2,2,1,2,2,2,2,1,2,1,1,1,0,2,2,0,1,0,0,0,2,2,0,2,2,1,0,2,0,0
2018-19,33,Tamilnadu,3326,VIRUDHUNAGAR,332602,VIRUDHUNAGAR,2,UPS (I-VIII) ,5,Private Unaided (Recognized),Urban,3,Co-educational,2,2,1,2,2,2,2,2,2,2,2,2,2,2,2,1,0,2,0,0,1,2,1,1,2,1,1,0,2,2,0
2018-19,33,Tamilnadu,3326,VIRUDHUNAGAR,332603,KARIYAPATTI,3,HSS (I-XII),5,Private Unaided (Recognized),Rural,3,Co-educational,3,3,1,3,3,3,3,3,3,3,3,3,3,3,3,2,1,1,0,2,0,3,1,0,3,3,0,0,3,2,0
2018-19,33,Tamilnadu,3326,VIRUDHUNAGAR,332603,KARIYAPATTI,5, HSS (VI-XII),1,Department of Education,Rural,1,Boys,1,1,1,1,1,1,1,1,0,1,1,1,1,0,1,0,0,1,0,1,0,1,1,0,1,1,1,0,1,0,0
2018-19,33,Tamilnadu,3326,VIRUDHUNAGAR,332603,KARIYAPATTI,5, HSS (VI-XII),1,Department of Education,Urban,2,Girls,1,1,0,0,1,1,1,0,1,1,1,1,0,1,0,1,0,1,0,0,0,0,0,0,1,1,1,0,1,1,0
2018-19,33,Tamilnadu,3326,VIRUDHUNAGAR,332603,KARIYAPATTI,5, HSS (VI-XII),1,Department of Education,Rural,3,Co-educational,6,6,5,4,6,6,6,6,6,6,6,6,6,6,5,2,5,4,0,4,0,6,5,0,5,5,5,0,6,2,0
2018-19,33,Tamilnadu,3326,VIRUDHUNAGAR,332603,KARIYAPATTI,5, HSS (VI-XII),1,Department of Education,Urban,3,Co-educational,1,1,1,1,1,1,1,1,1,1,1,1,1,1,1,0,1,0,0,1,0,1,1,0,1,1,1,0,1,0,0
2018-19,33,Tamilnadu,3326,VIRUDHUNAGAR,332603,KARIYAPATTI,5, HSS (VI-XII),4,Government Aided,Urban,3,Co-educational,1,1,1,1,1,1,1,1,1,1,1,1,1,1,1,0,0,1,0,0,0,1,1,1,1,1,1,0,1,1,0
2018-19,33,Tamilnadu,3326,VIRUDHUNAGAR,332603,KARIYAPATTI,1,PS (I-V) ,1,Department of Education,Rural,3,Co-educational,66,66,51,12,63,65,66,62,65,65,63,64,62,63,58,3,0,0,8,23,0,66,62,1,58,62,60,0,66,15,3
2018-19,33,Tamilnadu,3326,VIRUDHUNAGAR,332603,KARIYAPATTI,1,PS (I-V) ,4,Government Aided,Rural,3,Co-educational,11,11,7,1,11,11,11,10,11,11,11,11,11,11,5,3,0,1,2,2,0,11,11,1,11,8,5,0,11,2,0
2018-19,33,Tamilnadu,3326,VIRUDHUNAGAR,332603,KARIYAPATTI,1,PS (I-V) ,5,Private Unaided (Recognized),Rural,3,Co-educational,1,1,0,0,1,1,1,1,1,1,1,1,1,1,1,0,0,0,0,1,0,1,1,0,1,1,1,0,1,0,0
2018-19,33,Tamilnadu,3326,VIRUDHUNAGAR,332603,KARIYAPATTI,1,PS (I-V) ,1,Department of Education,Urban,3,Co-educational,3,3,2,0,3,3,3,1,3,3,3,3,1,3,3,0,0,0,0,1,0,3,3,0,2,3,3,0,3,0,0
2018-19,33,Tamilnadu,3326,VIRUDHUNAGAR,332603,KARIYAPATTI,1,PS (I-V) ,4,Government Aided,Urban,3,Co-educational,2,2,2,0,2,2,2,1,2,2,2,2,2,2,1,1,0,0,0,2,0,2,2,0,2,2,2,0,2,0,0
2018-19,33,Tamilnadu,3326,VIRUDHUNAGAR,332603,KARIYAPATTI,1,PS (I-V) ,5,Private Unaided (Recognized),Urban,3,Co-educational,3,3,1,3,2,2,3,3,3,3,3,3,3,3,3,1,0,1,0,1,1,3,1,1,3,3,1,0,3,1,1
2018-19,33,Tamilnadu,3326,VIRUDHUNAGAR,332603,KARIYAPATTI,6, SS (I-X) ,5,Private Unaided (Recognized),Rural,3,Co-educational,1,1,1,0,1,1,1,1,1,1,1,1,1,1,1,1,0,1,0,0,0,1,1,0,1,1,0,0,1,1,0
2018-19,33,Tamilnadu,3326,VIRUDHUNAGAR,332603,KARIYAPATTI,6, SS (I-X) ,5,Private Unaided (Recognized),Urban,3,Co-educational,1,1,0,0,1,1,1,1,1,1,1,1,1,1,1,1,0,1,0,0,0,1,0,0,1,1,0,0,1,1,0
2018-19,33,Tamilnadu,3326,VIRUDHUNAGAR,332603,KARIYAPATTI,7,SS (VI-X),1,Department of Education,Rural,3,Co-educational,13,13,11,5,13,13,13,12,13,13,12,12,12,12,13,11,3,2,1,7,0,13,11,2,10,12,11,0,13,5,1
2018-19,33,Tamilnadu,3326,VIRUDHUNAGAR,332603,KARIYAPATTI,7,SS (VI-X),4,Government Aided,Urban,3,Co-educational,1,1,1,1,1,1,1,1,1,1,1,1,1,1,1,1,1,1,0,0,0,1,1,0,1,1,1,0,1,1,0
2018-19,33,Tamilnadu,3326,VIRUDHUNAGAR,332603,KARIYAPATTI,2,UPS (I-VIII) ,1,Department of Education,Rural,3,Co-educational,25,25,25,24,25,25,25,25,25,25,25,25,25,25,21,7,2,0,3,13,0,25,25,0,23,24,24,0,25,6,0
2018-19,33,Tamilnadu,3326,VIRUDHUNAGAR,332603,KARIYAPATTI,2,UPS (I-VIII) ,1,Department of Education,Urban,3,Co-educational,2,2,2,2,2,2,2,2,2,2,2,2,2,2,2,2,0,0,0,0,0,2,2,0,1,2,2,0,2,1,0
2018-19,33,Tamilnadu,3326,VIRUDHUNAGAR,332604,THIRUCHULI,5, HSS (VI-XII),1,Department of Education,Rural,3,Co-educational,7,7,7,6,6,6,7,6,7,7,7,7,6,7,7,4,3,5,0,5,0,7,7,1,6,7,6,0,7,2,1
2018-19,33,Tamilnadu,3326,VIRUDHUNAGAR,332604,THIRUCHULI,5, HSS (VI-XII),4,Government Aided,Rural,3,Co-educational,2,2,2,2,2,2,2,2,2,2,2,2,2,2,2,2,1,2,0,1,0,2,2,0,2,2,0,0,2,2,0
2018-19,33,Tamilnadu,3326,VIRUDHUNAGAR,332604,THIRUCHULI,1,PS (I-V) ,1,Department of Education,Rural,3,Co-educational,65,65,28,14,58,62,65,59,63,64,62,62,57,62,57,8,2,0,1,8,0,65,62,3,64,63,51,0,65,26,0
2018-19,33,Tamilnadu,3326,VIRUDHUNAGAR,332604,THIRUCHULI,1,PS (I-V) ,4,Government Aided,Rural,3,Co-educational,23,23,10,2,19,23,23,22,23,23,22,22,22,21,19,4,0,0,2,5,0,21,21,0,23,21,12,0,23,6,0
2018-19,33,Tamilnadu,3326,VIRUDHUNAGAR,332604,THIRUCHULI,1,PS (I-V) ,5,Private Unaided (Recognized),Rural,3,Co-educational,5,5,2,3,5,5,5,5,5,5,5,5,5,4,5,4,0,2,0,1,0,5,4,0,5,4,0,1,5,3,0
2018-19,33,Tamilnadu,3326,VIRUDHUNAGAR,332604,THIRUCHULI,1,PS (I-V) ,8,Unrecognized,Rural,3,Co-educational,2,2,1,2,2,2,2,2,2,2,2,2,2,2,1,1,0,1,0,1,0,1,1,0,2,2,0,0,2,1,0
2018-19,33,Tamilnadu,3326,VIRUDHUNAGAR,332604,THIRUCHULI,6, SS (I-X) ,5,Private Unaided (Recognized),Rural,3,Co-educational,2,2,0,1,2,2,2,2,2,2,2,2,2,1,2,1,0,2,0,2,0,2,1,0,2,2,2,0,2,0,0
2018-19,33,Tamilnadu,3326,VIRUDHUNAGAR,332604,THIRUCHULI,7,SS (VI-X),1,Department of Education,Rural,3,Co-educational,12,12,10,3,11,11,12,11,11,11,11,12,11,10,11,8,3,0,1,6,0,10,10,2,11,12,11,0,12,6,1
2018-19,33,Tamilnadu,3326,VIRUDHUNAGAR,332604,THIRUCHULI,7,SS (VI-X),5,Private Unaided (Recognized),Rural,3,Co-educational,1,1,0,1,1,1,1,1,1,1,1,1,1,1,1,1,0,1,0,1,1,1,0,1,1,1,0,0,1,0,0
2018-19,33,Tamilnadu,3326,VIRUDHUNAGAR,332604,THIRUCHULI,2,UPS (I-VIII) ,1,Department of Education,Rural,3,Co-educational,11,11,11,11,11,11,11,10,11,11,11,11,10,9,11,3,7,0,1,3,0,11,11,0,11,11,11,0,11,4,2
2018-19,33,Tamilnadu,3326,VIRUDHUNAGAR,332604,THIRUCHULI,2,UPS (I-VIII) ,4,Government Aided,Rural,3,Co-educational,1,1,1,0,1,1,1,1,1,1,1,1,1,1,1,0,0,0,0,1,0,1,1,0,1,1,1,0,1,0,0
2018-19,33,Tamilnadu,3326,VIRUDHUNAGAR,332604,THIRUCHULI,2,UPS (I-VIII) ,5,Private Unaided (Recognized),Rural,3,Co-educational,1,1,0,1,1,1,1,1,1,1,1,1,1,1,1,1,0,1,0,1,0,1,1,0,1,1,1,0,1,1,0
2018-19,33,Tamilnadu,3326,VIRUDHUNAGAR,332605,NARIKUDI,5, HSS (VI-XII),1,Department of Education,Rural,3,Co-educational,6,6,4,5,5,5,6,6,6,6,5,5,5,4,5,4,4,2,0,2,0,6,4,2,5,4,4,0,6,1,0
2018-19,33,Tamilnadu,3326,VIRUDHUNAGAR,332605,NARIKUDI,5, HSS (VI-XII),1,Department of Education,Urban,3,Co-educational,1,1,1,0,1,1,1,0,1,1,1,1,0,1,1,0,0,0,0,0,0,1,1,0,1,1,0,0,1,0,1
2018-19,33,Tamilnadu,3326,VIRUDHUNAGAR,332605,NARIKUDI,1,PS (I-V) ,1,Department of Education,Rural,3,Co-educational,64,64,15,17,52,58,64,59,63,63,62,63,60,62,46,6,0,0,0,13,0,62,62,25,62,51,42,0,64,12,2
2018-19,33,Tamilnadu,3326,VIRUDHUNAGAR,332605,NARIKUDI,1,PS (I-V) ,4,Government Aided,Rural,3,Co-educational,11,11,4,2,9,10,11,11,10,11,11,11,11,11,8,1,0,0,0,4,0,11,10,0,11,8,6,0,11,0,0
2018-19,33,Tamilnadu,3326,VIRUDHUNAGAR,332605,NARIKUDI,1,PS (I-V) ,5,Private Unaided (Recognized),Rural,3,Co-educational,1,1,0,1,1,1,1,1,1,1,1,1,1,1,1,0,0,0,0,0,0,1,1,0,1,1,0,0,1,1,0
2018-19,33,Tamilnadu,3326,VIRUDHUNAGAR,332605,NARIKUDI,1,PS (I-V) ,8,Unrecognized,Rural,3,Co-educational,2,2,0,2,2,2,2,2,2,2,1,1,1,1,1,2,0,1,0,0,0,2,2,0,2,1,0,0,2,0,0
2018-19,33,Tamilnadu,3326,VIRUDHUNAGAR,332605,NARIKUDI,1,PS (I-V) ,90,Social welfare Department,Rural,3,Co-educational,1,1,1,0,1,1,1,1,1,1,1,1,1,1,0,0,0,0,0,0,0,1,1,0,1,1,0,0,1,0,0
2018-19,33,Tamilnadu,3326,VIRUDHUNAGAR,332605,NARIKUDI,6, SS (I-X) ,5,Private Unaided (Recognized),Rural,3,Co-educational,1,1,1,1,1,1,1,1,1,1,1,1,1,1,1,1,0,1,0,1,0,1,1,0,1,1,0,0,1,0,0
2018-19,33,Tamilnadu,3326,VIRUDHUNAGAR,332605,NARIKUDI,7,SS (VI-X),1,Department of Education,Rural,3,Co-educational,9,9,6,4,8,8,9,8,8,8,8,8,8,7,6,4,5,3,0,7,0,9,6,0,9,8,8,0,9,3,0
2018-19,33,Tamilnadu,3326,VIRUDHUNAGAR,332605,NARIKUDI,2,UPS (I-VIII) ,6,Other Govt. managed schools,Rural,2,Girls,3,3,2,2,3,3,3,0,3,3,2,2,0,2,2,2,3,3,1,0,0,3,2,1,2,1,2,1,3,3,0
2018-19,33,Tamilnadu,3326,VIRUDHUNAGAR,332605,NARIKUDI,2,UPS (I-VIII) ,1,Department of Education,Rural,3,Co-educational,22,22,20,20,19,21,22,19,19,20,20,21,19,20,19,4,4,0,0,9,0,22,21,5,19,18,18,0,22,4,1
2018-19,33,Tamilnadu,3326,VIRUDHUNAGAR,332606,RAJAPALAYAM,3,HSS (I-XII),5,Private Unaided (Recognized),Rural,3,Co-educational,9,9,6,8,9,9,9,9,9,9,9,9,9,8,9,9,4,9,1,5,3,9,8,4,9,9,4,1,9,8,1
2018-19,33,Tamilnadu,3326,VIRUDHUNAGAR,332606,RAJAPALAYAM,5, HSS (VI-XII),1,Department of Education,Rural,1,Boys,1,1,0,1,1,1,1,1,0,1,1,1,1,0,1,1,0,1,0,0,0,1,1,0,1,1,1,0,1,0,0
2018-19,33,Tamilnadu,3326,VIRUDHUNAGAR,332606,RAJAPALAYAM,5, HSS (VI-XII),4,Government Aided,Rural,1,Boys,1,1,1,1,1,1,1,1,0,1,1,1,1,0,1,1,0,1,1,0,0,1,1,0,1,1,0,0,1,1,0
2018-19,33,Tamilnadu,3326,VIRUDHUNAGAR,332606,RAJAPALAYAM,5, HSS (VI-XII),4,Government Aided,Urban,1,Boys,1,1,1,0,1,1,1,1,0,1,1,1,1,0,1,1,0,1,0,0,0,1,1,0,1,1,1,0,1,1,0
2018-19,33,Tamilnadu,3326,VIRUDHUNAGAR,332606,RAJAPALAYAM,5, HSS (VI-XII),1,Department of Education,Rural,2,Girls,2,2,2,2,2,2,2,0,2,2,2,2,0,2,2,1,2,2,0,0,0,2,2,0,1,2,2,0,2,1,0
2018-19,33,Tamilnadu,3326,VIRUDHUNAGAR,332606,RAJAPALAYAM,5, HSS (VI-XII),4,Government Aided,Rural,2,Girls,2,2,2,2,2,2,2,0,2,2,2,2,0,2,2,2,2,2,1,2,0,2,2,1,2,2,2,0,2,1,1
2018-19,33,Tamilnadu,3326,VIRUDHUNAGAR,332606,RAJAPALAYAM,5, HSS (VI-XII),4,Government Aided,Urban,2,Girls,2,2,2,2,2,2,2,0,2,2,2,2,0,2,2,2,1,2,0,1,0,2,2,1,2,2,0,0,2,2,1
2018-19,33,Tamilnadu,3326,VIRUDHUNAGAR,332606,RAJAPALAYAM,5, HSS (VI-XII),1,Department of Education,Rural,3,Co-educational,4,4,4,2,3,3,4,4,4,4,4,4,4,4,4,3,4,3,1,3,0,4,4,1,4,3,4,0,4,1,2
2018-19,33,Tamilnadu,3326,VIRUDHUNAGAR,332606,RAJAPALAYAM,5, HSS (VI-XII),4,Government Aided,Rural,3,Co-educational,6,6,5,6,6,6,6,6,6,6,6,6,6,6,6,5,1,6,0,2,0,6,6,0,6,6,3,0,6,4,0
2018-19,33,Tamilnadu,3326,VIRUDHUNAGAR,332606,RAJAPALAYAM,5, HSS (VI-XII),5,Private Unaided (Recognized),Rural,3,Co-educational,2,2,1,2,1,1,2,2,2,2,2,2,2,1,2,2,1,2,0,2,1,2,2,1,2,2,1,0,2,2,0
2018-19,33,Tamilnadu,3326,VIRUDHUNAGAR,332606,RAJAPALAYAM,5, HSS (VI-XII),90,Social welfare Department,Rural,3,Co-educational,1,1,1,1,1,1,1,1,1,1,1,1,1,1,1,1,0,1,0,0,0,1,1,1,1,1,1,0,1,1,0
2018-19,33,Tamilnadu,3326,VIRUDHUNAGAR,332606,RAJAPALAYAM,5, HSS (VI-XII),1,Department of Education,Urban,3,Co-educational,2,2,1,2,2,2,2,2,1,2,2,2,2,1,2,1,0,1,0,1,0,2,1,0,2,2,2,0,2,1,0
2018-19,33,Tamilnadu,3326,VIRUDHUNAGAR,332606,RAJAPALAYAM,5, HSS (VI-XII),4,Government Aided,Urban,3,Co-educational,3,3,3,3,3,3,3,3,3,3,3,3,3,2,3,3,0,2,0,2,1,3,3,3,3,3,2,0,3,2,1
2018-19,33,Tamilnadu,3326,VIRUDHUNAGAR,332606,RAJAPALAYAM,1,PS (I-V) ,4,Government Aided,Rural,2,Girls,1,1,0,0,1,1,1,0,1,1,1,1,0,1,0,0,0,0,0,1,0,1,1,0,1,1,1,0,1,0,0
2018-19,33,Tamilnadu,3326,VIRUDHUNAGAR,332606,RAJAPALAYAM,1,PS (I-V) ,1,Department of Education,Rural,3,Co-educational,45,45,9,20,45,45,45,43,45,45,43,43,41,42,42,5,1,0,4,6,0,45,42,2,39,42,43,0,45,21,5
2018-19,33,Tamilnadu,3326,VIRUDHUNAGAR,332606,RAJAPALAYAM,1,PS (I-V) ,3,Local body,Rural,3,Co-educational,2,2,0,2,2,2,2,2,2,2,2,2,1,2,2,0,0,0,0,0,0,2,2,0,1,2,1,0,2,1,1
2018-19,33,Tamilnadu,3326,VIRUDHUNAGAR,332606,RAJAPALAYAM,1,PS (I-V) ,4,Government Aided,Rural,3,Co-educational,48,48,14,4,43,46,48,42,46,48,45,45,43,42,36,10,0,3,2,10,0,46,44,3,46,41,19,0,48,9,1
2018-19,33,Tamilnadu,3326,VIRUDHUNAGAR,332606,RAJAPALAYAM,1,PS (I-V) ,5,Private Unaided (Recognized),Rural,3,Co-educational,18,18,5,15,18,18,18,18,18,18,17,17,17,16,15,14,0,12,1,2,0,18,14,0,18,16,3,0,18,12,2
2018-19,33,Tamilnadu,3326,VIRUDHUNAGAR,332606,RAJAPALAYAM,1,PS (I-V) ,8,Unrecognized,Rural,3,Co-educational,2,2,1,2,2,2,2,2,2,2,2,2,2,2,2,1,0,1,0,0,0,2,1,0,2,2,0,0,2,2,0
2018-19,33,Tamilnadu,3326,VIRUDHUNAGAR,332606,RAJAPALAYAM,1,PS (I-V) ,90,Social welfare Department,Rural,3,Co-educational,2,2,0,2,2,2,2,2,2,2,2,2,2,2,2,1,0,0,0,1,0,2,2,0,2,2,2,0,2,2,0
2018-19,33,Tamilnadu,3326,VIRUDHUNAGAR,332606,RAJAPALAYAM,1,PS (I-V) ,1,Department of Education,Urban,3,Co-educational,2,2,2,2,2,2,2,2,2,2,2,2,2,2,2,0,0,0,0,0,0,2,2,1,2,2,2,0,2,1,0
2018-19,33,Tamilnadu,3326,VIRUDHUNAGAR,332606,RAJAPALAYAM,1,PS (I-V) ,4,Government Aided,Urban,3,Co-educational,35,35,14,5,34,35,35,33,34,34,33,33,32,33,30,14,2,2,2,5,0,31,31,4,32,34,13,0,35,18,1
2018-19,33,Tamilnadu,3326,VIRUDHUNAGAR,332606,RAJAPALAYAM,1,PS (I-V) ,5,Private Unaided (Recognized),Urban,3,Co-educational,10,10,3,9,10,10,10,10,10,10,9,9,9,9,10,7,1,9,1,0,0,10,7,2,9,10,3,0,10,8,0
2018-19,33,Tamilnadu,3326,VIRUDHUNAGAR,332606,RAJAPALAYAM,1,PS (I-V) ,8,Unrecognized,Urban,3,Co-educational,2,2,1,2,2,2,2,2,2,2,2,2,2,2,2,1,0,1,0,0,0,2,2,1,2,1,1,0,2,2,1
2018-19,33,Tamilnadu,3326,VIRUDHUNAGAR,332606,RAJAPALAYAM,6, SS (I-X) ,5,Private Unaided (Recognized),Rural,3,Co-educational,5,5,3,5,5,5,5,5,5,5,4,4,4,4,5,5,0,4,0,2,2,5,5,3,5,5,4,0,5,5,0
2018-19,33,Tamilnadu,3326,VIRUDHUNAGAR,332606,RAJAPALAYAM,7,SS (VI-X),5,Private Unaided (Recognized),Urban,2,Girls,1,1,1,1,1,1,1,0,1,1,1,1,0,1,0,0,0,0,0,0,0,1,1,0,1,1,0,0,1,0,0
2018-19,33,Tamilnadu,3326,VIRUDHUNAGAR,332606,RAJAPALAYAM,7,SS (VI-X),1,Department of Education,Rural,3,Co-educational,4,4,4,2,4,4,4,3,4,4,3,3,3,3,4,2,3,2,0,4,0,3,4,1,4,3,4,0,4,3,1
2018-19,33,Tamilnadu,3326,VIRUDHUNAGAR,332606,RAJAPALAYAM,7,SS (VI-X),4,Government Aided,Rural,3,Co-educational,4,4,3,4,4,4,4,4,4,4,4,4,4,4,4,2,0,2,0,1,0,4,3,0,3,2,0,0,4,2,0
2018-19,33,Tamilnadu,3326,VIRUDHUNAGAR,332606,RAJAPALAYAM,7,SS (VI-X),5,Private Unaided (Recognized),Rural,3,Co-educational,1,1,1,1,1,1,1,1,1,1,1,1,1,1,1,0,0,0,0,0,0,0,1,0,1,0,0,0,1,0,0
2018-19,33,Tamilnadu,3326,VIRUDHUNAGAR,332606,RAJAPALAYAM,2,UPS (I-VIII) ,4,Government Aided,Urban,2,Girls,1,1,1,0,1,1,1,0,1,1,1,1,0,1,1,0,0,0,0,0,0,1,1,0,1,1,0,0,1,1,0
2018-19,33,Tamilnadu,3326,VIRUDHUNAGAR,332606,RAJAPALAYAM,2,UPS (I-VIII) ,1,Department of Education,Rural,3,Co-educational,5,5,4,4,5,5,5,5,5,5,5,5,5,5,5,2,2,0,0,1,0,5,5,0,5,5,5,0,5,4,1
2018-19,33,Tamilnadu,3326,VIRUDHUNAGAR,332606,RAJAPALAYAM,2,UPS (I-VIII) ,4,Government Aided,Rural,3,Co-educational,3,3,3,0,2,2,3,3,3,3,3,3,3,3,3,2,0,0,2,1,0,3,3,1,3,3,2,0,3,2,0
2018-19,33,Tamilnadu,3326,VIRUDHUNAGAR,332606,RAJAPALAYAM,2,UPS (I-VIII) ,5,Private Unaided (Recognized),Rural,3,Co-educational,2,2,0,2,0,2,2,2,2,2,1,1,1,1,2,2,0,2,0,1,0,2,1,0,2,2,0,0,2,1,0
2018-19,33,Tamilnadu,3326,VIRUDHUNAGAR,332606,RAJAPALAYAM,2,UPS (I-VIII) ,1,Department of Education,Urban,3,Co-educational,1,1,1,1,1,1,1,1,1,1,1,1,1,1,1,0,0,0,0,0,0,1,1,0,1,1,1,0,1,1,0
2018-19,33,Tamilnadu,3326,VIRUDHUNAGAR,332606,RAJAPALAYAM,2,UPS (I-VIII) ,3,Local body,Urban,3,Co-educational,1,1,1,1,1,1,1,1,1,1,1,1,1,1,1,1,0,0,0,1,0,1,1,0,1,1,1,0,1,1,0
2018-19,33,Tamilnadu,3326,VIRUDHUNAGAR,332606,RAJAPALAYAM,2,UPS (I-VIII) ,4,Government Aided,Urban,3,Co-educational,9,9,6,2,7,8,9,8,8,8,8,9,9,9,7,5,0,0,0,1,0,8,9,0,7,9,3,0,9,3,0
2018-19,33,Tamilnadu,3326,VIRUDHUNAGAR,332606,RAJAPALAYAM,2,UPS (I-VIII) ,5,Private Unaided (Recognized),Urban,3,Co-educational,1,1,0,1,1,1,1,1,1,1,1,1,1,1,1,0,0,0,0,0,0,1,1,0,1,1,0,0,1,0,0
2018-19,33,Tamilnadu,3326,VIRUDHUNAGAR,332606,RAJAPALAYAM,2,UPS (I-VIII) ,8,Unrecognized,Urban,3,Co-educational,1,1,1,0,1,1,1,1,1,1,1,1,1,1,1,1,0,1,0,0,0,1,1,0,1,1,0,0,1,1,0
2018-19,33,Tamilnadu,3326,VIRUDHUNAGAR,332607,SRIVILLIPUTHUR,3,HSS (I-XII),5,Private Unaided (Recognized),Rural,3,Co-educational,5,5,3,5,5,5,5,5,5,5,5,5,5,5,5,5,1,4,1,1,1,5,3,1,5,4,3,1,5,4,1
2018-19,33,Tamilnadu,3326,VIRUDHUNAGAR,332607,SRIVILLIPUTHUR,3,HSS (I-XII),5,Private Unaided (Recognized),Urban,3,Co-educational,1,1,1,1,1,1,1,1,1,1,1,1,1,1,1,1,0,1,1,0,1,1,1,1,1,1,1,0,1,1,1
2018-19,33,Tamilnadu,3326,VIRUDHUNAGAR,332607,SRIVILLIPUTHUR,5, HSS (VI-XII),4,Government Aided,Urban,1,Boys,1,1,1,1,1,1,1,1,0,1,1,1,1,0,1,1,0,1,0,0,0,1,1,1,1,1,1,0,1,1,0
2018-19,33,Tamilnadu,3326,VIRUDHUNAGAR,332607,SRIVILLIPUTHUR,5, HSS (VI-XII),4,Government Aided,Urban,2,Girls,1,1,1,1,1,1,1,0,1,1,1,1,0,1,1,1,0,1,0,0,0,1,1,0,1,1,1,0,1,1,0
2018-19,33,Tamilnadu,3326,VIRUDHUNAGAR,332607,SRIVILLIPUTHUR,5, HSS (VI-XII),1,Department of Education,Rural,3,Co-educational,6,6,6,6,6,6,6,5,6,6,5,5,5,5,6,3,3,4,0,1,0,5,6,1,6,6,6,0,6,1,0
2018-19,33,Tamilnadu,3326,VIRUDHUNAGAR,332607,SRIVILLIPUTHUR,5, HSS (VI-XII),4,Government Aided,Rural,3,Co-educational,1,1,1,1,1,1,1,1,1,1,1,1,1,1,1,1,0,1,0,0,0,1,1,1,1,1,1,0,1,1,0
2018-19,33,Tamilnadu,3326,VIRUDHUNAGAR,332607,SRIVILLIPUTHUR,5, HSS (VI-XII),90,Social welfare Department,Rural,3,Co-educational,1,1,1,1,1,1,1,1,1,1,1,1,1,1,0,1,1,0,0,0,0,1,1,0,0,0,1,0,1,0,0
2018-19,33,Tamilnadu,3326,VIRUDHUNAGAR,332607,SRIVILLIPUTHUR,5, HSS (VI-XII),3,Local body,Urban,3,Co-educational,1,1,1,1,1,1,1,1,1,1,1,1,1,1,1,1,0,1,0,0,0,1,1,0,1,1,1,0,1,0,0
2018-19,33,Tamilnadu,3326,VIRUDHUNAGAR,332607,SRIVILLIPUTHUR,5, HSS (VI-XII),4,Government Aided,Urban,3,Co-educational,6,6,5,6,6,6,6,5,5,6,5,5,4,4,5,4,1,5,0,2,0,6,6,1,6,5,2,1,6,2,0
2018-19,33,Tamilnadu,3326,VIRUDHUNAGAR,332607,SRIVILLIPUTHUR,1,PS (I-V) ,4,Government Aided,Urban,2,Girls,1,1,0,1,1,1,1,0,1,1,1,1,0,1,1,1,0,1,0,1,0,1,1,0,1,1,1,0,1,0,0
2018-19,33,Tamilnadu,3326,VIRUDHUNAGAR,332607,SRIVILLIPUTHUR,1,PS (I-V) ,1,Department of Education,Rural,3,Co-educational,53,53,16,14,50,52,53,50,52,52,49,49,44,48,49,5,0,0,0,7,0,52,47,6,46,50,46,1,52,18,0
2018-19,33,Tamilnadu,3326,VIRUDHUNAGAR,332607,SRIVILLIPUTHUR,1,PS (I-V) ,4,Government Aided,Rural,3,Co-educational,33,33,8,9,30,32,33,32,33,33,33,33,33,32,29,6,0,1,0,2,0,31,31,3,33,32,18,0,33,10,0
2018-19,33,Tamilnadu,3326,VIRUDHUNAGAR,332607,SRIVILLIPUTHUR,1,PS (I-V) ,5,Private Unaided (Recognized),Rural,3,Co-educational,13,13,4,10,13,13,13,13,13,13,8,8,8,7,12,11,0,11,0,1,0,13,8,0,13,13,6,0,13,9,0
2018-19,33,Tamilnadu,3326,VIRUDHUNAGAR,332607,SRIVILLIPUTHUR,1,PS (I-V) ,8,Unrecognized,Rural,3,Co-educational,1,1,0,1,1,1,1,1,1,1,1,1,1,1,1,1,0,1,0,1,0,1,0,0,1,1,1,0,1,1,0
2018-19,33,Tamilnadu,3326,VIRUDHUNAGAR,332607,SRIVILLIPUTHUR,1,PS (I-V) ,90,Social welfare Department,Rural,3,Co-educational,4,4,3,1,4,4,4,4,4,4,4,4,4,4,4,0,0,0,0,0,1,4,4,0,4,3,2,0,4,2,0
2018-19,33,Tamilnadu,3326,VIRUDHUNAGAR,332607,SRIVILLIPUTHUR,1,PS (I-V) ,1,Department of Education,Urban,3,Co-educational,1,1,1,0,1,1,1,0,1,1,1,1,1,1,1,0,0,0,0,0,0,1,1,0,0,1,1,0,1,1,0
2018-19,33,Tamilnadu,3326,VIRUDHUNAGAR,332607,SRIVILLIPUTHUR,1,PS (I-V) ,3,Local body,Urban,3,Co-educational,3,3,2,2,3,3,3,3,3,3,1,1,1,1,3,0,0,0,0,0,0,3,3,0,3,3,2,0,3,2,0
2018-19,33,Tamilnadu,3326,VIRUDHUNAGAR,332607,SRIVILLIPUTHUR,1,PS (I-V) ,4,Government Aided,Urban,3,Co-educational,7,7,3,2,7,7,7,7,7,7,7,7,7,7,6,1,0,0,1,0,0,7,7,2,7,6,3,0,7,1,0
2018-19,33,Tamilnadu,3326,VIRUDHUNAGAR,332607,SRIVILLIPUTHUR,1,PS (I-V) ,5,Private Unaided (Recognized),Urban,3,Co-educational,6,6,2,3,6,6,6,6,6,6,6,6,6,6,6,5,0,4,0,2,0,6,4,0,6,6,2,0,6,3,0
2018-19,33,Tamilnadu,3326,VIRUDHUNAGAR,332607,SRIVILLIPUTHUR,6, SS (I-X) ,5,Private Unaided (Recognized),Rural,3,Co-educational,3,3,2,2,2,3,3,3,3,3,3,3,3,3,3,2,1,3,0,1,0,3,2,0,3,3,3,0,3,3,0
2018-19,33,Tamilnadu,3326,VIRUDHUNAGAR,332607,SRIVILLIPUTHUR,7,SS (VI-X),4,Government Aided,Rural,2,Girls,1,1,1,0,1,1,1,0,1,1,1,1,0,1,1,0,0,0,0,1,0,1,1,1,1,1,0,0,1,1,0
2018-19,33,Tamilnadu,3326,VIRUDHUNAGAR,332607,SRIVILLIPUTHUR,7,SS (VI-X),1,Department of Education,Rural,3,Co-educational,4,4,3,1,3,3,4,4,4,4,4,4,4,4,4,3,3,1,0,2,0,3,3,0,4,3,3,0,4,3,0
2018-19,33,Tamilnadu,3326,VIRUDHUNAGAR,332607,SRIVILLIPUTHUR,7,SS (VI-X),4,Government Aided,Rural,3,Co-educational,2,2,1,1,2,2,2,2,2,2,2,2,2,2,2,1,0,2,0,1,0,2,1,1,2,2,1,0,2,1,0
2018-19,33,Tamilnadu,3326,VIRUDHUNAGAR,332607,SRIVILLIPUTHUR,7,SS (VI-X),5,Private Unaided (Recognized),Rural,3,Co-educational,1,1,1,1,1,1,1,1,1,1,1,1,1,1,1,0,0,1,0,0,0,1,1,0,1,1,0,0,1,0,0
2018-19,33,Tamilnadu,3326,VIRUDHUNAGAR,332607,SRIVILLIPUTHUR,7,SS (VI-X),90,Social welfare Department,Rural,3,Co-educational,1,1,1,1,1,1,1,1,1,1,1,1,1,1,1,0,1,1,0,0,0,1,1,0,0,1,1,0,1,0,0
2018-19,33,Tamilnadu,3326,VIRUDHUNAGAR,332607,SRIVILLIPUTHUR,7,SS (VI-X),4,Government Aided,Urban,3,Co-educational,1,1,1,0,1,1,1,0,1,1,1,1,0,1,1,1,0,1,0,0,0,1,1,0,1,1,0,0,1,0,0
2018-19,33,Tamilnadu,3326,VIRUDHUNAGAR,332607,SRIVILLIPUTHUR,2,UPS (I-VIII) ,6,Other Govt. managed schools,Rural,1,Boys,1,1,0,1,1,1,1,1,0,1,1,1,1,0,1,0,0,0,0,0,0,1,1,1,1,1,0,0,1,0,1
2018-19,33,Tamilnadu,3326,VIRUDHUNAGAR,332607,SRIVILLIPUTHUR,2,UPS (I-VIII) ,1,Department of Education,Rural,3,Co-educational,12,12,12,12,9,10,12,12,12,12,10,10,10,10,11,3,5,0,1,4,0,12,12,2,8,12,11,0,12,4,1
2018-19,33,Tamilnadu,3326,VIRUDHUNAGAR,332607,SRIVILLIPUTHUR,2,UPS (I-VIII) ,4,Government Aided,Rural,3,Co-educational,3,3,1,1,3,3,3,3,3,3,3,3,3,3,2,2,0,0,0,2,0,3,1,0,3,3,3,0,3,0,0
2018-19,33,Tamilnadu,3326,VIRUDHUNAGAR,332607,SRIVILLIPUTHUR,2,UPS (I-VIII) ,5,Private Unaided (Recognized),Rural,3,Co-educational,4,4,2,3,3,4,4,4,4,4,4,4,4,2,3,2,0,3,0,1,0,4,2,0,4,4,1,0,4,2,0
2018-19,33,Tamilnadu,3326,VIRUDHUNAGAR,332607,SRIVILLIPUTHUR,2,UPS (I-VIII) ,1,Department of Education,Urban,3,Co-educational,1,1,1,1,1,1,1,1,1,1,1,1,1,1,1,1,0,0,0,0,0,1,1,0,1,1,1,0,1,1,0
2018-19,33,Tamilnadu,3326,VIRUDHUNAGAR,332607,SRIVILLIPUTHUR,2,UPS (I-VIII) ,3,Local body,Urban,3,Co-educational,5,5,5,5,5,5,5,5,5,5,5,5,5,5,5,3,0,0,1,1,0,5,5,3,5,4,5,0,5,3,0
2018-19,33,Tamilnadu,3326,VIRUDHUNAGAR,332607,SRIVILLIPUTHUR,2,UPS (I-VIII) ,5,Private Unaided (Recognized),Urban,3,Co-educational,1,1,0,1,1,1,1,1,1,1,1,1,1,1,1,1,0,0,0,0,0,1,0,0,0,1,0,0,1,0,0
2018-19,33,Tamilnadu,3326,VIRUDHUNAGAR,332608,WATRAP,3,HSS (I-XII),5,Private Unaided (Recognized),Rural,3,Co-educational,1,1,1,1,1,1,1,1,1,1,1,1,1,1,1,1,1,1,0,1,0,1,1,0,1,1,1,0,1,1,0
2018-19,33,Tamilnadu,3326,VIRUDHUNAGAR,332608,WATRAP,3,HSS (I-XII),5,Private Unaided (Recognized),Urban,3,Co-educational,1,1,1,1,1,1,1,1,1,1,1,1,1,1,1,1,1,1,0,0,0,1,1,0,1,1,0,0,1,1,0
2018-19,33,Tamilnadu,3326,VIRUDHUNAGAR,332608,WATRAP,5, HSS (VI-XII),1,Department of Education,Urban,2,Girls,1,1,0,1,1,1,1,0,1,1,1,1,0,1,0,1,1,0,0,1,0,1,0,0,1,1,1,0,1,0,0
2018-19,33,Tamilnadu,3326,VIRUDHUNAGAR,332608,WATRAP,5, HSS (VI-XII),1,Department of Education,Rural,3,Co-educational,4,4,4,2,4,4,4,4,4,4,4,4,4,4,4,3,3,1,2,3,0,4,4,1,4,4,4,0,4,2,2
2018-19,33,Tamilnadu,3326,VIRUDHUNAGAR,332608,WATRAP,5, HSS (VI-XII),4,Government Aided,Rural,3,Co-educational,1,1,1,0,1,1,1,1,1,1,0,0,0,0,1,1,0,1,0,0,0,1,1,0,1,1,1,0,1,0,0
2018-19,33,Tamilnadu,3326,VIRUDHUNAGAR,332608,WATRAP,5, HSS (VI-XII),1,Department of Education,Urban,3,Co-educational,2,2,1,2,2,2,2,2,2,2,2,2,2,2,2,1,2,1,0,1,0,2,1,0,2,2,2,0,2,0,0
2018-19,33,Tamilnadu,3326,VIRUDHUNAGAR,332608,WATRAP,5, HSS (VI-XII),4,Government Aided,Urban,3,Co-educational,2,2,1,2,1,1,2,2,2,2,2,2,2,2,2,1,0,2,0,0,1,2,1,1,2,2,2,0,2,1,0
2018-19,33,Tamilnadu,3326,VIRUDHUNAGAR,332608,WATRAP,1,PS (I-V) ,1,Department of Education,Rural,3,Co-educational,27,27,21,11,27,27,27,26,27,27,27,27,26,27,26,3,0,0,3,11,0,27,26,2,25,27,27,0,27,9,2
2018-19,33,Tamilnadu,3326,VIRUDHUNAGAR,332608,WATRAP,1,PS (I-V) ,4,Government Aided,Rural,3,Co-educational,18,18,15,2,17,18,18,17,18,18,18,18,16,18,16,4,0,0,2,6,0,15,17,4,17,17,12,0,18,4,1
2018-19,33,Tamilnadu,3326,VIRUDHUNAGAR,332608,WATRAP,1,PS (I-V) ,5,Private Unaided (Recognized),Rural,3,Co-educational,7,7,4,5,6,6,7,7,7,7,7,7,7,7,7,3,0,3,0,1,0,6,4,0,7,4,0,0,7,3,0
2018-19,33,Tamilnadu,3326,VIRUDHUNAGAR,332608,WATRAP,1,PS (I-V) ,90,Social welfare Department,Rural,3,Co-educational,1,1,1,0,1,1,1,1,1,1,1,1,1,1,1,0,0,0,0,0,0,1,1,0,1,1,1,0,1,0,0
2018-19,33,Tamilnadu,3326,VIRUDHUNAGAR,332608,WATRAP,1,PS (I-V) ,1,Department of Education,Urban,3,Co-educational,3,3,3,2,2,2,3,3,3,3,3,3,3,3,3,0,0,0,0,0,0,3,3,2,3,3,3,0,3,0,0
2018-19,33,Tamilnadu,3326,VIRUDHUNAGAR,332608,WATRAP,1,PS (I-V) ,4,Government Aided,Urban,3,Co-educational,6,6,6,0,6,6,6,6,6,6,4,4,4,4,5,0,0,0,0,3,0,6,6,1,6,5,1,0,6,1,0
2018-19,33,Tamilnadu,3326,VIRUDHUNAGAR,332608,WATRAP,1,PS (I-V) ,5,Private Unaided (Recognized),Urban,3,Co-educational,1,1,1,1,1,1,1,1,1,1,1,1,1,1,1,1,0,1,0,0,0,1,1,0,1,1,0,0,1,0,0
2018-19,33,Tamilnadu,3326,VIRUDHUNAGAR,332608,WATRAP,7,SS (VI-X),4,Government Aided,Urban,2,Girls,1,1,1,1,1,1,1,0,1,1,1,1,0,1,1,1,0,1,0,0,0,1,1,1,1,1,1,0,1,0,0
2018-19,33,Tamilnadu,3326,VIRUDHUNAGAR,332608,WATRAP,7,SS (VI-X),1,Department of Education,Rural,3,Co-educational,4,4,3,1,4,4,4,4,4,4,4,4,4,4,4,1,3,0,0,1,0,4,3,0,3,4,4,0,4,2,0
2018-19,33,Tamilnadu,3326,VIRUDHUNAGAR,332608,WATRAP,7,SS (VI-X),4,Government Aided,Rural,3,Co-educational,1,1,0,1,1,1,1,1,1,1,1,1,1,1,1,0,0,0,0,0,0,1,0,0,1,1,1,0,1,0,0
2018-19,33,Tamilnadu,3326,VIRUDHUNAGAR,332608,WATRAP,7,SS (VI-X),4,Government Aided,Urban,3,Co-educational,1,1,1,1,1,1,1,1,1,1,1,1,1,1,1,1,0,0,0,0,0,1,1,0,1,1,1,0,1,0,0
2018-19,33,Tamilnadu,3326,VIRUDHUNAGAR,332608,WATRAP,2,UPS (I-VIII) ,1,Department of Education,Rural,3,Co-educational,7,7,7,7,6,6,7,7,7,7,7,7,6,7,7,4,2,0,0,5,0,6,7,3,7,7,7,0,7,1,0
2018-19,33,Tamilnadu,3326,VIRUDHUNAGAR,332608,WATRAP,2,UPS (I-VIII) ,4,Government Aided,Rural,3,Co-educational,3,3,2,2,3,3,3,3,3,3,3,3,3,3,3,1,0,0,1,1,0,3,2,0,3,3,3,0,3,1,0
2018-19,33,Tamilnadu,3326,VIRUDHUNAGAR,332608,WATRAP,2,UPS (I-VIII) ,5,Private Unaided (Recognized),Rural,3,Co-educational,2,2,1,2,1,2,2,2,2,2,2,2,2,2,2,0,0,1,0,1,0,2,1,0,2,2,0,0,2,1,0
2018-19,33,Tamilnadu,3326,VIRUDHUNAGAR,332608,WATRAP,2,UPS (I-VIII) ,90,Social welfare Department,Rural,3,Co-educational,1,1,1,1,1,1,1,1,1,1,1,1,1,1,1,1,0,0,0,0,0,1,1,0,1,1,1,0,1,0,0
2018-19,33,Tamilnadu,3326,VIRUDHUNAGAR,332608,WATRAP,2,UPS (I-VIII) ,90,Social welfare Department,Urban,3,Co-educational,1,1,1,1,1,1,1,1,1,1,1,1,1,1,1,1,0,0,0,0,0,1,1,0,1,1,1,0,1,1,0
2018-19,33,Tamilnadu,3326,VIRUDHUNAGAR,332609,SIVAKASI,3,HSS (I-XII),5,Private Unaided (Recognized),Rural,2,Girls,1,1,1,1,0,0,1,0,1,1,1,1,0,1,1,1,0,1,0,0,0,1,1,0,1,1,1,0,1,1,0
2018-19,33,Tamilnadu,3326,VIRUDHUNAGAR,332609,SIVAKASI,3,HSS (I-XII),5,Private Unaided (Recognized),Rural,3,Co-educational,10,10,8,7,9,10,10,10,10,10,10,10,10,8,10,9,5,10,1,4,2,10,8,3,10,10,4,0,10,8,2
2018-19,33,Tamilnadu,3326,VIRUDHUNAGAR,332609,SIVAKASI,3,HSS (I-XII),5,Private Unaided (Recognized),Urban,3,Co-educational,10,10,5,10,9,9,10,10,10,10,10,10,10,9,9,9,2,10,1,2,4,10,8,5,10,9,5,1,10,6,2
2018-19,33,Tamilnadu,3326,VIRUDHUNAGAR,332609,SIVAKASI,5, HSS (VI-XII),1,Department of Education,Urban,1,Boys,1,1,1,1,1,1,1,1,0,1,1,1,1,0,1,1,0,1,0,1,0,1,1,0,1,1,1,0,1,0,0
2018-19,33,Tamilnadu,3326,VIRUDHUNAGAR,332609,SIVAKASI,5, HSS (VI-XII),4,Government Aided,Urban,1,Boys,1,1,1,1,1,1,1,1,0,1,1,1,1,0,1,0,0,1,0,0,0,1,1,0,1,1,0,0,1,1,0
2018-19,33,Tamilnadu,3326,VIRUDHUNAGAR,332609,SIVAKASI,5, HSS (VI-XII),4,Government Aided,Rural,2,Girls,1,1,0,1,1,1,1,0,1,1,0,0,0,0,1,1,0,1,0,0,0,1,0,0,1,1,1,0,1,1,0
2018-19,33,Tamilnadu,3326,VIRUDHUNAGAR,332609,SIVAKASI,5, HSS (VI-XII),1,Department of Education,Urban,2,Girls,1,1,1,1,1,1,1,0,1,1,1,1,0,1,1,1,0,1,0,0,0,1,1,0,1,1,1,0,1,0,0
2018-19,33,Tamilnadu,3326,VIRUDHUNAGAR,332609,SIVAKASI,5, HSS (VI-XII),4,Government Aided,Urban,2,Girls,2,2,2,2,2,2,2,0,2,2,2,2,0,2,2,1,2,2,0,0,0,2,2,2,2,2,2,0,2,2,1
2018-19,33,Tamilnadu,3326,VIRUDHUNAGAR,332609,SIVAKASI,5, HSS (VI-XII),1,Department of Education,Rural,3,Co-educational,9,9,9,6,8,8,9,9,9,9,9,9,9,9,9,6,8,7,0,3,0,9,9,1,8,9,9,0,9,5,1
2018-19,33,Tamilnadu,3326,VIRUDHUNAGAR,332609,SIVAKASI,5, HSS (VI-XII),4,Government Aided,Rural,3,Co-educational,4,4,2,3,4,4,4,3,4,4,4,4,3,4,4,4,1,4,1,3,1,4,3,3,4,4,4,1,4,3,3
2018-19,33,Tamilnadu,3326,VIRUDHUNAGAR,332609,SIVAKASI,5, HSS (VI-XII),5,Private Unaided (Recognized),Rural,3,Co-educational,1,1,1,1,1,1,1,1,1,1,1,1,1,1,1,1,1,1,0,1,0,1,1,0,1,1,1,0,1,0,0
2018-19,33,Tamilnadu,3326,VIRUDHUNAGAR,332609,SIVAKASI,5, HSS (VI-XII),3,Local body,Urban,3,Co-educational,2,2,1,2,2,2,2,2,1,2,2,2,2,1,2,2,0,2,0,1,0,2,1,1,2,2,2,0,2,2,0
2018-19,33,Tamilnadu,3326,VIRUDHUNAGAR,332609,SIVAKASI,5, HSS (VI-XII),4,Government Aided,Urban,3,Co-educational,5,5,5,4,5,5,5,5,5,5,4,4,4,4,5,2,1,5,1,0,0,5,5,0,5,5,5,0,5,4,1
2018-19,33,Tamilnadu,3326,VIRUDHUNAGAR,332609,SIVAKASI,1,PS (I-V) ,5,Private Unaided (Recognized),Urban,2,Girls,1,1,0,1,1,1,1,0,1,1,1,1,0,1,1,0,1,1,0,0,0,1,1,0,1,1,0,0,1,0,0
2018-19,33,Tamilnadu,3326,VIRUDHUNAGAR,332609,SIVAKASI,1,PS (I-V) ,1,Department of Education,Rural,3,Co-educational,66,66,33,29,58,62,66,63,66,66,58,58,52,57,64,6,1,0,2,10,0,66,62,4,56,58,57,0,66,29,3
2018-19,33,Tamilnadu,3326,VIRUDHUNAGAR,332609,SIVAKASI,1,PS (I-V) ,4,Government Aided,Rural,3,Co-educational,14,14,6,2,10,11,14,14,14,14,14,14,13,14,12,5,0,1,1,6,0,14,14,2,14,12,9,1,14,2,0
2018-19,33,Tamilnadu,3326,VIRUDHUNAGAR,332609,SIVAKASI,1,PS (I-V) ,5,Private Unaided (Recognized),Rural,3,Co-educational,5,5,2,5,5,5,5,5,5,5,5,5,5,5,5,3,0,4,0,2,0,5,5,0,5,5,1,0,5,0,0
2018-19,33,Tamilnadu,3326,VIRUDHUNAGAR,332609,SIVAKASI,1,PS (I-V) ,8,Unrecognized,Rural,3,Co-educational,2,2,0,2,2,2,2,2,2,2,2,2,2,2,2,0,0,1,0,0,0,2,0,0,2,2,0,0,2,1,0
2018-19,33,Tamilnadu,3326,VIRUDHUNAGAR,332609,SIVAKASI,1,PS (I-V) ,90,Social welfare Department,Rural,3,Co-educational,2,2,1,0,2,2,2,2,2,2,2,2,2,2,2,0,0,0,0,1,0,2,2,0,2,1,2,0,2,1,0
2018-19,33,Tamilnadu,3326,VIRUDHUNAGAR,332609,SIVAKASI,1,PS (I-V) ,1,Department of Education,Urban,3,Co-educational,3,3,2,1,2,2,3,2,2,2,2,2,2,2,2,1,0,0,0,0,0,3,2,0,2,2,2,0,3,2,0
2018-19,33,Tamilnadu,3326,VIRUDHUNAGAR,332609,SIVAKASI,1,PS (I-V) ,3,Local body,Urban,3,Co-educational,3,3,3,1,3,3,3,3,3,3,2,2,2,2,3,2,0,0,0,0,0,3,3,1,3,2,3,1,3,1,0
2018-19,33,Tamilnadu,3326,VIRUDHUNAGAR,332609,SIVAKASI,1,PS (I-V) ,4,Government Aided,Urban,3,Co-educational,10,10,7,6,9,10,10,10,10,10,10,10,10,10,10,2,0,1,0,1,0,10,9,1,10,8,4,0,10,4,0
2018-19,33,Tamilnadu,3326,VIRUDHUNAGAR,332609,SIVAKASI,1,PS (I-V) ,5,Private Unaided (Recognized),Urban,3,Co-educational,4,4,2,4,4,4,4,4,4,4,4,4,4,4,4,1,1,3,0,1,0,4,2,0,4,4,0,0,4,1,0
2018-19,33,Tamilnadu,3326,VIRUDHUNAGAR,332609,SIVAKASI,1,PS (I-V) ,8,Unrecognized,Urban,3,Co-educational,1,1,1,1,1,1,1,1,1,1,1,1,1,1,1,0,0,1,0,0,0,1,1,0,0,1,0,0,1,1,0
2018-19,33,Tamilnadu,3326,VIRUDHUNAGAR,332609,SIVAKASI,6, SS (I-X) ,5,Private Unaided (Recognized),Rural,3,Co-educational,6,6,4,5,6,6,6,6,6,6,4,4,4,4,5,6,2,6,0,1,0,6,5,0,6,4,2,0,6,3,0
2018-19,33,Tamilnadu,3326,VIRUDHUNAGAR,332609,SIVAKASI,6, SS (I-X) ,6,Other Govt. managed schools,Rural,3,Co-educational,2,2,2,2,2,2,2,2,2,2,2,2,2,2,2,1,0,1,1,2,1,1,2,1,2,2,2,0,2,2,1
2018-19,33,Tamilnadu,3326,VIRUDHUNAGAR,332609,SIVAKASI,6, SS (I-X) ,5,Private Unaided (Recognized),Urban,3,Co-educational,4,4,2,2,4,4,4,4,4,4,4,4,4,4,3,4,2,3,0,3,0,4,3,0,4,4,1,0,4,3,2
2018-19,33,Tamilnadu,3326,VIRUDHUNAGAR,332609,SIVAKASI,7,SS (VI-X),1,Department of Education,Rural,3,Co-educational,11,11,9,8,9,10,11,11,11,11,10,10,9,10,11,8,3,2,0,2,0,11,10,1,9,10,6,0,11,7,0
2018-19,33,Tamilnadu,3326,VIRUDHUNAGAR,332609,SIVAKASI,7,SS (VI-X),4,Government Aided,Rural,3,Co-educational,1,1,1,1,1,1,1,1,1,1,1,1,1,1,1,0,0,0,0,1,0,1,1,0,1,1,0,0,1,1,0
2018-19,33,Tamilnadu,3326,VIRUDHUNAGAR,332609,SIVAKASI,7,SS (VI-X),1,Department of Education,Urban,3,Co-educational,1,1,1,1,1,1,1,1,1,1,1,1,1,1,1,0,0,0,0,0,0,1,1,1,0,0,1,0,1,0,0
2018-19,33,Tamilnadu,3326,VIRUDHUNAGAR,332609,SIVAKASI,2,UPS (I-VIII) ,1,Department of Education,Rural,3,Co-educational,14,14,13,14,14,14,14,14,14,14,13,13,13,13,14,6,1,1,4,1,0,14,13,0,12,14,12,0,14,9,0
2018-19,33,Tamilnadu,3326,VIRUDHUNAGAR,332609,SIVAKASI,2,UPS (I-VIII) ,4,Government Aided,Rural,3,Co-educational,3,3,3,2,3,3,3,3,3,3,3,3,3,3,3,2,0,1,1,1,0,3,3,0,3,2,3,0,3,0,0
2018-19,33,Tamilnadu,3326,VIRUDHUNAGAR,332609,SIVAKASI,2,UPS (I-VIII) ,5,Private Unaided (Recognized),Rural,3,Co-educational,1,1,0,1,1,1,1,1,1,1,1,1,1,1,1,1,0,1,0,1,0,1,0,0,1,1,1,0,1,0,0
2018-19,33,Tamilnadu,3326,VIRUDHUNAGAR,332609,SIVAKASI,2,UPS (I-VIII) ,4,Government Aided,Urban,3,Co-educational,2,2,1,1,2,2,2,1,2,2,2,2,1,2,2,2,2,1,0,0,0,2,2,2,2,1,2,0,2,1,2
2018-19,33,Tamilnadu,3326,VIRUDHUNAGAR,332610,VEMBAKOTTAI,3,HSS (I-XII),5,Private Unaided (Recognized),Rural,3,Co-educational,2,2,1,2,2,2,2,2,2,2,2,2,2,2,2,2,0,2,0,0,0,2,1,0,2,1,1,0,2,2,0
2018-19,33,Tamilnadu,3326,VIRUDHUNAGAR,332610,VEMBAKOTTAI,5, HSS (VI-XII),1,Department of Education,Rural,3,Co-educational,8,8,7,7,8,8,8,8,8,8,8,8,8,8,8,4,6,7,0,4,0,8,7,3,8,8,5,0,8,4,1
2018-19,33,Tamilnadu,3326,VIRUDHUNAGAR,332610,VEMBAKOTTAI,5, HSS (VI-XII),4,Government Aided,Rural,3,Co-educational,1,1,1,1,1,1,1,1,1,1,1,1,1,1,1,1,0,1,0,0,0,1,1,0,1,1,1,0,1,1,0
2018-19,33,Tamilnadu,3326,VIRUDHUNAGAR,332610,VEMBAKOTTAI,1,PS (I-V) ,1,Department of Education,Rural,3,Co-educational,56,56,32,19,52,54,56,51,55,55,55,55,53,55,50,7,1,0,1,11,0,55,52,12,49,52,45,0,56,21,1
2018-19,33,Tamilnadu,3326,VIRUDHUNAGAR,332610,VEMBAKOTTAI,1,PS (I-V) ,4,Government Aided,Rural,3,Co-educational,35,35,12,2,31,31,35,33,34,35,33,33,32,30,24,2,0,0,0,5,0,33,31,1,33,28,12,0,35,2,0
2018-19,33,Tamilnadu,3326,VIRUDHUNAGAR,332610,VEMBAKOTTAI,1,PS (I-V) ,5,Private Unaided (Recognized),Rural,3,Co-educational,4,4,2,4,2,2,4,4,4,4,4,4,4,4,4,2,0,3,0,2,0,4,3,0,4,4,1,0,4,1,0
2018-19,33,Tamilnadu,3326,VIRUDHUNAGAR,332610,VEMBAKOTTAI,7,SS (VI-X),4,Government Aided,Rural,2,Girls,1,1,1,0,1,1,1,0,0,0,0,0,0,0,1,0,0,1,0,1,0,1,1,0,1,1,1,0,1,1,1
2018-19,33,Tamilnadu,3326,VIRUDHUNAGAR,332610,VEMBAKOTTAI,7,SS (VI-X),1,Department of Education,Rural,3,Co-educational,8,8,8,2,7,8,8,8,8,8,8,8,8,8,8,7,3,1,0,3,0,7,8,1,4,8,8,0,8,1,1
2018-19,33,Tamilnadu,3326,VIRUDHUNAGAR,332610,VEMBAKOTTAI,7,SS (VI-X),4,Government Aided,Rural,3,Co-educational,2,2,2,2,2,2,2,2,2,2,2,2,2,1,2,2,0,0,0,0,0,2,2,0,2,2,1,0,2,1,0
2018-19,33,Tamilnadu,3326,VIRUDHUNAGAR,332610,VEMBAKOTTAI,2,UPS (I-VIII) ,1,Department of Education,Rural,3,Co-educational,14,14,14,14,13,14,14,13,14,14,14,14,12,14,14,3,1,0,0,2,0,14,14,1,8,13,13,0,14,6,1
2018-19,33,Tamilnadu,3326,VIRUDHUNAGAR,332610,VEMBAKOTTAI,2,UPS (I-VIII) ,4,Government Aided,Rural,3,Co-educational,5,5,4,0,4,4,5,4,5,5,5,5,4,5,4,1,0,0,0,0,0,4,4,1,5,5,2,0,5,1,0
2018-19,33,Tamilnadu,3326,VIRUDHUNAGAR,332610,VEMBAKOTTAI,2,UPS (I-VIII) ,5,Private Unaided (Recognized),Rural,3,Co-educational,2,2,1,2,2,2,2,2,2,2,2,2,2,2,2,2,1,1,0,0,0,2,1,0,2,2,2,0,2,2,0
2018-19,33,Tamilnadu,3326,VIRUDHUNAGAR,332611,SATTUR,3,HSS (I-XII),5,Private Unaided (Recognized),Rural,3,Co-educational,3,3,1,3,3,3,3,3,3,3,3,3,3,3,3,3,1,3,0,3,0,3,2,0,3,3,2,0,3,1,0
2018-19,33,Tamilnadu,3326,VIRUDHUNAGAR,332611,SATTUR,3,HSS (I-XII),5,Private Unaided (Recognized),Urban,3,Co-educational,2,2,0,1,2,2,2,2,2,2,2,2,2,2,2,2,0,2,0,0,0,2,1,0,2,2,0,0,2,0,0
2018-19,33,Tamilnadu,3326,VIRUDHUNAGAR,332611,SATTUR,5, HSS (VI-XII),4,Government Aided,Rural,1,Boys,1,1,0,0,1,1,1,1,0,1,1,1,1,0,1,0,0,1,0,0,0,1,0,0,1,1,1,0,1,1,0
2018-19,33,Tamilnadu,3326,VIRUDHUNAGAR,332611,SATTUR,5, HSS (VI-XII),4,Government Aided,Urban,1,Boys,1,1,1,1,1,1,1,1,0,1,1,1,1,0,1,1,0,1,0,0,0,1,1,0,1,0,1,0,1,0,0
2018-19,33,Tamilnadu,3326,VIRUDHUNAGAR,332611,SATTUR,5, HSS (VI-XII),4,Government Aided,Rural,2,Girls,1,1,1,0,1,1,1,0,1,1,1,1,0,1,1,1,0,1,0,0,0,1,1,0,1,1,1,0,1,1,0
2018-19,33,Tamilnadu,3326,VIRUDHUNAGAR,332611,SATTUR,5, HSS (VI-XII),4,Government Aided,Urban,2,Girls,1,1,1,0,1,1,1,0,1,1,0,0,0,0,1,1,0,1,0,0,0,1,1,0,1,1,1,0,1,0,0
2018-19,33,Tamilnadu,3326,VIRUDHUNAGAR,332611,SATTUR,5, HSS (VI-XII),1,Department of Education,Rural,3,Co-educational,8,8,5,4,8,8,8,8,8,8,6,6,6,6,8,6,6,6,0,7,0,8,6,1,8,7,8,0,8,5,0
2018-19,33,Tamilnadu,3326,VIRUDHUNAGAR,332611,SATTUR,5, HSS (VI-XII),3,Local body,Urban,3,Co-educational,1,1,1,1,1,1,1,1,1,1,1,1,1,1,1,1,0,0,0,1,0,1,1,0,0,1,1,0,1,1,0
2018-19,33,Tamilnadu,3326,VIRUDHUNAGAR,332611,SATTUR,5, HSS (VI-XII),4,Government Aided,Urban,3,Co-educational,2,2,2,1,2,2,2,2,2,2,1,1,1,1,2,1,0,2,0,1,0,2,2,0,2,1,0,0,2,1,0
2018-19,33,Tamilnadu,3326,VIRUDHUNAGAR,332611,SATTUR,1,PS (I-V) ,1,Department of Education,Rural,3,Co-educational,63,63,25,17,57,62,63,63,63,63,61,61,59,59,58,4,1,0,0,19,0,62,56,1,54,56,45,0,63,24,2
2018-19,33,Tamilnadu,3326,VIRUDHUNAGAR,332611,SATTUR,1,PS (I-V) ,4,Government Aided,Rural,3,Co-educational,24,24,14,0,22,23,24,24,24,24,22,22,20,22,15,1,0,0,1,7,0,23,23,0,23,21,14,0,24,4,0
2018-19,33,Tamilnadu,3326,VIRUDHUNAGAR,332611,SATTUR,1,PS (I-V) ,5,Private Unaided (Recognized),Rural,3,Co-educational,4,4,1,3,3,4,4,4,4,4,4,4,4,4,4,3,0,3,0,2,0,4,3,0,4,4,0,0,4,2,0
2018-19,33,Tamilnadu,3326,VIRUDHUNAGAR,332611,SATTUR,1,PS (I-V) ,4,Government Aided,Urban,3,Co-educational,3,3,2,0,3,3,3,3,3,3,2,2,2,2,2,2,0,0,1,1,0,3,3,0,3,3,1,0,3,0,1
2018-19,33,Tamilnadu,3326,VIRUDHUNAGAR,332611,SATTUR,1,PS (I-V) ,5,Private Unaided (Recognized),Urban,3,Co-educational,3,3,0,2,3,3,3,3,3,3,3,3,3,3,3,2,0,2,0,2,0,2,2,1,3,3,1,0,3,1,1
2018-19,33,Tamilnadu,3326,VIRUDHUNAGAR,332611,SATTUR,6, SS (I-X) ,5,Private Unaided (Recognized),Rural,3,Co-educational,3,3,2,3,3,3,3,3,3,3,3,3,3,2,3,3,3,2,0,3,0,3,2,0,3,3,3,0,3,3,0
2018-19,33,Tamilnadu,3326,VIRUDHUNAGAR,332611,SATTUR,6, SS (I-X) ,5,Private Unaided (Recognized),Urban,3,Co-educational,2,2,2,2,2,2,2,2,2,2,2,2,2,2,2,2,0,2,0,1,0,2,2,0,2,2,1,0,2,2,0
2018-19,33,Tamilnadu,3326,VIRUDHUNAGAR,332611,SATTUR,7,SS (VI-X),1,Department of Education,Rural,3,Co-educational,11,11,10,3,8,8,11,11,11,11,10,10,10,10,11,8,5,1,1,7,0,10,10,3,11,10,11,0,11,6,1
2018-19,33,Tamilnadu,3326,VIRUDHUNAGAR,332611,SATTUR,2,UPS (I-VIII) ,1,Department of Education,Rural,3,Co-educational,9,9,9,9,9,9,9,9,9,9,8,8,8,8,7,0,2,0,0,1,0,9,9,0,8,8,9,0,9,4,0
2018-19,33,Tamilnadu,3326,VIRUDHUNAGAR,332611,SATTUR,2,UPS (I-VIII) ,4,Government Aided,Rural,3,Co-educational,2,2,2,0,2,2,2,2,2,2,1,1,1,1,1,0,0,0,0,0,0,2,2,1,2,2,1,0,2,1,1
2018-19,33,Tamilnadu,3326,VIRUDHUNAGAR,332611,SATTUR,2,UPS (I-VIII) ,1,Department of Education,Urban,3,Co-educational,1,1,1,1,0,1,1,1,1,1,1,1,1,1,1,1,0,0,0,0,0,1,1,0,0,1,0,0,1,1,0
2018-19,33,Tamilnadu,3326,VIRUDHUNAGAR,332611,SATTUR,2,UPS (I-VIII) ,4,Government Aided,Urban,3,Co-educational,2,2,2,0,2,2,2,2,2,2,0,0,0,0,1,2,0,0,0,0,0,2,2,1,2,1,0,0,2,1,0
