Academic_Year,State_Code,State_Name,District_Code,District_Name,Block_Code,Udise_Block_Name,School_Category_Id,School_Category_Name,School_Management_Id,School_Management_Name,Location,School_Type_Id,School_Type,Total_Number_of_Schools,Building,Complete_Medical_Checkup,Computer_Available,Functional_Drinking_Water,Drinking_Water,Functional_Electricity,Functional_Boy_Toilet,Functional_Girl_Toilet,Functional_Toilet_Facility,Functional_Toilet_and_Urinal,Functional_Urinal,Functional_Urinal_Boy,Functional_Urinal_Girl,Handwash,Separate_Room_for_Headmaster,Incinerator,Internet,Kitchen_Garden,Land_Available,Librarian,Library_or_Reading_Corner_or_Book_Bank,Medical_Checkup,Newspaper,Playground,Rain_Water_Harvesting,Ramps,Solar_Panel,Furniture,Water_Purifier,Water_Tested
2018-19,33,Tamilnadu,3307,VILLUPURAM,330701,MELMALAYANUR,3,HSS (I-XII),5,Private Unaided (Recognized),Rural,3,Co-educational,1,1,1,1,1,1,1,1,1,1,1,1,1,1,1,0,0,1,0,1,0,1,1,0,1,1,0,0,1,1,0
2018-19,33,Tamilnadu,3307,VILLUPURAM,330701,MELMALAYANUR,5, HSS (VI-XII),1,Department of Education,Rural,1,Boys,1,1,1,1,1,1,1,1,0,1,1,1,1,0,1,1,0,1,0,1,0,1,1,1,1,1,1,0,1,1,1
2018-19,33,Tamilnadu,3307,VILLUPURAM,330701,MELMALAYANUR,5, HSS (VI-XII),1,Department of Education,Rural,2,Girls,1,1,1,1,1,1,1,0,1,1,1,1,0,1,1,0,0,1,0,1,0,1,1,0,1,1,1,0,1,0,0
2018-19,33,Tamilnadu,3307,VILLUPURAM,330701,MELMALAYANUR,5, HSS (VI-XII),1,Department of Education,Rural,3,Co-educational,9,9,6,8,9,9,9,9,9,9,9,9,9,9,9,6,6,5,2,5,0,8,6,4,9,8,6,0,9,8,0
2018-19,33,Tamilnadu,3307,VILLUPURAM,330701,MELMALAYANUR,1,PS (I-V) ,1,Department of Education,Rural,1,Boys,1,1,0,1,1,1,1,1,0,1,1,1,1,0,1,1,0,0,0,1,0,1,1,1,1,1,1,0,1,1,0
2018-19,33,Tamilnadu,3307,VILLUPURAM,330701,MELMALAYANUR,1,PS (I-V) ,1,Department of Education,Rural,2,Girls,1,1,1,1,1,1,1,0,1,1,1,1,0,1,1,0,0,0,0,1,0,1,1,0,1,1,0,0,1,1,0
2018-19,33,Tamilnadu,3307,VILLUPURAM,330701,MELMALAYANUR,1,PS (I-V) ,1,Department of Education,Rural,3,Co-educational,80,79,61,76,78,79,80,74,80,80,72,72,66,69,74,7,0,0,5,31,0,71,66,17,71,73,51,0,80,25,22
2018-19,33,Tamilnadu,3307,VILLUPURAM,330701,MELMALAYANUR,1,PS (I-V) ,4,Government Aided,Rural,3,Co-educational,11,11,6,2,9,9,11,8,9,9,9,10,9,9,9,0,0,0,1,4,0,8,6,3,10,7,4,0,11,0,3
2018-19,33,Tamilnadu,3307,VILLUPURAM,330701,MELMALAYANUR,1,PS (I-V) ,5,Private Unaided (Recognized),Rural,3,Co-educational,11,11,7,9,10,10,11,10,10,10,9,10,9,10,9,1,0,1,0,4,0,8,8,1,10,8,1,0,11,4,0
2018-19,33,Tamilnadu,3307,VILLUPURAM,330701,MELMALAYANUR,1,PS (I-V) ,6,Other Govt. managed schools,Rural,3,Co-educational,1,1,0,1,1,1,1,1,1,1,1,1,1,1,1,0,0,0,0,0,0,1,1,0,1,0,1,0,1,1,0
2018-19,33,Tamilnadu,3307,VILLUPURAM,330701,MELMALAYANUR,6, SS (I-X) ,5,Private Unaided (Recognized),Rural,3,Co-educational,3,3,2,1,3,3,3,3,3,3,3,3,3,3,3,2,0,1,0,2,0,3,3,0,3,3,1,0,3,2,0
2018-19,33,Tamilnadu,3307,VILLUPURAM,330701,MELMALAYANUR,7,SS (VI-X),1,Department of Education,Rural,3,Co-educational,7,7,5,2,7,7,7,7,7,7,6,6,6,5,7,6,3,0,0,3,0,7,5,2,7,6,7,0,7,4,1
2018-19,33,Tamilnadu,3307,VILLUPURAM,330701,MELMALAYANUR,7,SS (VI-X),4,Government Aided,Rural,3,Co-educational,2,2,0,1,2,2,2,2,2,2,2,2,2,2,2,1,0,0,0,1,0,2,1,0,2,2,1,0,2,0,0
2018-19,33,Tamilnadu,3307,VILLUPURAM,330701,MELMALAYANUR,7,SS (VI-X),5,Private Unaided (Recognized),Rural,3,Co-educational,1,1,1,1,1,1,1,1,1,1,1,1,1,1,1,0,0,0,0,0,0,1,1,0,1,1,0,0,1,1,0
2018-19,33,Tamilnadu,3307,VILLUPURAM,330701,MELMALAYANUR,2,UPS (I-VIII) ,1,Department of Education,Rural,3,Co-educational,18,18,17,18,17,17,18,17,18,18,17,17,16,17,18,8,3,0,1,8,0,15,17,5,17,17,12,0,18,11,6
2018-19,33,Tamilnadu,3307,VILLUPURAM,330701,MELMALAYANUR,2,UPS (I-VIII) ,4,Government Aided,Rural,3,Co-educational,1,1,1,1,1,1,1,1,1,1,0,0,0,0,1,0,0,0,0,0,0,1,1,0,0,0,1,0,1,0,1
2018-19,33,Tamilnadu,3307,VILLUPURAM,330701,MELMALAYANUR,2,UPS (I-VIII) ,5,Private Unaided (Recognized),Rural,3,Co-educational,2,2,2,2,2,2,2,2,2,2,2,2,2,2,2,2,0,2,0,2,0,2,2,0,2,2,0,0,2,1,0
2018-19,33,Tamilnadu,3307,VILLUPURAM,330702,GINGEE,3,HSS (I-XII),5,Private Unaided (Recognized),Rural,3,Co-educational,3,3,1,3,3,3,3,3,3,3,3,3,3,3,3,3,0,3,0,2,1,3,2,2,3,3,2,0,3,3,1
2018-19,33,Tamilnadu,3307,VILLUPURAM,330702,GINGEE,3,HSS (I-XII),5,Private Unaided (Recognized),Urban,3,Co-educational,6,6,2,5,6,6,6,6,6,6,6,6,6,6,6,3,0,6,0,1,1,6,5,2,6,6,3,1,6,6,1
2018-19,33,Tamilnadu,3307,VILLUPURAM,330702,GINGEE,5, HSS (VI-XII),1,Department of Education,Urban,1,Boys,1,1,1,1,1,1,1,1,0,1,1,1,1,0,1,1,0,1,0,1,0,1,1,0,1,1,1,0,1,1,0
2018-19,33,Tamilnadu,3307,VILLUPURAM,330702,GINGEE,5, HSS (VI-XII),1,Department of Education,Rural,2,Girls,1,1,1,1,1,1,1,0,1,1,1,1,0,1,1,1,1,1,0,1,0,1,1,0,1,1,1,0,1,1,0
2018-19,33,Tamilnadu,3307,VILLUPURAM,330702,GINGEE,5, HSS (VI-XII),1,Department of Education,Rural,3,Co-educational,4,4,4,4,4,4,4,4,4,4,4,4,4,4,4,3,4,3,1,3,0,4,4,1,4,4,3,0,4,4,0
2018-19,33,Tamilnadu,3307,VILLUPURAM,330702,GINGEE,5, HSS (VI-XII),4,Government Aided,Rural,3,Co-educational,2,2,1,1,2,2,2,2,2,2,2,2,2,2,2,2,1,2,0,1,0,2,2,0,2,2,0,0,2,2,0
2018-19,33,Tamilnadu,3307,VILLUPURAM,330702,GINGEE,5, HSS (VI-XII),90,Social welfare Department,Rural,3,Co-educational,1,1,1,1,1,1,1,1,1,1,1,1,1,1,1,0,1,1,0,1,0,1,1,0,1,1,0,0,1,1,0
2018-19,33,Tamilnadu,3307,VILLUPURAM,330702,GINGEE,5, HSS (VI-XII),1,Department of Education,Urban,3,Co-educational,1,1,1,0,1,1,1,1,1,1,1,1,1,1,1,1,1,1,0,1,0,1,1,1,1,1,1,0,1,1,0
2018-19,33,Tamilnadu,3307,VILLUPURAM,330702,GINGEE,1,PS (I-V) ,4,Government Aided,Rural,1,Boys,1,1,0,1,1,1,1,1,0,1,1,1,1,0,1,0,0,0,0,1,0,1,1,0,1,1,1,0,1,0,0
2018-19,33,Tamilnadu,3307,VILLUPURAM,330702,GINGEE,1,PS (I-V) ,1,Department of Education,Urban,1,Boys,1,1,0,1,1,1,1,1,0,1,1,1,1,0,1,1,0,0,0,1,0,1,1,0,1,0,0,0,1,0,0
2018-19,33,Tamilnadu,3307,VILLUPURAM,330702,GINGEE,1,PS (I-V) ,4,Government Aided,Rural,2,Girls,2,2,1,1,2,2,2,0,2,2,2,2,0,2,2,1,0,0,0,2,0,2,2,0,2,1,0,0,2,0,0
2018-19,33,Tamilnadu,3307,VILLUPURAM,330702,GINGEE,1,PS (I-V) ,1,Department of Education,Rural,3,Co-educational,49,49,32,43,49,49,49,49,49,49,47,47,47,47,49,7,0,2,2,21,0,47,43,1,42,43,33,0,49,18,16
2018-19,33,Tamilnadu,3307,VILLUPURAM,330702,GINGEE,1,PS (I-V) ,4,Government Aided,Rural,3,Co-educational,23,23,11,5,22,23,23,19,20,21,21,22,20,22,23,0,0,0,3,10,0,21,19,0,23,19,9,0,23,2,3
2018-19,33,Tamilnadu,3307,VILLUPURAM,330702,GINGEE,1,PS (I-V) ,5,Private Unaided (Recognized),Rural,3,Co-educational,9,9,4,7,7,7,9,9,9,9,9,9,9,9,8,5,1,2,0,7,0,9,5,0,9,9,4,0,9,5,0
2018-19,33,Tamilnadu,3307,VILLUPURAM,330702,GINGEE,1,PS (I-V) ,90,Social welfare Department,Rural,3,Co-educational,3,3,3,3,1,3,3,3,3,3,3,3,3,3,3,1,0,0,0,1,0,3,3,0,3,2,1,0,3,0,2
2018-19,33,Tamilnadu,3307,VILLUPURAM,330702,GINGEE,1,PS (I-V) ,1,Department of Education,Urban,3,Co-educational,5,5,4,5,4,5,5,5,5,5,5,5,5,5,5,0,0,0,0,0,0,3,5,0,2,5,3,0,5,1,2
2018-19,33,Tamilnadu,3307,VILLUPURAM,330702,GINGEE,1,PS (I-V) ,4,Government Aided,Urban,3,Co-educational,2,2,2,0,2,2,2,2,2,2,2,2,2,2,2,0,0,0,0,2,0,2,2,0,2,2,2,0,2,0,0
2018-19,33,Tamilnadu,3307,VILLUPURAM,330702,GINGEE,1,PS (I-V) ,5,Private Unaided (Recognized),Urban,3,Co-educational,4,4,1,3,4,4,4,4,4,4,4,4,4,3,4,3,0,3,0,0,0,3,3,0,4,4,2,0,4,3,0
2018-19,33,Tamilnadu,3307,VILLUPURAM,330702,GINGEE,6, SS (I-X) ,5,Private Unaided (Recognized),Rural,3,Co-educational,3,3,1,3,3,3,3,3,3,3,3,3,3,3,3,3,0,3,0,2,0,3,1,0,3,2,0,0,3,2,0
2018-19,33,Tamilnadu,3307,VILLUPURAM,330702,GINGEE,6, SS (I-X) ,5,Private Unaided (Recognized),Urban,3,Co-educational,1,1,0,1,0,0,1,1,1,1,1,1,1,1,1,1,0,1,0,1,0,1,1,0,1,1,1,0,1,1,0
2018-19,33,Tamilnadu,3307,VILLUPURAM,330702,GINGEE,7,SS (VI-X),1,Department of Education,Rural,3,Co-educational,8,8,8,5,8,8,8,8,8,8,8,8,8,8,7,6,3,3,0,4,0,8,8,1,6,7,8,0,8,6,3
2018-19,33,Tamilnadu,3307,VILLUPURAM,330702,GINGEE,7,SS (VI-X),4,Government Aided,Rural,3,Co-educational,2,2,2,2,2,2,2,2,2,2,2,2,2,2,2,0,1,2,0,1,0,2,2,0,2,2,1,0,2,1,1
2018-19,33,Tamilnadu,3307,VILLUPURAM,330702,GINGEE,7,SS (VI-X),5,Private Unaided (Recognized),Rural,3,Co-educational,1,1,1,1,1,1,1,1,1,1,1,1,1,0,1,0,0,1,0,0,0,1,1,0,1,1,1,0,1,0,0
2018-19,33,Tamilnadu,3307,VILLUPURAM,330702,GINGEE,7,SS (VI-X),1,Department of Education,Urban,3,Co-educational,1,1,1,0,1,1,1,1,1,1,1,1,1,1,1,1,1,0,0,0,0,1,1,0,1,1,1,0,1,1,1
2018-19,33,Tamilnadu,3307,VILLUPURAM,330702,GINGEE,2,UPS (I-VIII) ,1,Department of Education,Urban,2,Girls,1,1,1,1,1,1,1,0,1,1,1,1,0,1,1,1,0,0,0,1,0,1,1,0,1,1,0,0,1,1,0
2018-19,33,Tamilnadu,3307,VILLUPURAM,330702,GINGEE,2,UPS (I-VIII) ,1,Department of Education,Rural,3,Co-educational,19,19,15,19,19,19,19,19,19,19,19,19,19,19,19,6,0,0,1,11,0,19,15,2,17,17,14,0,19,11,8
2018-19,33,Tamilnadu,3307,VILLUPURAM,330702,GINGEE,2,UPS (I-VIII) ,4,Government Aided,Rural,3,Co-educational,3,3,3,3,3,3,3,3,3,3,3,3,3,3,3,0,0,0,2,2,0,3,3,1,3,3,2,0,3,0,1
2018-19,33,Tamilnadu,3307,VILLUPURAM,330702,GINGEE,2,UPS (I-VIII) ,5,Private Unaided (Recognized),Rural,3,Co-educational,2,2,1,2,2,2,2,1,1,1,1,2,1,2,1,0,0,0,0,1,0,2,1,0,1,1,1,0,2,0,0
2018-19,33,Tamilnadu,3307,VILLUPURAM,330703,VALLAM,3,HSS (I-XII),5,Private Unaided (Recognized),Rural,3,Co-educational,1,1,1,0,1,1,1,1,1,1,1,1,1,1,1,1,0,1,0,0,0,1,1,0,1,1,0,0,1,1,0
2018-19,33,Tamilnadu,3307,VILLUPURAM,330703,VALLAM,5, HSS (VI-XII),1,Department of Education,Rural,3,Co-educational,6,6,6,6,6,6,6,5,6,6,6,6,5,6,5,2,6,2,0,4,0,6,6,4,6,6,5,0,6,5,1
2018-19,33,Tamilnadu,3307,VILLUPURAM,330703,VALLAM,5, HSS (VI-XII),4,Government Aided,Rural,3,Co-educational,1,1,1,1,1,1,1,1,1,1,1,1,1,1,1,1,0,1,0,0,0,1,1,0,1,1,1,0,1,1,0
2018-19,33,Tamilnadu,3307,VILLUPURAM,330703,VALLAM,1,PS (I-V) ,1,Department of Education,Rural,3,Co-educational,63,63,28,50,57,62,63,58,61,63,58,58,53,55,51,3,0,0,6,17,0,61,52,6,51,43,42,0,63,10,17
2018-19,33,Tamilnadu,3307,VILLUPURAM,330703,VALLAM,1,PS (I-V) ,4,Government Aided,Rural,3,Co-educational,17,16,8,2,16,16,17,14,15,15,11,11,9,10,9,2,0,0,1,9,0,17,16,0,17,12,8,0,17,1,0
2018-19,33,Tamilnadu,3307,VILLUPURAM,330703,VALLAM,1,PS (I-V) ,5,Private Unaided (Recognized),Rural,3,Co-educational,2,2,1,2,1,1,2,2,2,2,1,1,1,1,2,1,0,1,1,1,0,1,2,0,2,2,1,0,2,0,1
2018-19,33,Tamilnadu,3307,VILLUPURAM,330703,VALLAM,1,PS (I-V) ,90,Social welfare Department,Rural,3,Co-educational,4,4,1,4,4,4,4,4,4,4,4,4,4,4,3,0,0,0,0,2,0,3,4,0,3,2,3,0,4,0,0
2018-19,33,Tamilnadu,3307,VILLUPURAM,330703,VALLAM,6, SS (I-X) ,5,Private Unaided (Recognized),Rural,3,Co-educational,2,2,2,1,2,2,2,2,2,2,2,2,2,2,2,1,0,2,1,1,0,2,2,0,2,2,0,0,2,1,1
2018-19,33,Tamilnadu,3307,VILLUPURAM,330703,VALLAM,7,SS (VI-X),1,Department of Education,Rural,3,Co-educational,7,7,6,4,6,6,7,7,6,7,6,6,6,5,7,6,5,0,0,3,0,7,7,1,6,5,5,0,7,4,1
2018-19,33,Tamilnadu,3307,VILLUPURAM,330703,VALLAM,2,UPS (I-VIII) ,1,Department of Education,Rural,3,Co-educational,15,15,11,15,15,15,15,14,15,15,13,13,13,13,15,7,5,0,0,6,0,15,11,3,15,12,13,0,15,5,1
2018-19,33,Tamilnadu,3307,VILLUPURAM,330703,VALLAM,2,UPS (I-VIII) ,5,Private Unaided (Recognized),Rural,3,Co-educational,2,2,1,2,2,2,2,2,2,2,2,2,2,2,2,2,0,2,0,1,0,2,1,0,2,2,2,0,2,2,0
2018-19,33,Tamilnadu,3307,VILLUPURAM,330703,VALLAM,2,UPS (I-VIII) ,90,Social welfare Department,Rural,3,Co-educational,1,1,1,1,1,1,1,1,1,1,1,1,1,1,0,0,0,0,0,0,0,1,1,0,1,0,1,0,1,0,0
2018-19,33,Tamilnadu,3307,VILLUPURAM,330704,OLAKKUR,3,HSS (I-XII),5,Private Unaided (Recognized),Rural,3,Co-educational,2,2,0,1,2,2,2,2,2,2,2,2,2,2,2,2,1,1,0,0,0,2,0,0,2,2,0,0,2,2,0
2018-19,33,Tamilnadu,3307,VILLUPURAM,330704,OLAKKUR,3,HSS (I-XII),5,Private Unaided (Recognized),Urban,3,Co-educational,5,5,2,4,5,5,5,4,4,4,4,5,5,5,5,4,0,4,0,4,2,5,2,2,5,5,0,0,5,5,2
2018-19,33,Tamilnadu,3307,VILLUPURAM,330704,OLAKKUR,5, HSS (VI-XII),1,Department of Education,Urban,2,Girls,1,1,1,1,1,1,1,0,1,1,1,1,0,1,1,0,1,1,0,1,0,1,1,1,1,1,1,0,1,1,1
2018-19,33,Tamilnadu,3307,VILLUPURAM,330704,OLAKKUR,5, HSS (VI-XII),4,Government Aided,Urban,2,Girls,1,1,1,0,1,1,1,0,1,1,0,0,0,0,1,1,1,1,1,0,0,1,1,0,1,1,0,0,1,1,1
2018-19,33,Tamilnadu,3307,VILLUPURAM,330704,OLAKKUR,5, HSS (VI-XII),1,Department of Education,Rural,3,Co-educational,7,7,7,4,7,7,7,7,7,7,7,7,7,6,7,6,3,6,1,5,0,7,7,4,7,6,7,0,7,5,3
2018-19,33,Tamilnadu,3307,VILLUPURAM,330704,OLAKKUR,5, HSS (VI-XII),4,Government Aided,Rural,3,Co-educational,2,2,2,2,2,2,2,2,2,2,2,2,2,2,2,1,0,1,0,2,0,2,2,1,2,2,1,0,2,1,0
2018-19,33,Tamilnadu,3307,VILLUPURAM,330704,OLAKKUR,5, HSS (VI-XII),3,Local body,Urban,3,Co-educational,1,1,1,1,1,1,1,1,1,1,1,1,1,1,1,1,0,1,0,0,0,1,1,0,0,1,1,1,1,1,0
2018-19,33,Tamilnadu,3307,VILLUPURAM,330704,OLAKKUR,5, HSS (VI-XII),4,Government Aided,Urban,3,Co-educational,3,3,2,3,3,3,3,3,2,3,3,3,3,2,3,3,1,2,0,2,1,3,3,1,3,3,1,0,3,2,1
2018-19,33,Tamilnadu,3307,VILLUPURAM,330704,OLAKKUR,1,PS (I-V) ,5,Private Unaided (Recognized),Rural,1,Boys,1,1,1,1,1,1,1,1,0,1,1,1,1,0,1,1,0,1,0,0,0,1,1,0,1,1,0,0,1,1,0
2018-19,33,Tamilnadu,3307,VILLUPURAM,330704,OLAKKUR,1,PS (I-V) ,1,Department of Education,Rural,3,Co-educational,47,47,27,45,43,43,47,46,47,47,41,41,39,41,45,4,0,2,21,12,0,47,46,19,34,44,36,1,47,27,20
2018-19,33,Tamilnadu,3307,VILLUPURAM,330704,OLAKKUR,1,PS (I-V) ,2,Tribal Welfare Department,Rural,3,Co-educational,1,1,1,1,1,1,1,1,1,1,1,1,1,1,1,0,0,0,0,1,1,1,1,1,1,1,1,1,1,1,1
2018-19,33,Tamilnadu,3307,VILLUPURAM,330704,OLAKKUR,1,PS (I-V) ,3,Local body,Rural,3,Co-educational,1,1,0,1,1,1,1,1,1,1,0,0,0,0,0,0,0,0,0,0,0,1,1,1,0,1,0,0,1,0,0
2018-19,33,Tamilnadu,3307,VILLUPURAM,330704,OLAKKUR,1,PS (I-V) ,4,Government Aided,Rural,3,Co-educational,13,13,11,0,10,12,13,7,8,9,5,6,3,5,12,3,0,0,6,5,0,13,12,1,12,10,7,0,13,5,5
2018-19,33,Tamilnadu,3307,VILLUPURAM,330704,OLAKKUR,1,PS (I-V) ,5,Private Unaided (Recognized),Rural,3,Co-educational,6,6,3,3,6,6,6,6,6,6,6,6,6,5,5,5,0,3,0,1,0,6,4,0,6,6,2,0,6,4,1
2018-19,33,Tamilnadu,3307,VILLUPURAM,330704,OLAKKUR,1,PS (I-V) ,8,Unrecognized,Rural,3,Co-educational,1,1,0,1,0,0,1,0,0,0,0,1,0,1,0,1,0,0,0,0,0,1,0,0,0,0,0,0,1,0,0
2018-19,33,Tamilnadu,3307,VILLUPURAM,330704,OLAKKUR,1,PS (I-V) ,90,Social welfare Department,Rural,3,Co-educational,2,2,1,2,2,2,2,2,2,2,2,2,2,2,2,0,0,0,1,0,0,2,2,1,2,1,1,0,2,0,1
2018-19,33,Tamilnadu,3307,VILLUPURAM,330704,OLAKKUR,1,PS (I-V) ,3,Local body,Urban,3,Co-educational,5,5,4,4,5,5,5,5,5,5,3,3,3,3,4,0,0,0,2,0,0,5,5,4,4,5,0,3,5,5,1
2018-19,33,Tamilnadu,3307,VILLUPURAM,330704,OLAKKUR,1,PS (I-V) ,4,Government Aided,Urban,3,Co-educational,5,5,2,1,5,5,5,5,5,5,4,4,4,4,4,3,0,1,1,1,0,5,3,2,5,5,1,0,5,1,2
2018-19,33,Tamilnadu,3307,VILLUPURAM,330704,OLAKKUR,1,PS (I-V) ,5,Private Unaided (Recognized),Urban,3,Co-educational,9,9,3,7,7,7,9,9,9,9,8,8,8,7,8,6,0,3,0,2,0,7,6,2,8,6,2,0,9,9,1
2018-19,33,Tamilnadu,3307,VILLUPURAM,330704,OLAKKUR,6, SS (I-X) ,5,Private Unaided (Recognized),Rural,3,Co-educational,3,3,2,2,3,3,3,3,3,3,3,3,3,3,3,3,0,3,0,2,0,3,2,0,3,3,1,0,3,3,0
2018-19,33,Tamilnadu,3307,VILLUPURAM,330704,OLAKKUR,6, SS (I-X) ,5,Private Unaided (Recognized),Urban,3,Co-educational,1,1,1,0,1,1,1,1,1,1,1,1,1,1,1,1,0,1,0,0,0,1,1,0,1,1,0,0,1,1,0
2018-19,33,Tamilnadu,3307,VILLUPURAM,330704,OLAKKUR,7,SS (VI-X),4,Government Aided,Urban,2,Girls,1,1,1,1,1,1,1,0,1,1,1,1,0,1,1,1,0,1,0,1,0,1,1,0,1,1,1,0,1,1,1
2018-19,33,Tamilnadu,3307,VILLUPURAM,330704,OLAKKUR,7,SS (VI-X),1,Department of Education,Rural,3,Co-educational,1,1,0,1,1,1,1,1,1,1,1,1,1,1,1,0,0,0,0,1,0,1,0,1,1,1,1,0,1,0,1
2018-19,33,Tamilnadu,3307,VILLUPURAM,330704,OLAKKUR,7,SS (VI-X),4,Government Aided,Urban,3,Co-educational,1,1,1,0,1,1,1,1,1,1,1,1,1,1,1,1,1,1,0,1,0,1,1,1,1,1,1,0,1,0,0
2018-19,33,Tamilnadu,3307,VILLUPURAM,330704,OLAKKUR,2,UPS (I-VIII) ,1,Department of Education,Rural,3,Co-educational,11,11,11,11,11,11,11,11,11,11,11,11,11,9,11,7,3,0,8,4,0,11,11,3,9,11,9,0,11,9,6
2018-19,33,Tamilnadu,3307,VILLUPURAM,330704,OLAKKUR,2,UPS (I-VIII) ,4,Government Aided,Rural,3,Co-educational,2,2,2,1,1,1,2,2,2,2,1,1,1,0,2,1,0,0,0,2,0,2,2,0,2,1,1,0,2,0,0
2018-19,33,Tamilnadu,3307,VILLUPURAM,330704,OLAKKUR,2,UPS (I-VIII) ,90,Social welfare Department,Rural,3,Co-educational,1,1,1,1,1,1,1,1,1,1,1,1,1,1,1,0,0,0,1,1,0,1,1,1,0,1,1,0,1,0,0
2018-19,33,Tamilnadu,3307,VILLUPURAM,330704,OLAKKUR,2,UPS (I-VIII) ,4,Government Aided,Urban,3,Co-educational,4,4,4,1,4,4,4,4,4,4,4,4,4,4,4,2,1,0,2,1,0,4,4,1,4,3,1,0,4,1,0
2018-19,33,Tamilnadu,3307,VILLUPURAM,330704,OLAKKUR,2,UPS (I-VIII) ,5,Private Unaided (Recognized),Urban,3,Co-educational,1,1,0,1,1,1,1,1,1,1,1,1,1,1,1,0,0,0,0,0,0,1,0,0,1,1,0,0,1,1,0
2018-19,33,Tamilnadu,3307,VILLUPURAM,330705,MAILAM,3,HSS (I-XII),5,Private Unaided (Recognized),Rural,3,Co-educational,4,4,3,4,4,4,4,4,4,4,4,4,4,4,4,4,0,4,0,4,0,4,3,1,4,4,2,0,4,4,0
2018-19,33,Tamilnadu,3307,VILLUPURAM,330705,MAILAM,5, HSS (VI-XII),1,Department of Education,Rural,3,Co-educational,10,10,9,9,10,10,10,9,10,10,10,10,8,9,9,5,2,4,0,6,0,9,9,2,9,8,9,0,10,7,1
2018-19,33,Tamilnadu,3307,VILLUPURAM,330705,MAILAM,5, HSS (VI-XII),4,Government Aided,Rural,3,Co-educational,1,1,1,0,1,1,1,1,1,1,1,1,1,1,1,1,0,1,0,1,0,1,1,1,1,1,0,0,1,0,1
2018-19,33,Tamilnadu,3307,VILLUPURAM,330705,MAILAM,1,PS (I-V) ,1,Department of Education,Rural,3,Co-educational,51,51,38,42,47,50,51,46,50,51,43,43,39,43,46,7,1,0,1,20,0,48,47,2,43,49,37,0,51,18,3
2018-19,33,Tamilnadu,3307,VILLUPURAM,330705,MAILAM,1,PS (I-V) ,4,Government Aided,Rural,3,Co-educational,11,11,9,3,11,11,11,8,10,10,10,10,10,9,7,0,0,0,2,7,0,11,11,0,10,10,5,0,11,0,0
2018-19,33,Tamilnadu,3307,VILLUPURAM,330705,MAILAM,1,PS (I-V) ,5,Private Unaided (Recognized),Rural,3,Co-educational,7,7,3,6,6,6,7,7,7,7,6,6,6,6,7,3,0,2,0,4,0,7,4,0,7,5,1,0,7,4,0
2018-19,33,Tamilnadu,3307,VILLUPURAM,330705,MAILAM,1,PS (I-V) ,8,Unrecognized,Rural,3,Co-educational,1,1,0,0,0,0,1,0,0,0,0,1,0,1,0,0,0,0,0,0,0,0,0,0,0,0,0,0,1,0,0
2018-19,33,Tamilnadu,3307,VILLUPURAM,330705,MAILAM,1,PS (I-V) ,90,Social welfare Department,Rural,3,Co-educational,5,5,4,4,5,5,5,5,5,5,5,5,5,5,4,0,0,0,1,5,0,5,5,0,5,4,3,0,5,3,0
2018-19,33,Tamilnadu,3307,VILLUPURAM,330705,MAILAM,6, SS (I-X) ,5,Private Unaided (Recognized),Rural,3,Co-educational,1,1,0,1,1,1,1,1,1,1,0,0,0,0,1,1,0,1,0,0,0,1,0,1,1,1,0,0,1,1,0
2018-19,33,Tamilnadu,3307,VILLUPURAM,330705,MAILAM,7,SS (VI-X),1,Department of Education,Rural,3,Co-educational,11,11,9,7,11,11,11,9,10,10,9,9,8,6,9,7,5,3,1,7,0,10,10,3,8,8,9,0,11,9,2
2018-19,33,Tamilnadu,3307,VILLUPURAM,330705,MAILAM,2,UPS (I-VIII) ,1,Department of Education,Rural,3,Co-educational,9,9,9,9,7,8,9,9,9,9,8,8,8,8,8,2,0,0,1,1,0,9,9,2,9,7,8,0,9,8,1
2018-19,33,Tamilnadu,3307,VILLUPURAM,330705,MAILAM,2,UPS (I-VIII) ,4,Government Aided,Rural,3,Co-educational,2,2,1,1,2,2,2,2,2,2,2,2,2,2,2,0,0,0,0,2,0,1,1,0,2,2,2,0,2,0,0
2018-19,33,Tamilnadu,3307,VILLUPURAM,330705,MAILAM,2,UPS (I-VIII) ,5,Private Unaided (Recognized),Rural,3,Co-educational,4,4,2,4,4,4,4,4,4,4,4,4,4,4,4,3,0,4,0,3,0,4,2,0,4,4,1,0,4,3,0
2018-19,33,Tamilnadu,3307,VILLUPURAM,330705,MAILAM,2,UPS (I-VIII) ,5,Private Unaided (Recognized),Urban,3,Co-educational,1,1,1,0,1,1,1,1,1,1,1,1,1,0,1,1,0,1,0,0,0,1,1,0,1,1,0,0,1,1,0
2018-19,33,Tamilnadu,3307,VILLUPURAM,330705,MAILAM,4,UPS (VI-VIII) ,5,Private Unaided (Recognized),Rural,3,Co-educational,1,1,1,1,1,1,1,1,1,1,1,1,1,1,1,1,0,1,0,0,0,1,1,0,1,1,0,0,1,1,0
2018-19,33,Tamilnadu,3307,VILLUPURAM,330706,MARAKKANAM,3,HSS (I-XII),5,Private Unaided (Recognized),Rural,3,Co-educational,2,2,1,2,2,2,2,2,2,2,2,2,2,1,2,1,0,2,0,1,0,2,1,0,2,1,1,0,2,1,0
2018-19,33,Tamilnadu,3307,VILLUPURAM,330706,MARAKKANAM,3,HSS (I-XII),5,Private Unaided (Recognized),Urban,3,Co-educational,2,2,1,2,2,2,2,2,2,2,2,2,2,2,2,2,1,2,0,2,1,2,2,2,2,2,0,0,2,0,0
2018-19,33,Tamilnadu,3307,VILLUPURAM,330706,MARAKKANAM,5, HSS (VI-XII),1,Department of Education,Rural,3,Co-educational,7,7,6,5,7,7,7,7,7,7,7,7,7,7,7,5,2,6,1,5,0,7,6,2,6,7,6,0,7,6,0
2018-19,33,Tamilnadu,3307,VILLUPURAM,330706,MARAKKANAM,5, HSS (VI-XII),90,Social welfare Department,Rural,3,Co-educational,1,1,1,0,1,1,1,1,1,1,1,1,1,1,1,0,1,0,0,1,0,1,1,0,1,1,1,0,1,1,0
2018-19,33,Tamilnadu,3307,VILLUPURAM,330706,MARAKKANAM,5, HSS (VI-XII),1,Department of Education,Urban,3,Co-educational,1,1,1,1,1,1,1,1,1,1,1,1,1,1,1,1,1,0,1,1,0,1,1,0,1,1,1,0,1,1,0
2018-19,33,Tamilnadu,3307,VILLUPURAM,330706,MARAKKANAM,1,PS (I-V) ,1,Department of Education,Rural,3,Co-educational,64,62,51,61,63,63,64,61,61,63,60,60,59,59,62,5,0,0,17,28,1,63,63,23,51,58,44,2,64,24,30
2018-19,33,Tamilnadu,3307,VILLUPURAM,330706,MARAKKANAM,1,PS (I-V) ,4,Government Aided,Rural,3,Co-educational,7,7,6,0,7,7,7,4,7,7,5,5,5,5,6,0,0,0,3,6,0,7,6,1,7,7,4,0,7,1,2
2018-19,33,Tamilnadu,3307,VILLUPURAM,330706,MARAKKANAM,1,PS (I-V) ,5,Private Unaided (Recognized),Rural,3,Co-educational,10,10,4,5,10,10,10,9,10,10,9,9,9,9,9,4,0,4,0,4,0,7,5,1,9,5,1,0,9,7,0
2018-19,33,Tamilnadu,3307,VILLUPURAM,330706,MARAKKANAM,1,PS (I-V) ,6,Other Govt. managed schools,Rural,3,Co-educational,1,1,0,0,1,1,1,0,0,0,0,1,0,1,0,0,0,0,0,0,0,0,0,0,0,0,0,0,1,0,0
2018-19,33,Tamilnadu,3307,VILLUPURAM,330706,MARAKKANAM,1,PS (I-V) ,90,Social welfare Department,Rural,3,Co-educational,4,4,4,4,4,4,4,4,4,4,4,4,4,4,4,2,0,0,0,2,0,4,4,0,4,3,2,0,4,0,3
2018-19,33,Tamilnadu,3307,VILLUPURAM,330706,MARAKKANAM,1,PS (I-V) ,1,Department of Education,Urban,3,Co-educational,9,9,8,8,9,9,9,8,9,9,9,9,9,8,9,0,1,0,4,4,0,9,8,4,8,7,7,0,9,4,7
2018-19,33,Tamilnadu,3307,VILLUPURAM,330706,MARAKKANAM,1,PS (I-V) ,4,Government Aided,Urban,3,Co-educational,1,1,1,0,1,1,1,1,1,1,1,1,1,1,1,0,0,0,1,0,0,1,1,0,1,1,1,0,1,0,0
2018-19,33,Tamilnadu,3307,VILLUPURAM,330706,MARAKKANAM,1,PS (I-V) ,5,Private Unaided (Recognized),Urban,3,Co-educational,1,1,0,0,1,1,1,1,1,1,1,1,1,1,1,0,0,0,0,0,0,0,0,0,1,0,0,0,1,0,0
2018-19,33,Tamilnadu,3307,VILLUPURAM,330706,MARAKKANAM,6, SS (I-X) ,5,Private Unaided (Recognized),Rural,3,Co-educational,3,2,3,3,3,3,3,3,3,3,3,3,3,2,2,3,1,2,0,2,0,3,3,0,3,3,1,0,3,3,0
2018-19,33,Tamilnadu,3307,VILLUPURAM,330706,MARAKKANAM,6, SS (I-X) ,5,Private Unaided (Recognized),Urban,3,Co-educational,1,1,1,1,1,1,1,1,1,1,1,1,1,1,1,1,0,1,0,1,0,1,1,0,1,1,1,0,1,1,0
2018-19,33,Tamilnadu,3307,VILLUPURAM,330706,MARAKKANAM,7,SS (VI-X),1,Department of Education,Urban,2,Girls,1,1,1,1,1,1,1,0,1,1,1,1,0,1,1,1,1,1,0,1,0,1,1,0,1,1,1,0,1,1,0
2018-19,33,Tamilnadu,3307,VILLUPURAM,330706,MARAKKANAM,7,SS (VI-X),1,Department of Education,Rural,3,Co-educational,8,8,5,7,8,8,8,8,8,8,7,7,7,7,8,4,4,2,0,5,0,8,5,5,8,7,7,0,8,6,3
2018-19,33,Tamilnadu,3307,VILLUPURAM,330706,MARAKKANAM,7,SS (VI-X),4,Government Aided,Rural,3,Co-educational,1,1,1,1,1,1,1,1,1,1,1,1,1,0,1,0,0,0,0,1,0,1,1,0,1,1,1,0,1,0,1
2018-19,33,Tamilnadu,3307,VILLUPURAM,330706,MARAKKANAM,7,SS (VI-X),1,Department of Education,Urban,3,Co-educational,1,1,1,0,1,1,1,1,1,1,1,1,1,0,1,1,0,1,1,1,0,1,1,0,1,1,1,0,1,1,0
2018-19,33,Tamilnadu,3307,VILLUPURAM,330706,MARAKKANAM,2,UPS (I-VIII) ,1,Department of Education,Rural,3,Co-educational,18,18,18,18,18,18,18,18,18,18,16,16,16,16,18,8,9,0,4,10,0,16,18,4,17,16,18,0,18,14,6
2018-19,33,Tamilnadu,3307,VILLUPURAM,330706,MARAKKANAM,2,UPS (I-VIII) ,5,Private Unaided (Recognized),Rural,3,Co-educational,3,3,1,2,3,3,3,3,3,3,3,3,3,3,3,2,0,2,0,0,0,3,1,1,2,1,0,0,3,0,0
2018-19,33,Tamilnadu,3307,VILLUPURAM,330706,MARAKKANAM,2,UPS (I-VIII) ,1,Department of Education,Urban,3,Co-educational,1,1,1,1,0,1,1,1,1,1,1,1,1,1,1,0,0,0,0,0,0,1,1,0,1,1,1,0,1,1,0
2018-19,33,Tamilnadu,3307,VILLUPURAM,330706,MARAKKANAM,2,UPS (I-VIII) ,5,Private Unaided (Recognized),Urban,3,Co-educational,1,1,0,0,1,1,1,1,1,1,1,1,1,0,1,1,0,1,0,0,0,1,1,0,1,1,0,0,1,1,0
2018-19,33,Tamilnadu,3307,VILLUPURAM,330706,MARAKKANAM,2,UPS (I-VIII) ,90,Social welfare Department,Urban,3,Co-educational,1,1,1,1,1,1,1,1,1,1,1,1,1,1,1,1,1,0,0,1,0,1,1,0,1,1,1,0,1,1,0
2018-19,33,Tamilnadu,3307,VILLUPURAM,330707,VAANUR,3,HSS (I-XII),5,Private Unaided (Recognized),Rural,3,Co-educational,1,1,1,1,1,1,1,1,1,1,1,1,1,1,1,1,0,1,0,1,0,1,1,0,1,1,0,0,1,1,0
2018-19,33,Tamilnadu,3307,VILLUPURAM,330707,VAANUR,10,HSS (IX-XII),4,Government Aided,Rural,3,Co-educational,1,1,1,0,1,1,1,1,1,1,0,0,0,0,1,1,0,1,1,0,0,1,1,0,1,1,0,0,1,1,1
2018-19,33,Tamilnadu,3307,VILLUPURAM,330707,VAANUR,5, HSS (VI-XII),1,Department of Education,Rural,3,Co-educational,7,7,7,6,7,7,7,6,7,7,7,7,6,7,7,4,1,3,0,6,0,7,7,1,7,7,7,0,7,6,1
2018-19,33,Tamilnadu,3307,VILLUPURAM,330707,VAANUR,5, HSS (VI-XII),5,Private Unaided (Recognized),Rural,3,Co-educational,1,1,1,1,1,1,1,1,1,1,1,1,1,1,1,1,1,1,0,0,0,1,1,0,1,1,1,0,1,1,0
2018-19,33,Tamilnadu,3307,VILLUPURAM,330707,VAANUR,5, HSS (VI-XII),90,Social welfare Department,Rural,3,Co-educational,2,2,1,2,2,2,2,2,2,2,2,2,2,2,2,1,2,1,0,2,0,2,2,0,2,1,1,0,2,1,0
2018-19,33,Tamilnadu,3307,VILLUPURAM,330707,VAANUR,5, HSS (VI-XII),1,Department of Education,Urban,3,Co-educational,1,1,0,1,1,1,1,1,1,1,1,1,1,1,1,1,1,0,0,1,0,1,0,0,1,0,1,0,1,0,0
2018-19,33,Tamilnadu,3307,VILLUPURAM,330707,VAANUR,1,PS (I-V) ,1,Department of Education,Rural,3,Co-educational,64,64,40,63,62,63,64,57,62,63,61,61,59,60,58,2,0,0,2,11,0,62,52,0,48,58,48,0,64,37,8
2018-19,33,Tamilnadu,3307,VILLUPURAM,330707,VAANUR,1,PS (I-V) ,4,Government Aided,Rural,3,Co-educational,6,6,2,1,5,6,6,4,4,4,2,2,2,2,4,0,0,0,0,3,0,6,5,0,3,1,2,0,6,1,1
2018-19,33,Tamilnadu,3307,VILLUPURAM,330707,VAANUR,1,PS (I-V) ,5,Private Unaided (Recognized),Rural,3,Co-educational,15,15,8,13,13,14,15,15,15,15,12,12,12,11,15,8,0,8,0,9,0,11,10,0,15,9,2,0,15,10,0
2018-19,33,Tamilnadu,3307,VILLUPURAM,330707,VAANUR,1,PS (I-V) ,90,Social welfare Department,Rural,3,Co-educational,6,6,5,4,6,6,6,6,6,6,5,5,5,5,6,0,0,0,0,0,0,6,6,0,5,6,3,0,6,2,0
2018-19,33,Tamilnadu,3307,VILLUPURAM,330707,VAANUR,1,PS (I-V) ,1,Department of Education,Urban,3,Co-educational,3,3,3,2,3,3,3,3,3,3,1,1,1,1,3,0,0,0,0,0,0,3,3,0,1,2,1,0,3,0,0
2018-19,33,Tamilnadu,3307,VILLUPURAM,330707,VAANUR,1,PS (I-V) ,4,Government Aided,Urban,3,Co-educational,1,1,1,0,1,1,1,1,1,1,1,1,1,1,1,0,0,0,1,0,0,1,1,1,1,1,1,0,1,0,0
2018-19,33,Tamilnadu,3307,VILLUPURAM,330707,VAANUR,1,PS (I-V) ,5,Private Unaided (Recognized),Urban,3,Co-educational,3,3,1,1,3,3,3,3,3,3,3,3,3,3,3,1,0,1,0,0,0,3,1,0,3,3,1,0,3,3,0
2018-19,33,Tamilnadu,3307,VILLUPURAM,330707,VAANUR,1,PS (I-V) ,90,Social welfare Department,Urban,3,Co-educational,1,1,0,1,1,1,1,1,1,1,1,1,1,1,1,0,0,0,0,0,0,1,0,0,1,1,0,0,1,0,0
2018-19,33,Tamilnadu,3307,VILLUPURAM,330707,VAANUR,6, SS (I-X) ,5,Private Unaided (Recognized),Rural,3,Co-educational,4,4,3,4,4,4,4,4,4,4,4,4,4,3,4,4,0,3,2,3,1,4,3,2,4,4,1,0,4,2,2
2018-19,33,Tamilnadu,3307,VILLUPURAM,330707,VAANUR,7,SS (VI-X),1,Department of Education,Rural,3,Co-educational,11,10,10,6,11,11,11,11,11,11,9,9,8,8,11,6,7,4,0,9,0,10,10,3,10,11,9,0,11,6,2
2018-19,33,Tamilnadu,3307,VILLUPURAM,330707,VAANUR,7,SS (VI-X),4,Government Aided,Rural,3,Co-educational,1,1,1,1,1,1,1,1,1,1,1,1,1,1,1,0,1,1,1,0,0,1,1,1,1,1,1,0,1,1,0
2018-19,33,Tamilnadu,3307,VILLUPURAM,330707,VAANUR,7,SS (VI-X),5,Private Unaided (Recognized),Rural,3,Co-educational,1,1,0,1,0,0,1,1,1,1,0,0,0,0,1,1,0,1,0,0,0,1,0,0,1,1,0,0,1,1,0
2018-19,33,Tamilnadu,3307,VILLUPURAM,330707,VAANUR,7,SS (VI-X),90,Social welfare Department,Rural,3,Co-educational,1,1,1,1,1,1,1,1,1,1,1,1,1,1,1,1,1,0,0,1,0,1,1,0,1,1,1,0,1,0,0
2018-19,33,Tamilnadu,3307,VILLUPURAM,330707,VAANUR,7,SS (VI-X),5,Private Unaided (Recognized),Urban,3,Co-educational,1,1,1,1,1,1,1,1,1,1,1,1,1,0,1,0,0,1,0,1,0,1,1,0,1,0,0,0,1,1,0
2018-19,33,Tamilnadu,3307,VILLUPURAM,330707,VAANUR,2,UPS (I-VIII) ,1,Department of Education,Rural,3,Co-educational,19,19,17,19,17,17,19,16,19,19,16,16,13,16,18,8,1,0,2,6,0,19,17,3,16,16,15,0,19,13,4
2018-19,33,Tamilnadu,3307,VILLUPURAM,330707,VAANUR,2,UPS (I-VIII) ,4,Government Aided,Rural,3,Co-educational,4,4,4,0,4,4,4,4,4,4,2,2,2,2,4,2,0,0,0,1,0,3,4,0,4,2,1,0,4,0,1
2018-19,33,Tamilnadu,3307,VILLUPURAM,330707,VAANUR,2,UPS (I-VIII) ,5,Private Unaided (Recognized),Rural,3,Co-educational,4,4,3,4,4,4,4,4,4,4,4,4,4,3,4,2,0,3,0,3,0,4,4,0,4,4,1,0,4,4,0
2018-19,33,Tamilnadu,3307,VILLUPURAM,330707,VAANUR,2,UPS (I-VIII) ,1,Department of Education,Urban,3,Co-educational,1,1,1,1,1,1,1,1,1,1,1,1,1,1,1,1,0,0,0,1,0,1,1,0,1,1,1,0,1,1,0
2018-19,33,Tamilnadu,3307,VILLUPURAM,330707,VAANUR,4,UPS (VI-VIII) ,4,Government Aided,Rural,3,Co-educational,1,1,0,0,1,1,1,0,1,1,0,0,0,0,1,1,0,0,0,0,0,1,0,0,1,1,1,0,1,0,0
2018-19,33,Tamilnadu,3307,VILLUPURAM,330707,VAANUR,4,UPS (VI-VIII) ,5,Private Unaided (Recognized),Urban,3,Co-educational,1,1,0,1,1,1,1,1,1,1,1,1,1,1,1,0,0,0,0,0,0,1,0,0,1,0,0,0,1,1,0
2018-19,33,Tamilnadu,3307,VILLUPURAM,330708,KANAI,3,HSS (I-XII),5,Private Unaided (Recognized),Rural,3,Co-educational,2,2,0,2,2,2,2,2,2,2,2,2,2,2,2,2,0,1,0,0,0,2,1,0,2,1,0,0,2,0,0
2018-19,33,Tamilnadu,3307,VILLUPURAM,330708,KANAI,5, HSS (VI-XII),1,Department of Education,Rural,1,Boys,1,1,1,1,1,1,1,1,0,1,1,1,1,0,1,1,0,0,0,1,0,1,1,0,1,1,1,0,1,0,1
2018-19,33,Tamilnadu,3307,VILLUPURAM,330708,KANAI,5, HSS (VI-XII),1,Department of Education,Rural,2,Girls,1,1,1,0,1,1,1,0,1,1,0,0,0,0,1,0,0,0,0,1,0,1,1,0,1,0,0,0,1,0,0
2018-19,33,Tamilnadu,3307,VILLUPURAM,330708,KANAI,5, HSS (VI-XII),1,Department of Education,Rural,3,Co-educational,8,8,7,7,8,8,8,8,8,8,8,8,8,8,8,7,4,6,0,7,0,8,7,3,7,6,8,0,8,5,1
2018-19,33,Tamilnadu,3307,VILLUPURAM,330708,KANAI,1,PS (I-V) ,1,Department of Education,Rural,3,Co-educational,59,59,32,44,57,59,59,52,58,58,48,49,46,44,50,4,0,0,3,17,0,52,51,3,24,44,38,0,59,21,5
2018-19,33,Tamilnadu,3307,VILLUPURAM,330708,KANAI,1,PS (I-V) ,4,Government Aided,Rural,3,Co-educational,11,10,8,4,10,11,11,11,11,11,8,8,8,8,11,2,0,0,1,4,0,11,10,0,11,6,5,0,11,1,3
2018-19,33,Tamilnadu,3307,VILLUPURAM,330708,KANAI,1,PS (I-V) ,5,Private Unaided (Recognized),Rural,3,Co-educational,14,14,3,11,11,13,14,14,14,14,11,11,11,11,14,7,0,4,1,5,0,14,4,1,13,11,4,0,14,7,1
2018-19,33,Tamilnadu,3307,VILLUPURAM,330708,KANAI,1,PS (I-V) ,90,Social welfare Department,Rural,3,Co-educational,2,2,1,2,2,2,2,2,2,2,2,2,2,2,2,0,0,0,0,1,0,2,1,0,1,2,1,0,2,1,0
2018-19,33,Tamilnadu,3307,VILLUPURAM,330708,KANAI,6, SS (I-X) ,5,Private Unaided (Recognized),Rural,3,Co-educational,4,4,1,2,4,4,4,4,4,4,4,4,4,4,4,4,1,3,0,3,0,4,3,2,4,4,1,0,4,4,2
2018-19,33,Tamilnadu,3307,VILLUPURAM,330708,KANAI,7,SS (VI-X),1,Department of Education,Rural,2,Girls,2,2,2,2,2,2,2,0,2,2,2,2,0,2,2,1,2,1,1,1,0,2,2,0,1,2,2,0,2,2,1
2018-19,33,Tamilnadu,3307,VILLUPURAM,330708,KANAI,7,SS (VI-X),1,Department of Education,Rural,3,Co-educational,14,14,12,5,14,14,14,13,13,13,12,12,12,9,11,11,8,3,0,8,0,14,12,2,9,9,10,0,14,10,2
2018-19,33,Tamilnadu,3307,VILLUPURAM,330708,KANAI,7,SS (VI-X),4,Government Aided,Rural,3,Co-educational,2,2,2,1,2,2,2,2,2,2,2,2,2,2,2,1,1,2,0,0,0,2,2,0,2,2,1,0,2,0,0
2018-19,33,Tamilnadu,3307,VILLUPURAM,330708,KANAI,2,UPS (I-VIII) ,1,Department of Education,Rural,3,Co-educational,14,14,11,14,13,14,14,14,14,14,13,13,12,13,13,6,2,0,0,6,0,14,11,0,10,12,11,0,14,10,0
2018-19,33,Tamilnadu,3307,VILLUPURAM,330708,KANAI,2,UPS (I-VIII) ,4,Government Aided,Rural,3,Co-educational,1,1,1,0,1,1,1,1,1,1,1,1,1,1,1,0,0,0,0,1,0,1,1,0,1,1,1,0,1,0,0
2018-19,33,Tamilnadu,3307,VILLUPURAM,330708,KANAI,2,UPS (I-VIII) ,5,Private Unaided (Recognized),Rural,3,Co-educational,1,1,1,1,1,1,1,1,1,1,1,1,1,1,1,1,1,1,0,1,0,1,1,0,1,1,1,0,1,0,0
2018-19,33,Tamilnadu,3307,VILLUPURAM,330708,KANAI,2,UPS (I-VIII) ,90,Social welfare Department,Rural,3,Co-educational,1,1,0,0,1,1,1,1,1,1,1,1,1,1,1,0,0,0,0,0,0,0,0,0,1,1,1,0,1,1,0
2018-19,33,Tamilnadu,3307,VILLUPURAM,330709,VIKARAVANDI,3,HSS (I-XII),5,Private Unaided (Recognized),Rural,3,Co-educational,2,2,0,1,2,2,2,2,2,2,2,2,2,2,2,1,1,2,0,0,0,2,2,0,2,2,1,0,2,2,0
2018-19,33,Tamilnadu,3307,VILLUPURAM,330709,VIKARAVANDI,3,HSS (I-XII),6,Other Govt. managed schools,Rural,3,Co-educational,1,1,0,0,1,1,1,1,1,1,1,1,1,0,1,1,0,0,0,1,0,1,0,0,1,1,1,0,1,0,0
2018-19,33,Tamilnadu,3307,VILLUPURAM,330709,VIKARAVANDI,3,HSS (I-XII),5,Private Unaided (Recognized),Urban,3,Co-educational,1,1,1,0,1,1,1,1,1,1,1,1,1,1,1,1,0,1,0,0,0,1,1,0,1,1,0,0,1,1,0
2018-19,33,Tamilnadu,3307,VILLUPURAM,330709,VIKARAVANDI,5, HSS (VI-XII),1,Department of Education,Rural,3,Co-educational,8,8,8,7,8,8,8,8,8,8,8,8,8,8,7,5,6,5,0,4,0,6,8,0,7,6,5,0,8,6,0
2018-19,33,Tamilnadu,3307,VILLUPURAM,330709,VIKARAVANDI,5, HSS (VI-XII),4,Government Aided,Rural,3,Co-educational,1,1,1,1,1,1,1,1,1,1,1,1,1,1,1,0,0,1,0,1,0,1,1,1,1,1,0,0,1,0,0
2018-19,33,Tamilnadu,3307,VILLUPURAM,330709,VIKARAVANDI,5, HSS (VI-XII),5,Private Unaided (Recognized),Rural,3,Co-educational,1,1,0,1,1,1,1,1,1,1,1,1,1,1,1,1,0,1,0,0,0,1,0,0,1,1,0,0,1,1,0
2018-19,33,Tamilnadu,3307,VILLUPURAM,330709,VIKARAVANDI,5, HSS (VI-XII),1,Department of Education,Urban,3,Co-educational,1,1,1,1,1,1,1,1,1,1,1,1,1,1,1,1,1,1,0,0,0,1,1,0,1,1,1,0,1,1,0
2018-19,33,Tamilnadu,3307,VILLUPURAM,330709,VIKARAVANDI,1,PS (I-V) ,1,Department of Education,Rural,3,Co-educational,48,48,35,36,45,47,48,42,45,45,43,43,40,43,47,3,0,0,4,14,1,46,43,2,42,43,35,0,48,12,11
2018-19,33,Tamilnadu,3307,VILLUPURAM,330709,VIKARAVANDI,1,PS (I-V) ,4,Government Aided,Rural,3,Co-educational,9,9,7,0,8,9,9,6,6,6,3,4,4,4,7,1,0,0,0,3,0,7,8,0,8,5,4,0,9,0,0
2018-19,33,Tamilnadu,3307,VILLUPURAM,330709,VIKARAVANDI,1,PS (I-V) ,5,Private Unaided (Recognized),Rural,3,Co-educational,9,9,3,3,7,8,9,9,9,8,6,7,7,7,9,4,0,4,0,4,0,7,5,0,9,6,3,0,9,4,0
2018-19,33,Tamilnadu,3307,VILLUPURAM,330709,VIKARAVANDI,1,PS (I-V) ,90,Social welfare Department,Rural,3,Co-educational,3,3,3,2,3,3,3,3,3,3,3,3,3,3,3,0,0,0,0,1,0,3,3,0,3,2,3,0,3,1,0
2018-19,33,Tamilnadu,3307,VILLUPURAM,330709,VIKARAVANDI,1,PS (I-V) ,1,Department of Education,Urban,3,Co-educational,2,2,0,2,2,2,2,2,2,2,2,2,1,2,2,0,0,0,0,0,0,2,1,0,2,0,1,0,2,0,0
2018-19,33,Tamilnadu,3307,VILLUPURAM,330709,VIKARAVANDI,1,PS (I-V) ,5,Private Unaided (Recognized),Urban,3,Co-educational,1,1,0,1,1,1,1,1,1,1,1,1,1,1,1,1,0,0,0,0,0,1,0,0,1,0,0,0,1,0,0
2018-19,33,Tamilnadu,3307,VILLUPURAM,330709,VIKARAVANDI,6, SS (I-X) ,5,Private Unaided (Recognized),Rural,3,Co-educational,4,4,1,3,4,4,4,4,4,4,4,4,4,4,4,4,0,2,0,1,0,4,2,0,4,3,0,0,4,2,0
2018-19,33,Tamilnadu,3307,VILLUPURAM,330709,VIKARAVANDI,7,SS (VI-X),1,Department of Education,Urban,2,Girls,1,1,1,1,1,1,1,0,1,1,1,1,0,1,1,0,1,1,0,1,0,0,1,0,1,0,0,0,1,0,0
2018-19,33,Tamilnadu,3307,VILLUPURAM,330709,VIKARAVANDI,7,SS (VI-X),1,Department of Education,Rural,3,Co-educational,8,8,7,6,7,8,8,5,8,8,8,8,5,7,7,5,3,3,0,3,0,7,8,2,8,7,7,0,8,6,3
2018-19,33,Tamilnadu,3307,VILLUPURAM,330709,VIKARAVANDI,7,SS (VI-X),90,Social welfare Department,Rural,3,Co-educational,1,1,1,1,1,1,1,1,1,1,1,1,1,1,1,0,1,0,0,1,0,1,1,1,1,1,0,0,1,1,0
2018-19,33,Tamilnadu,3307,VILLUPURAM,330709,VIKARAVANDI,2,UPS (I-VIII) ,1,Department of Education,Rural,3,Co-educational,15,15,14,15,15,15,15,15,15,15,14,14,12,14,15,8,0,0,1,4,1,15,15,5,13,14,11,0,15,12,4
2018-19,33,Tamilnadu,3307,VILLUPURAM,330709,VIKARAVANDI,2,UPS (I-VIII) ,4,Government Aided,Rural,3,Co-educational,1,1,0,0,1,1,1,1,1,1,1,1,1,1,1,0,0,0,0,0,0,1,0,0,1,0,1,0,1,0,0
2018-19,33,Tamilnadu,3307,VILLUPURAM,330709,VIKARAVANDI,2,UPS (I-VIII) ,1,Department of Education,Urban,3,Co-educational,1,1,1,1,1,1,1,1,1,1,1,1,1,1,1,0,0,0,0,0,0,1,1,0,1,1,1,0,1,0,1
2018-19,33,Tamilnadu,3307,VILLUPURAM,330710,KOLIYANUR,3,HSS (I-XII),5,Private Unaided (Recognized),Rural,3,Co-educational,3,3,2,3,3,3,3,3,3,3,3,3,3,3,3,3,0,2,0,3,0,3,2,0,3,2,1,0,3,2,0
2018-19,33,Tamilnadu,3307,VILLUPURAM,330710,KOLIYANUR,3,HSS (I-XII),5,Private Unaided (Recognized),Urban,3,Co-educational,1,1,1,1,1,1,1,1,1,1,1,1,1,1,1,0,1,1,0,0,0,1,1,0,1,1,1,0,1,1,0
2018-19,33,Tamilnadu,3307,VILLUPURAM,330710,KOLIYANUR,5, HSS (VI-XII),1,Department of Education,Urban,1,Boys,1,1,1,1,1,1,1,1,0,1,1,1,1,0,1,1,0,1,0,1,0,1,1,1,1,1,1,0,1,0,1
2018-19,33,Tamilnadu,3307,VILLUPURAM,330710,KOLIYANUR,5, HSS (VI-XII),1,Department of Education,Urban,2,Girls,1,1,1,1,1,1,1,0,1,1,1,1,0,1,1,1,1,1,0,1,0,1,1,0,1,1,1,0,1,1,0
2018-19,33,Tamilnadu,3307,VILLUPURAM,330710,KOLIYANUR,5, HSS (VI-XII),1,Department of Education,Rural,3,Co-educational,5,5,5,3,5,5,5,4,5,5,5,5,3,5,5,3,2,4,0,3,0,5,5,2,3,5,5,0,5,3,2
2018-19,33,Tamilnadu,3307,VILLUPURAM,330710,KOLIYANUR,1,PS (I-V) ,1,Department of Education,Rural,3,Co-educational,61,61,41,58,59,61,61,59,59,61,58,58,54,58,59,14,0,2,10,19,0,60,55,32,46,56,52,0,61,16,26
2018-19,33,Tamilnadu,3307,VILLUPURAM,330710,KOLIYANUR,1,PS (I-V) ,4,Government Aided,Rural,3,Co-educational,1,1,0,0,1,1,1,1,1,1,0,0,0,0,1,0,0,0,0,1,0,1,1,0,1,0,1,0,1,0,0
2018-19,33,Tamilnadu,3307,VILLUPURAM,330710,KOLIYANUR,1,PS (I-V) ,5,Private Unaided (Recognized),Rural,3,Co-educational,5,5,2,3,5,5,5,5,5,5,2,2,2,2,5,4,0,3,0,3,0,5,4,0,5,5,2,0,5,3,0
2018-19,33,Tamilnadu,3307,VILLUPURAM,330710,KOLIYANUR,1,PS (I-V) ,90,Social welfare Department,Rural,3,Co-educational,6,6,5,4,6,6,6,6,6,6,6,6,6,6,6,1,0,1,0,2,0,6,5,3,3,6,6,0,6,1,3
2018-19,33,Tamilnadu,3307,VILLUPURAM,330710,KOLIYANUR,1,PS (I-V) ,1,Department of Education,Urban,3,Co-educational,7,7,6,7,7,7,7,7,7,7,7,7,7,7,7,2,0,0,0,3,0,7,7,3,7,7,6,0,7,2,4
2018-19,33,Tamilnadu,3307,VILLUPURAM,330710,KOLIYANUR,1,PS (I-V) ,5,Private Unaided (Recognized),Urban,3,Co-educational,6,6,3,5,5,5,6,6,6,6,5,5,5,4,6,3,0,3,0,2,0,4,4,0,6,4,4,0,5,4,0
2018-19,33,Tamilnadu,3307,VILLUPURAM,330710,KOLIYANUR,1,PS (I-V) ,90,Social welfare Department,Urban,3,Co-educational,2,2,2,2,2,2,2,2,2,2,2,2,2,2,2,0,0,0,0,1,0,2,2,0,1,2,2,0,2,0,0
2018-19,33,Tamilnadu,3307,VILLUPURAM,330710,KOLIYANUR,6, SS (I-X) ,5,Private Unaided (Recognized),Rural,3,Co-educational,8,8,2,4,8,8,8,8,8,8,8,8,7,8,8,5,1,6,0,3,0,8,5,0,7,8,4,0,8,7,0
2018-19,33,Tamilnadu,3307,VILLUPURAM,330710,KOLIYANUR,6, SS (I-X) ,5,Private Unaided (Recognized),Urban,3,Co-educational,1,1,1,0,0,1,1,1,1,1,1,1,1,1,1,1,0,1,0,0,0,1,1,0,1,1,0,0,1,1,0
2018-19,33,Tamilnadu,3307,VILLUPURAM,330710,KOLIYANUR,7,SS (VI-X),1,Department of Education,Rural,3,Co-educational,12,12,10,6,11,11,12,12,12,12,12,12,12,11,12,10,10,2,1,6,0,12,10,9,9,9,12,0,12,9,5
2018-19,33,Tamilnadu,3307,VILLUPURAM,330710,KOLIYANUR,7,SS (VI-X),90,Social welfare Department,Rural,3,Co-educational,2,2,2,2,2,2,2,2,2,2,2,2,2,2,2,0,1,0,0,2,0,2,2,1,1,1,2,0,2,1,0
2018-19,33,Tamilnadu,3307,VILLUPURAM,330710,KOLIYANUR,2,UPS (I-VIII) ,1,Department of Education,Rural,3,Co-educational,14,14,14,14,14,14,14,14,14,14,14,14,14,14,14,8,4,0,3,6,0,14,14,10,9,12,11,0,14,8,4
2018-19,33,Tamilnadu,3307,VILLUPURAM,330710,KOLIYANUR,2,UPS (I-VIII) ,4,Government Aided,Rural,3,Co-educational,2,2,2,0,2,2,2,2,2,2,2,2,2,2,2,1,0,0,0,0,0,2,2,1,2,2,2,0,2,1,0
2018-19,33,Tamilnadu,3307,VILLUPURAM,330710,KOLIYANUR,2,UPS (I-VIII) ,5,Private Unaided (Recognized),Rural,3,Co-educational,4,4,1,4,3,3,4,4,4,4,4,4,4,4,4,4,0,3,0,3,0,4,2,0,4,3,2,0,4,3,0
2018-19,33,Tamilnadu,3307,VILLUPURAM,330710,KOLIYANUR,2,UPS (I-VIII) ,1,Department of Education,Urban,3,Co-educational,3,3,3,2,3,3,3,3,3,3,3,3,2,3,3,1,0,0,0,1,0,3,3,2,2,1,3,0,3,2,1
2018-19,33,Tamilnadu,3307,VILLUPURAM,330710,KOLIYANUR,2,UPS (I-VIII) ,4,Government Aided,Urban,3,Co-educational,2,1,2,1,2,2,2,2,2,2,2,2,2,2,2,1,1,0,0,0,0,2,2,0,2,1,2,0,2,1,1
2018-19,33,Tamilnadu,3307,VILLUPURAM,330711,KANDAMANGALAM,5, HSS (VI-XII),1,Department of Education,Rural,3,Co-educational,5,5,4,4,5,5,5,5,5,5,4,4,4,4,5,3,3,5,0,2,0,5,4,0,5,5,4,0,5,1,0
2018-19,33,Tamilnadu,3307,VILLUPURAM,330711,KANDAMANGALAM,1,PS (I-V) ,1,Department of Education,Rural,3,Co-educational,59,59,46,53,58,58,59,57,58,58,56,57,57,56,55,1,0,0,8,13,0,59,56,10,47,47,48,2,59,7,16
2018-19,33,Tamilnadu,3307,VILLUPURAM,330711,KANDAMANGALAM,1,PS (I-V) ,4,Government Aided,Rural,3,Co-educational,4,4,3,0,4,4,4,3,4,4,4,4,3,4,3,1,0,0,0,3,0,4,3,0,4,3,1,0,4,0,0
2018-19,33,Tamilnadu,3307,VILLUPURAM,330711,KANDAMANGALAM,1,PS (I-V) ,5,Private Unaided (Recognized),Rural,3,Co-educational,11,11,7,10,9,10,11,11,11,11,10,10,10,9,10,4,0,3,0,5,0,10,9,0,10,8,1,0,11,3,0
2018-19,33,Tamilnadu,3307,VILLUPURAM,330711,KANDAMANGALAM,1,PS (I-V) ,90,Social welfare Department,Rural,3,Co-educational,8,8,5,8,8,8,8,8,8,8,8,8,8,8,8,0,0,0,0,5,0,8,6,0,8,7,6,0,8,0,3
2018-19,33,Tamilnadu,3307,VILLUPURAM,330711,KANDAMANGALAM,1,PS (I-V) ,1,Department of Education,Urban,3,Co-educational,1,1,1,1,1,1,1,1,1,1,1,1,1,1,1,0,0,0,0,0,0,1,1,0,1,1,1,0,1,0,1
2018-19,33,Tamilnadu,3307,VILLUPURAM,330711,KANDAMANGALAM,7,SS (VI-X),1,Department of Education,Rural,2,Girls,1,1,1,1,1,1,1,0,1,1,1,1,0,1,1,1,1,1,0,0,0,1,1,0,0,0,1,0,1,1,0
2018-19,33,Tamilnadu,3307,VILLUPURAM,330711,KANDAMANGALAM,7,SS (VI-X),1,Department of Education,Rural,3,Co-educational,8,7,7,3,8,8,8,7,8,8,8,8,7,7,8,6,4,1,0,3,0,8,7,2,7,7,6,0,8,5,2
2018-19,33,Tamilnadu,3307,VILLUPURAM,330711,KANDAMANGALAM,2,UPS (I-VIII) ,1,Department of Education,Rural,3,Co-educational,11,11,10,11,10,11,11,11,11,11,11,11,11,10,11,6,2,0,3,5,0,11,10,1,10,10,9,0,11,6,2
2018-19,33,Tamilnadu,3307,VILLUPURAM,330711,KANDAMANGALAM,2,UPS (I-VIII) ,4,Government Aided,Rural,3,Co-educational,4,4,4,0,4,4,4,4,4,4,3,3,3,3,4,1,0,0,0,3,0,4,4,1,4,4,2,0,4,1,0
2018-19,33,Tamilnadu,3307,VILLUPURAM,330711,KANDAMANGALAM,2,UPS (I-VIII) ,90,Social welfare Department,Rural,3,Co-educational,3,3,3,3,3,3,3,3,3,3,1,1,1,1,3,1,0,0,0,2,0,3,3,1,1,1,3,0,3,2,0
2018-19,33,Tamilnadu,3307,VILLUPURAM,330712,MUGAIYUR,3,HSS (I-XII),5,Private Unaided (Recognized),Rural,3,Co-educational,2,2,0,2,2,2,2,2,2,2,2,2,2,2,2,1,0,1,0,1,0,2,0,0,2,2,0,0,2,2,0
2018-19,33,Tamilnadu,3307,VILLUPURAM,330712,MUGAIYUR,3,HSS (I-XII),5,Private Unaided (Recognized),Urban,3,Co-educational,2,2,0,1,2,2,2,2,2,2,2,2,2,2,2,1,1,2,0,1,0,2,1,0,2,2,2,0,2,2,0
2018-19,33,Tamilnadu,3307,VILLUPURAM,330712,MUGAIYUR,5, HSS (VI-XII),1,Department of Education,Rural,1,Boys,1,1,1,1,1,1,1,1,0,1,1,1,1,0,1,1,0,1,0,0,0,1,1,0,1,1,1,0,1,1,1
2018-19,33,Tamilnadu,3307,VILLUPURAM,330712,MUGAIYUR,5, HSS (VI-XII),4,Government Aided,Rural,1,Boys,1,1,1,1,1,1,1,1,0,1,1,1,1,0,1,1,0,0,0,0,0,1,1,0,1,1,1,0,1,0,0
2018-19,33,Tamilnadu,3307,VILLUPURAM,330712,MUGAIYUR,5, HSS (VI-XII),1,Department of Education,Urban,1,Boys,1,1,1,1,1,1,1,1,0,1,1,1,1,0,1,0,0,0,0,1,0,1,1,0,1,1,1,0,1,1,0
2018-19,33,Tamilnadu,3307,VILLUPURAM,330712,MUGAIYUR,5, HSS (VI-XII),1,Department of Education,Rural,2,Girls,2,2,2,2,2,2,2,0,2,2,2,2,0,2,2,0,2,1,0,1,0,2,2,0,2,2,2,0,2,2,0
2018-19,33,Tamilnadu,3307,VILLUPURAM,330712,MUGAIYUR,5, HSS (VI-XII),4,Government Aided,Rural,2,Girls,1,1,1,1,1,1,1,0,1,1,1,1,0,1,1,1,0,1,0,0,0,1,1,0,1,1,1,0,1,1,0
2018-19,33,Tamilnadu,3307,VILLUPURAM,330712,MUGAIYUR,5, HSS (VI-XII),1,Department of Education,Rural,3,Co-educational,7,7,7,3,7,7,7,7,7,7,4,4,4,4,7,3,3,2,0,3,0,6,7,1,5,7,5,0,7,6,0
2018-19,33,Tamilnadu,3307,VILLUPURAM,330712,MUGAIYUR,5, HSS (VI-XII),5,Private Unaided (Recognized),Rural,3,Co-educational,1,1,0,0,1,1,1,1,1,1,1,1,1,1,1,1,0,1,0,1,0,1,0,0,1,0,0,0,1,1,0
2018-19,33,Tamilnadu,3307,VILLUPURAM,330712,MUGAIYUR,1,PS (I-V) ,4,Government Aided,Rural,1,Boys,1,1,0,0,1,1,1,1,0,1,1,1,1,0,1,1,0,0,0,0,0,0,1,0,1,1,1,0,1,0,1
2018-19,33,Tamilnadu,3307,VILLUPURAM,330712,MUGAIYUR,1,PS (I-V) ,4,Government Aided,Rural,2,Girls,1,1,1,1,1,1,1,0,1,1,1,1,0,1,1,0,0,0,0,0,0,1,1,0,1,1,0,0,1,1,0
2018-19,33,Tamilnadu,3307,VILLUPURAM,330712,MUGAIYUR,1,PS (I-V) ,1,Department of Education,Rural,3,Co-educational,61,61,39,52,58,60,61,58,60,60,56,57,53,55,52,2,0,0,2,17,0,53,55,0,41,44,51,0,61,4,12
2018-19,33,Tamilnadu,3307,VILLUPURAM,330712,MUGAIYUR,1,PS (I-V) ,4,Government Aided,Rural,3,Co-educational,18,18,11,2,16,17,18,17,17,17,17,17,17,17,17,1,0,0,2,8,0,17,13,0,17,13,15,1,18,2,1
2018-19,33,Tamilnadu,3307,VILLUPURAM,330712,MUGAIYUR,1,PS (I-V) ,5,Private Unaided (Recognized),Rural,3,Co-educational,15,15,4,9,15,15,15,14,14,14,13,14,13,13,14,11,0,4,0,5,0,15,7,0,14,10,4,0,15,8,0
2018-19,33,Tamilnadu,3307,VILLUPURAM,330712,MUGAIYUR,1,PS (I-V) ,90,Social welfare Department,Rural,3,Co-educational,3,3,2,3,3,3,3,3,3,3,2,2,2,2,3,0,0,0,0,2,0,3,2,0,3,1,2,0,3,1,1
2018-19,33,Tamilnadu,3307,VILLUPURAM,330712,MUGAIYUR,1,PS (I-V) ,1,Department of Education,Urban,3,Co-educational,5,5,1,5,5,5,5,5,5,5,4,4,4,4,4,0,0,0,0,2,0,5,3,0,2,4,3,0,5,1,0
2018-19,33,Tamilnadu,3307,VILLUPURAM,330712,MUGAIYUR,1,PS (I-V) ,4,Government Aided,Urban,3,Co-educational,1,1,1,0,1,1,1,1,1,1,1,1,1,1,1,1,0,0,0,0,0,1,1,0,1,1,0,0,1,1,0
2018-19,33,Tamilnadu,3307,VILLUPURAM,330712,MUGAIYUR,1,PS (I-V) ,5,Private Unaided (Recognized),Urban,3,Co-educational,1,1,1,0,1,1,1,1,1,1,1,1,1,1,1,0,0,1,0,0,0,1,1,0,1,1,0,0,1,1,0
2018-19,33,Tamilnadu,3307,VILLUPURAM,330712,MUGAIYUR,6, SS (I-X) ,5,Private Unaided (Recognized),Rural,3,Co-educational,5,5,4,3,5,5,5,5,5,5,5,5,5,4,5,4,0,5,0,4,0,5,4,0,5,5,2,0,5,4,0
2018-19,33,Tamilnadu,3307,VILLUPURAM,330712,MUGAIYUR,6, SS (I-X) ,5,Private Unaided (Recognized),Urban,3,Co-educational,1,1,1,1,1,1,1,1,1,1,1,1,1,1,1,1,0,1,0,0,0,1,1,0,1,1,0,0,1,1,0
2018-19,33,Tamilnadu,3307,VILLUPURAM,330712,MUGAIYUR,7,SS (VI-X),1,Department of Education,Rural,3,Co-educational,8,8,6,4,8,8,8,8,8,8,7,7,7,7,8,4,5,0,0,4,0,6,6,3,6,6,8,0,8,6,3
2018-19,33,Tamilnadu,3307,VILLUPURAM,330712,MUGAIYUR,7,SS (VI-X),4,Government Aided,Rural,3,Co-educational,2,2,1,1,2,2,2,2,2,2,1,1,1,1,1,1,0,2,0,1,0,2,2,0,2,1,2,0,2,2,0
2018-19,33,Tamilnadu,3307,VILLUPURAM,330712,MUGAIYUR,2,UPS (I-VIII) ,5,Private Unaided (Recognized),Urban,2,Girls,1,1,0,1,1,1,1,0,1,1,1,1,0,1,1,0,1,0,0,0,0,1,1,0,1,1,1,0,1,1,0
2018-19,33,Tamilnadu,3307,VILLUPURAM,330712,MUGAIYUR,2,UPS (I-VIII) ,1,Department of Education,Rural,3,Co-educational,21,21,18,21,19,20,21,19,21,21,18,18,16,17,20,8,3,0,0,6,0,18,18,0,17,17,17,1,21,13,6
2018-19,33,Tamilnadu,3307,VILLUPURAM,330712,MUGAIYUR,2,UPS (I-VIII) ,4,Government Aided,Rural,3,Co-educational,1,1,1,1,1,1,1,1,1,1,1,1,1,1,1,0,0,0,0,1,0,1,1,0,1,1,1,0,1,0,0
2018-19,33,Tamilnadu,3307,VILLUPURAM,330712,MUGAIYUR,2,UPS (I-VIII) ,5,Private Unaided (Recognized),Rural,3,Co-educational,1,1,0,1,1,1,1,1,1,1,1,1,1,1,1,1,0,1,0,0,0,1,0,0,1,1,0,0,1,1,0
2018-19,33,Tamilnadu,3307,VILLUPURAM,330712,MUGAIYUR,2,UPS (I-VIII) ,6,Other Govt. managed schools,Rural,3,Co-educational,1,1,1,1,1,1,1,1,1,0,0,1,1,1,1,0,0,0,0,1,0,0,1,0,1,1,1,0,1,1,0
2018-19,33,Tamilnadu,3307,VILLUPURAM,330712,MUGAIYUR,2,UPS (I-VIII) ,5,Private Unaided (Recognized),Urban,3,Co-educational,1,1,1,0,1,1,1,1,1,1,1,1,1,1,1,1,0,0,0,0,0,1,1,0,1,1,1,0,1,1,0
2018-19,33,Tamilnadu,3307,VILLUPURAM,330712,MUGAIYUR,4,UPS (VI-VIII) ,4,Government Aided,Rural,3,Co-educational,1,1,0,0,1,1,1,1,1,1,0,0,0,0,1,0,0,0,0,1,0,1,1,0,1,1,0,0,1,0,0
2018-19,33,Tamilnadu,3307,VILLUPURAM,330713,THIRUKOILUR,3,HSS (I-XII),5,Private Unaided (Recognized),Urban,3,Co-educational,2,2,2,2,2,2,2,2,2,2,2,2,2,0,2,2,0,2,0,1,0,2,2,0,2,2,2,0,2,2,0
2018-19,33,Tamilnadu,3307,VILLUPURAM,330713,THIRUKOILUR,5, HSS (VI-XII),1,Department of Education,Urban,1,Boys,1,1,1,0,1,1,1,1,0,1,1,1,1,0,1,1,0,1,0,1,0,1,1,0,1,1,1,0,1,0,0
2018-19,33,Tamilnadu,3307,VILLUPURAM,330713,THIRUKOILUR,5, HSS (VI-XII),1,Department of Education,Urban,2,Girls,1,1,1,0,1,1,1,0,1,1,0,0,0,0,1,1,1,1,1,0,0,1,1,0,1,1,1,0,1,0,0
2018-19,33,Tamilnadu,3307,VILLUPURAM,330713,THIRUKOILUR,5, HSS (VI-XII),4,Government Aided,Urban,2,Girls,1,1,1,0,1,1,1,0,0,0,0,1,0,1,1,1,1,1,0,0,1,1,1,1,1,1,0,0,1,1,0
2018-19,33,Tamilnadu,3307,VILLUPURAM,330713,THIRUKOILUR,5, HSS (VI-XII),1,Department of Education,Rural,3,Co-educational,3,3,3,3,3,3,3,3,3,3,3,3,3,3,3,2,0,0,0,2,0,3,3,0,3,3,3,0,3,3,0
2018-19,33,Tamilnadu,3307,VILLUPURAM,330713,THIRUKOILUR,1,PS (I-V) ,1,Department of Education,Rural,3,Co-educational,39,39,17,32,35,37,39,39,39,39,38,38,38,37,38,3,0,0,10,5,0,35,36,1,25,32,32,0,39,9,5
2018-19,33,Tamilnadu,3307,VILLUPURAM,330713,THIRUKOILUR,1,PS (I-V) ,4,Government Aided,Rural,3,Co-educational,3,3,2,1,3,3,3,2,2,2,2,3,3,3,2,0,0,0,0,1,0,3,2,0,2,2,3,0,3,1,0
2018-19,33,Tamilnadu,3307,VILLUPURAM,330713,THIRUKOILUR,1,PS (I-V) ,5,Private Unaided (Recognized),Rural,3,Co-educational,4,4,1,3,2,2,4,4,4,4,3,3,3,3,4,2,0,1,0,2,0,3,3,0,4,4,0,0,4,2,0
2018-19,33,Tamilnadu,3307,VILLUPURAM,330713,THIRUKOILUR,1,PS (I-V) ,1,Department of Education,Urban,3,Co-educational,1,1,1,1,1,1,1,1,1,1,1,1,1,1,1,1,0,0,0,0,0,1,1,0,1,0,1,0,1,0,0
2018-19,33,Tamilnadu,3307,VILLUPURAM,330713,THIRUKOILUR,1,PS (I-V) ,4,Government Aided,Urban,3,Co-educational,2,2,1,0,2,2,2,2,2,2,2,2,2,2,2,1,0,0,0,0,0,2,2,0,2,1,1,0,2,0,0
2018-19,33,Tamilnadu,3307,VILLUPURAM,330713,THIRUKOILUR,1,PS (I-V) ,5,Private Unaided (Recognized),Urban,3,Co-educational,4,4,2,4,3,3,4,4,4,4,4,4,4,3,3,3,0,2,1,1,1,4,4,1,4,4,4,0,4,3,1
2018-19,33,Tamilnadu,3307,VILLUPURAM,330713,THIRUKOILUR,6, SS (I-X) ,5,Private Unaided (Recognized),Rural,3,Co-educational,2,2,1,0,2,2,2,2,2,2,2,2,2,2,2,1,0,2,0,1,0,2,1,0,2,2,0,0,2,2,0
2018-19,33,Tamilnadu,3307,VILLUPURAM,330713,THIRUKOILUR,6, SS (I-X) ,5,Private Unaided (Recognized),Urban,3,Co-educational,1,1,1,1,0,0,1,1,1,1,1,1,1,1,1,1,0,1,0,0,0,1,1,0,1,1,0,0,1,1,0
2018-19,33,Tamilnadu,3307,VILLUPURAM,330713,THIRUKOILUR,7,SS (VI-X),1,Department of Education,Rural,2,Girls,1,1,1,0,1,1,1,0,1,1,1,1,0,1,1,1,0,0,0,1,0,0,1,0,1,1,0,0,1,0,0
2018-19,33,Tamilnadu,3307,VILLUPURAM,330713,THIRUKOILUR,7,SS (VI-X),1,Department of Education,Rural,3,Co-educational,10,10,8,3,9,10,10,10,10,10,8,8,8,7,9,7,5,0,0,9,0,10,8,3,9,10,10,0,10,9,2
2018-19,33,Tamilnadu,3307,VILLUPURAM,330713,THIRUKOILUR,7,SS (VI-X),4,Government Aided,Rural,3,Co-educational,1,1,1,0,1,1,1,1,1,1,1,1,1,1,1,0,0,0,0,1,0,1,1,0,1,0,0,0,1,0,0
2018-19,33,Tamilnadu,3307,VILLUPURAM,330713,THIRUKOILUR,2,UPS (I-VIII) ,1,Department of Education,Rural,3,Co-educational,28,27,25,27,25,26,28,25,27,27,23,24,20,23,25,15,5,0,8,8,2,27,25,2,17,18,24,0,28,9,4
2018-19,33,Tamilnadu,3307,VILLUPURAM,330713,THIRUKOILUR,2,UPS (I-VIII) ,4,Government Aided,Rural,3,Co-educational,4,4,4,0,4,4,4,4,4,4,4,4,4,4,4,3,0,0,1,3,0,3,4,1,4,4,2,0,4,0,1
2018-19,33,Tamilnadu,3307,VILLUPURAM,330713,THIRUKOILUR,2,UPS (I-VIII) ,5,Private Unaided (Recognized),Rural,3,Co-educational,1,1,0,1,1,1,1,1,1,1,1,1,1,0,1,0,0,1,0,0,0,1,0,0,1,1,0,0,1,0,0
2018-19,33,Tamilnadu,3307,VILLUPURAM,330713,THIRUKOILUR,2,UPS (I-VIII) ,5,Private Unaided (Recognized),Urban,3,Co-educational,1,1,1,0,1,1,1,1,1,1,0,0,0,0,1,0,0,0,0,0,0,1,1,0,1,0,0,0,1,0,0
2018-19,33,Tamilnadu,3307,VILLUPURAM,330713,THIRUKOILUR,4,UPS (VI-VIII) ,6,Other Govt. managed schools,Rural,2,Girls,1,1,1,1,1,1,1,0,1,1,1,1,0,1,1,0,1,1,0,0,0,1,1,0,1,0,0,0,1,1,0
2018-19,33,Tamilnadu,3307,VILLUPURAM,330714,THIRUVENNAINALLUR,3,HSS (I-XII),5,Private Unaided (Recognized),Rural,3,Co-educational,1,1,0,0,1,1,1,1,1,1,1,1,1,1,1,1,0,1,0,0,0,1,1,0,1,1,0,0,1,1,0
2018-19,33,Tamilnadu,3307,VILLUPURAM,330714,THIRUVENNAINALLUR,5, HSS (VI-XII),1,Department of Education,Rural,1,Boys,1,1,0,0,1,1,1,1,0,1,1,1,1,0,1,1,0,0,0,1,0,1,0,0,1,0,0,0,1,1,0
2018-19,33,Tamilnadu,3307,VILLUPURAM,330714,THIRUVENNAINALLUR,5, HSS (VI-XII),1,Department of Education,Rural,2,Girls,1,1,1,1,1,1,1,0,1,1,1,1,0,1,1,0,0,1,0,1,0,1,1,0,1,1,1,0,1,1,0
2018-19,33,Tamilnadu,3307,VILLUPURAM,330714,THIRUVENNAINALLUR,5, HSS (VI-XII),1,Department of Education,Urban,2,Girls,1,1,1,1,1,1,1,0,1,1,1,1,0,1,1,0,0,1,0,0,0,1,1,0,0,1,1,0,1,1,0
2018-19,33,Tamilnadu,3307,VILLUPURAM,330714,THIRUVENNAINALLUR,5, HSS (VI-XII),1,Department of Education,Rural,3,Co-educational,8,8,8,8,8,8,8,8,8,8,8,8,8,7,8,4,7,6,0,7,0,8,8,0,8,8,7,0,8,4,0
2018-19,33,Tamilnadu,3307,VILLUPURAM,330714,THIRUVENNAINALLUR,5, HSS (VI-XII),5,Private Unaided (Recognized),Rural,3,Co-educational,1,1,0,1,1,1,1,1,1,1,1,1,1,1,1,1,0,1,0,1,0,1,1,1,1,1,0,0,1,0,0
2018-19,33,Tamilnadu,3307,VILLUPURAM,330714,THIRUVENNAINALLUR,5, HSS (VI-XII),4,Government Aided,Urban,3,Co-educational,1,1,1,1,1,1,1,1,1,1,1,1,1,1,1,1,0,1,0,1,0,1,1,0,1,1,1,0,1,1,0
2018-19,33,Tamilnadu,3307,VILLUPURAM,330714,THIRUVENNAINALLUR,5, HSS (VI-XII),5,Private Unaided (Recognized),Urban,3,Co-educational,1,1,1,1,1,1,1,1,1,1,1,1,1,1,1,1,0,1,1,1,0,1,1,1,1,1,1,0,1,1,1
2018-19,33,Tamilnadu,3307,VILLUPURAM,330714,THIRUVENNAINALLUR,1,PS (I-V) ,1,Department of Education,Rural,3,Co-educational,50,49,26,40,43,46,50,42,47,49,45,46,42,43,37,4,0,0,0,19,0,49,46,0,32,34,40,0,50,23,0
2018-19,33,Tamilnadu,3307,VILLUPURAM,330714,THIRUVENNAINALLUR,1,PS (I-V) ,4,Government Aided,Rural,3,Co-educational,6,6,4,1,6,6,6,6,6,6,6,6,6,6,5,1,0,0,0,1,0,6,5,0,5,4,4,0,6,2,0
2018-19,33,Tamilnadu,3307,VILLUPURAM,330714,THIRUVENNAINALLUR,1,PS (I-V) ,5,Private Unaided (Recognized),Rural,3,Co-educational,6,6,2,4,5,5,6,6,6,6,4,4,3,4,6,5,0,2,0,4,0,3,3,0,6,3,3,0,6,4,0
2018-19,33,Tamilnadu,3307,VILLUPURAM,330714,THIRUVENNAINALLUR,1,PS (I-V) ,5,Private Unaided (Recognized),Urban,3,Co-educational,2,2,2,2,1,1,2,2,2,2,2,2,2,2,2,1,0,1,0,2,0,2,2,0,2,2,0,0,2,2,0
2018-19,33,Tamilnadu,3307,VILLUPURAM,330714,THIRUVENNAINALLUR,6, SS (I-X) ,5,Private Unaided (Recognized),Rural,3,Co-educational,1,1,1,1,1,1,1,1,1,1,1,1,1,1,1,1,0,1,0,1,0,1,1,0,1,1,1,0,1,0,0
2018-19,33,Tamilnadu,3307,VILLUPURAM,330714,THIRUVENNAINALLUR,7,SS (VI-X),1,Department of Education,Rural,3,Co-educational,7,7,7,2,6,7,7,7,7,7,7,7,7,7,7,6,5,1,0,3,0,6,7,0,3,7,6,0,7,2,1
2018-19,33,Tamilnadu,3307,VILLUPURAM,330714,THIRUVENNAINALLUR,2,UPS (I-VIII) ,1,Department of Education,Rural,3,Co-educational,22,22,22,22,20,20,22,20,22,22,20,20,18,20,22,14,3,0,0,8,0,22,22,0,18,17,19,0,22,10,0
2018-19,33,Tamilnadu,3307,VILLUPURAM,330714,THIRUVENNAINALLUR,2,UPS (I-VIII) ,4,Government Aided,Rural,3,Co-educational,1,1,1,1,1,1,1,1,1,1,1,1,1,1,1,1,0,0,0,1,0,1,1,0,1,1,1,0,1,0,0
2018-19,33,Tamilnadu,3307,VILLUPURAM,330714,THIRUVENNAINALLUR,2,UPS (I-VIII) ,5,Private Unaided (Recognized),Rural,3,Co-educational,2,2,0,1,2,2,2,2,2,2,2,2,2,2,2,0,0,1,0,0,0,1,1,0,2,1,0,0,2,0,0
2018-19,33,Tamilnadu,3307,VILLUPURAM,330714,THIRUVENNAINALLUR,2,UPS (I-VIII) ,1,Department of Education,Urban,3,Co-educational,1,1,1,1,1,1,1,1,1,1,1,1,1,1,1,1,0,0,0,0,0,1,1,0,1,1,1,0,1,0,0
2018-19,33,Tamilnadu,3307,VILLUPURAM,330714,THIRUVENNAINALLUR,4,UPS (VI-VIII) ,6,Other Govt. managed schools,Rural,2,Girls,2,2,2,2,1,2,2,0,2,2,2,2,0,2,1,1,2,2,0,0,0,2,2,0,2,2,2,0,2,2,0
2018-19,33,Tamilnadu,3307,VILLUPURAM,330715,SANKARAPURAM,3,HSS (I-XII),5,Private Unaided (Recognized),Rural,3,Co-educational,6,6,5,5,5,6,6,6,6,6,6,6,6,6,6,4,2,4,1,2,1,6,5,1,6,5,2,1,6,5,1
2018-19,33,Tamilnadu,3307,VILLUPURAM,330715,SANKARAPURAM,3,HSS (I-XII),5,Private Unaided (Recognized),Urban,3,Co-educational,3,3,1,2,3,3,3,3,3,3,3,3,3,3,3,3,1,2,0,1,0,3,1,0,3,3,1,0,3,3,0
2018-19,33,Tamilnadu,3307,VILLUPURAM,330715,SANKARAPURAM,5, HSS (VI-XII),1,Department of Education,Rural,1,Boys,1,1,1,1,1,1,1,1,0,1,1,1,1,0,1,1,0,1,0,0,0,1,1,1,1,1,1,0,1,0,0
2018-19,33,Tamilnadu,3307,VILLUPURAM,330715,SANKARAPURAM,5, HSS (VI-XII),1,Department of Education,Urban,1,Boys,1,1,1,0,1,1,1,1,0,1,1,1,1,0,1,1,0,1,0,0,0,1,1,0,1,1,1,0,1,1,0
2018-19,33,Tamilnadu,3307,VILLUPURAM,330715,SANKARAPURAM,5, HSS (VI-XII),1,Department of Education,Rural,2,Girls,1,1,1,1,1,1,1,0,1,1,1,1,0,1,1,1,1,1,0,0,0,1,1,0,1,1,1,0,1,0,0
2018-19,33,Tamilnadu,3307,VILLUPURAM,330715,SANKARAPURAM,5, HSS (VI-XII),1,Department of Education,Urban,2,Girls,1,1,1,0,1,1,1,0,1,1,1,1,0,1,1,0,1,1,0,1,0,1,1,0,1,1,1,0,1,0,0
2018-19,33,Tamilnadu,3307,VILLUPURAM,330715,SANKARAPURAM,5, HSS (VI-XII),1,Department of Education,Rural,3,Co-educational,9,9,8,6,9,9,9,9,9,9,8,8,8,8,7,2,3,6,1,5,0,9,8,3,9,9,8,0,9,5,0
2018-19,33,Tamilnadu,3307,VILLUPURAM,330715,SANKARAPURAM,5, HSS (VI-XII),4,Government Aided,Rural,3,Co-educational,2,2,2,1,2,2,2,2,2,2,2,2,2,2,2,2,1,2,0,1,0,2,2,0,2,2,1,0,2,1,0
2018-19,33,Tamilnadu,3307,VILLUPURAM,330715,SANKARAPURAM,5, HSS (VI-XII),5,Private Unaided (Recognized),Rural,3,Co-educational,1,1,0,0,1,1,1,1,1,1,1,1,1,1,1,1,1,1,0,0,0,1,0,0,1,1,0,0,1,0,0
2018-19,33,Tamilnadu,3307,VILLUPURAM,330715,SANKARAPURAM,1,PS (I-V) ,4,Government Aided,Rural,1,Boys,1,1,0,0,1,1,1,1,0,1,1,1,1,0,1,1,0,0,0,0,0,1,1,0,1,1,0,0,1,0,0
2018-19,33,Tamilnadu,3307,VILLUPURAM,330715,SANKARAPURAM,1,PS (I-V) ,4,Government Aided,Rural,2,Girls,1,1,1,1,1,1,1,0,1,1,1,1,0,1,1,1,0,1,0,0,0,1,1,0,1,0,0,0,1,0,0
2018-19,33,Tamilnadu,3307,VILLUPURAM,330715,SANKARAPURAM,1,PS (I-V) ,1,Department of Education,Rural,3,Co-educational,55,55,38,45,49,52,55,52,54,54,42,42,42,42,51,6,0,0,3,17,1,55,53,12,52,49,46,0,55,26,3
2018-19,33,Tamilnadu,3307,VILLUPURAM,330715,SANKARAPURAM,1,PS (I-V) ,2,Tribal Welfare Department,Rural,3,Co-educational,10,10,7,6,10,10,10,10,10,10,10,10,10,9,10,1,0,0,0,0,0,10,9,1,9,9,4,0,10,1,0
2018-19,33,Tamilnadu,3307,VILLUPURAM,330715,SANKARAPURAM,1,PS (I-V) ,4,Government Aided,Rural,3,Co-educational,5,5,2,2,5,5,5,4,4,4,3,4,4,3,5,1,1,1,1,1,0,5,3,0,4,5,3,0,5,0,0
2018-19,33,Tamilnadu,3307,VILLUPURAM,330715,SANKARAPURAM,1,PS (I-V) ,5,Private Unaided (Recognized),Rural,3,Co-educational,20,20,9,12,20,20,20,20,20,20,17,17,17,17,20,5,0,6,1,9,0,18,14,0,20,19,4,1,20,9,1
2018-19,33,Tamilnadu,3307,VILLUPURAM,330715,SANKARAPURAM,1,PS (I-V) ,1,Department of Education,Urban,3,Co-educational,3,3,2,3,3,3,3,3,3,3,3,3,3,3,3,0,0,0,0,0,0,3,3,1,3,2,3,0,3,0,0
2018-19,33,Tamilnadu,3307,VILLUPURAM,330715,SANKARAPURAM,1,PS (I-V) ,4,Government Aided,Urban,3,Co-educational,1,1,1,0,1,1,1,1,1,1,1,1,1,1,1,0,0,0,0,1,0,1,1,0,1,1,1,0,1,0,0
2018-19,33,Tamilnadu,3307,VILLUPURAM,330715,SANKARAPURAM,1,PS (I-V) ,5,Private Unaided (Recognized),Urban,3,Co-educational,6,6,2,3,6,6,6,6,6,6,5,5,5,5,6,4,0,1,0,1,0,6,2,0,6,5,0,0,6,4,0
2018-19,33,Tamilnadu,3307,VILLUPURAM,330715,SANKARAPURAM,6, SS (I-X) ,2,Tribal Welfare Department,Rural,3,Co-educational,1,1,1,1,1,1,1,1,1,1,1,1,1,1,1,1,1,0,0,0,0,1,1,0,1,1,1,0,1,0,0
2018-19,33,Tamilnadu,3307,VILLUPURAM,330715,SANKARAPURAM,6, SS (I-X) ,5,Private Unaided (Recognized),Rural,3,Co-educational,1,1,0,1,1,1,1,1,1,1,1,1,1,1,1,1,0,1,0,1,0,1,0,1,1,1,1,0,1,1,0
2018-19,33,Tamilnadu,3307,VILLUPURAM,330715,SANKARAPURAM,6, SS (I-X) ,6,Other Govt. managed schools,Urban,3,Co-educational,1,1,1,1,1,1,1,1,1,1,1,1,1,1,1,1,0,0,0,0,0,1,1,0,1,1,1,0,1,1,0
2018-19,33,Tamilnadu,3307,VILLUPURAM,330715,SANKARAPURAM,7,SS (VI-X),1,Department of Education,Rural,2,Girls,1,0,0,1,1,1,1,0,1,1,1,1,0,1,1,0,1,1,0,0,0,1,0,1,1,1,1,0,1,0,0
2018-19,33,Tamilnadu,3307,VILLUPURAM,330715,SANKARAPURAM,7,SS (VI-X),1,Department of Education,Rural,3,Co-educational,6,5,5,4,6,6,6,6,6,6,5,5,5,5,4,4,4,3,0,3,0,5,5,2,6,5,5,0,6,4,1
2018-19,33,Tamilnadu,3307,VILLUPURAM,330715,SANKARAPURAM,7,SS (VI-X),2,Tribal Welfare Department,Rural,3,Co-educational,1,1,0,0,1,1,1,1,1,1,1,1,1,1,1,1,0,0,0,0,0,1,0,0,0,0,1,0,1,0,0
2018-19,33,Tamilnadu,3307,VILLUPURAM,330715,SANKARAPURAM,7,SS (VI-X),4,Government Aided,Rural,3,Co-educational,1,1,0,1,1,1,1,1,1,1,1,1,1,1,1,1,0,1,0,1,0,1,0,0,1,1,1,0,1,0,0
2018-19,33,Tamilnadu,3307,VILLUPURAM,330715,SANKARAPURAM,2,UPS (I-VIII) ,1,Department of Education,Rural,3,Co-educational,14,13,11,14,14,14,14,14,14,14,14,14,13,13,14,2,4,0,0,2,0,14,11,3,12,13,11,0,14,3,0
2018-19,33,Tamilnadu,3307,VILLUPURAM,330715,SANKARAPURAM,2,UPS (I-VIII) ,2,Tribal Welfare Department,Rural,3,Co-educational,7,7,6,6,7,7,7,7,7,7,7,7,7,7,7,2,0,0,0,1,0,7,7,1,6,5,1,2,7,1,1
2018-19,33,Tamilnadu,3307,VILLUPURAM,330715,SANKARAPURAM,2,UPS (I-VIII) ,4,Government Aided,Rural,3,Co-educational,3,3,3,1,3,3,3,2,2,2,1,1,1,1,3,1,1,0,0,3,0,2,3,0,3,3,3,0,3,0,0
2018-19,33,Tamilnadu,3307,VILLUPURAM,330715,SANKARAPURAM,2,UPS (I-VIII) ,5,Private Unaided (Recognized),Rural,3,Co-educational,2,2,1,2,2,2,2,2,2,2,2,2,2,2,2,2,0,2,0,1,0,2,1,0,2,2,1,0,2,2,0
2018-19,33,Tamilnadu,3307,VILLUPURAM,330715,SANKARAPURAM,2,UPS (I-VIII) ,1,Department of Education,Urban,3,Co-educational,1,1,1,1,1,1,1,1,1,1,1,1,1,1,1,0,0,0,0,0,0,1,1,1,1,1,0,0,1,1,1
2018-19,33,Tamilnadu,3307,VILLUPURAM,330715,SANKARAPURAM,2,UPS (I-VIII) ,2,Tribal Welfare Department,Urban,3,Co-educational,1,1,1,1,1,1,1,1,1,1,1,1,1,1,1,0,0,0,0,0,0,1,1,0,1,1,1,0,1,0,0
2018-19,33,Tamilnadu,3307,VILLUPURAM,330715,SANKARAPURAM,4,UPS (VI-VIII) ,5,Private Unaided (Recognized),Rural,3,Co-educational,1,1,1,0,1,1,1,1,1,1,1,1,1,1,1,0,1,0,0,0,0,1,1,0,1,1,0,0,1,0,0
2018-19,33,Tamilnadu,3307,VILLUPURAM,330716,RISHIVANTHIYAM,5, HSS (VI-XII),1,Department of Education,Rural,3,Co-educational,7,7,6,6,7,7,7,7,7,7,6,6,6,5,6,5,2,3,0,4,0,7,6,2,7,6,5,0,7,4,1
2018-19,33,Tamilnadu,3307,VILLUPURAM,330716,RISHIVANTHIYAM,5, HSS (VI-XII),5,Private Unaided (Recognized),Rural,3,Co-educational,1,1,0,0,1,1,1,1,1,1,1,1,1,1,1,1,0,1,0,0,0,1,0,0,1,1,1,0,1,0,0
2018-19,33,Tamilnadu,3307,VILLUPURAM,330716,RISHIVANTHIYAM,1,PS (I-V) ,4,Government Aided,Rural,1,Boys,1,1,0,0,1,1,1,1,0,1,1,1,1,0,1,1,0,0,0,0,0,1,0,0,1,0,1,0,1,0,0
2018-19,33,Tamilnadu,3307,VILLUPURAM,330716,RISHIVANTHIYAM,1,PS (I-V) ,4,Government Aided,Rural,2,Girls,1,1,1,0,0,0,1,0,1,1,1,1,0,1,1,0,0,0,0,0,0,1,1,0,0,1,0,0,1,0,0
2018-19,33,Tamilnadu,3307,VILLUPURAM,330716,RISHIVANTHIYAM,1,PS (I-V) ,1,Department of Education,Rural,3,Co-educational,50,50,23,35,50,50,50,44,50,50,47,47,43,45,46,4,0,0,1,17,0,42,39,1,41,36,27,0,50,8,3
2018-19,33,Tamilnadu,3307,VILLUPURAM,330716,RISHIVANTHIYAM,1,PS (I-V) ,4,Government Aided,Rural,3,Co-educational,6,6,5,1,5,6,6,6,6,6,5,5,5,5,6,0,1,0,0,1,0,6,5,0,6,5,1,0,6,0,0
2018-19,33,Tamilnadu,3307,VILLUPURAM,330716,RISHIVANTHIYAM,1,PS (I-V) ,5,Private Unaided (Recognized),Rural,3,Co-educational,10,10,2,6,10,10,10,10,10,10,10,10,10,9,9,3,1,3,0,4,0,8,4,1,10,8,2,1,10,3,2
2018-19,33,Tamilnadu,3307,VILLUPURAM,330716,RISHIVANTHIYAM,6, SS (I-X) ,5,Private Unaided (Recognized),Rural,3,Co-educational,1,1,0,0,1,1,1,1,1,1,1,1,1,1,1,1,0,1,0,0,0,1,1,0,1,1,0,0,1,0,0
2018-19,33,Tamilnadu,3307,VILLUPURAM,330716,RISHIVANTHIYAM,7,SS (VI-X),1,Department of Education,Rural,2,Girls,1,1,1,0,1,1,1,0,1,1,1,1,0,1,1,0,1,1,0,1,0,1,1,1,1,1,0,0,1,0,0
2018-19,33,Tamilnadu,3307,VILLUPURAM,330716,RISHIVANTHIYAM,7,SS (VI-X),1,Department of Education,Rural,3,Co-educational,4,4,3,2,3,4,4,4,4,4,4,4,3,4,4,2,3,1,0,3,0,4,3,0,4,2,4,0,4,1,0
2018-19,33,Tamilnadu,3307,VILLUPURAM,330716,RISHIVANTHIYAM,7,SS (VI-X),4,Government Aided,Rural,3,Co-educational,2,2,2,0,1,1,2,2,2,2,2,2,2,2,2,1,0,0,0,2,0,2,2,0,2,2,1,0,2,2,0
2018-19,33,Tamilnadu,3307,VILLUPURAM,330716,RISHIVANTHIYAM,2,UPS (I-VIII) ,1,Department of Education,Rural,3,Co-educational,28,28,21,26,27,27,28,24,28,28,22,22,21,22,27,7,6,4,0,15,0,27,21,2,27,24,24,0,28,4,0
2018-19,33,Tamilnadu,3307,VILLUPURAM,330716,RISHIVANTHIYAM,2,UPS (I-VIII) ,4,Government Aided,Rural,3,Co-educational,1,1,0,1,1,1,1,1,1,1,1,1,1,1,1,0,0,0,0,0,0,1,0,0,1,1,1,0,1,0,0
2018-19,33,Tamilnadu,3307,VILLUPURAM,330716,RISHIVANTHIYAM,2,UPS (I-VIII) ,90,Social welfare Department,Rural,3,Co-educational,2,2,0,1,2,2,2,2,2,2,1,1,1,1,2,1,0,0,0,1,0,2,0,0,1,2,0,0,2,2,0
2018-19,33,Tamilnadu,3307,VILLUPURAM,330716,RISHIVANTHIYAM,4,UPS (VI-VIII) ,6,Other Govt. managed schools,Rural,2,Girls,2,2,2,2,1,1,2,0,2,2,2,2,0,2,2,1,2,1,0,2,0,2,2,0,2,2,1,0,2,2,0
2018-19,33,Tamilnadu,3307,VILLUPURAM,330716,RISHIVANTHIYAM,4,UPS (VI-VIII) ,5,Private Unaided (Recognized),Rural,3,Co-educational,1,1,0,0,1,1,1,1,1,1,1,1,1,1,1,0,0,0,0,0,0,0,0,0,1,0,0,0,1,0,0
2018-19,33,Tamilnadu,3307,VILLUPURAM,330717,KALLAKURICHI,3,HSS (I-XII),5,Private Unaided (Recognized),Rural,3,Co-educational,8,8,4,8,8,8,8,8,8,8,8,8,8,7,7,7,2,7,0,2,0,8,6,1,8,8,5,0,8,8,0
2018-19,33,Tamilnadu,3307,VILLUPURAM,330717,KALLAKURICHI,3,HSS (I-XII),5,Private Unaided (Recognized),Urban,3,Co-educational,2,2,1,1,2,2,2,2,2,2,2,2,2,2,2,2,2,2,0,0,0,2,2,0,2,2,1,0,2,2,0
2018-19,33,Tamilnadu,3307,VILLUPURAM,330717,KALLAKURICHI,5, HSS (VI-XII),1,Department of Education,Rural,1,Boys,1,1,0,1,1,1,1,1,0,1,1,1,1,0,1,1,0,0,1,1,1,1,1,0,1,0,0,1,1,1,1
2018-19,33,Tamilnadu,3307,VILLUPURAM,330717,KALLAKURICHI,5, HSS (VI-XII),1,Department of Education,Urban,1,Boys,1,1,1,0,1,1,1,1,0,1,1,1,1,0,1,0,0,1,0,0,0,1,1,1,1,1,1,0,1,0,0
2018-19,33,Tamilnadu,3307,VILLUPURAM,330717,KALLAKURICHI,5, HSS (VI-XII),1,Department of Education,Urban,2,Girls,1,1,1,1,1,1,1,0,1,1,1,1,0,1,1,1,1,1,0,1,0,1,1,0,1,1,1,0,1,0,0
2018-19,33,Tamilnadu,3307,VILLUPURAM,330717,KALLAKURICHI,5, HSS (VI-XII),1,Department of Education,Rural,3,Co-educational,6,6,4,4,6,6,6,5,5,5,5,6,5,6,5,2,0,3,0,3,0,5,4,2,5,5,5,0,6,3,1
2018-19,33,Tamilnadu,3307,VILLUPURAM,330717,KALLAKURICHI,5, HSS (VI-XII),2,Tribal Welfare Department,Rural,3,Co-educational,1,1,1,0,1,1,1,0,1,1,1,1,0,1,1,0,0,0,0,1,0,1,1,0,1,1,1,0,1,1,0
2018-19,33,Tamilnadu,3307,VILLUPURAM,330717,KALLAKURICHI,1,PS (I-V) ,1,Department of Education,Urban,1,Boys,1,1,1,1,1,1,1,1,0,1,1,1,1,0,0,0,0,0,0,0,0,1,1,1,1,0,1,0,1,0,0
2018-19,33,Tamilnadu,3307,VILLUPURAM,330717,KALLAKURICHI,1,PS (I-V) ,1,Department of Education,Urban,2,Girls,1,1,1,1,1,1,1,0,1,1,1,1,0,1,1,0,0,0,0,1,0,1,1,1,1,0,1,0,1,0,1
2018-19,33,Tamilnadu,3307,VILLUPURAM,330717,KALLAKURICHI,1,PS (I-V) ,1,Department of Education,Rural,3,Co-educational,54,53,35,42,50,53,54,53,53,53,48,49,48,47,50,7,0,0,6,15,0,48,48,6,50,45,37,0,54,5,5
2018-19,33,Tamilnadu,3307,VILLUPURAM,330717,KALLAKURICHI,1,PS (I-V) ,2,Tribal Welfare Department,Rural,3,Co-educational,15,15,9,6,14,14,15,14,14,14,10,10,10,10,11,0,0,0,2,2,0,14,11,2,13,8,5,1,15,1,1
2018-19,33,Tamilnadu,3307,VILLUPURAM,330717,KALLAKURICHI,1,PS (I-V) ,4,Government Aided,Rural,3,Co-educational,4,4,2,1,4,4,4,4,3,4,2,2,2,2,2,0,0,0,0,1,0,3,2,0,4,1,2,0,4,0,0
2018-19,33,Tamilnadu,3307,VILLUPURAM,330717,KALLAKURICHI,1,PS (I-V) ,5,Private Unaided (Recognized),Rural,3,Co-educational,17,17,4,7,17,17,17,16,16,16,14,14,14,13,16,5,1,7,1,7,0,15,7,1,17,11,3,0,17,9,0
2018-19,33,Tamilnadu,3307,VILLUPURAM,330717,KALLAKURICHI,1,PS (I-V) ,90,Social welfare Department,Rural,3,Co-educational,6,6,3,6,5,5,6,5,6,6,6,6,5,6,4,1,0,0,1,1,0,6,4,0,6,4,2,0,6,2,1
2018-19,33,Tamilnadu,3307,VILLUPURAM,330717,KALLAKURICHI,1,PS (I-V) ,1,Department of Education,Urban,3,Co-educational,4,4,2,4,2,2,4,4,4,4,4,4,4,4,3,0,0,0,0,0,0,3,3,3,1,4,3,0,4,1,3
2018-19,33,Tamilnadu,3307,VILLUPURAM,330717,KALLAKURICHI,1,PS (I-V) ,4,Government Aided,Urban,3,Co-educational,2,2,0,0,2,2,2,2,2,2,2,2,2,2,1,1,0,0,0,0,0,2,1,0,2,2,2,0,2,0,1
2018-19,33,Tamilnadu,3307,VILLUPURAM,330717,KALLAKURICHI,1,PS (I-V) ,5,Private Unaided (Recognized),Urban,3,Co-educational,5,5,1,2,5,5,5,5,5,5,4,4,4,4,5,2,0,1,0,1,0,4,2,0,5,4,0,0,5,3,0
2018-19,33,Tamilnadu,3307,VILLUPURAM,330717,KALLAKURICHI,6, SS (I-X) ,5,Private Unaided (Recognized),Rural,3,Co-educational,5,5,0,3,5,5,5,5,5,5,5,5,5,5,5,3,0,4,0,0,0,5,0,0,5,4,1,0,5,5,0
2018-19,33,Tamilnadu,3307,VILLUPURAM,330717,KALLAKURICHI,6, SS (I-X) ,5,Private Unaided (Recognized),Urban,3,Co-educational,1,1,1,1,1,1,1,1,1,1,1,1,1,1,1,1,0,1,0,1,0,1,1,0,1,1,1,0,1,1,0
2018-19,33,Tamilnadu,3307,VILLUPURAM,330717,KALLAKURICHI,7,SS (VI-X),1,Department of Education,Rural,3,Co-educational,12,12,11,2,12,12,12,11,12,12,11,11,10,10,12,9,4,5,0,6,0,10,11,4,11,12,11,0,12,7,2
2018-19,33,Tamilnadu,3307,VILLUPURAM,330717,KALLAKURICHI,7,SS (VI-X),2,Tribal Welfare Department,Rural,3,Co-educational,2,2,2,0,2,2,2,1,1,1,0,1,0,1,2,0,1,0,0,1,0,2,2,0,2,2,1,0,2,0,0
2018-19,33,Tamilnadu,3307,VILLUPURAM,330717,KALLAKURICHI,7,SS (VI-X),5,Private Unaided (Recognized),Rural,3,Co-educational,3,3,0,1,2,2,3,3,3,3,3,3,3,2,3,1,0,2,0,1,0,3,0,0,3,3,0,0,3,2,0
2018-19,33,Tamilnadu,3307,VILLUPURAM,330717,KALLAKURICHI,7,SS (VI-X),90,Social welfare Department,Rural,3,Co-educational,1,1,1,0,1,1,1,1,1,1,1,1,1,1,1,0,0,0,0,1,0,0,1,0,1,1,1,0,1,1,0
2018-19,33,Tamilnadu,3307,VILLUPURAM,330717,KALLAKURICHI,7,SS (VI-X),1,Department of Education,Urban,3,Co-educational,1,1,1,1,1,1,1,1,1,1,1,1,1,1,1,1,0,1,0,0,0,1,1,0,1,0,1,0,1,1,0
2018-19,33,Tamilnadu,3307,VILLUPURAM,330717,KALLAKURICHI,7,SS (VI-X),5,Private Unaided (Recognized),Urban,3,Co-educational,1,1,0,1,1,1,1,1,1,1,1,1,1,1,1,0,0,1,0,1,0,1,0,0,1,1,0,0,1,1,0
2018-19,33,Tamilnadu,3307,VILLUPURAM,330717,KALLAKURICHI,2,UPS (I-VIII) ,1,Department of Education,Rural,3,Co-educational,16,16,16,15,16,16,16,13,16,16,13,13,11,12,15,5,0,0,3,6,0,15,16,5,12,13,13,0,16,5,1
2018-19,33,Tamilnadu,3307,VILLUPURAM,330717,KALLAKURICHI,2,UPS (I-VIII) ,2,Tribal Welfare Department,Rural,3,Co-educational,5,5,5,1,5,5,5,4,4,4,3,3,3,3,5,0,1,0,0,0,0,5,5,0,5,3,1,0,5,1,0
2018-19,33,Tamilnadu,3307,VILLUPURAM,330717,KALLAKURICHI,2,UPS (I-VIII) ,4,Government Aided,Rural,3,Co-educational,4,4,4,1,4,4,4,4,4,4,3,3,3,2,4,0,0,0,0,3,0,4,4,0,4,4,2,0,4,0,2
2018-19,33,Tamilnadu,3307,VILLUPURAM,330717,KALLAKURICHI,2,UPS (I-VIII) ,5,Private Unaided (Recognized),Rural,3,Co-educational,1,1,0,1,1,1,1,1,1,1,1,1,1,1,1,0,0,0,1,1,0,1,0,0,1,1,1,1,1,1,0
2018-19,33,Tamilnadu,3307,VILLUPURAM,330717,KALLAKURICHI,2,UPS (I-VIII) ,6,Other Govt. managed schools,Rural,3,Co-educational,1,1,1,0,1,1,1,1,1,1,1,1,1,1,1,0,0,0,0,0,0,1,1,0,1,1,0,0,1,1,0
2018-19,33,Tamilnadu,3307,VILLUPURAM,330717,KALLAKURICHI,2,UPS (I-VIII) ,90,Social welfare Department,Rural,3,Co-educational,1,1,0,1,1,1,1,1,1,1,1,1,1,1,1,0,0,0,1,1,0,1,0,1,1,1,1,0,1,1,1
2018-19,33,Tamilnadu,3307,VILLUPURAM,330717,KALLAKURICHI,2,UPS (I-VIII) ,1,Department of Education,Urban,3,Co-educational,2,2,2,2,1,2,2,2,2,2,2,2,2,2,2,0,0,0,1,1,0,2,2,0,2,2,2,0,2,0,1
2018-19,33,Tamilnadu,3307,VILLUPURAM,330717,KALLAKURICHI,2,UPS (I-VIII) ,4,Government Aided,Urban,3,Co-educational,1,1,1,0,1,1,1,1,1,1,1,1,1,1,1,1,0,0,1,1,0,1,1,0,1,1,1,0,1,1,0
2018-19,33,Tamilnadu,3307,VILLUPURAM,330717,KALLAKURICHI,4,UPS (VI-VIII) ,6,Other Govt. managed schools,Rural,2,Girls,4,4,4,3,4,4,4,0,3,3,2,2,0,2,3,0,2,0,1,1,0,3,4,0,4,2,1,2,4,4,0
2018-19,33,Tamilnadu,3307,VILLUPURAM,330718,CHINNASALEM,3,HSS (I-XII),5,Private Unaided (Recognized),Rural,3,Co-educational,4,4,3,4,4,4,4,4,4,4,3,3,3,3,4,4,1,3,0,2,0,4,3,0,4,4,2,0,4,4,0
2018-19,33,Tamilnadu,3307,VILLUPURAM,330718,CHINNASALEM,3,HSS (I-XII),5,Private Unaided (Recognized),Urban,3,Co-educational,3,3,1,1,3,3,3,3,3,3,3,3,3,3,2,2,1,3,0,0,0,3,1,0,3,3,2,0,3,3,0
2018-19,33,Tamilnadu,3307,VILLUPURAM,330718,CHINNASALEM,5, HSS (VI-XII),1,Department of Education,Urban,1,Boys,2,2,2,0,2,2,2,2,0,2,2,2,2,0,2,1,0,2,0,2,0,2,2,0,2,2,2,0,2,1,0
2018-19,33,Tamilnadu,3307,VILLUPURAM,330718,CHINNASALEM,5, HSS (VI-XII),1,Department of Education,Urban,2,Girls,2,2,1,2,2,2,2,0,2,2,2,2,0,2,2,0,2,0,0,1,0,2,1,1,2,2,2,0,2,2,0
2018-19,33,Tamilnadu,3307,VILLUPURAM,330718,CHINNASALEM,5, HSS (VI-XII),1,Department of Education,Rural,3,Co-educational,6,6,6,2,6,6,6,6,6,6,6,6,5,6,5,5,5,3,0,3,0,6,6,3,6,6,6,0,6,2,3
2018-19,33,Tamilnadu,3307,VILLUPURAM,330718,CHINNASALEM,5, HSS (VI-XII),4,Government Aided,Rural,3,Co-educational,3,3,1,1,3,3,3,3,3,3,3,3,3,3,3,3,1,1,0,3,0,3,2,0,3,3,2,0,3,1,1
2018-19,33,Tamilnadu,3307,VILLUPURAM,330718,CHINNASALEM,5, HSS (VI-XII),5,Private Unaided (Recognized),Rural,3,Co-educational,2,2,1,2,2,2,2,2,2,2,2,2,2,2,2,2,0,2,0,0,0,2,1,0,2,2,0,0,2,2,1
2018-19,33,Tamilnadu,3307,VILLUPURAM,330718,CHINNASALEM,5, HSS (VI-XII),2,Tribal Welfare Department,Urban,3,Co-educational,1,1,1,1,1,1,1,1,1,1,1,1,1,1,1,0,0,1,1,1,0,1,1,0,1,1,1,0,1,1,1
2018-19,33,Tamilnadu,3307,VILLUPURAM,330718,CHINNASALEM,5, HSS (VI-XII),4,Government Aided,Urban,3,Co-educational,1,1,1,1,1,1,1,1,1,1,1,1,1,1,1,1,1,1,0,1,0,1,1,0,1,1,1,0,1,1,0
2018-19,33,Tamilnadu,3307,VILLUPURAM,330718,CHINNASALEM,1,PS (I-V) ,1,Department of Education,Rural,3,Co-educational,48,48,23,41,45,47,48,46,48,48,46,46,45,45,47,5,0,0,1,32,0,44,41,4,47,46,37,0,48,22,16
2018-19,33,Tamilnadu,3307,VILLUPURAM,330718,CHINNASALEM,1,PS (I-V) ,4,Government Aided,Rural,3,Co-educational,12,12,5,2,11,11,12,10,11,11,11,11,10,11,9,6,0,0,2,8,0,12,11,1,12,11,7,0,12,8,3
2018-19,33,Tamilnadu,3307,VILLUPURAM,330718,CHINNASALEM,1,PS (I-V) ,5,Private Unaided (Recognized),Rural,3,Co-educational,8,8,5,6,8,8,8,8,8,8,8,8,8,8,8,5,1,6,0,2,0,8,5,0,8,8,4,0,8,8,1
2018-19,33,Tamilnadu,3307,VILLUPURAM,330718,CHINNASALEM,1,PS (I-V) ,90,Social welfare Department,Rural,3,Co-educational,1,1,0,1,1,1,1,1,1,1,1,1,1,1,1,0,0,0,0,0,0,1,1,0,1,1,0,0,1,1,1
2018-19,33,Tamilnadu,3307,VILLUPURAM,330718,CHINNASALEM,1,PS (I-V) ,1,Department of Education,Urban,3,Co-educational,8,8,3,8,6,7,8,7,8,8,8,8,8,8,7,1,0,0,1,2,0,8,7,0,6,7,4,0,8,5,1
2018-19,33,Tamilnadu,3307,VILLUPURAM,330718,CHINNASALEM,1,PS (I-V) ,2,Tribal Welfare Department,Urban,3,Co-educational,1,1,0,0,1,1,1,1,1,1,1,1,1,1,1,0,0,0,0,1,0,1,1,0,1,0,0,0,1,1,0
2018-19,33,Tamilnadu,3307,VILLUPURAM,330718,CHINNASALEM,1,PS (I-V) ,4,Government Aided,Urban,3,Co-educational,3,3,1,0,2,3,3,3,3,3,2,2,2,2,3,3,0,1,1,0,0,2,3,0,3,2,2,0,3,1,0
2018-19,33,Tamilnadu,3307,VILLUPURAM,330718,CHINNASALEM,1,PS (I-V) ,5,Private Unaided (Recognized),Urban,3,Co-educational,6,6,2,5,6,6,6,6,6,6,6,6,6,6,6,1,0,3,0,3,0,6,3,1,6,5,4,0,6,4,1
2018-19,33,Tamilnadu,3307,VILLUPURAM,330718,CHINNASALEM,6, SS (I-X) ,5,Private Unaided (Recognized),Rural,3,Co-educational,3,3,3,1,3,3,3,3,3,3,3,3,3,3,3,2,0,2,0,0,0,3,3,0,3,3,1,0,3,3,0
2018-19,33,Tamilnadu,3307,VILLUPURAM,330718,CHINNASALEM,7,SS (VI-X),1,Department of Education,Rural,3,Co-educational,7,7,6,5,7,7,7,6,7,7,7,7,5,7,7,5,4,3,2,5,0,7,6,2,7,6,7,0,7,4,3
2018-19,33,Tamilnadu,3307,VILLUPURAM,330718,CHINNASALEM,7,SS (VI-X),4,Government Aided,Rural,3,Co-educational,1,1,0,0,1,1,1,1,1,1,1,1,1,1,1,1,1,0,0,1,0,1,0,1,1,1,1,0,1,1,1
2018-19,33,Tamilnadu,3307,VILLUPURAM,330718,CHINNASALEM,7,SS (VI-X),5,Private Unaided (Recognized),Rural,3,Co-educational,3,3,3,3,2,3,3,3,3,3,3,3,3,3,3,2,1,3,1,2,1,3,3,2,3,3,2,0,3,3,2
2018-19,33,Tamilnadu,3307,VILLUPURAM,330718,CHINNASALEM,2,UPS (I-VIII) ,1,Department of Education,Rural,3,Co-educational,13,13,10,11,13,13,13,12,12,12,12,13,13,12,13,8,7,0,0,7,0,12,11,0,13,13,10,0,13,5,4
2018-19,33,Tamilnadu,3307,VILLUPURAM,330718,CHINNASALEM,2,UPS (I-VIII) ,5,Private Unaided (Recognized),Rural,3,Co-educational,1,1,1,1,0,1,1,1,1,1,1,1,1,1,1,1,0,0,0,1,0,1,1,0,1,1,0,0,1,1,0
2018-19,33,Tamilnadu,3307,VILLUPURAM,330718,CHINNASALEM,2,UPS (I-VIII) ,90,Social welfare Department,Rural,3,Co-educational,1,1,0,1,1,1,1,1,1,1,1,1,1,1,1,0,0,0,0,0,0,1,0,0,1,1,1,0,1,0,0
2018-19,33,Tamilnadu,3307,VILLUPURAM,330718,CHINNASALEM,2,UPS (I-VIII) ,1,Department of Education,Urban,3,Co-educational,2,2,2,2,2,2,2,2,2,2,2,2,2,2,2,2,1,0,0,0,0,2,2,0,2,2,2,0,2,0,0
2018-19,33,Tamilnadu,3307,VILLUPURAM,330718,CHINNASALEM,2,UPS (I-VIII) ,4,Government Aided,Urban,3,Co-educational,2,2,1,0,2,2,2,2,2,2,2,2,2,2,2,1,0,1,0,1,0,2,1,0,2,2,2,0,2,1,0
2018-19,33,Tamilnadu,3307,VILLUPURAM,330719,THIYAGADURGAM,3,HSS (I-XII),5,Private Unaided (Recognized),Rural,3,Co-educational,1,1,0,1,1,1,1,1,1,1,1,1,1,1,1,1,1,1,0,0,0,1,0,0,1,0,1,0,1,1,0
2018-19,33,Tamilnadu,3307,VILLUPURAM,330719,THIYAGADURGAM,5, HSS (VI-XII),1,Department of Education,Urban,1,Boys,1,1,1,1,1,1,1,0,0,0,0,0,0,0,0,0,0,0,0,0,0,1,1,0,1,1,1,0,1,1,0
2018-19,33,Tamilnadu,3307,VILLUPURAM,330719,THIYAGADURGAM,5, HSS (VI-XII),1,Department of Education,Urban,2,Girls,1,1,1,1,1,1,1,0,1,1,1,1,0,1,1,0,1,1,0,1,0,1,1,1,1,1,1,0,1,0,1
2018-19,33,Tamilnadu,3307,VILLUPURAM,330719,THIYAGADURGAM,5, HSS (VI-XII),1,Department of Education,Rural,3,Co-educational,6,6,6,6,6,6,6,6,6,6,6,6,6,6,6,5,1,3,1,6,0,6,6,3,6,4,4,0,6,3,1
2018-19,33,Tamilnadu,3307,VILLUPURAM,330719,THIYAGADURGAM,5, HSS (VI-XII),5,Private Unaided (Recognized),Urban,3,Co-educational,1,1,0,1,0,0,1,1,1,1,1,1,1,1,1,1,0,1,0,0,0,1,1,0,1,1,0,0,1,1,0
2018-19,33,Tamilnadu,3307,VILLUPURAM,330719,THIYAGADURGAM,1,PS (I-V) ,1,Department of Education,Urban,1,Boys,1,1,1,0,1,1,1,1,0,1,1,1,1,0,1,0,0,0,0,0,0,1,1,0,0,1,0,0,1,0,0
2018-19,33,Tamilnadu,3307,VILLUPURAM,330719,THIYAGADURGAM,1,PS (I-V) ,1,Department of Education,Urban,2,Girls,1,1,1,0,1,1,1,0,1,1,1,1,0,1,1,0,0,0,0,0,0,1,1,0,0,1,0,0,1,0,0
2018-19,33,Tamilnadu,3307,VILLUPURAM,330719,THIYAGADURGAM,1,PS (I-V) ,1,Department of Education,Rural,3,Co-educational,52,52,28,47,47,50,52,49,51,51,49,50,48,50,50,6,0,1,2,6,2,50,47,5,28,46,36,0,52,12,3
2018-19,33,Tamilnadu,3307,VILLUPURAM,330719,THIYAGADURGAM,1,PS (I-V) ,4,Government Aided,Rural,3,Co-educational,4,4,2,0,3,4,4,3,4,4,3,3,3,3,3,1,0,0,0,2,0,4,3,0,3,4,0,0,4,0,0
2018-19,33,Tamilnadu,3307,VILLUPURAM,330719,THIYAGADURGAM,1,PS (I-V) ,5,Private Unaided (Recognized),Rural,3,Co-educational,2,2,0,0,2,2,2,2,2,2,2,2,2,2,2,2,1,0,0,0,0,2,1,0,2,2,0,0,2,1,0
2018-19,33,Tamilnadu,3307,VILLUPURAM,330719,THIYAGADURGAM,1,PS (I-V) ,90,Social welfare Department,Rural,3,Co-educational,2,2,0,2,2,2,2,2,2,2,2,2,2,2,2,0,0,0,0,0,0,1,1,1,0,2,0,0,2,1,0
2018-19,33,Tamilnadu,3307,VILLUPURAM,330719,THIYAGADURGAM,1,PS (I-V) ,1,Department of Education,Urban,3,Co-educational,8,8,3,7,8,8,8,8,7,7,7,8,8,7,6,2,0,0,1,2,0,8,8,1,5,7,4,0,8,0,1
2018-19,33,Tamilnadu,3307,VILLUPURAM,330719,THIYAGADURGAM,1,PS (I-V) ,5,Private Unaided (Recognized),Urban,3,Co-educational,1,1,1,1,1,1,1,1,1,1,1,1,1,1,1,1,0,1,0,1,0,1,1,0,1,1,0,0,1,1,0
2018-19,33,Tamilnadu,3307,VILLUPURAM,330719,THIYAGADURGAM,6, SS (I-X) ,5,Private Unaided (Recognized),Rural,3,Co-educational,1,1,0,1,1,1,1,1,1,1,1,1,1,1,1,0,0,1,0,1,0,1,0,0,1,1,0,0,1,1,0
2018-19,33,Tamilnadu,3307,VILLUPURAM,330719,THIYAGADURGAM,7,SS (VI-X),1,Department of Education,Rural,3,Co-educational,8,8,8,3,7,7,8,7,7,7,7,7,7,6,6,6,3,0,0,3,0,7,8,1,5,6,6,0,8,3,0
2018-19,33,Tamilnadu,3307,VILLUPURAM,330719,THIYAGADURGAM,7,SS (VI-X),90,Social welfare Department,Rural,3,Co-educational,1,1,1,1,1,1,1,1,1,1,1,1,1,1,1,1,0,0,0,1,0,1,1,1,1,1,1,0,1,0,0
2018-19,33,Tamilnadu,3307,VILLUPURAM,330719,THIYAGADURGAM,2,UPS (I-VIII) ,1,Department of Education,Rural,3,Co-educational,13,13,12,12,13,13,13,13,13,13,13,13,13,12,13,10,1,1,1,3,0,12,12,1,9,11,10,0,13,7,2
2018-19,33,Tamilnadu,3307,VILLUPURAM,330719,THIYAGADURGAM,2,UPS (I-VIII) ,4,Government Aided,Rural,3,Co-educational,1,1,1,1,1,1,1,1,1,1,1,1,1,1,1,0,0,0,1,1,0,1,1,1,1,1,1,0,1,1,0
2018-19,33,Tamilnadu,3307,VILLUPURAM,330719,THIYAGADURGAM,2,UPS (I-VIII) ,90,Social welfare Department,Rural,3,Co-educational,1,1,1,1,1,1,1,1,1,1,1,1,1,1,1,0,0,0,0,0,0,1,1,0,1,1,0,0,1,0,0
2018-19,33,Tamilnadu,3307,VILLUPURAM,330719,THIYAGADURGAM,2,UPS (I-VIII) ,1,Department of Education,Urban,3,Co-educational,1,1,1,1,1,1,1,1,1,1,1,1,1,1,1,1,0,0,0,0,0,1,1,0,1,1,0,0,1,0,0
2018-19,33,Tamilnadu,3307,VILLUPURAM,330719,THIYAGADURGAM,2,UPS (I-VIII) ,5,Private Unaided (Recognized),Urban,3,Co-educational,1,1,1,1,1,1,1,1,1,1,1,1,1,1,1,1,1,1,0,0,1,1,1,1,1,1,1,0,1,1,0
2018-19,33,Tamilnadu,3307,VILLUPURAM,330719,THIYAGADURGAM,4,UPS (VI-VIII) ,6,Other Govt. managed schools,Rural,2,Girls,2,2,2,2,2,2,2,0,2,2,2,2,0,2,1,0,2,2,0,0,0,2,2,0,1,1,0,0,2,1,0
2018-19,33,Tamilnadu,3307,VILLUPURAM,330721,ULUNDURPET,3,HSS (I-XII),5,Private Unaided (Recognized),Rural,3,Co-educational,2,2,1,1,2,2,2,2,2,2,2,2,2,2,2,2,1,0,0,2,0,1,1,0,2,2,0,0,2,2,0
2018-19,33,Tamilnadu,3307,VILLUPURAM,330721,ULUNDURPET,3,HSS (I-XII),5,Private Unaided (Recognized),Urban,3,Co-educational,1,1,1,1,1,1,1,1,1,1,1,1,1,1,1,1,0,1,0,1,0,1,1,0,1,1,0,0,1,1,0
2018-19,33,Tamilnadu,3307,VILLUPURAM,330721,ULUNDURPET,5, HSS (VI-XII),1,Department of Education,Rural,1,Boys,1,1,1,1,1,1,1,1,0,1,0,0,0,0,1,0,0,1,1,1,0,1,1,1,1,1,1,0,1,1,1
2018-19,33,Tamilnadu,3307,VILLUPURAM,330721,ULUNDURPET,5, HSS (VI-XII),1,Department of Education,Urban,1,Boys,1,1,1,1,1,1,1,1,0,1,1,1,1,0,1,0,0,1,1,1,0,1,1,1,1,1,0,0,1,1,1
2018-19,33,Tamilnadu,3307,VILLUPURAM,330721,ULUNDURPET,5, HSS (VI-XII),1,Department of Education,Rural,2,Girls,1,1,0,1,1,1,1,0,1,1,1,1,0,1,1,0,1,1,0,0,0,1,0,0,0,1,1,0,1,1,0
2018-19,33,Tamilnadu,3307,VILLUPURAM,330721,ULUNDURPET,5, HSS (VI-XII),1,Department of Education,Urban,2,Girls,1,1,1,1,1,1,1,0,1,1,1,1,0,1,1,1,1,1,0,1,0,1,1,0,1,1,1,0,1,1,0
2018-19,33,Tamilnadu,3307,VILLUPURAM,330721,ULUNDURPET,5, HSS (VI-XII),1,Department of Education,Rural,3,Co-educational,5,5,5,3,4,5,5,5,5,5,5,5,5,5,4,2,1,3,2,3,0,5,5,2,4,4,4,0,5,2,1
2018-19,33,Tamilnadu,3307,VILLUPURAM,330721,ULUNDURPET,5, HSS (VI-XII),4,Government Aided,Rural,3,Co-educational,1,1,1,1,1,1,1,1,1,1,1,1,1,1,1,1,0,1,0,0,0,1,1,0,1,1,1,0,1,1,0
2018-19,33,Tamilnadu,3307,VILLUPURAM,330721,ULUNDURPET,5, HSS (VI-XII),5,Private Unaided (Recognized),Rural,3,Co-educational,1,1,0,1,0,0,1,1,1,1,1,1,1,0,1,0,1,1,0,0,0,1,0,0,1,1,1,0,1,1,0
2018-19,33,Tamilnadu,3307,VILLUPURAM,330721,ULUNDURPET,5, HSS (VI-XII),4,Government Aided,Urban,3,Co-educational,1,1,1,0,1,1,1,1,1,1,1,1,1,1,1,1,1,1,1,0,0,1,1,1,1,1,0,1,1,1,1
2018-19,33,Tamilnadu,3307,VILLUPURAM,330721,ULUNDURPET,1,PS (I-V) ,1,Department of Education,Rural,1,Boys,1,1,1,1,1,1,1,1,0,1,1,1,1,0,0,0,0,0,1,0,0,1,1,0,1,1,0,0,1,0,0
2018-19,33,Tamilnadu,3307,VILLUPURAM,330721,ULUNDURPET,1,PS (I-V) ,4,Government Aided,Rural,1,Boys,1,1,1,0,1,1,1,1,0,1,1,1,1,0,1,1,0,0,0,0,0,1,1,0,1,1,0,0,1,0,0
2018-19,33,Tamilnadu,3307,VILLUPURAM,330721,ULUNDURPET,1,PS (I-V) ,1,Department of Education,Rural,2,Girls,1,1,1,1,0,1,1,0,1,1,1,1,0,1,0,0,0,0,0,1,0,1,1,0,1,1,1,0,1,0,0
2018-19,33,Tamilnadu,3307,VILLUPURAM,330721,ULUNDURPET,1,PS (I-V) ,4,Government Aided,Rural,2,Girls,1,1,1,1,1,1,1,0,1,1,1,1,0,1,1,1,0,1,1,0,0,1,1,1,1,1,1,0,1,0,1
2018-19,33,Tamilnadu,3307,VILLUPURAM,330721,ULUNDURPET,1,PS (I-V) ,1,Department of Education,Rural,3,Co-educational,65,65,37,58,60,65,65,60,63,65,63,63,58,62,61,11,0,0,22,13,0,63,58,22,58,60,44,0,65,5,20
2018-19,33,Tamilnadu,3307,VILLUPURAM,330721,ULUNDURPET,1,PS (I-V) ,4,Government Aided,Rural,3,Co-educational,8,8,7,2,8,8,8,7,7,7,6,7,7,7,6,0,0,0,2,3,0,8,8,1,7,4,6,0,8,0,2
2018-19,33,Tamilnadu,3307,VILLUPURAM,330721,ULUNDURPET,1,PS (I-V) ,5,Private Unaided (Recognized),Rural,3,Co-educational,6,6,3,4,6,6,6,6,6,6,6,6,6,6,6,3,0,2,0,1,0,6,3,1,6,6,2,0,6,4,1
2018-19,33,Tamilnadu,3307,VILLUPURAM,330721,ULUNDURPET,1,PS (I-V) ,90,Social welfare Department,Rural,3,Co-educational,4,4,3,2,4,4,4,4,4,4,3,3,3,3,4,0,0,0,1,2,0,4,4,2,3,3,3,0,4,1,2
2018-19,33,Tamilnadu,3307,VILLUPURAM,330721,ULUNDURPET,1,PS (I-V) ,1,Department of Education,Urban,3,Co-educational,1,1,0,0,1,1,1,1,1,1,1,1,1,1,1,0,0,0,0,0,0,1,0,0,1,1,0,0,1,1,0
2018-19,33,Tamilnadu,3307,VILLUPURAM,330721,ULUNDURPET,1,PS (I-V) ,4,Government Aided,Urban,3,Co-educational,1,1,1,0,1,1,1,1,1,1,1,1,1,1,1,1,0,0,0,0,0,1,1,0,1,1,1,0,1,0,0
2018-19,33,Tamilnadu,3307,VILLUPURAM,330721,ULUNDURPET,1,PS (I-V) ,5,Private Unaided (Recognized),Urban,3,Co-educational,3,3,0,3,3,3,3,3,3,3,3,3,3,3,3,2,0,2,0,0,0,3,1,0,3,3,1,0,3,3,0
2018-19,33,Tamilnadu,3307,VILLUPURAM,330721,ULUNDURPET,6, SS (I-X) ,5,Private Unaided (Recognized),Rural,3,Co-educational,5,5,1,3,5,5,5,5,5,5,5,5,5,4,4,3,0,3,0,2,0,5,2,0,5,4,3,0,5,5,0
2018-19,33,Tamilnadu,3307,VILLUPURAM,330721,ULUNDURPET,6, SS (I-X) ,5,Private Unaided (Recognized),Urban,3,Co-educational,2,2,1,2,2,2,2,2,2,2,2,2,2,2,2,1,0,2,0,1,0,2,2,0,2,2,2,0,2,2,0
2018-19,33,Tamilnadu,3307,VILLUPURAM,330721,ULUNDURPET,7,SS (VI-X),4,Government Aided,Rural,2,Girls,1,1,1,1,1,1,1,0,1,1,1,1,0,1,1,1,0,1,1,0,0,1,1,1,1,1,1,0,1,0,1
2018-19,33,Tamilnadu,3307,VILLUPURAM,330721,ULUNDURPET,7,SS (VI-X),1,Department of Education,Rural,3,Co-educational,5,5,3,4,5,5,5,3,4,4,3,3,3,3,4,3,2,1,2,3,0,5,4,1,2,3,2,0,5,2,2
2018-19,33,Tamilnadu,3307,VILLUPURAM,330721,ULUNDURPET,7,SS (VI-X),4,Government Aided,Rural,3,Co-educational,1,1,1,0,1,1,1,1,1,1,1,1,1,1,1,1,0,1,1,1,0,1,1,1,1,1,1,0,1,1,1
2018-19,33,Tamilnadu,3307,VILLUPURAM,330721,ULUNDURPET,2,UPS (I-VIII) ,1,Department of Education,Rural,3,Co-educational,24,24,23,23,22,24,24,22,24,24,24,24,22,24,23,12,7,0,7,11,0,24,23,8,22,22,23,0,24,11,10
2018-19,33,Tamilnadu,3307,VILLUPURAM,330721,ULUNDURPET,2,UPS (I-VIII) ,1,Department of Education,Urban,3,Co-educational,1,1,0,1,1,1,1,1,1,1,1,1,1,1,1,1,0,0,1,0,0,1,0,1,1,1,1,0,1,1,1
2018-19,33,Tamilnadu,3307,VILLUPURAM,330721,ULUNDURPET,2,UPS (I-VIII) ,5,Private Unaided (Recognized),Urban,3,Co-educational,1,1,1,1,1,1,1,1,1,1,1,1,1,1,1,1,0,1,0,0,0,1,1,0,1,1,0,0,1,1,0
2018-19,33,Tamilnadu,3307,VILLUPURAM,330721,ULUNDURPET,4,UPS (VI-VIII) ,6,Other Govt. managed schools,Rural,2,Girls,2,2,2,1,1,1,2,0,2,2,1,1,0,1,2,0,0,0,0,1,0,2,2,0,2,1,0,0,2,1,0
2018-19,33,Tamilnadu,3307,VILLUPURAM,330721,ULUNDURPET,4,UPS (VI-VIII) ,5,Private Unaided (Recognized),Rural,3,Co-educational,1,1,0,1,0,0,1,0,0,0,0,1,0,1,0,1,0,0,0,0,0,1,0,0,0,0,0,0,1,0,0
2018-19,33,Tamilnadu,3307,VILLUPURAM,330721,ULUNDURPET,4,UPS (VI-VIII) ,5,Private Unaided (Recognized),Urban,3,Co-educational,1,1,0,1,1,1,1,1,1,1,1,1,1,0,1,1,0,0,0,0,0,1,0,0,1,1,0,0,1,0,0
2018-19,33,Tamilnadu,3307,VILLUPURAM,330722,THIRUNAVALUR,3,HSS (I-XII),5,Private Unaided (Recognized),Rural,3,Co-educational,2,2,0,2,1,1,2,2,2,2,0,0,0,0,2,2,0,2,0,1,0,2,1,0,2,2,0,0,2,2,0
2018-19,33,Tamilnadu,3307,VILLUPURAM,330722,THIRUNAVALUR,5, HSS (VI-XII),1,Department of Education,Rural,3,Co-educational,6,6,5,5,6,6,6,4,5,5,4,4,4,3,5,2,0,3,0,3,1,6,5,2,5,4,4,0,6,4,1
2018-19,33,Tamilnadu,3307,VILLUPURAM,330722,THIRUNAVALUR,5, HSS (VI-XII),4,Government Aided,Rural,3,Co-educational,1,1,1,1,1,1,1,1,1,1,1,1,1,1,1,1,1,1,0,0,0,1,1,0,1,1,0,0,1,1,0
2018-19,33,Tamilnadu,3307,VILLUPURAM,330722,THIRUNAVALUR,5, HSS (VI-XII),5,Private Unaided (Recognized),Rural,3,Co-educational,2,2,1,2,2,2,2,2,2,2,2,2,2,2,2,2,0,2,0,1,0,2,2,0,2,2,1,0,2,2,0
2018-19,33,Tamilnadu,3307,VILLUPURAM,330722,THIRUNAVALUR,1,PS (I-V) ,1,Department of Education,Rural,3,Co-educational,63,63,35,59,57,61,63,59,58,62,58,59,57,55,58,5,1,0,0,18,2,61,57,8,45,57,49,0,63,7,4
2018-19,33,Tamilnadu,3307,VILLUPURAM,330722,THIRUNAVALUR,1,PS (I-V) ,4,Government Aided,Rural,3,Co-educational,11,11,8,2,9,10,11,10,11,11,9,9,9,9,10,2,0,0,2,4,0,10,9,0,11,7,7,0,11,0,0
2018-19,33,Tamilnadu,3307,VILLUPURAM,330722,THIRUNAVALUR,1,PS (I-V) ,5,Private Unaided (Recognized),Rural,3,Co-educational,11,11,9,10,10,10,11,11,11,11,11,11,11,9,11,3,0,2,1,4,0,9,9,0,11,10,7,0,11,6,2
2018-19,33,Tamilnadu,3307,VILLUPURAM,330722,THIRUNAVALUR,1,PS (I-V) ,90,Social welfare Department,Rural,3,Co-educational,7,7,6,7,7,7,7,6,7,7,7,7,6,7,6,0,1,0,0,3,0,7,7,0,6,6,5,0,7,1,0
2018-19,33,Tamilnadu,3307,VILLUPURAM,330722,THIRUNAVALUR,1,PS (I-V) ,5,Private Unaided (Recognized),Urban,3,Co-educational,1,1,1,1,1,1,1,1,1,1,1,1,1,1,1,1,0,0,0,0,0,1,1,0,1,0,0,0,1,1,0
2018-19,33,Tamilnadu,3307,VILLUPURAM,330722,THIRUNAVALUR,6, SS (I-X) ,5,Private Unaided (Recognized),Rural,3,Co-educational,1,1,1,1,1,1,1,1,1,1,1,1,1,1,1,1,0,1,0,0,0,1,1,0,1,1,0,0,1,1,0
2018-19,33,Tamilnadu,3307,VILLUPURAM,330722,THIRUNAVALUR,7,SS (VI-X),1,Department of Education,Rural,3,Co-educational,4,4,3,3,4,4,4,3,4,4,3,3,2,3,3,4,1,1,0,2,0,4,4,0,3,2,2,0,4,0,0
2018-19,33,Tamilnadu,3307,VILLUPURAM,330722,THIRUNAVALUR,7,SS (VI-X),90,Social welfare Department,Rural,3,Co-educational,1,1,1,1,1,1,1,1,1,1,1,1,1,1,1,0,0,0,0,0,0,1,1,0,1,1,0,0,1,1,0
2018-19,33,Tamilnadu,3307,VILLUPURAM,330722,THIRUNAVALUR,2,UPS (I-VIII) ,1,Department of Education,Rural,3,Co-educational,22,22,21,22,21,21,22,18,22,22,16,16,15,16,20,10,8,0,1,12,0,20,21,2,17,21,19,0,22,6,1
2018-19,33,Tamilnadu,3307,VILLUPURAM,330722,THIRUNAVALUR,2,UPS (I-VIII) ,4,Government Aided,Rural,3,Co-educational,1,1,0,1,1,1,1,1,1,1,1,1,1,1,1,0,0,0,0,0,0,1,1,0,1,1,1,0,1,0,0
2018-19,33,Tamilnadu,3307,VILLUPURAM,330722,THIRUNAVALUR,4,UPS (VI-VIII) ,6,Other Govt. managed schools,Rural,2,Girls,2,2,2,2,2,2,2,0,2,2,0,0,0,0,1,0,2,0,0,0,0,2,2,0,2,2,0,0,2,2,0
2018-19,33,Tamilnadu,3307,VILLUPURAM,330722,THIRUNAVALUR,4,UPS (VI-VIII) ,4,Government Aided,Urban,3,Co-educational,1,1,1,0,1,1,1,1,1,1,1,1,1,1,1,1,0,0,0,0,0,1,1,0,1,1,1,0,1,0,0
2018-19,33,Tamilnadu,3307,VILLUPURAM,330724,VILUPPURAM,3,HSS (I-XII),4,Government Aided,Urban,3,Co-educational,1,1,0,0,1,1,1,1,1,1,1,1,1,1,1,1,0,0,0,0,0,1,1,0,1,1,0,0,1,1,1
2018-19,33,Tamilnadu,3307,VILLUPURAM,330724,VILUPPURAM,3,HSS (I-XII),5,Private Unaided (Recognized),Urban,3,Co-educational,6,6,2,5,5,5,6,6,6,6,6,6,6,6,6,6,1,6,0,0,1,6,4,1,6,5,3,0,6,6,1
2018-19,33,Tamilnadu,3307,VILLUPURAM,330724,VILUPPURAM,5, HSS (VI-XII),3,Local body,Urban,1,Boys,1,1,1,1,1,1,1,1,0,1,1,1,1,0,1,1,0,1,0,1,0,1,1,1,1,1,1,1,1,1,0
2018-19,33,Tamilnadu,3307,VILLUPURAM,330724,VILUPPURAM,5, HSS (VI-XII),1,Department of Education,Urban,2,Girls,1,1,1,1,1,1,1,0,1,1,1,1,0,1,1,1,1,1,0,1,0,1,1,0,1,1,0,0,1,1,0
2018-19,33,Tamilnadu,3307,VILLUPURAM,330724,VILUPPURAM,5, HSS (VI-XII),1,Department of Education,Urban,3,Co-educational,1,1,1,1,1,1,1,1,1,1,1,1,1,0,1,0,1,1,0,0,0,1,1,0,1,1,1,0,1,0,0
2018-19,33,Tamilnadu,3307,VILLUPURAM,330724,VILUPPURAM,5, HSS (VI-XII),3,Local body,Urban,3,Co-educational,1,1,1,1,1,1,1,1,1,1,0,0,0,0,1,1,0,1,0,1,0,1,1,0,1,0,0,0,1,0,0
2018-19,33,Tamilnadu,3307,VILLUPURAM,330724,VILUPPURAM,5, HSS (VI-XII),5,Private Unaided (Recognized),Urban,3,Co-educational,2,2,1,2,2,2,2,2,2,2,2,2,2,2,2,1,0,0,0,1,0,2,1,0,2,2,2,0,2,2,0
2018-19,33,Tamilnadu,3307,VILLUPURAM,330724,VILUPPURAM,1,PS (I-V) ,5,Private Unaided (Recognized),Rural,3,Co-educational,1,1,0,0,1,1,1,1,1,1,0,0,0,0,1,0,0,1,0,0,0,1,0,0,1,1,0,0,1,0,0
2018-19,33,Tamilnadu,3307,VILLUPURAM,330724,VILUPPURAM,1,PS (I-V) ,3,Local body,Urban,3,Co-educational,6,6,3,6,6,6,6,6,6,6,4,4,3,4,4,0,0,0,0,0,0,6,6,1,4,6,6,0,6,2,1
2018-19,33,Tamilnadu,3307,VILLUPURAM,330724,VILUPPURAM,1,PS (I-V) ,4,Government Aided,Urban,3,Co-educational,5,5,2,0,5,5,5,5,5,5,5,5,5,5,5,2,0,0,1,1,0,5,5,0,5,4,2,0,5,3,0
2018-19,33,Tamilnadu,3307,VILLUPURAM,330724,VILUPPURAM,1,PS (I-V) ,5,Private Unaided (Recognized),Urban,3,Co-educational,13,13,1,8,11,12,13,12,12,12,12,13,12,12,12,8,0,7,0,1,0,9,6,0,12,11,4,0,12,7,0
2018-19,33,Tamilnadu,3307,VILLUPURAM,330724,VILUPPURAM,6, SS (I-X) ,5,Private Unaided (Recognized),Urban,3,Co-educational,7,7,2,4,7,7,7,7,7,7,6,6,6,6,7,6,2,5,0,1,0,7,6,0,7,5,1,0,7,4,0
2018-19,33,Tamilnadu,3307,VILLUPURAM,330724,VILUPPURAM,6, SS (I-X) ,95,Railway School,Urban,3,Co-educational,1,1,1,1,1,1,1,1,1,1,1,1,1,1,1,1,0,1,0,1,0,1,1,0,1,1,0,0,1,1,0
2018-19,33,Tamilnadu,3307,VILLUPURAM,330724,VILUPPURAM,7,SS (VI-X),3,Local body,Urban,3,Co-educational,2,2,2,1,1,2,2,2,2,2,2,2,2,2,2,1,1,1,0,0,0,2,2,1,2,2,2,0,2,1,0
2018-19,33,Tamilnadu,3307,VILLUPURAM,330724,VILUPPURAM,7,SS (VI-X),4,Government Aided,Urban,3,Co-educational,4,4,3,3,4,4,4,4,4,4,4,4,4,3,4,2,0,4,1,1,1,4,4,3,4,4,2,0,4,2,0
2018-19,33,Tamilnadu,3307,VILLUPURAM,330724,VILUPPURAM,2,UPS (I-VIII) ,6,Other Govt. managed schools,Urban,1,Boys,1,1,0,1,1,1,1,1,0,1,1,1,1,0,1,1,0,0,0,0,0,1,1,0,0,1,0,0,1,1,0
2018-19,33,Tamilnadu,3307,VILLUPURAM,330724,VILUPPURAM,2,UPS (I-VIII) ,4,Government Aided,Urban,3,Co-educational,4,4,3,3,4,4,4,4,4,4,4,4,4,4,4,4,0,1,0,3,0,4,3,2,4,4,3,0,4,1,1
