Academic_Year,State_Code,State_Name,District_Code,District_Name,Block_Code,Udise_Block_Name,School_Category_Id,School_Category_Name,School_Management_Id,School_Management_Name,Location,School_Type_Id,School_Type,Total_Number_of_Schools,Building,Complete_Medical_Checkup,Computer_Available,Functional_Drinking_Water,Drinking_Water,Functional_Electricity,Functional_Boy_Toilet,Functional_Girl_Toilet,Functional_Toilet_Facility,Functional_Toilet_and_Urinal,Functional_Urinal,Functional_Urinal_Boy,Functional_Urinal_Girl,Handwash,Separate_Room_for_Headmaster,Incinerator,Internet,Kitchen_Garden,Land_Available,Librarian,Library_or_Reading_Corner_or_Book_Bank,Medical_Checkup,Newspaper,Playground,Rain_Water_Harvesting,Ramps,Solar_Panel,Furniture,Water_Purifier,Water_Tested
2018-19,33,Tamilnadu,3332,ARIYALUR,333201,T.PALUR,3,HSS (I-XII),5,Private Unaided (Recognized),Rural,3,Co-educational,1,1,0,0,1,1,1,1,1,1,1,1,1,0,1,1,0,1,0,1,0,1,0,0,1,1,0,0,1,1,0
2018-19,33,Tamilnadu,3332,ARIYALUR,333201,T.PALUR,5, HSS (VI-XII),1,Department of Education,Rural,3,Co-educational,7,7,7,0,7,7,7,7,7,7,6,6,6,6,7,3,6,5,0,5,0,7,7,1,7,7,6,0,7,5,1
2018-19,33,Tamilnadu,3332,ARIYALUR,333201,T.PALUR,5, HSS (VI-XII),4,Government Aided,Rural,3,Co-educational,1,1,1,0,1,1,1,1,1,1,1,1,1,1,1,1,0,1,0,1,0,1,1,1,1,1,0,0,1,0,0
2018-19,33,Tamilnadu,3332,ARIYALUR,333201,T.PALUR,5, HSS (VI-XII),5,Private Unaided (Recognized),Rural,3,Co-educational,1,1,1,0,1,1,1,1,1,1,1,1,1,1,1,1,0,1,0,0,0,1,1,0,1,1,0,0,1,1,0
2018-19,33,Tamilnadu,3332,ARIYALUR,333201,T.PALUR,1,PS (I-V) ,1,Department of Education,Rural,3,Co-educational,59,59,33,1,59,59,59,44,48,50,41,43,39,38,58,6,0,2,0,7,1,52,53,1,51,51,25,0,59,8,4
2018-19,33,Tamilnadu,3332,ARIYALUR,333201,T.PALUR,1,PS (I-V) ,2,Tribal Welfare Department,Rural,3,Co-educational,2,2,1,0,2,2,2,2,1,2,1,1,1,1,2,0,0,0,0,2,0,1,1,0,2,2,0,0,2,0,0
2018-19,33,Tamilnadu,3332,ARIYALUR,333201,T.PALUR,1,PS (I-V) ,4,Government Aided,Rural,3,Co-educational,5,5,2,0,5,5,5,3,3,3,3,4,4,2,5,1,0,0,0,1,0,4,5,0,5,5,0,0,5,0,0
2018-19,33,Tamilnadu,3332,ARIYALUR,333201,T.PALUR,1,PS (I-V) ,5,Private Unaided (Recognized),Rural,3,Co-educational,9,9,0,0,8,8,9,8,8,8,7,7,7,7,8,3,0,2,0,0,0,7,2,0,9,8,2,0,9,5,0
2018-19,33,Tamilnadu,3332,ARIYALUR,333201,T.PALUR,6, SS (I-X) ,5,Private Unaided (Recognized),Rural,3,Co-educational,1,1,0,0,0,0,1,1,1,1,1,1,1,1,1,1,0,1,0,1,0,1,0,0,1,1,0,0,1,1,0
2018-19,33,Tamilnadu,3332,ARIYALUR,333201,T.PALUR,7,SS (VI-X),1,Department of Education,Rural,3,Co-educational,7,7,7,0,7,7,7,7,7,7,6,6,6,6,6,4,6,3,0,3,0,7,7,2,5,4,5,0,7,3,0
2018-19,33,Tamilnadu,3332,ARIYALUR,333201,T.PALUR,7,SS (VI-X),4,Government Aided,Rural,3,Co-educational,1,1,1,0,1,1,1,1,1,1,1,1,1,1,1,0,0,1,0,1,0,1,1,0,1,1,0,0,1,0,0
2018-19,33,Tamilnadu,3332,ARIYALUR,333201,T.PALUR,7,SS (VI-X),5,Private Unaided (Recognized),Rural,3,Co-educational,2,2,0,0,1,1,2,2,2,2,2,2,2,2,1,1,0,1,0,0,0,2,0,0,2,1,1,0,2,1,0
2018-19,33,Tamilnadu,3332,ARIYALUR,333201,T.PALUR,2,UPS (I-VIII) ,1,Department of Education,Rural,3,Co-educational,19,19,16,1,19,19,19,15,17,17,16,17,14,17,19,10,2,0,1,8,0,19,18,1,13,18,13,0,19,6,1
2018-19,33,Tamilnadu,3332,ARIYALUR,333201,T.PALUR,2,UPS (I-VIII) ,4,Government Aided,Rural,3,Co-educational,1,1,1,0,0,0,1,0,0,0,0,0,0,0,0,0,0,0,0,0,0,1,1,0,1,0,0,0,1,0,1
2018-19,33,Tamilnadu,3332,ARIYALUR,333205,SENDURAI,3,HSS (I-XII),1,Department of Education,Rural,3,Co-educational,1,1,1,0,1,1,1,1,0,1,1,1,1,0,1,1,0,1,0,1,0,1,1,0,1,1,1,0,1,0,0
2018-19,33,Tamilnadu,3332,ARIYALUR,333205,SENDURAI,3,HSS (I-XII),5,Private Unaided (Recognized),Rural,3,Co-educational,2,2,0,0,2,2,2,2,2,2,2,2,2,2,2,2,1,1,0,2,0,2,1,0,2,2,1,0,2,2,0
2018-19,33,Tamilnadu,3332,ARIYALUR,333205,SENDURAI,5, HSS (VI-XII),1,Department of Education,Rural,2,Girls,1,1,1,0,1,1,1,0,1,1,1,1,0,1,1,1,1,1,0,1,0,1,1,0,1,1,1,0,1,1,0
2018-19,33,Tamilnadu,3332,ARIYALUR,333205,SENDURAI,5, HSS (VI-XII),1,Department of Education,Rural,3,Co-educational,6,6,5,0,5,6,6,6,6,5,4,4,4,4,6,3,4,4,0,5,0,6,5,3,6,6,5,0,6,2,0
2018-19,33,Tamilnadu,3332,ARIYALUR,333205,SENDURAI,5, HSS (VI-XII),4,Government Aided,Rural,3,Co-educational,1,1,1,0,1,1,1,1,1,1,1,1,1,1,1,1,0,1,0,0,0,1,1,0,1,1,0,0,1,1,0
2018-19,33,Tamilnadu,3332,ARIYALUR,333205,SENDURAI,5, HSS (VI-XII),5,Private Unaided (Recognized),Rural,3,Co-educational,3,3,2,1,2,2,3,3,3,3,3,3,3,3,3,3,0,3,1,1,0,3,2,1,2,3,2,0,3,3,0
2018-19,33,Tamilnadu,3332,ARIYALUR,333205,SENDURAI,1,PS (I-V) ,1,Department of Education,Rural,3,Co-educational,60,60,22,0,57,57,60,51,58,58,52,53,46,51,51,6,0,1,1,17,0,55,53,2,58,52,44,0,60,16,2
2018-19,33,Tamilnadu,3332,ARIYALUR,333205,SENDURAI,1,PS (I-V) ,2,Tribal Welfare Department,Rural,3,Co-educational,1,1,1,0,1,1,1,1,1,1,1,1,1,1,0,0,0,0,0,0,0,1,1,0,1,1,1,0,1,0,1
2018-19,33,Tamilnadu,3332,ARIYALUR,333205,SENDURAI,1,PS (I-V) ,4,Government Aided,Rural,3,Co-educational,5,5,1,0,5,5,5,5,5,5,4,4,4,4,3,1,0,0,0,1,0,5,5,0,4,4,3,0,5,1,0
2018-19,33,Tamilnadu,3332,ARIYALUR,333205,SENDURAI,1,PS (I-V) ,5,Private Unaided (Recognized),Rural,3,Co-educational,10,10,2,0,10,10,10,10,10,10,9,9,9,9,9,7,2,2,0,5,1,10,4,3,10,8,3,0,10,8,0
2018-19,33,Tamilnadu,3332,ARIYALUR,333205,SENDURAI,6, SS (I-X) ,5,Private Unaided (Recognized),Rural,3,Co-educational,1,1,1,0,1,1,1,1,1,1,1,1,1,1,1,1,0,1,0,0,0,1,1,1,1,1,0,0,1,1,0
2018-19,33,Tamilnadu,3332,ARIYALUR,333205,SENDURAI,7,SS (VI-X),1,Department of Education,Rural,3,Co-educational,11,11,9,2,9,10,11,9,10,10,10,10,10,9,10,4,8,2,0,6,0,10,9,5,10,11,9,0,11,6,1
2018-19,33,Tamilnadu,3332,ARIYALUR,333205,SENDURAI,7,SS (VI-X),5,Private Unaided (Recognized),Rural,3,Co-educational,1,1,0,0,1,1,1,1,1,1,1,1,1,1,1,1,0,0,0,0,0,1,0,0,1,1,1,0,1,1,0
2018-19,33,Tamilnadu,3332,ARIYALUR,333205,SENDURAI,2,UPS (I-VIII) ,1,Department of Education,Rural,3,Co-educational,13,13,12,0,13,13,13,13,13,13,13,13,13,13,12,3,3,0,0,7,0,12,12,1,13,13,11,0,13,7,1
2018-19,33,Tamilnadu,3332,ARIYALUR,333205,SENDURAI,2,UPS (I-VIII) ,4,Government Aided,Rural,3,Co-educational,4,4,3,0,4,4,4,4,4,4,4,4,4,4,4,0,0,0,0,0,0,4,4,0,4,4,3,0,4,0,1
2018-19,33,Tamilnadu,3332,ARIYALUR,333207,ARIYALUR,3,HSS (I-XII),5,Private Unaided (Recognized),Rural,3,Co-educational,3,3,1,0,3,3,3,3,3,3,3,3,3,2,3,3,0,3,0,1,0,3,1,0,3,3,2,0,3,3,0
2018-19,33,Tamilnadu,3332,ARIYALUR,333207,ARIYALUR,3,HSS (I-XII),5,Private Unaided (Recognized),Urban,3,Co-educational,2,2,1,0,1,1,2,1,1,1,1,2,1,2,1,1,1,1,0,0,0,1,1,0,1,1,0,0,2,1,0
2018-19,33,Tamilnadu,3332,ARIYALUR,333207,ARIYALUR,5, HSS (VI-XII),4,Government Aided,Urban,2,Girls,1,1,1,0,1,1,1,0,1,1,1,1,0,1,1,1,1,1,0,0,0,1,1,0,1,1,0,0,1,1,0
2018-19,33,Tamilnadu,3332,ARIYALUR,333207,ARIYALUR,5, HSS (VI-XII),1,Department of Education,Rural,3,Co-educational,7,7,6,0,7,7,7,6,7,7,5,5,5,5,7,6,5,6,0,4,0,6,7,0,6,7,5,0,7,5,1
2018-19,33,Tamilnadu,3332,ARIYALUR,333207,ARIYALUR,5, HSS (VI-XII),5,Private Unaided (Recognized),Rural,3,Co-educational,1,1,0,0,1,1,1,1,1,1,1,1,1,1,1,1,0,1,0,0,0,1,0,0,1,1,0,0,1,1,0
2018-19,33,Tamilnadu,3332,ARIYALUR,333207,ARIYALUR,5, HSS (VI-XII),1,Department of Education,Urban,3,Co-educational,1,1,1,0,1,1,1,1,1,1,1,1,1,1,1,1,0,1,0,0,0,1,1,0,1,1,1,0,1,0,0
2018-19,33,Tamilnadu,3332,ARIYALUR,333207,ARIYALUR,5, HSS (VI-XII),4,Government Aided,Urban,3,Co-educational,1,1,1,0,1,1,1,1,1,1,1,1,1,1,1,1,0,1,0,0,0,1,1,0,1,1,0,0,1,1,1
2018-19,33,Tamilnadu,3332,ARIYALUR,333207,ARIYALUR,1,PS (I-V) ,1,Department of Education,Rural,3,Co-educational,65,65,25,0,64,65,65,60,65,65,59,59,53,58,59,7,1,0,4,21,0,65,51,2,58,57,46,0,65,15,3
2018-19,33,Tamilnadu,3332,ARIYALUR,333207,ARIYALUR,1,PS (I-V) ,2,Tribal Welfare Department,Rural,3,Co-educational,2,2,1,0,2,2,2,2,2,2,2,2,2,2,2,0,0,0,0,0,0,2,2,0,2,1,1,0,2,1,0
2018-19,33,Tamilnadu,3332,ARIYALUR,333207,ARIYALUR,1,PS (I-V) ,4,Government Aided,Rural,3,Co-educational,2,2,1,0,2,2,2,2,2,2,2,2,2,2,2,0,0,0,0,0,0,2,2,0,1,2,2,0,2,0,0
2018-19,33,Tamilnadu,3332,ARIYALUR,333207,ARIYALUR,1,PS (I-V) ,5,Private Unaided (Recognized),Rural,3,Co-educational,10,10,1,0,10,10,10,10,10,10,9,9,9,9,10,6,0,4,1,3,1,8,1,2,9,9,3,0,10,8,1
2018-19,33,Tamilnadu,3332,ARIYALUR,333207,ARIYALUR,1,PS (I-V) ,1,Department of Education,Urban,3,Co-educational,2,2,0,0,2,2,2,2,2,2,2,2,2,2,2,0,0,0,0,1,0,2,0,0,2,2,1,0,2,1,0
2018-19,33,Tamilnadu,3332,ARIYALUR,333207,ARIYALUR,1,PS (I-V) ,4,Government Aided,Urban,3,Co-educational,3,3,3,0,3,3,3,3,3,3,3,3,3,3,3,1,0,0,0,0,0,3,3,0,3,3,1,0,3,0,0
2018-19,33,Tamilnadu,3332,ARIYALUR,333207,ARIYALUR,1,PS (I-V) ,5,Private Unaided (Recognized),Urban,3,Co-educational,5,5,0,0,5,5,5,5,5,5,5,5,5,5,5,3,0,2,0,1,0,4,1,1,5,4,4,0,5,3,0
2018-19,33,Tamilnadu,3332,ARIYALUR,333207,ARIYALUR,6, SS (I-X) ,5,Private Unaided (Recognized),Rural,3,Co-educational,3,3,1,1,1,1,3,3,3,3,2,2,2,2,3,2,2,3,0,2,0,3,2,0,3,3,1,0,3,2,1
2018-19,33,Tamilnadu,3332,ARIYALUR,333207,ARIYALUR,6, SS (I-X) ,5,Private Unaided (Recognized),Urban,3,Co-educational,1,1,1,0,1,1,1,1,1,1,1,1,1,1,1,0,0,0,0,1,0,1,1,1,1,1,1,0,1,1,0
2018-19,33,Tamilnadu,3332,ARIYALUR,333207,ARIYALUR,7,SS (VI-X),4,Government Aided,Rural,2,Girls,1,1,1,0,1,1,1,0,1,1,1,1,0,1,1,1,0,1,0,1,0,1,1,0,1,1,1,0,1,1,0
2018-19,33,Tamilnadu,3332,ARIYALUR,333207,ARIYALUR,7,SS (VI-X),1,Department of Education,Urban,2,Girls,1,1,1,0,1,1,1,0,1,1,1,1,0,1,1,1,0,0,0,1,0,1,1,0,1,1,1,0,1,1,0
2018-19,33,Tamilnadu,3332,ARIYALUR,333207,ARIYALUR,7,SS (VI-X),1,Department of Education,Rural,3,Co-educational,13,13,13,0,13,13,13,13,13,13,12,12,11,12,12,11,13,4,1,9,0,12,13,1,12,12,11,0,13,5,2
2018-19,33,Tamilnadu,3332,ARIYALUR,333207,ARIYALUR,7,SS (VI-X),5,Private Unaided (Recognized),Rural,3,Co-educational,2,2,0,0,2,2,2,2,2,2,2,2,2,2,2,2,0,1,0,0,0,2,0,0,2,1,0,0,2,1,0
2018-19,33,Tamilnadu,3332,ARIYALUR,333207,ARIYALUR,7,SS (VI-X),4,Government Aided,Urban,3,Co-educational,1,1,1,1,1,1,1,1,1,1,1,1,1,1,1,1,0,0,0,1,0,1,1,0,1,1,1,0,1,1,0
2018-19,33,Tamilnadu,3332,ARIYALUR,333207,ARIYALUR,2,UPS (I-VIII) ,6,Other Govt. managed schools,Rural,2,Girls,1,1,0,0,1,1,1,0,1,1,1,1,0,1,1,0,1,0,0,1,0,1,0,0,1,1,1,0,1,1,0
2018-19,33,Tamilnadu,3332,ARIYALUR,333207,ARIYALUR,2,UPS (I-VIII) ,1,Department of Education,Rural,3,Co-educational,20,20,13,1,20,20,20,15,20,20,20,20,15,20,19,7,1,1,0,7,0,20,16,0,17,20,18,0,20,4,1
2018-19,33,Tamilnadu,3332,ARIYALUR,333207,ARIYALUR,2,UPS (I-VIII) ,4,Government Aided,Rural,3,Co-educational,1,1,1,0,1,1,1,1,1,1,1,1,1,1,1,1,0,1,0,0,0,1,1,0,1,1,0,0,1,1,0
2018-19,33,Tamilnadu,3332,ARIYALUR,333207,ARIYALUR,2,UPS (I-VIII) ,5,Private Unaided (Recognized),Rural,3,Co-educational,1,1,0,0,1,1,1,1,1,1,1,1,1,1,1,1,0,1,0,0,0,1,0,0,1,1,0,0,1,1,0
2018-19,33,Tamilnadu,3332,ARIYALUR,333207,ARIYALUR,2,UPS (I-VIII) ,4,Government Aided,Urban,3,Co-educational,1,1,1,0,1,1,1,1,1,1,1,1,1,1,1,1,0,0,0,0,0,1,1,0,1,1,1,0,1,1,0
2018-19,33,Tamilnadu,3332,ARIYALUR,333208,ANDIMADAM,3,HSS (I-XII),5,Private Unaided (Recognized),Rural,3,Co-educational,1,1,0,0,1,1,1,1,1,1,1,1,1,1,1,1,0,1,0,1,0,1,0,0,1,0,0,0,1,1,0
2018-19,33,Tamilnadu,3332,ARIYALUR,333208,ANDIMADAM,5, HSS (VI-XII),4,Government Aided,Urban,1,Boys,1,1,1,0,1,1,1,1,0,1,1,1,1,0,1,1,0,1,0,1,0,1,1,0,1,1,1,0,1,1,0
2018-19,33,Tamilnadu,3332,ARIYALUR,333208,ANDIMADAM,5, HSS (VI-XII),4,Government Aided,Rural,2,Girls,1,1,1,0,1,1,1,0,1,1,1,1,0,1,1,1,0,1,0,1,0,1,1,0,1,1,0,0,1,1,0
2018-19,33,Tamilnadu,3332,ARIYALUR,333208,ANDIMADAM,5, HSS (VI-XII),4,Government Aided,Urban,2,Girls,1,0,1,0,1,1,1,0,1,1,1,1,0,1,1,1,1,1,0,0,0,1,1,0,1,1,0,0,1,1,0
2018-19,33,Tamilnadu,3332,ARIYALUR,333208,ANDIMADAM,5, HSS (VI-XII),1,Department of Education,Rural,3,Co-educational,5,5,4,0,5,5,5,5,5,5,5,5,4,5,5,1,3,4,0,3,0,5,4,0,5,4,3,0,5,3,1
2018-19,33,Tamilnadu,3332,ARIYALUR,333208,ANDIMADAM,5, HSS (VI-XII),2,Tribal Welfare Department,Rural,3,Co-educational,1,1,1,0,1,1,1,1,1,1,1,1,1,1,1,1,1,1,0,1,0,1,1,0,1,1,0,0,1,0,0
2018-19,33,Tamilnadu,3332,ARIYALUR,333208,ANDIMADAM,1,PS (I-V) ,4,Government Aided,Urban,1,Boys,2,2,0,0,2,2,2,2,0,2,2,2,2,0,2,1,0,0,0,1,0,2,2,0,2,1,2,0,2,0,0
2018-19,33,Tamilnadu,3332,ARIYALUR,333208,ANDIMADAM,1,PS (I-V) ,4,Government Aided,Urban,2,Girls,2,2,0,0,2,2,2,0,1,1,1,1,0,1,2,0,0,0,0,1,0,2,1,0,2,2,0,0,2,0,0
2018-19,33,Tamilnadu,3332,ARIYALUR,333208,ANDIMADAM,1,PS (I-V) ,1,Department of Education,Rural,3,Co-educational,48,48,13,0,46,48,48,42,45,46,34,36,33,35,36,8,0,0,2,8,1,42,36,2,34,39,22,1,48,7,3
2018-19,33,Tamilnadu,3332,ARIYALUR,333208,ANDIMADAM,1,PS (I-V) ,2,Tribal Welfare Department,Rural,3,Co-educational,2,2,2,0,2,2,2,2,2,2,2,2,2,2,2,0,0,0,1,0,0,2,2,2,1,2,2,0,2,0,1
2018-19,33,Tamilnadu,3332,ARIYALUR,333208,ANDIMADAM,1,PS (I-V) ,4,Government Aided,Rural,3,Co-educational,2,2,1,0,2,2,2,2,2,2,2,2,2,2,2,0,0,0,0,2,0,1,2,0,2,2,1,0,2,1,0
2018-19,33,Tamilnadu,3332,ARIYALUR,333208,ANDIMADAM,1,PS (I-V) ,5,Private Unaided (Recognized),Rural,3,Co-educational,9,9,3,1,9,9,9,9,9,9,9,9,9,9,9,3,0,5,0,4,0,9,7,0,9,8,1,0,9,4,0
2018-19,33,Tamilnadu,3332,ARIYALUR,333208,ANDIMADAM,1,PS (I-V) ,90,Social welfare Department,Rural,3,Co-educational,1,1,0,0,1,1,1,1,1,1,1,1,1,1,1,0,0,0,0,0,0,1,1,0,1,1,1,0,1,0,0
2018-19,33,Tamilnadu,3332,ARIYALUR,333208,ANDIMADAM,1,PS (I-V) ,1,Department of Education,Urban,3,Co-educational,1,1,1,0,1,1,1,1,1,1,0,0,0,0,1,0,0,0,0,1,0,1,1,0,1,1,0,0,1,0,0
2018-19,33,Tamilnadu,3332,ARIYALUR,333208,ANDIMADAM,1,PS (I-V) ,5,Private Unaided (Recognized),Urban,3,Co-educational,1,1,1,0,1,1,1,1,1,1,1,1,1,1,1,0,0,1,0,0,0,1,1,0,1,1,0,0,1,1,0
2018-19,33,Tamilnadu,3332,ARIYALUR,333208,ANDIMADAM,6, SS (I-X) ,5,Private Unaided (Recognized),Rural,3,Co-educational,2,2,1,0,2,2,2,2,2,2,2,2,2,2,2,2,0,2,0,1,0,2,1,0,2,2,1,0,2,2,0
2018-19,33,Tamilnadu,3332,ARIYALUR,333208,ANDIMADAM,7,SS (VI-X),1,Department of Education,Rural,2,Girls,1,1,1,0,1,1,1,0,0,0,0,0,0,0,0,0,1,1,0,1,0,0,1,1,0,0,0,0,1,0,0
2018-19,33,Tamilnadu,3332,ARIYALUR,333208,ANDIMADAM,7,SS (VI-X),1,Department of Education,Rural,3,Co-educational,11,9,9,0,11,11,11,11,11,11,9,9,9,8,11,6,5,4,0,4,0,10,10,2,9,9,10,0,11,5,1
2018-19,33,Tamilnadu,3332,ARIYALUR,333208,ANDIMADAM,7,SS (VI-X),2,Tribal Welfare Department,Rural,3,Co-educational,1,1,1,0,1,1,1,1,1,1,1,1,1,1,1,0,1,0,0,0,0,0,1,0,1,1,1,0,1,1,1
2018-19,33,Tamilnadu,3332,ARIYALUR,333208,ANDIMADAM,2,UPS (I-VIII) ,1,Department of Education,Rural,3,Co-educational,18,18,16,0,18,18,18,17,18,18,14,14,14,13,17,5,0,0,0,6,0,18,18,3,12,15,15,0,18,3,1
2018-19,33,Tamilnadu,3332,ARIYALUR,333208,ANDIMADAM,2,UPS (I-VIII) ,4,Government Aided,Rural,3,Co-educational,1,1,1,0,1,1,1,1,1,1,1,1,1,1,1,0,0,0,0,0,0,1,1,0,1,1,1,0,1,1,0
2018-19,33,Tamilnadu,3332,ARIYALUR,333209,JAYANKONDAM,3,HSS (I-XII),5,Private Unaided (Recognized),Rural,3,Co-educational,1,1,1,0,1,1,1,1,1,1,1,1,1,1,1,1,0,1,0,1,0,1,1,0,1,1,0,0,1,1,0
2018-19,33,Tamilnadu,3332,ARIYALUR,333209,JAYANKONDAM,3,HSS (I-XII),5,Private Unaided (Recognized),Urban,3,Co-educational,3,3,1,0,3,3,3,3,3,3,3,3,3,3,3,2,2,3,0,1,0,3,1,0,3,3,0,0,3,3,0
2018-19,33,Tamilnadu,3332,ARIYALUR,333209,JAYANKONDAM,5, HSS (VI-XII),1,Department of Education,Rural,1,Boys,1,1,0,0,1,1,1,1,0,1,1,1,1,0,1,1,0,1,0,1,0,1,0,0,1,1,1,0,1,0,0
2018-19,33,Tamilnadu,3332,ARIYALUR,333209,JAYANKONDAM,5, HSS (VI-XII),1,Department of Education,Rural,2,Girls,1,1,1,1,1,1,1,0,1,1,1,1,0,1,1,1,1,1,0,0,0,1,1,0,1,1,0,0,1,1,0
2018-19,33,Tamilnadu,3332,ARIYALUR,333209,JAYANKONDAM,5, HSS (VI-XII),1,Department of Education,Urban,2,Girls,1,1,0,0,1,1,1,0,1,1,1,1,0,1,1,0,1,0,0,1,0,1,0,0,1,1,1,0,1,0,0
2018-19,33,Tamilnadu,3332,ARIYALUR,333209,JAYANKONDAM,5, HSS (VI-XII),4,Government Aided,Urban,2,Girls,1,1,1,0,1,1,1,0,1,1,0,0,0,0,1,1,1,1,0,0,0,1,1,0,1,1,0,0,1,0,0
2018-19,33,Tamilnadu,3332,ARIYALUR,333209,JAYANKONDAM,5, HSS (VI-XII),1,Department of Education,Rural,3,Co-educational,8,8,7,1,8,8,8,8,8,8,6,6,6,6,8,4,6,7,0,4,0,8,7,1,8,7,7,0,8,6,0
2018-19,33,Tamilnadu,3332,ARIYALUR,333209,JAYANKONDAM,5, HSS (VI-XII),2,Tribal Welfare Department,Rural,3,Co-educational,1,1,1,0,1,1,1,1,1,1,0,0,0,0,1,1,0,0,0,0,0,1,1,0,0,0,1,0,1,0,0
2018-19,33,Tamilnadu,3332,ARIYALUR,333209,JAYANKONDAM,5, HSS (VI-XII),5,Private Unaided (Recognized),Rural,3,Co-educational,2,2,2,1,2,2,2,2,2,2,2,2,2,2,2,1,0,2,0,1,1,2,2,1,2,2,0,1,2,2,0
2018-19,33,Tamilnadu,3332,ARIYALUR,333209,JAYANKONDAM,5, HSS (VI-XII),1,Department of Education,Urban,3,Co-educational,2,2,2,0,2,2,2,2,2,2,2,2,2,2,2,1,2,0,1,1,0,2,2,1,2,2,1,1,2,1,0
2018-19,33,Tamilnadu,3332,ARIYALUR,333209,JAYANKONDAM,5, HSS (VI-XII),4,Government Aided,Urban,3,Co-educational,1,1,1,0,1,1,1,1,1,1,1,1,1,1,1,1,0,0,0,0,0,1,1,1,1,1,1,0,1,1,0
2018-19,33,Tamilnadu,3332,ARIYALUR,333209,JAYANKONDAM,1,PS (I-V) ,1,Department of Education,Rural,3,Co-educational,59,59,18,0,57,59,59,55,59,59,53,53,52,52,55,6,0,0,0,12,0,57,43,1,49,50,33,0,59,10,0
2018-19,33,Tamilnadu,3332,ARIYALUR,333209,JAYANKONDAM,1,PS (I-V) ,2,Tribal Welfare Department,Rural,3,Co-educational,7,7,3,0,7,7,7,7,7,7,6,6,6,6,6,0,0,0,0,3,0,6,6,0,6,5,1,0,7,0,0
2018-19,33,Tamilnadu,3332,ARIYALUR,333209,JAYANKONDAM,1,PS (I-V) ,4,Government Aided,Rural,3,Co-educational,7,7,0,0,7,7,7,7,7,7,6,6,6,6,6,3,0,0,0,3,0,7,5,0,7,5,3,0,7,3,0
2018-19,33,Tamilnadu,3332,ARIYALUR,333209,JAYANKONDAM,1,PS (I-V) ,5,Private Unaided (Recognized),Rural,3,Co-educational,9,9,3,0,9,9,9,9,9,9,9,9,9,9,9,5,0,7,0,5,0,8,4,0,8,8,2,0,9,6,0
2018-19,33,Tamilnadu,3332,ARIYALUR,333209,JAYANKONDAM,1,PS (I-V) ,8,Unrecognized,Rural,3,Co-educational,1,1,0,0,0,0,1,0,0,0,0,1,0,1,0,0,0,0,0,0,0,0,0,0,0,0,0,0,0,0,0
2018-19,33,Tamilnadu,3332,ARIYALUR,333209,JAYANKONDAM,1,PS (I-V) ,1,Department of Education,Urban,3,Co-educational,11,11,5,0,10,11,11,11,10,11,10,10,10,8,11,2,0,0,1,1,0,10,6,1,8,8,8,0,11,2,1
2018-19,33,Tamilnadu,3332,ARIYALUR,333209,JAYANKONDAM,1,PS (I-V) ,2,Tribal Welfare Department,Urban,3,Co-educational,2,2,0,0,2,2,2,2,2,2,1,1,1,1,2,0,0,0,0,0,0,1,2,0,1,2,1,0,2,0,0
2018-19,33,Tamilnadu,3332,ARIYALUR,333209,JAYANKONDAM,1,PS (I-V) ,4,Government Aided,Urban,3,Co-educational,4,4,3,0,4,4,4,4,4,4,3,3,3,3,4,1,0,1,1,0,0,4,4,1,4,4,2,0,4,1,0
2018-19,33,Tamilnadu,3332,ARIYALUR,333209,JAYANKONDAM,1,PS (I-V) ,5,Private Unaided (Recognized),Urban,3,Co-educational,2,2,1,0,1,2,2,2,2,2,2,2,2,2,2,0,0,0,0,1,0,2,1,1,2,2,0,0,2,0,1
2018-19,33,Tamilnadu,3332,ARIYALUR,333209,JAYANKONDAM,6, SS (I-X) ,5,Private Unaided (Recognized),Rural,3,Co-educational,2,2,2,0,2,2,2,2,2,2,1,1,1,1,2,1,1,2,1,2,1,2,2,1,2,2,1,0,2,2,1
2018-19,33,Tamilnadu,3332,ARIYALUR,333209,JAYANKONDAM,6, SS (I-X) ,5,Private Unaided (Recognized),Urban,3,Co-educational,5,5,3,2,3,5,5,5,5,5,5,5,5,5,5,4,0,5,0,3,2,5,4,3,5,5,1,0,5,4,2
2018-19,33,Tamilnadu,3332,ARIYALUR,333209,JAYANKONDAM,7,SS (VI-X),1,Department of Education,Urban,2,Girls,1,1,1,0,1,1,1,0,1,1,1,1,0,1,1,1,0,1,0,0,0,1,1,0,1,1,1,0,1,0,0
2018-19,33,Tamilnadu,3332,ARIYALUR,333209,JAYANKONDAM,7,SS (VI-X),1,Department of Education,Rural,3,Co-educational,6,5,5,0,4,5,6,4,4,4,4,4,4,3,4,3,2,3,0,5,0,6,5,1,3,5,2,0,6,2,1
2018-19,33,Tamilnadu,3332,ARIYALUR,333209,JAYANKONDAM,7,SS (VI-X),4,Government Aided,Rural,3,Co-educational,1,1,1,0,1,1,1,1,1,1,1,1,1,1,1,1,0,1,0,1,0,1,1,0,1,1,0,0,1,0,0
2018-19,33,Tamilnadu,3332,ARIYALUR,333209,JAYANKONDAM,7,SS (VI-X),5,Private Unaided (Recognized),Rural,3,Co-educational,3,3,1,0,3,3,3,3,3,3,3,3,3,3,3,3,1,2,0,2,1,3,1,1,3,3,2,0,3,3,0
2018-19,33,Tamilnadu,3332,ARIYALUR,333209,JAYANKONDAM,7,SS (VI-X),1,Department of Education,Urban,3,Co-educational,1,1,1,0,1,1,1,1,1,1,1,1,1,1,1,1,0,1,0,0,0,1,1,0,1,1,1,0,1,1,0
2018-19,33,Tamilnadu,3332,ARIYALUR,333209,JAYANKONDAM,7,SS (VI-X),5,Private Unaided (Recognized),Urban,3,Co-educational,1,1,1,0,0,0,1,1,1,1,1,1,1,1,1,1,0,1,0,0,0,1,1,0,1,1,0,0,1,1,0
2018-19,33,Tamilnadu,3332,ARIYALUR,333209,JAYANKONDAM,2,UPS (I-VIII) ,1,Department of Education,Rural,3,Co-educational,19,19,14,0,19,19,19,18,19,19,19,19,18,18,18,8,1,0,0,11,0,18,15,2,15,18,15,0,19,5,0
2018-19,33,Tamilnadu,3332,ARIYALUR,333209,JAYANKONDAM,2,UPS (I-VIII) ,4,Government Aided,Rural,3,Co-educational,2,2,1,0,2,2,2,2,2,2,2,2,2,2,2,0,0,0,0,1,0,2,1,0,2,1,0,0,2,0,0
2018-19,33,Tamilnadu,3332,ARIYALUR,333209,JAYANKONDAM,2,UPS (I-VIII) ,1,Department of Education,Urban,3,Co-educational,2,2,2,0,2,2,2,2,2,2,1,1,1,1,2,2,0,0,0,0,0,2,2,0,2,2,1,0,2,1,0
2018-19,33,Tamilnadu,3332,ARIYALUR,333210,THIURMANUR,3,HSS (I-XII),5,Private Unaided (Recognized),Rural,2,Girls,1,1,0,0,1,1,1,0,1,1,1,1,0,1,1,1,1,1,0,0,0,1,1,0,1,1,0,0,1,0,0
2018-19,33,Tamilnadu,3332,ARIYALUR,333210,THIURMANUR,3,HSS (I-XII),5,Private Unaided (Recognized),Rural,3,Co-educational,1,1,1,1,1,1,1,1,1,1,1,1,1,1,1,1,1,1,1,1,1,1,1,1,1,1,0,1,1,1,1
2018-19,33,Tamilnadu,3332,ARIYALUR,333210,THIURMANUR,5, HSS (VI-XII),1,Department of Education,Rural,3,Co-educational,10,10,9,0,10,10,10,10,10,10,9,9,9,8,10,7,7,8,0,5,1,9,9,1,9,10,9,0,10,2,2
2018-19,33,Tamilnadu,3332,ARIYALUR,333210,THIURMANUR,1,PS (I-V) ,1,Department of Education,Rural,3,Co-educational,50,50,19,0,49,50,50,47,48,48,45,46,43,45,48,3,1,0,0,17,0,46,44,1,48,45,32,0,50,13,1
2018-19,33,Tamilnadu,3332,ARIYALUR,333210,THIURMANUR,1,PS (I-V) ,2,Tribal Welfare Department,Rural,3,Co-educational,2,2,2,0,1,1,2,2,2,2,2,2,2,2,2,0,0,0,0,0,0,2,2,0,2,2,2,0,2,0,0
2018-19,33,Tamilnadu,3332,ARIYALUR,333210,THIURMANUR,1,PS (I-V) ,4,Government Aided,Rural,3,Co-educational,7,7,2,0,7,7,7,6,5,6,5,5,5,5,7,2,0,0,1,2,0,7,3,1,7,7,3,0,7,1,0
2018-19,33,Tamilnadu,3332,ARIYALUR,333210,THIURMANUR,1,PS (I-V) ,5,Private Unaided (Recognized),Rural,3,Co-educational,8,8,1,0,8,8,8,8,8,8,8,8,8,8,8,5,1,5,0,3,1,7,3,1,8,7,3,0,8,5,0
2018-19,33,Tamilnadu,3332,ARIYALUR,333210,THIURMANUR,1,PS (I-V) ,90,Social welfare Department,Rural,3,Co-educational,3,3,2,0,3,3,3,3,3,3,2,2,2,2,3,0,0,0,0,0,0,2,3,0,3,2,2,0,3,0,1
2018-19,33,Tamilnadu,3332,ARIYALUR,333210,THIURMANUR,6, SS (I-X) ,5,Private Unaided (Recognized),Rural,3,Co-educational,1,1,0,0,1,1,1,1,1,1,1,1,1,1,1,1,0,0,0,1,0,1,0,0,1,0,1,0,1,0,0
2018-19,33,Tamilnadu,3332,ARIYALUR,333210,THIURMANUR,7,SS (VI-X),1,Department of Education,Rural,3,Co-educational,12,10,10,0,10,10,12,10,10,10,9,10,10,7,10,8,10,2,1,4,0,11,10,3,9,10,10,0,12,3,1
2018-19,33,Tamilnadu,3332,ARIYALUR,333210,THIURMANUR,7,SS (VI-X),4,Government Aided,Rural,3,Co-educational,2,2,2,0,2,2,2,2,2,2,2,2,2,2,2,2,0,2,0,1,0,2,2,0,2,2,0,0,2,0,0
2018-19,33,Tamilnadu,3332,ARIYALUR,333210,THIURMANUR,2,UPS (I-VIII) ,1,Department of Education,Rural,3,Co-educational,19,19,19,0,19,19,19,18,18,19,19,19,19,18,19,5,7,0,0,7,0,17,19,2,18,19,15,0,19,4,3
2018-19,33,Tamilnadu,3332,ARIYALUR,333210,THIURMANUR,2,UPS (I-VIII) ,4,Government Aided,Rural,3,Co-educational,2,2,1,0,2,2,2,2,2,2,2,2,2,2,2,1,0,0,1,1,0,2,2,0,2,2,0,0,2,0,1
