Academic_Year,State_Code,State_Name,District_Code,District_Name,Block_Code,Udise_Block_Name,School_Category_Id,School_Category_Name,School_Management_Id,School_Management_Name,Location,School_Type_Id,School_Type,Total_Number_of_Schools,Building,Complete_Medical_Checkup,Computer_Available,Functional_Drinking_Water,Drinking_Water,Functional_Electricity,Functional_Boy_Toilet,Functional_Girl_Toilet,Functional_Toilet_Facility,Functional_Toilet_and_Urinal,Functional_Urinal,Functional_Urinal_Boy,Functional_Urinal_Girl,Handwash,Separate_Room_for_Headmaster,Incinerator,Internet,Kitchen_Garden,Land_Available,Librarian,Library_or_Reading_Corner_or_Book_Bank,Medical_Checkup,Newspaper,Playground,Rain_Water_Harvesting,Ramps,Solar_Panel,Furniture,Water_Purifier,Water_Tested
2017-18,36,Telangana,3620,YADADRI,362001,TURKAPALLE (M),5,HSS (VI-XII),6,Other Govt. managed schools,Rural,3,Co-Ed,1,1,0,1,1,1,1,1,1,1,0,0,0,0,1,1,0,0,0,1,0,1,1,1,1,0,0,0,1,0,0
2017-18,36,Telangana,3620,YADADRI,362001,TURKAPALLE (M),11,HSS (XI-XII),5,Private Unaided (Recognized),Rural,3,Co-Ed,1,1,0,1,1,1,1,1,1,1,0,0,0,0,1,1,0,1,0,1,1,1,0,1,1,1,0,0,1,0,0
2017-18,36,Telangana,3620,YADADRI,362001,TURKAPALLE (M),1,PS (I-V),1,Department of Education,Rural,3,Co-Ed,1,1,0,0,1,1,1,1,1,1,0,0,0,0,0,0,0,0,0,0,0,1,1,0,0,0,0,0,1,0,0
2017-18,36,Telangana,3620,YADADRI,362001,TURKAPALLE (M),1,PS (I-V),3,Local body,Rural,3,Co-Ed,42,42,32,0,32,33,26,40,41,42,0,0,0,0,22,7,0,0,0,35,1,39,41,7,26,2,16,0,22,0,0
2017-18,36,Telangana,3620,YADADRI,362001,TURKAPALLE (M),1,PS (I-V),5,Private Unaided (Recognized),Rural,3,Co-Ed,1,1,0,1,1,1,1,1,1,1,0,0,0,0,1,1,0,0,0,1,0,1,0,1,1,1,0,0,1,0,0
2017-18,36,Telangana,3620,YADADRI,362001,TURKAPALLE (M),6,SS (I-X),5,Private Unaided (Recognized),Rural,3,Co-Ed,1,1,0,1,1,1,1,1,1,1,0,0,0,0,1,1,0,0,0,1,0,1,1,1,1,0,1,0,1,0,0
2017-18,36,Telangana,3620,YADADRI,362001,TURKAPALLE (M),7,SS (VI-X),6,Other Govt. managed schools,Rural,2,Girls,1,1,1,1,1,1,1,0,1,1,0,0,0,0,0,1,0,0,0,1,0,1,1,1,1,0,1,0,1,1,0
2017-18,36,Telangana,3620,YADADRI,362001,TURKAPALLE (M),7,SS (VI-X),3,Local body,Rural,3,Co-Ed,8,8,6,5,8,8,7,6,8,8,0,0,0,0,3,1,0,3,0,7,0,8,8,7,7,0,4,0,8,0,0
2017-18,36,Telangana,3620,YADADRI,362001,TURKAPALLE (M),2,UPS (I-VIII),3,Local body,Rural,3,Co-Ed,5,5,4,0,4,4,4,5,4,5,0,0,0,0,3,1,0,0,0,3,0,5,5,3,2,1,1,0,5,0,0
2017-18,36,Telangana,3620,YADADRI,362001,TURKAPALLE (M),2,UPS (I-VIII),5,Private Unaided (Recognized),Rural,3,Co-Ed,1,1,0,1,1,1,1,1,1,1,0,0,0,0,0,1,0,0,0,1,0,1,1,0,1,0,0,0,1,0,0
2017-18,36,Telangana,3620,YADADRI,362002,RAJAPET,3,HSS (I-XII),90,Social welfare Department,Rural,1,Boys,1,1,0,1,1,1,1,1,0,1,0,0,0,0,1,1,0,1,0,1,0,1,0,1,1,1,0,0,1,1,0
2017-18,36,Telangana,3620,YADADRI,362002,RAJAPET,11,HSS (XI-XII),5,Private Unaided (Recognized),Rural,3,Co-Ed,1,1,0,1,1,1,1,1,1,1,0,0,0,0,1,1,0,1,0,1,0,1,0,1,1,1,0,0,1,0,0
2017-18,36,Telangana,3620,YADADRI,362002,RAJAPET,1,PS (I-V),3,Local body,Rural,3,Co-Ed,25,25,3,15,18,20,20,24,25,25,0,0,0,0,22,3,0,0,0,22,0,25,24,1,22,0,20,0,19,0,0
2017-18,36,Telangana,3620,YADADRI,362002,RAJAPET,6,SS (I-X),5,Private Unaided (Recognized),Rural,3,Co-Ed,2,2,0,2,2,2,2,2,2,2,0,0,0,0,1,2,0,1,0,2,0,2,2,2,2,0,0,0,2,1,0
2017-18,36,Telangana,3620,YADADRI,362002,RAJAPET,7,SS (VI-X),3,Local body,Rural,2,Girls,1,1,0,1,1,1,1,0,1,1,0,0,0,0,1,0,0,0,0,1,0,1,1,1,1,0,0,0,1,0,0
2017-18,36,Telangana,3620,YADADRI,362002,RAJAPET,7,SS (VI-X),3,Local body,Rural,3,Co-Ed,11,11,1,10,8,10,11,11,11,11,0,0,0,0,8,4,0,3,0,11,0,11,11,11,11,2,7,0,11,0,0
2017-18,36,Telangana,3620,YADADRI,362002,RAJAPET,7,SS (VI-X),3,Local body,Urban,3,Co-Ed,1,1,0,1,1,1,1,1,1,1,0,0,0,0,1,0,0,1,0,1,0,1,1,1,1,1,1,0,1,1,0
2017-18,36,Telangana,3620,YADADRI,362002,RAJAPET,2,UPS (I-VIII),3,Local body,Rural,3,Co-Ed,1,1,0,1,1,1,1,1,1,1,0,0,0,0,0,0,0,0,0,1,0,1,1,0,1,0,1,0,1,0,0
2017-18,36,Telangana,3620,YADADRI,362002,RAJAPET,2,UPS (I-VIII),5,Private Unaided (Recognized),Rural,3,Co-Ed,2,2,0,2,2,2,2,2,2,2,0,0,0,0,2,2,0,0,0,2,0,2,1,1,2,0,0,0,2,0,0
2017-18,36,Telangana,3620,YADADRI,362002,RAJAPET,2,UPS (I-VIII),5,Private Unaided (Recognized),Urban,3,Co-Ed,1,1,0,1,1,1,1,1,1,1,0,0,0,0,0,1,0,0,0,1,0,1,1,0,1,0,0,0,1,0,0
2017-18,36,Telangana,3620,YADADRI,362003,ALAIR,3,HSS (I-XII),90,Social welfare Department,Rural,2,Girls,1,1,0,1,1,1,1,0,1,1,0,0,0,0,0,1,0,1,0,1,1,1,1,1,1,0,1,0,1,1,0
2017-18,36,Telangana,3620,YADADRI,362003,ALAIR,11,HSS (XI-XII),1,Department of Education,Rural,3,Co-Ed,1,1,0,1,1,1,1,1,1,1,0,0,0,0,1,1,0,1,0,1,1,1,0,1,1,0,0,0,1,0,0
2017-18,36,Telangana,3620,YADADRI,362003,ALAIR,11,HSS (XI-XII),5,Private Unaided (Recognized),Rural,3,Co-Ed,2,2,1,2,2,2,2,2,2,2,0,0,0,0,1,2,0,2,0,1,1,2,2,1,1,0,1,0,2,1,0
2017-18,36,Telangana,3620,YADADRI,362003,ALAIR,1,PS (I-V),3,Local body,Rural,3,Co-Ed,24,24,19,3,24,24,14,19,23,24,0,0,0,0,16,5,0,0,0,15,0,24,22,9,17,0,12,0,20,0,0
2017-18,36,Telangana,3620,YADADRI,362003,ALAIR,1,PS (I-V),4,Government Aided,Rural,3,Co-Ed,2,2,0,0,2,2,0,2,2,2,0,0,0,0,1,1,0,0,0,0,0,2,2,1,1,0,0,0,2,0,0
2017-18,36,Telangana,3620,YADADRI,362003,ALAIR,1,PS (I-V),5,Private Unaided (Recognized),Rural,3,Co-Ed,1,1,1,0,1,1,1,1,1,1,0,0,0,0,0,1,0,0,0,1,0,1,1,1,1,0,0,0,1,0,0
2017-18,36,Telangana,3620,YADADRI,362003,ALAIR,6,SS (I-X),6,Other Govt. managed schools,Rural,2,Girls,1,1,0,0,1,1,1,0,1,1,0,0,0,0,1,1,0,1,0,1,0,0,1,1,1,0,0,0,1,1,0
2017-18,36,Telangana,3620,YADADRI,362003,ALAIR,6,SS (I-X),4,Government Aided,Rural,3,Co-Ed,1,1,1,0,1,1,1,1,1,1,0,0,0,0,1,1,0,0,0,1,0,1,1,1,1,0,0,0,1,0,0
2017-18,36,Telangana,3620,YADADRI,362003,ALAIR,6,SS (I-X),5,Private Unaided (Recognized),Rural,3,Co-Ed,7,7,6,6,7,7,6,7,7,7,0,0,0,0,2,6,0,4,0,6,0,7,6,7,6,2,1,0,7,3,0
2017-18,36,Telangana,3620,YADADRI,362003,ALAIR,7,SS (VI-X),3,Local body,Rural,2,Girls,1,1,1,1,1,1,1,0,1,1,0,0,0,0,1,0,0,1,0,1,0,1,1,1,1,1,1,0,1,0,0
2017-18,36,Telangana,3620,YADADRI,362003,ALAIR,7,SS (VI-X),3,Local body,Rural,3,Co-Ed,7,7,6,5,7,7,7,7,7,7,0,0,0,0,5,2,0,6,0,7,0,7,7,7,7,2,1,0,7,0,0
2017-18,36,Telangana,3620,YADADRI,362003,ALAIR,2,UPS (I-VIII),3,Local body,Rural,3,Co-Ed,1,1,1,0,1,1,1,1,1,1,0,0,0,0,0,0,0,0,0,1,0,1,1,0,0,0,1,0,1,0,0
2017-18,36,Telangana,3620,YADADRI,362004,MOOTAKONDUR,1,PS (I-V),3,Local body,Rural,3,Co-Ed,15,15,13,2,13,13,12,12,15,15,0,0,0,0,13,2,0,0,0,13,0,14,15,3,15,1,3,0,12,0,0
2017-18,36,Telangana,3620,YADADRI,362004,MOOTAKONDUR,1,PS (I-V),4,Government Aided,Rural,3,Co-Ed,1,1,0,0,1,1,1,1,1,1,0,0,0,0,1,0,0,0,0,0,0,1,1,1,1,0,0,0,1,0,0
2017-18,36,Telangana,3620,YADADRI,362004,MOOTAKONDUR,6,SS (I-X),6,Other Govt. managed schools,Rural,2,Girls,1,1,0,1,1,1,1,0,1,1,0,0,0,0,1,0,0,1,0,0,0,0,0,1,1,0,0,0,1,0,0
2017-18,36,Telangana,3620,YADADRI,362004,MOOTAKONDUR,6,SS (I-X),5,Private Unaided (Recognized),Rural,3,Co-Ed,2,2,0,2,2,2,2,2,2,2,0,0,0,0,1,2,0,0,0,2,0,2,2,2,2,1,0,0,2,1,0
2017-18,36,Telangana,3620,YADADRI,362004,MOOTAKONDUR,7,SS (VI-X),3,Local body,Rural,3,Co-Ed,8,8,4,4,6,6,7,7,8,8,0,0,0,0,5,3,0,2,0,8,0,8,8,8,8,1,3,0,8,1,0
2017-18,36,Telangana,3620,YADADRI,362004,MOOTAKONDUR,2,UPS (I-VIII),3,Local body,Rural,3,Co-Ed,1,1,1,0,1,1,1,1,1,1,0,0,0,0,1,0,0,0,0,1,0,1,1,0,1,0,0,0,1,0,0
2017-18,36,Telangana,3620,YADADRI,362004,MOOTAKONDUR,2,UPS (I-VIII),5,Private Unaided (Recognized),Rural,3,Co-Ed,2,2,1,1,2,2,2,2,2,2,0,0,0,0,1,1,0,0,0,1,0,2,2,1,2,0,0,0,2,2,0
2017-18,36,Telangana,3620,YADADRI,362005,YADAGIRIGUTTA,11,HSS (XI-XII),1,Department of Education,Urban,3,Co-Ed,1,1,0,1,1,1,1,1,1,1,0,0,0,0,1,1,0,0,0,1,0,1,1,0,1,0,0,0,1,0,0
2017-18,36,Telangana,3620,YADADRI,362005,YADAGIRIGUTTA,11,HSS (XI-XII),5,Private Unaided (Recognized),Urban,3,Co-Ed,1,1,0,1,1,1,1,1,1,1,0,0,0,0,0,1,0,0,0,0,0,1,1,1,1,0,0,0,1,0,0
2017-18,36,Telangana,3620,YADADRI,362005,YADAGIRIGUTTA,1,PS (I-V),3,Local body,Rural,3,Co-Ed,26,26,10,2,20,23,25,24,26,26,0,0,0,0,24,5,0,0,0,21,1,26,26,8,19,3,11,0,26,0,0
2017-18,36,Telangana,3620,YADADRI,362005,YADAGIRIGUTTA,1,PS (I-V),3,Local body,Urban,3,Co-Ed,6,6,5,1,5,5,5,6,6,6,0,0,0,0,6,2,0,0,0,4,0,6,6,0,6,0,3,0,3,0,0
2017-18,36,Telangana,3620,YADADRI,362005,YADAGIRIGUTTA,1,PS (I-V),5,Private Unaided (Recognized),Urban,3,Co-Ed,1,1,1,1,1,1,1,1,1,1,0,0,0,0,1,1,0,1,0,1,0,1,1,0,1,1,0,0,1,0,0
2017-18,36,Telangana,3620,YADADRI,362005,YADAGIRIGUTTA,6,SS (I-X),5,Private Unaided (Recognized),Urban,3,Co-Ed,3,3,2,3,3,3,3,3,3,3,0,0,0,0,1,3,0,3,0,2,0,3,3,2,3,2,1,0,3,2,0
2017-18,36,Telangana,3620,YADADRI,362005,YADAGIRIGUTTA,7,SS (VI-X),3,Local body,Urban,2,Girls,1,1,1,1,1,1,1,0,1,1,0,0,0,0,1,1,0,0,0,1,0,1,1,1,1,1,0,0,1,0,0
2017-18,36,Telangana,3620,YADADRI,362005,YADAGIRIGUTTA,7,SS (VI-X),3,Local body,Rural,3,Co-Ed,9,9,9,5,9,9,9,9,9,9,0,0,0,0,8,4,0,1,0,9,0,9,9,8,9,3,5,0,9,0,0
2017-18,36,Telangana,3620,YADADRI,362005,YADAGIRIGUTTA,7,SS (VI-X),3,Local body,Urban,3,Co-Ed,2,2,1,2,2,2,2,2,2,2,0,0,0,0,2,2,0,1,0,1,0,2,2,2,2,0,1,0,2,1,0
2017-18,36,Telangana,3620,YADADRI,362005,YADAGIRIGUTTA,2,UPS (I-VIII),3,Local body,Rural,3,Co-Ed,2,2,2,1,2,2,2,2,2,2,0,0,0,0,2,2,0,0,0,2,0,2,2,1,2,0,1,0,2,0,0
2017-18,36,Telangana,3620,YADADRI,362005,YADAGIRIGUTTA,2,UPS (I-VIII),5,Private Unaided (Recognized),Rural,3,Co-Ed,2,2,1,2,2,2,2,2,2,2,0,0,0,0,2,2,0,1,0,2,1,2,2,2,1,1,0,0,2,1,0
2017-18,36,Telangana,3620,YADADRI,362005,YADAGIRIGUTTA,2,UPS (I-VIII),5,Private Unaided (Recognized),Urban,3,Co-Ed,5,5,1,4,5,5,5,5,5,5,0,0,0,0,4,5,0,2,0,4,0,5,5,5,4,0,0,0,5,1,0
2017-18,36,Telangana,3620,YADADRI,362006,BHONGIRI,3,HSS (I-XII),90,Social welfare Department,Urban,1,Boys,1,1,1,1,1,1,1,1,0,1,0,0,0,0,1,1,0,1,0,1,1,1,1,1,1,1,0,0,1,0,0
2017-18,36,Telangana,3620,YADADRI,362006,BHONGIRI,11,HSS (XI-XII),1,Department of Education,Urban,1,Boys,1,1,1,1,1,1,1,1,0,1,0,0,0,0,1,1,0,1,0,1,1,1,1,1,1,1,0,0,1,1,0
2017-18,36,Telangana,3620,YADADRI,362006,BHONGIRI,11,HSS (XI-XII),1,Department of Education,Urban,2,Girls,1,1,0,0,1,1,1,0,1,1,0,0,0,0,1,1,0,1,0,1,0,1,0,0,1,1,0,0,1,1,0
2017-18,36,Telangana,3620,YADADRI,362006,BHONGIRI,11,HSS (XI-XII),5,Private Unaided (Recognized),Urban,2,Girls,1,1,0,1,1,1,1,0,1,1,0,0,0,0,1,1,0,1,0,0,0,1,0,1,1,1,0,0,1,0,0
2017-18,36,Telangana,3620,YADADRI,362006,BHONGIRI,11,HSS (XI-XII),5,Private Unaided (Recognized),Urban,3,Co-Ed,9,9,0,5,9,9,9,9,9,9,0,0,0,0,6,3,0,9,0,1,2,9,1,6,8,3,2,0,9,3,0
2017-18,36,Telangana,3620,YADADRI,362006,BHONGIRI,1,PS (I-V),3,Local body,Rural,3,Co-Ed,35,35,19,2,33,33,35,28,33,34,0,0,0,0,21,10,0,0,0,23,0,35,32,2,24,0,15,0,34,1,0
2017-18,36,Telangana,3620,YADADRI,362006,BHONGIRI,1,PS (I-V),1,Department of Education,Urban,3,Co-Ed,11,11,6,2,11,11,11,10,11,11,0,0,0,0,6,3,0,0,0,5,0,11,10,2,7,0,3,0,11,0,0
2017-18,36,Telangana,3620,YADADRI,362006,BHONGIRI,1,PS (I-V),3,Local body,Urban,3,Co-Ed,3,3,1,0,3,3,2,3,3,3,0,0,0,0,3,1,0,0,0,0,0,3,2,0,0,0,1,0,3,0,0
2017-18,36,Telangana,3620,YADADRI,362006,BHONGIRI,1,PS (I-V),4,Government Aided,Urban,3,Co-Ed,3,3,0,0,3,3,3,3,3,3,0,0,0,0,2,2,0,0,0,1,0,3,1,1,3,1,1,0,3,0,0
2017-18,36,Telangana,3620,YADADRI,362006,BHONGIRI,1,PS (I-V),92,Kendriya Vidyalaya / Central School,Urban,3,Co-Ed,1,1,0,1,1,1,1,1,1,1,0,0,0,0,1,1,0,1,0,1,0,0,0,0,1,0,0,0,1,0,0
2017-18,36,Telangana,3620,YADADRI,362006,BHONGIRI,6,SS (I-X),6,Other Govt. managed schools,Urban,1,Boys,1,1,0,0,1,1,1,1,0,1,0,0,0,0,1,1,0,1,0,1,0,1,1,1,1,0,0,0,1,1,0
2017-18,36,Telangana,3620,YADADRI,362006,BHONGIRI,6,SS (I-X),2,Tribal Welfare Department,Urban,2,Girls,1,1,1,1,1,1,1,0,1,1,0,0,0,0,0,1,0,0,0,0,0,1,1,1,1,0,0,0,1,1,0
2017-18,36,Telangana,3620,YADADRI,362006,BHONGIRI,6,SS (I-X),5,Private Unaided (Recognized),Rural,3,Co-Ed,7,7,2,7,7,7,7,7,7,7,0,0,0,0,5,7,0,7,0,5,1,7,7,7,7,3,0,0,7,2,0
2017-18,36,Telangana,3620,YADADRI,362006,BHONGIRI,6,SS (I-X),5,Private Unaided (Recognized),Urban,3,Co-Ed,16,16,1,13,16,16,16,16,16,16,0,0,0,0,11,14,0,14,0,7,0,16,14,11,16,6,5,0,16,5,0
2017-18,36,Telangana,3620,YADADRI,362006,BHONGIRI,7,SS (VI-X),1,Department of Education,Urban,2,Girls,1,1,1,1,1,1,1,0,1,1,0,0,0,0,1,1,0,1,0,1,0,1,1,1,1,0,0,0,1,0,0
2017-18,36,Telangana,3620,YADADRI,362006,BHONGIRI,7,SS (VI-X),6,Other Govt. managed schools,Urban,2,Girls,1,1,1,1,1,1,1,0,1,1,0,0,0,0,1,1,0,0,0,1,0,1,1,1,1,0,1,0,1,0,0
2017-18,36,Telangana,3620,YADADRI,362006,BHONGIRI,7,SS (VI-X),3,Local body,Rural,3,Co-Ed,12,12,4,6,12,12,12,11,12,12,0,0,0,0,10,6,0,3,0,11,0,12,12,12,11,2,5,0,12,3,0
2017-18,36,Telangana,3620,YADADRI,362006,BHONGIRI,7,SS (VI-X),1,Department of Education,Urban,3,Co-Ed,4,4,2,3,3,4,4,4,4,4,0,0,0,0,4,2,0,0,0,3,0,4,4,3,3,1,1,0,4,1,0
2017-18,36,Telangana,3620,YADADRI,362006,BHONGIRI,7,SS (VI-X),4,Government Aided,Urban,3,Co-Ed,1,1,0,0,1,1,1,1,1,1,0,0,0,0,1,1,0,0,0,1,0,1,1,0,1,1,0,0,1,0,0
2017-18,36,Telangana,3620,YADADRI,362006,BHONGIRI,2,UPS (I-VIII),6,Other Govt. managed schools,Urban,1,Boys,1,1,0,0,1,1,1,1,0,1,0,0,0,0,1,1,0,0,0,0,0,0,0,1,1,0,0,0,1,0,0
2017-18,36,Telangana,3620,YADADRI,362006,BHONGIRI,2,UPS (I-VIII),3,Local body,Rural,3,Co-Ed,5,5,4,0,4,4,5,5,5,5,0,0,0,0,5,0,0,0,0,4,0,5,5,2,4,1,4,0,5,0,0
2017-18,36,Telangana,3620,YADADRI,362006,BHONGIRI,2,UPS (I-VIII),5,Private Unaided (Recognized),Rural,3,Co-Ed,2,2,1,2,2,2,2,2,2,2,0,0,0,0,2,2,0,0,0,2,0,1,1,2,2,0,1,0,2,0,0
2017-18,36,Telangana,3620,YADADRI,362006,BHONGIRI,2,UPS (I-VIII),1,Department of Education,Urban,3,Co-Ed,1,1,0,0,1,1,1,1,1,1,0,0,0,0,1,0,0,0,0,1,0,1,1,0,1,0,0,0,1,0,0
2017-18,36,Telangana,3620,YADADRI,362006,BHONGIRI,2,UPS (I-VIII),4,Government Aided,Urban,3,Co-Ed,1,1,0,0,1,1,1,1,1,1,0,0,0,0,0,1,0,0,0,0,0,1,1,0,1,1,0,0,1,0,0
2017-18,36,Telangana,3620,YADADRI,362006,BHONGIRI,2,UPS (I-VIII),5,Private Unaided (Recognized),Urban,3,Co-Ed,2,2,0,2,2,2,2,2,2,2,0,0,0,0,0,1,0,0,0,0,0,2,2,0,2,0,0,0,2,2,0
2017-18,36,Telangana,3620,YADADRI,362006,BHONGIRI,2,UPS (I-VIII),98,Madarsa unrecognized,Urban,3,Co-Ed,1,1,0,1,1,1,1,1,1,1,0,0,0,0,0,1,0,1,0,1,0,0,1,0,0,0,1,0,1,1,0
2017-18,36,Telangana,3620,YADADRI,362007,BOMMALARAMARAM,5,HSS (VI-XII),6,Other Govt. managed schools,Rural,3,Co-Ed,1,1,1,1,1,1,1,1,1,1,0,0,0,0,1,1,0,0,0,1,0,1,1,1,1,0,0,0,1,0,0
2017-18,36,Telangana,3620,YADADRI,362007,BOMMALARAMARAM,11,HSS (XI-XII),1,Department of Education,Rural,3,Co-Ed,1,1,1,0,1,1,1,1,1,1,0,0,0,0,1,0,0,1,0,1,1,1,1,1,1,0,0,0,1,1,0
2017-18,36,Telangana,3620,YADADRI,362007,BOMMALARAMARAM,1,PS (I-V),1,Department of Education,Rural,3,Co-Ed,2,2,2,0,0,0,0,1,2,2,0,0,0,0,2,0,0,0,0,1,0,2,2,0,0,0,1,0,2,0,0
2017-18,36,Telangana,3620,YADADRI,362007,BOMMALARAMARAM,1,PS (I-V),3,Local body,Rural,3,Co-Ed,40,40,27,0,27,27,28,36,39,40,0,0,0,0,24,2,0,0,0,27,0,40,39,4,27,2,11,0,32,1,0
2017-18,36,Telangana,3620,YADADRI,362007,BOMMALARAMARAM,1,PS (I-V),5,Private Unaided (Recognized),Rural,3,Co-Ed,1,1,0,0,1,1,1,1,1,1,0,0,0,0,1,0,0,0,0,1,0,1,1,0,0,0,0,0,1,0,0
2017-18,36,Telangana,3620,YADADRI,362007,BOMMALARAMARAM,6,SS (I-X),5,Private Unaided (Recognized),Rural,3,Co-Ed,4,4,2,4,4,4,4,4,4,4,0,0,0,0,4,4,0,3,0,3,1,4,2,4,4,3,0,0,4,1,0
2017-18,36,Telangana,3620,YADADRI,362007,BOMMALARAMARAM,7,SS (VI-X),6,Other Govt. managed schools,Rural,2,Girls,1,1,0,1,1,1,0,0,1,1,0,0,0,0,0,0,0,0,0,1,0,1,1,1,1,0,0,0,1,1,0
2017-18,36,Telangana,3620,YADADRI,362007,BOMMALARAMARAM,7,SS (VI-X),3,Local body,Rural,3,Co-Ed,8,8,5,6,6,6,8,7,8,8,0,0,0,0,4,2,0,2,0,8,0,8,8,8,8,2,2,0,8,0,0
2017-18,36,Telangana,3620,YADADRI,362007,BOMMALARAMARAM,2,UPS (I-VIII),3,Local body,Rural,3,Co-Ed,2,2,2,1,2,2,2,2,2,2,0,0,0,0,2,0,0,0,0,1,0,2,2,0,2,0,1,0,2,0,0
2017-18,36,Telangana,3620,YADADRI,362007,BOMMALARAMARAM,2,UPS (I-VIII),5,Private Unaided (Recognized),Rural,3,Co-Ed,3,3,0,2,3,3,3,3,3,3,0,0,0,0,2,3,0,0,0,3,1,2,1,1,3,1,0,0,3,0,0
2017-18,36,Telangana,3620,YADADRI,362008,BIBINAGAR,11,HSS (XI-XII),5,Private Unaided (Recognized),Rural,3,Co-Ed,1,1,0,1,1,1,1,1,1,1,0,0,0,0,1,0,0,1,0,0,0,1,0,1,1,0,0,0,1,0,0
2017-18,36,Telangana,3620,YADADRI,362008,BIBINAGAR,1,PS (I-V),3,Local body,Rural,3,Co-Ed,36,36,23,2,36,36,22,35,36,36,0,0,0,0,34,4,0,0,0,29,0,36,35,11,27,1,13,0,25,0,0
2017-18,36,Telangana,3620,YADADRI,362008,BIBINAGAR,6,SS (I-X),5,Private Unaided (Recognized),Rural,3,Co-Ed,9,9,1,9,9,9,9,9,9,9,0,0,0,0,8,9,0,8,0,7,3,9,7,6,9,3,0,0,9,3,0
2017-18,36,Telangana,3620,YADADRI,362008,BIBINAGAR,7,SS (VI-X),3,Local body,Rural,3,Co-Ed,8,8,7,5,8,8,8,7,8,8,0,0,0,0,8,5,0,2,0,8,3,8,8,7,6,2,5,0,8,3,0
2017-18,36,Telangana,3620,YADADRI,362008,BIBINAGAR,2,UPS (I-VIII),3,Local body,Rural,3,Co-Ed,9,9,8,1,9,9,6,8,9,9,0,0,0,0,8,1,0,0,0,7,0,9,9,6,6,1,4,0,9,0,0
2017-18,36,Telangana,3620,YADADRI,362008,BIBINAGAR,2,UPS (I-VIII),5,Private Unaided (Recognized),Rural,3,Co-Ed,5,5,2,5,5,5,5,5,5,5,0,0,0,0,5,5,0,1,0,5,1,5,3,4,3,3,1,0,5,2,0
2017-18,36,Telangana,3620,YADADRI,362009,POCHAMPALLE,5,HSS (VI-XII),6,Other Govt. managed schools,Rural,3,Co-Ed,1,1,1,1,1,1,1,1,1,1,0,0,0,0,1,1,0,1,0,1,1,1,1,1,1,0,0,0,1,1,0
2017-18,36,Telangana,3620,YADADRI,362009,POCHAMPALLE,11,HSS (XI-XII),1,Department of Education,Rural,3,Co-Ed,1,1,1,1,1,1,1,1,1,1,0,0,0,0,1,1,0,1,0,0,0,1,1,1,1,0,0,0,1,0,0
2017-18,36,Telangana,3620,YADADRI,362009,POCHAMPALLE,1,PS (I-V),3,Local body,Rural,3,Co-Ed,22,22,21,2,19,22,22,22,22,22,0,0,0,0,7,4,0,0,0,15,1,20,22,2,17,2,10,0,21,0,0
2017-18,36,Telangana,3620,YADADRI,362009,POCHAMPALLE,1,PS (I-V),3,Local body,Urban,3,Co-Ed,1,1,1,0,1,1,1,1,1,1,0,0,0,0,0,0,0,0,0,0,0,1,1,0,0,0,0,0,1,0,0
2017-18,36,Telangana,3620,YADADRI,362009,POCHAMPALLE,6,SS (I-X),5,Private Unaided (Recognized),Rural,1,Boys,1,1,1,1,1,1,1,1,0,1,0,0,0,0,1,1,0,1,0,1,1,1,1,1,1,1,1,0,1,1,0
2017-18,36,Telangana,3620,YADADRI,362009,POCHAMPALLE,6,SS (I-X),6,Other Govt. managed schools,Rural,1,Boys,1,1,0,0,1,1,1,1,0,1,0,0,0,0,1,1,0,1,0,1,0,1,1,1,0,0,0,0,1,1,0
2017-18,36,Telangana,3620,YADADRI,362009,POCHAMPALLE,6,SS (I-X),5,Private Unaided (Recognized),Rural,3,Co-Ed,7,7,6,6,7,7,7,7,7,7,0,0,0,0,0,5,0,4,0,4,1,5,7,2,7,1,1,0,7,3,0
2017-18,36,Telangana,3620,YADADRI,362009,POCHAMPALLE,7,SS (VI-X),3,Local body,Rural,2,Girls,1,1,1,1,1,1,1,0,1,1,0,0,0,0,1,1,0,1,0,1,0,1,1,1,1,0,0,0,1,0,0
2017-18,36,Telangana,3620,YADADRI,362009,POCHAMPALLE,7,SS (VI-X),6,Other Govt. managed schools,Rural,2,Girls,1,1,1,1,1,1,1,0,1,1,0,0,0,0,1,1,0,0,0,1,1,1,1,1,1,0,0,0,1,1,0
2017-18,36,Telangana,3620,YADADRI,362009,POCHAMPALLE,7,SS (VI-X),3,Local body,Rural,3,Co-Ed,7,7,7,4,7,7,7,7,7,7,0,0,0,0,5,2,0,1,0,7,0,7,7,7,7,2,3,0,7,1,0
2017-18,36,Telangana,3620,YADADRI,362009,POCHAMPALLE,2,UPS (I-VIII),3,Local body,Rural,3,Co-Ed,6,6,6,2,6,6,6,6,6,6,0,0,0,0,5,0,0,0,0,5,0,6,6,2,5,0,3,0,6,1,0
2017-18,36,Telangana,3620,YADADRI,362009,POCHAMPALLE,2,UPS (I-VIII),5,Private Unaided (Recognized),Rural,3,Co-Ed,5,5,5,4,5,5,5,5,5,5,0,0,0,0,3,5,0,1,0,5,1,4,5,4,5,0,0,0,5,2,0
2017-18,36,Telangana,3620,YADADRI,362010,CHOUTUPPAL,5,HSS (VI-XII),6,Other Govt. managed schools,Rural,3,Co-Ed,1,1,1,1,1,1,1,1,1,1,0,0,0,0,1,1,0,1,0,1,0,1,1,1,1,0,0,0,1,1,0
2017-18,36,Telangana,3620,YADADRI,362010,CHOUTUPPAL,11,HSS (XI-XII),5,Private Unaided (Recognized),Urban,2,Girls,1,1,0,1,1,1,1,0,1,1,0,0,0,0,1,0,0,0,0,0,0,1,1,1,1,0,0,0,1,0,0
2017-18,36,Telangana,3620,YADADRI,362010,CHOUTUPPAL,11,HSS (XI-XII),5,Private Unaided (Recognized),Rural,3,Co-Ed,1,1,0,0,1,1,1,1,1,1,0,0,0,0,1,1,0,0,0,0,0,1,0,0,0,0,0,0,1,0,0
2017-18,36,Telangana,3620,YADADRI,362010,CHOUTUPPAL,11,HSS (XI-XII),1,Department of Education,Urban,3,Co-Ed,1,1,0,1,1,1,1,1,1,1,0,0,0,0,1,1,0,1,0,1,0,0,0,1,1,0,0,0,1,0,0
2017-18,36,Telangana,3620,YADADRI,362010,CHOUTUPPAL,11,HSS (XI-XII),5,Private Unaided (Recognized),Urban,3,Co-Ed,8,8,1,4,7,7,8,8,8,8,0,0,0,0,3,7,0,7,0,6,2,7,3,8,8,4,1,0,8,0,0
2017-18,36,Telangana,3620,YADADRI,362010,CHOUTUPPAL,1,PS (I-V),3,Local body,Rural,3,Co-Ed,35,35,25,0,15,26,26,33,35,35,0,0,0,0,27,2,0,0,0,23,0,34,33,6,17,1,19,0,28,1,0
2017-18,36,Telangana,3620,YADADRI,362010,CHOUTUPPAL,1,PS (I-V),5,Private Unaided (Recognized),Rural,3,Co-Ed,1,1,0,1,1,1,1,1,1,1,0,0,0,0,0,1,0,1,0,1,1,1,1,1,1,1,0,0,1,0,0
2017-18,36,Telangana,3620,YADADRI,362010,CHOUTUPPAL,1,PS (I-V),3,Local body,Urban,3,Co-Ed,1,1,1,0,0,0,1,0,1,1,0,0,0,0,0,0,0,0,0,1,0,1,1,0,1,0,0,0,1,0,0
2017-18,36,Telangana,3620,YADADRI,362010,CHOUTUPPAL,6,SS (I-X),6,Other Govt. managed schools,Urban,1,Boys,1,1,0,0,1,1,1,1,0,1,0,0,0,0,1,1,0,1,0,0,0,1,0,0,0,0,0,0,1,0,0
2017-18,36,Telangana,3620,YADADRI,362010,CHOUTUPPAL,6,SS (I-X),2,Tribal Welfare Department,Urban,2,Girls,1,1,1,0,1,1,1,0,1,1,0,0,0,0,1,1,0,0,0,0,0,1,1,1,0,0,0,0,1,0,0
2017-18,36,Telangana,3620,YADADRI,362010,CHOUTUPPAL,6,SS (I-X),6,Other Govt. managed schools,Urban,2,Girls,1,1,0,1,1,1,1,0,1,1,0,0,0,0,1,1,0,1,0,1,0,1,1,1,1,1,1,0,1,0,0
2017-18,36,Telangana,3620,YADADRI,362010,CHOUTUPPAL,6,SS (I-X),5,Private Unaided (Recognized),Rural,3,Co-Ed,5,5,1,5,4,5,5,5,5,5,0,0,0,0,5,5,0,3,0,5,3,4,4,4,4,1,1,0,5,5,0
2017-18,36,Telangana,3620,YADADRI,362010,CHOUTUPPAL,6,SS (I-X),5,Private Unaided (Recognized),Urban,3,Co-Ed,7,7,0,6,7,7,7,7,7,7,0,0,0,0,1,6,0,4,0,4,3,7,3,5,6,1,0,0,6,2,0
2017-18,36,Telangana,3620,YADADRI,362010,CHOUTUPPAL,7,SS (VI-X),6,Other Govt. managed schools,Urban,2,Girls,1,1,1,1,1,1,1,0,1,1,0,0,0,0,0,1,0,1,0,1,0,1,1,1,1,0,0,0,1,1,0
2017-18,36,Telangana,3620,YADADRI,362010,CHOUTUPPAL,7,SS (VI-X),3,Local body,Rural,3,Co-Ed,15,15,12,9,13,14,15,15,15,15,0,0,0,0,9,4,0,4,0,15,0,14,14,13,15,6,11,0,15,4,0
2017-18,36,Telangana,3620,YADADRI,362010,CHOUTUPPAL,7,SS (VI-X),3,Local body,Urban,3,Co-Ed,1,1,1,1,1,1,1,1,1,1,0,0,0,0,0,0,0,1,0,1,0,1,1,1,0,0,1,0,1,0,0
2017-18,36,Telangana,3620,YADADRI,362010,CHOUTUPPAL,2,UPS (I-VIII),5,Private Unaided (Recognized),Rural,3,Co-Ed,3,3,0,3,3,3,3,3,3,3,0,0,0,0,3,3,0,1,0,3,0,3,2,3,3,1,1,0,3,1,0
2017-18,36,Telangana,3620,YADADRI,362010,CHOUTUPPAL,2,UPS (I-VIII),3,Local body,Urban,3,Co-Ed,1,1,0,0,0,0,0,1,1,1,0,0,0,0,1,0,0,0,0,1,0,1,1,1,1,1,1,0,1,0,0
2017-18,36,Telangana,3620,YADADRI,362010,CHOUTUPPAL,2,UPS (I-VIII),5,Private Unaided (Recognized),Urban,3,Co-Ed,8,8,1,6,7,8,8,8,8,8,0,0,0,0,8,8,0,4,0,8,2,7,5,5,7,2,0,0,8,0,0
2017-18,36,Telangana,3620,YADADRI,362011,NARAYANAPUR,5,HSS (VI-XII),6,Other Govt. managed schools,Rural,3,Co-Ed,1,1,1,1,1,1,1,1,1,1,0,0,0,0,1,1,0,0,0,1,0,1,1,1,1,0,1,0,1,1,0
2017-18,36,Telangana,3620,YADADRI,362011,NARAYANAPUR,11,HSS (XI-XII),6,Other Govt. managed schools,Rural,1,Boys,1,1,0,0,1,1,1,1,0,1,0,0,0,0,0,1,0,1,0,1,0,1,1,1,1,0,0,0,1,1,0
2017-18,36,Telangana,3620,YADADRI,362011,NARAYANAPUR,11,HSS (XI-XII),1,Department of Education,Rural,3,Co-Ed,1,1,0,1,1,1,1,1,1,1,0,0,0,0,1,1,0,1,0,1,0,1,0,0,0,0,1,0,1,0,0
2017-18,36,Telangana,3620,YADADRI,362011,NARAYANAPUR,1,PS (I-V),3,Local body,Rural,2,Girls,1,1,1,0,1,1,1,0,1,1,0,0,0,0,0,1,0,0,0,1,0,1,1,0,1,0,1,0,1,0,0
2017-18,36,Telangana,3620,YADADRI,362011,NARAYANAPUR,1,PS (I-V),1,Department of Education,Rural,3,Co-Ed,1,1,0,0,1,1,1,1,1,1,0,0,0,0,1,0,0,0,0,1,0,1,1,0,1,0,0,0,1,0,0
2017-18,36,Telangana,3620,YADADRI,362011,NARAYANAPUR,1,PS (I-V),3,Local body,Rural,3,Co-Ed,35,35,21,1,31,31,30,27,34,35,0,0,0,0,19,3,0,0,0,29,0,35,34,2,22,0,10,0,24,0,0
2017-18,36,Telangana,3620,YADADRI,362011,NARAYANAPUR,1,PS (I-V),5,Private Unaided (Recognized),Rural,3,Co-Ed,1,1,0,1,1,1,1,1,1,1,0,0,0,0,1,1,0,0,0,0,0,1,1,1,1,0,0,0,1,0,0
2017-18,36,Telangana,3620,YADADRI,362011,NARAYANAPUR,6,SS (I-X),6,Other Govt. managed schools,Rural,1,Boys,1,1,1,1,1,1,1,1,0,1,0,0,0,0,1,1,0,1,0,1,1,1,1,1,1,0,1,0,1,1,0
2017-18,36,Telangana,3620,YADADRI,362011,NARAYANAPUR,6,SS (I-X),5,Private Unaided (Recognized),Rural,3,Co-Ed,4,4,2,4,4,4,4,4,4,4,0,0,0,0,2,3,0,2,0,3,1,4,4,4,4,1,1,0,4,1,0
2017-18,36,Telangana,3620,YADADRI,362011,NARAYANAPUR,7,SS (VI-X),3,Local body,Rural,2,Girls,1,1,0,1,1,1,1,0,1,1,0,0,0,0,0,1,0,1,0,0,0,1,1,1,0,0,1,0,1,0,0
2017-18,36,Telangana,3620,YADADRI,362011,NARAYANAPUR,7,SS (VI-X),6,Other Govt. managed schools,Rural,2,Girls,1,1,0,1,1,1,1,0,1,1,0,0,0,0,1,1,0,0,0,1,0,1,1,1,1,0,0,0,0,1,0
2017-18,36,Telangana,3620,YADADRI,362011,NARAYANAPUR,7,SS (VI-X),3,Local body,Rural,3,Co-Ed,5,5,2,5,5,5,5,5,5,5,0,0,0,0,2,1,0,3,0,5,0,5,5,5,4,0,4,0,5,1,0
2017-18,36,Telangana,3620,YADADRI,362011,NARAYANAPUR,2,UPS (I-VIII),3,Local body,Rural,3,Co-Ed,3,3,2,2,3,3,3,2,3,3,0,0,0,0,2,0,0,1,0,3,0,3,3,1,2,0,3,0,3,1,0
2017-18,36,Telangana,3620,YADADRI,362011,NARAYANAPUR,2,UPS (I-VIII),5,Private Unaided (Recognized),Rural,3,Co-Ed,5,5,1,5,5,5,5,5,5,5,0,0,0,0,3,4,0,0,0,3,0,5,1,3,5,0,0,0,5,0,0
2017-18,36,Telangana,3620,YADADRI,362012,RAMANNAPETA,3,HSS (I-XII),6,Other Govt. managed schools,Rural,2,Girls,1,1,1,1,1,1,1,0,1,1,0,0,0,0,1,1,0,1,0,1,0,1,1,1,1,1,1,0,1,0,0
2017-18,36,Telangana,3620,YADADRI,362012,RAMANNAPETA,11,HSS (XI-XII),1,Department of Education,Rural,3,Co-Ed,1,1,0,1,1,1,1,1,1,1,0,0,0,0,1,1,0,1,0,1,1,1,0,0,1,1,0,0,1,0,0
2017-18,36,Telangana,3620,YADADRI,362012,RAMANNAPETA,11,HSS (XI-XII),5,Private Unaided (Recognized),Rural,3,Co-Ed,2,2,0,2,2,2,2,2,2,2,0,0,0,0,1,1,0,2,0,2,1,2,1,1,2,1,0,0,2,0,0
2017-18,36,Telangana,3620,YADADRI,362012,RAMANNAPETA,1,PS (I-V),3,Local body,Rural,3,Co-Ed,20,20,3,3,7,9,15,16,18,20,0,0,0,0,17,6,0,0,0,16,0,20,20,1,10,1,13,0,15,1,0
2017-18,36,Telangana,3620,YADADRI,362012,RAMANNAPETA,1,PS (I-V),3,Local body,Urban,3,Co-Ed,2,2,1,0,2,2,1,2,2,2,0,0,0,0,2,0,0,0,0,2,0,2,2,1,1,0,1,0,2,0,0
2017-18,36,Telangana,3620,YADADRI,362012,RAMANNAPETA,6,SS (I-X),5,Private Unaided (Recognized),Rural,3,Co-Ed,3,3,3,2,3,3,3,3,3,3,0,0,0,0,3,3,0,3,0,2,1,3,3,2,3,1,1,0,3,1,0
2017-18,36,Telangana,3620,YADADRI,362012,RAMANNAPETA,6,SS (I-X),5,Private Unaided (Recognized),Urban,3,Co-Ed,1,1,0,1,1,1,1,1,1,1,0,0,0,0,1,1,0,0,0,1,0,1,1,1,1,0,0,0,1,0,0
2017-18,36,Telangana,3620,YADADRI,362012,RAMANNAPETA,7,SS (VI-X),1,Department of Education,Rural,1,Boys,1,1,1,0,1,1,1,1,0,1,0,0,0,0,1,1,0,0,0,1,0,1,1,1,1,1,0,0,1,0,0
2017-18,36,Telangana,3620,YADADRI,362012,RAMANNAPETA,7,SS (VI-X),3,Local body,Rural,3,Co-Ed,11,11,8,7,8,9,11,10,11,11,0,0,0,0,10,3,0,2,0,11,2,11,11,9,10,5,5,0,11,4,0
2017-18,36,Telangana,3620,YADADRI,362012,RAMANNAPETA,2,UPS (I-VIII),3,Local body,Rural,3,Co-Ed,8,8,5,5,6,7,8,8,8,8,0,0,0,0,7,1,0,0,0,8,0,8,8,1,6,2,3,0,8,1,0
2017-18,36,Telangana,3620,YADADRI,362012,RAMANNAPETA,2,UPS (I-VIII),5,Private Unaided (Recognized),Rural,3,Co-Ed,1,1,0,0,1,1,1,1,1,1,0,0,0,0,1,1,0,0,0,0,0,1,0,1,1,0,0,0,1,0,0
2017-18,36,Telangana,3620,YADADRI,362013,VALIGONDA,5,HSS (VI-XII),6,Other Govt. managed schools,Rural,3,Co-Ed,1,1,1,1,1,1,1,1,1,1,0,0,0,0,1,1,0,1,0,1,0,1,1,1,1,1,1,0,1,0,0
2017-18,36,Telangana,3620,YADADRI,362013,VALIGONDA,11,HSS (XI-XII),1,Department of Education,Rural,3,Co-Ed,1,1,0,1,1,1,1,1,1,1,0,0,0,0,1,1,0,1,0,1,1,1,0,1,1,0,0,0,1,0,0
2017-18,36,Telangana,3620,YADADRI,362013,VALIGONDA,11,HSS (XI-XII),5,Private Unaided (Recognized),Rural,3,Co-Ed,2,2,0,1,2,2,2,2,2,2,0,0,0,0,1,2,0,1,0,0,0,2,0,2,2,0,0,0,2,0,0
2017-18,36,Telangana,3620,YADADRI,362013,VALIGONDA,1,PS (I-V),3,Local body,Rural,3,Co-Ed,29,29,14,1,24,26,28,23,29,29,0,0,0,0,20,4,0,0,0,27,2,29,29,6,25,0,6,0,20,0,0
2017-18,36,Telangana,3620,YADADRI,362013,VALIGONDA,1,PS (I-V),5,Private Unaided (Recognized),Rural,3,Co-Ed,2,2,0,2,2,2,2,2,2,2,0,0,0,0,2,2,0,0,0,2,1,2,1,2,2,0,1,0,2,0,0
2017-18,36,Telangana,3620,YADADRI,362013,VALIGONDA,6,SS (I-X),5,Private Unaided (Recognized),Rural,3,Co-Ed,6,6,0,6,6,6,6,6,6,6,0,0,0,0,6,6,0,0,0,2,1,6,4,3,6,0,0,0,6,0,0
2017-18,36,Telangana,3620,YADADRI,362013,VALIGONDA,7,SS (VI-X),6,Other Govt. managed schools,Rural,2,Girls,1,1,1,1,1,1,1,0,1,1,0,0,0,0,0,1,0,0,0,1,0,0,1,1,1,0,1,0,1,1,0
2017-18,36,Telangana,3620,YADADRI,362013,VALIGONDA,7,SS (VI-X),3,Local body,Rural,3,Co-Ed,13,13,11,8,13,13,13,13,13,13,0,0,0,0,12,4,0,2,0,13,0,13,13,11,12,7,5,0,13,8,0
2017-18,36,Telangana,3620,YADADRI,362013,VALIGONDA,2,UPS (I-VIII),2,Tribal Welfare Department,Urban,2,Girls,1,1,0,1,1,1,1,0,1,1,0,0,0,0,1,1,0,0,0,0,0,0,0,0,0,0,0,0,1,0,0
2017-18,36,Telangana,3620,YADADRI,362013,VALIGONDA,2,UPS (I-VIII),3,Local body,Rural,3,Co-Ed,10,10,7,1,9,10,10,8,10,10,0,0,0,0,5,3,0,0,0,10,0,10,10,3,10,0,4,0,9,0,0
2017-18,36,Telangana,3620,YADADRI,362013,VALIGONDA,2,UPS (I-VIII),5,Private Unaided (Recognized),Rural,3,Co-Ed,2,2,0,1,2,2,2,2,2,2,0,0,0,0,2,1,0,0,0,1,0,2,2,2,2,0,0,0,2,0,0
2017-18,36,Telangana,3620,YADADRI,362014,ATMAKUR (M),11,HSS (XI-XII),5,Private Unaided (Recognized),Rural,3,Co-Ed,1,1,0,1,0,1,1,1,1,1,0,0,0,0,1,1,0,1,0,1,1,1,0,0,1,1,0,0,1,0,0
2017-18,36,Telangana,3620,YADADRI,362014,ATMAKUR (M),1,PS (I-V),3,Local body,Rural,3,Co-Ed,20,20,8,2,10,15,17,18,20,20,0,0,0,0,12,5,0,0,0,20,0,20,19,4,18,2,0,0,11,0,0
2017-18,36,Telangana,3620,YADADRI,362014,ATMAKUR (M),7,SS (VI-X),6,Other Govt. managed schools,Rural,2,Girls,1,1,1,1,1,1,1,0,1,1,0,0,0,0,1,1,0,0,0,1,0,1,1,1,1,0,1,0,1,0,0
2017-18,36,Telangana,3620,YADADRI,362014,ATMAKUR (M),7,SS (VI-X),3,Local body,Rural,3,Co-Ed,7,7,4,3,6,7,7,7,7,7,0,0,0,0,6,2,0,1,0,7,0,7,7,7,7,2,4,0,7,2,0
2017-18,36,Telangana,3620,YADADRI,362014,ATMAKUR (M),2,UPS (I-VIII),3,Local body,Rural,3,Co-Ed,3,3,0,1,1,2,3,2,3,3,0,0,0,0,2,0,0,0,0,3,0,3,3,1,3,0,2,0,3,0,0
2017-18,36,Telangana,3620,YADADRI,362014,ATMAKUR (M),2,UPS (I-VIII),5,Private Unaided (Recognized),Rural,3,Co-Ed,2,2,1,2,1,2,2,2,2,2,0,0,0,0,2,2,0,0,0,2,0,2,2,1,2,0,1,0,2,0,0
2017-18,36,Telangana,3620,YADADRI,362015,MOTHKUR,11,HSS (XI-XII),1,Department of Education,Rural,3,Co-Ed,1,1,1,1,1,1,1,1,1,1,0,0,0,0,0,1,0,1,0,1,1,1,1,1,1,0,1,0,1,1,0
2017-18,36,Telangana,3620,YADADRI,362015,MOTHKUR,11,HSS (XI-XII),5,Private Unaided (Recognized),Rural,3,Co-Ed,3,3,0,1,3,3,2,3,3,3,0,0,0,0,2,3,0,2,0,3,0,3,1,1,2,0,0,0,3,0,0
2017-18,36,Telangana,3620,YADADRI,362015,MOTHKUR,1,PS (I-V),3,Local body,Rural,3,Co-Ed,17,17,8,2,15,16,9,14,17,17,0,0,0,0,14,1,0,0,0,11,0,16,16,5,13,0,14,0,11,1,0
2017-18,36,Telangana,3620,YADADRI,362015,MOTHKUR,6,SS (I-X),90,Social welfare Department,Rural,1,Boys,1,1,0,0,1,1,1,1,0,1,0,0,0,0,1,1,0,1,0,0,0,1,0,1,0,0,0,0,1,0,0
2017-18,36,Telangana,3620,YADADRI,362015,MOTHKUR,6,SS (I-X),5,Private Unaided (Recognized),Rural,3,Co-Ed,6,6,0,5,6,6,6,6,6,6,0,0,0,0,5,6,0,3,0,5,1,6,6,6,6,4,0,0,6,2,0
2017-18,36,Telangana,3620,YADADRI,362015,MOTHKUR,7,SS (VI-X),6,Other Govt. managed schools,Rural,2,Girls,1,1,1,1,1,1,1,0,1,1,0,0,0,0,0,1,0,0,0,1,0,1,1,1,1,1,0,0,0,1,0
2017-18,36,Telangana,3620,YADADRI,362015,MOTHKUR,7,SS (VI-X),3,Local body,Rural,3,Co-Ed,6,6,5,6,6,6,6,6,6,6,0,0,0,0,5,2,0,0,0,6,0,6,6,6,6,2,5,0,6,1,0
2017-18,36,Telangana,3620,YADADRI,362015,MOTHKUR,2,UPS (I-VIII),3,Local body,Rural,3,Co-Ed,2,2,2,1,2,2,2,2,2,2,0,0,0,0,1,0,0,0,0,2,0,2,2,1,2,0,1,0,2,0,0
2017-18,36,Telangana,3620,YADADRI,362015,MOTHKUR,2,UPS (I-VIII),5,Private Unaided (Recognized),Rural,3,Co-Ed,2,2,0,1,2,2,2,2,2,2,0,0,0,0,2,2,0,0,0,1,0,2,2,2,2,0,0,0,2,0,0
2017-18,36,Telangana,3620,YADADRI,362016,ADDAGUDUR,3,HSS (I-XII),90,Social welfare Department,Rural,2,Girls,1,1,1,1,1,1,1,0,1,1,0,0,0,0,1,1,0,1,0,1,0,1,1,1,1,0,0,0,1,0,0
2017-18,36,Telangana,3620,YADADRI,362016,ADDAGUDUR,1,PS (I-V),3,Local body,Rural,3,Co-Ed,16,16,9,2,13,16,10,14,16,16,0,0,0,0,12,2,0,0,0,14,0,16,16,7,16,1,14,0,10,0,0
2017-18,36,Telangana,3620,YADADRI,362016,ADDAGUDUR,1,PS (I-V),4,Government Aided,Rural,3,Co-Ed,1,1,0,1,1,1,1,1,1,1,0,0,0,0,1,1,0,0,0,1,0,1,1,1,1,0,0,0,1,0,0
2017-18,36,Telangana,3620,YADADRI,362016,ADDAGUDUR,1,PS (I-V),5,Private Unaided (Recognized),Rural,3,Co-Ed,1,1,0,0,1,1,1,1,1,1,0,0,0,0,1,1,0,0,0,1,0,0,0,1,1,0,0,0,1,0,0
2017-18,36,Telangana,3620,YADADRI,362016,ADDAGUDUR,6,SS (I-X),5,Private Unaided (Recognized),Rural,3,Co-Ed,1,1,0,1,1,1,1,1,1,1,0,0,0,0,1,1,0,1,0,1,0,1,1,1,1,0,0,0,1,0,0
2017-18,36,Telangana,3620,YADADRI,362016,ADDAGUDUR,7,SS (VI-X),6,Other Govt. managed schools,Rural,2,Girls,1,1,1,0,1,1,1,0,1,1,0,0,0,0,1,0,0,0,0,0,0,1,1,1,0,0,0,0,0,0,0
2017-18,36,Telangana,3620,YADADRI,362016,ADDAGUDUR,7,SS (VI-X),3,Local body,Rural,3,Co-Ed,6,6,6,5,6,6,6,5,6,6,0,0,0,0,5,0,0,1,0,6,0,6,6,6,6,1,6,0,6,1,0
2017-18,36,Telangana,3620,YADADRI,362016,ADDAGUDUR,2,UPS (I-VIII),3,Local body,Rural,3,Co-Ed,3,3,2,2,3,3,3,2,3,3,0,0,0,0,2,1,0,0,0,3,0,3,3,3,3,0,2,0,3,0,0
2017-18,36,Telangana,3620,YADADRI,362016,ADDAGUDUR,2,UPS (I-VIII),5,Private Unaided (Recognized),Rural,3,Co-Ed,1,1,0,1,1,1,1,1,1,1,0,0,0,0,1,1,0,0,0,1,0,0,1,1,1,0,0,0,1,0,0
