Academic_Year,State_Code,State_Name,District_Code,District_Name,Block_Code,Udise_Block_Name,School_Category_Id,School_Category_Name,School_Management_Id,School_Management_Name,Location,School_Type_Id,School_Type,Total_Number_of_Schools,Building,Complete_Medical_Checkup,Computer_Available,Functional_Drinking_Water,Drinking_Water,Functional_Electricity,Functional_Boy_Toilet,Functional_Girl_Toilet,Functional_Toilet_Facility,Functional_Toilet_and_Urinal,Functional_Urinal,Functional_Urinal_Boy,Functional_Urinal_Girl,Handwash,Separate_Room_for_Headmaster,Incinerator,Internet,Kitchen_Garden,Land_Available,Librarian,Library_or_Reading_Corner_or_Book_Bank,Medical_Checkup,Newspaper,Playground,Rain_Water_Harvesting,Ramps,Solar_Panel,Furniture,Water_Purifier,Water_Tested
2018-19,28,Andhra Pradesh,2811,SRIKAKULAM,281110,SANTHAKAVITI,7,SS (VI-X),3,Local body,Rural,3,Co-educational,9,9,9,8,7,9,9,5,7,7,6,7,5,7,9,3,0,3,0,8,0,9,9,5,7,0,9,0,5,0,8
2018-19,28,Andhra Pradesh,2811,SRIKAKULAM,281101,VEERAGHATTAM,11,HSS (XI-XII),1,Department of Education,Rural,3,Co-educational,1,1,1,1,1,1,1,1,1,1,0,0,0,0,1,0,0,0,0,1,1,1,1,1,1,0,0,0,0,0,0
2018-19,28,Andhra Pradesh,2811,SRIKAKULAM,281101,VEERAGHATTAM,11,HSS (XI-XII),5,Private Unaided (Recognized),Rural,3,Co-educational,1,1,1,1,1,1,1,1,1,1,0,0,0,0,1,0,0,0,0,0,1,1,1,1,1,0,0,0,0,0,0
2018-19,28,Andhra Pradesh,2811,SRIKAKULAM,281101,VEERAGHATTAM,1,PS (I-V) ,2,Tribal Welfare Department,Rural,3,Co-educational,3,3,3,0,2,2,1,1,2,2,2,3,3,3,3,0,0,0,1,1,0,1,3,3,0,3,1,0,0,0,2
2018-19,28,Andhra Pradesh,2811,SRIKAKULAM,281101,VEERAGHATTAM,1,PS (I-V) ,3,Local body,Rural,3,Co-educational,35,35,34,0,30,30,35,20,30,30,27,31,27,31,35,2,0,0,1,18,0,26,35,25,13,15,25,0,1,0,30
2018-19,28,Andhra Pradesh,2811,SRIKAKULAM,281101,VEERAGHATTAM,1,PS (I-V) ,4,Government Aided,Rural,3,Co-educational,3,3,3,0,3,3,1,0,0,0,0,0,0,0,2,1,0,0,0,2,0,2,3,2,2,0,0,0,1,0,1
2018-19,28,Andhra Pradesh,2811,SRIKAKULAM,281101,VEERAGHATTAM,1,PS (I-V) ,5,Private Unaided (Recognized),Rural,3,Co-educational,2,2,1,2,2,2,2,2,2,2,2,2,2,2,2,2,0,1,0,2,0,2,2,2,2,1,1,0,2,0,2
2018-19,28,Andhra Pradesh,2811,SRIKAKULAM,281101,VEERAGHATTAM,6, SS (I-X) ,2,Tribal Welfare Department,Rural,3,Co-educational,1,1,1,1,1,1,1,1,1,1,1,1,1,0,1,1,0,0,1,1,0,1,1,1,1,1,0,0,0,0,1
2018-19,28,Andhra Pradesh,2811,SRIKAKULAM,281101,VEERAGHATTAM,6, SS (I-X) ,5,Private Unaided (Recognized),Rural,3,Co-educational,2,2,2,1,2,2,2,2,2,2,1,1,1,1,2,2,0,0,0,2,0,2,2,2,2,1,1,0,1,1,2
2018-19,28,Andhra Pradesh,2811,SRIKAKULAM,281101,VEERAGHATTAM,7,SS (VI-X),1,Department of Education,Rural,2,Girls,1,1,1,1,1,1,1,0,1,1,1,1,0,1,1,1,0,1,0,1,0,1,1,1,1,1,1,0,0,1,1
2018-19,28,Andhra Pradesh,2811,SRIKAKULAM,281101,VEERAGHATTAM,7,SS (VI-X),3,Local body,Rural,2,Girls,1,1,1,1,1,1,1,0,1,1,1,1,0,1,1,1,0,0,0,1,0,1,1,1,1,0,0,0,0,0,1
2018-19,28,Andhra Pradesh,2811,SRIKAKULAM,281101,VEERAGHATTAM,7,SS (VI-X),3,Local body,Rural,3,Co-educational,9,9,9,9,9,9,9,7,8,8,7,8,8,8,9,8,0,2,0,9,0,9,9,9,9,6,8,0,0,0,7
2018-19,28,Andhra Pradesh,2811,SRIKAKULAM,281101,VEERAGHATTAM,7,SS (VI-X),5,Private Unaided (Recognized),Rural,3,Co-educational,3,3,1,3,3,3,3,3,3,3,3,3,3,3,3,3,0,1,0,3,0,3,3,3,3,2,0,0,1,0,2
2018-19,28,Andhra Pradesh,2811,SRIKAKULAM,281101,VEERAGHATTAM,2,UPS (I-VIII) ,3,Local body,Rural,3,Co-educational,12,12,12,0,12,12,12,12,12,12,11,11,11,11,12,3,0,1,1,6,0,12,12,8,7,9,10,0,1,0,11
2018-19,28,Andhra Pradesh,2811,SRIKAKULAM,281101,VEERAGHATTAM,2,UPS (I-VIII) ,5,Private Unaided (Recognized),Rural,3,Co-educational,2,2,2,1,2,2,2,2,2,2,1,1,1,1,2,2,0,0,0,2,0,2,2,2,2,0,1,0,0,1,1
2018-19,28,Andhra Pradesh,2811,SRIKAKULAM,281102,VANGARA,3,HSS (I-XII),90,Social welfare Department,Rural,2,Girls,1,1,1,1,0,1,1,0,1,1,1,1,0,1,0,1,0,1,0,1,0,1,1,1,1,0,1,0,1,1,0
2018-19,28,Andhra Pradesh,2811,SRIKAKULAM,281102,VANGARA,11,HSS (XI-XII),1,Department of Education,Rural,3,Co-educational,1,1,1,1,1,1,1,1,1,1,0,0,0,0,0,0,0,0,0,0,0,1,1,0,1,0,0,0,0,0,0
2018-19,28,Andhra Pradesh,2811,SRIKAKULAM,281102,VANGARA,1,PS (I-V) ,3,Local body,Rural,3,Co-educational,29,28,27,0,22,24,28,16,18,18,16,24,18,24,25,0,0,2,1,19,3,25,27,6,15,6,22,0,1,2,3
2018-19,28,Andhra Pradesh,2811,SRIKAKULAM,281102,VANGARA,1,PS (I-V) ,4,Government Aided,Rural,3,Co-educational,2,2,2,0,2,2,1,2,2,2,2,2,2,2,1,0,0,0,0,1,0,0,2,0,2,0,2,0,0,0,0
2018-19,28,Andhra Pradesh,2811,SRIKAKULAM,281102,VANGARA,6, SS (I-X) ,5,Private Unaided (Recognized),Rural,3,Co-educational,1,1,1,0,1,1,1,1,1,1,1,1,1,1,1,1,0,1,0,1,0,1,1,1,1,1,0,0,1,1,0
2018-19,28,Andhra Pradesh,2811,SRIKAKULAM,281102,VANGARA,7,SS (VI-X),1,Department of Education,Rural,2,Girls,1,1,1,1,0,1,1,0,0,0,0,1,0,1,1,1,0,1,1,0,0,1,1,1,0,1,1,0,0,0,0
2018-19,28,Andhra Pradesh,2811,SRIKAKULAM,281102,VANGARA,7,SS (VI-X),3,Local body,Rural,3,Co-educational,7,7,7,7,5,7,7,4,4,4,4,7,6,7,7,3,0,0,0,6,0,7,7,5,6,4,7,0,0,1,0
2018-19,28,Andhra Pradesh,2811,SRIKAKULAM,281102,VANGARA,7,SS (VI-X),5,Private Unaided (Recognized),Rural,3,Co-educational,1,1,0,0,0,1,1,1,1,1,0,0,0,0,0,1,0,0,0,1,0,1,1,0,1,0,0,0,0,0,0
2018-19,28,Andhra Pradesh,2811,SRIKAKULAM,281102,VANGARA,2,UPS (I-VIII) ,3,Local body,Rural,3,Co-educational,9,8,9,0,8,8,8,5,5,5,5,8,7,8,6,0,0,3,0,4,0,8,9,0,4,1,6,0,0,2,2
2018-19,28,Andhra Pradesh,2811,SRIKAKULAM,281102,VANGARA,2,UPS (I-VIII) ,5,Private Unaided (Recognized),Rural,3,Co-educational,4,4,2,1,3,4,1,3,3,3,1,1,1,1,0,2,0,1,0,2,0,4,2,2,4,0,2,0,3,2,0
2018-19,28,Andhra Pradesh,2811,SRIKAKULAM,281103,R.AMADALAVALASA,1,PS (I-V) ,3,Local body,Rural,3,Co-educational,57,56,53,0,47,52,56,41,44,44,27,35,33,35,55,3,0,0,4,32,4,56,56,4,26,5,30,0,5,4,2
2018-19,28,Andhra Pradesh,2811,SRIKAKULAM,281103,R.AMADALAVALASA,6, SS (I-X) ,90,Social welfare Department,Rural,1,Boys,1,1,1,1,1,1,1,1,0,1,1,1,1,0,1,1,0,1,0,1,0,1,1,1,1,1,0,0,1,1,0
2018-19,28,Andhra Pradesh,2811,SRIKAKULAM,281103,R.AMADALAVALASA,7,SS (VI-X),1,Department of Education,Rural,2,Girls,1,1,1,1,0,1,1,0,1,1,0,0,0,0,1,1,0,1,1,1,0,1,1,1,1,0,1,0,0,0,0
2018-19,28,Andhra Pradesh,2811,SRIKAKULAM,281103,R.AMADALAVALASA,7,SS (VI-X),3,Local body,Rural,3,Co-educational,12,12,11,10,12,12,12,9,10,10,6,6,6,6,12,5,0,0,2,12,0,12,11,7,11,1,9,0,1,2,0
2018-19,28,Andhra Pradesh,2811,SRIKAKULAM,281103,R.AMADALAVALASA,2,UPS (I-VIII) ,3,Local body,Rural,3,Co-educational,10,10,9,0,10,10,10,7,9,9,7,8,8,8,10,0,0,0,1,7,0,10,10,0,3,2,4,0,3,1,0
2018-19,28,Andhra Pradesh,2811,SRIKAKULAM,281103,R.AMADALAVALASA,2,UPS (I-VIII) ,5,Private Unaided (Recognized),Rural,3,Co-educational,2,2,2,1,1,2,2,2,2,2,0,0,0,0,2,1,0,0,2,1,0,2,2,1,2,1,1,0,1,1,0
2018-19,28,Andhra Pradesh,2811,SRIKAKULAM,281104,RAJAM,11,HSS (XI-XII),1,Department of Education,Urban,2,Girls,1,1,1,1,1,1,1,0,1,1,0,0,0,0,1,1,0,0,0,0,0,0,1,0,1,0,0,0,0,0,0
2018-19,28,Andhra Pradesh,2811,SRIKAKULAM,281104,RAJAM,11,HSS (XI-XII),1,Department of Education,Rural,3,Co-educational,1,1,1,1,1,1,1,1,1,1,0,0,0,0,0,1,0,0,0,1,1,1,1,1,1,0,0,0,0,0,0
2018-19,28,Andhra Pradesh,2811,SRIKAKULAM,281104,RAJAM,11,HSS (XI-XII),5,Private Unaided (Recognized),Rural,3,Co-educational,1,1,1,1,1,1,1,1,1,1,0,0,0,0,0,1,0,0,0,1,0,1,1,0,1,0,0,0,0,0,0
2018-19,28,Andhra Pradesh,2811,SRIKAKULAM,281104,RAJAM,11,HSS (XI-XII),5,Private Unaided (Recognized),Urban,3,Co-educational,5,5,5,5,5,5,5,5,5,5,0,0,0,0,2,5,0,0,0,2,3,5,5,4,5,0,2,0,0,0,0
2018-19,28,Andhra Pradesh,2811,SRIKAKULAM,281104,RAJAM,1,PS (I-V) ,3,Local body,Rural,3,Co-educational,31,31,25,0,25,26,31,13,19,19,12,19,15,19,25,4,0,4,1,13,2,27,28,5,16,18,17,0,5,7,2
2018-19,28,Andhra Pradesh,2811,SRIKAKULAM,281104,RAJAM,1,PS (I-V) ,5,Private Unaided (Recognized),Rural,3,Co-educational,5,5,0,4,5,5,5,3,2,3,1,1,1,1,4,2,0,2,0,0,0,5,0,3,5,2,0,0,5,3,0
2018-19,28,Andhra Pradesh,2811,SRIKAKULAM,281104,RAJAM,1,PS (I-V) ,3,Local body,Urban,3,Co-educational,5,5,5,0,4,5,5,4,4,4,4,4,3,4,5,1,0,0,0,2,0,4,5,0,3,2,2,0,0,1,0
2018-19,28,Andhra Pradesh,2811,SRIKAKULAM,281104,RAJAM,1,PS (I-V) ,5,Private Unaided (Recognized),Urban,3,Co-educational,9,9,3,8,8,9,9,8,7,8,3,3,3,2,8,8,0,4,0,4,3,9,4,5,9,2,3,0,9,3,1
2018-19,28,Andhra Pradesh,2811,SRIKAKULAM,281104,RAJAM,6, SS (I-X) ,5,Private Unaided (Recognized),Rural,3,Co-educational,2,2,0,2,2,2,2,2,2,2,0,0,0,0,1,2,0,1,1,2,0,2,1,1,2,1,0,0,2,2,1
2018-19,28,Andhra Pradesh,2811,SRIKAKULAM,281104,RAJAM,7,SS (VI-X),1,Department of Education,Rural,2,Girls,1,1,1,1,1,1,1,0,0,0,0,1,0,1,1,0,0,0,0,1,0,1,1,1,1,1,0,0,0,0,1
2018-19,28,Andhra Pradesh,2811,SRIKAKULAM,281104,RAJAM,7,SS (VI-X),3,Local body,Urban,2,Girls,1,1,1,1,1,1,1,0,0,0,0,1,0,1,1,0,0,0,0,1,0,1,1,0,1,1,1,0,0,1,0
2018-19,28,Andhra Pradesh,2811,SRIKAKULAM,281104,RAJAM,7,SS (VI-X),3,Local body,Rural,3,Co-educational,4,4,4,4,4,4,4,2,2,2,2,2,2,2,4,3,0,1,0,4,1,4,4,1,4,3,3,0,0,0,0
2018-19,28,Andhra Pradesh,2811,SRIKAKULAM,281104,RAJAM,7,SS (VI-X),5,Private Unaided (Recognized),Rural,3,Co-educational,5,5,0,4,4,5,5,4,2,4,1,1,1,1,2,3,0,2,1,1,0,5,0,2,5,1,1,0,1,4,0
2018-19,28,Andhra Pradesh,2811,SRIKAKULAM,281104,RAJAM,7,SS (VI-X),1,Department of Education,Urban,3,Co-educational,1,1,1,1,1,1,1,1,1,1,0,0,0,0,1,1,0,0,0,1,0,1,1,0,1,1,1,0,0,1,1
2018-19,28,Andhra Pradesh,2811,SRIKAKULAM,281104,RAJAM,7,SS (VI-X),3,Local body,Urban,3,Co-educational,1,1,1,1,1,1,1,0,0,0,0,0,0,0,1,0,0,0,0,1,0,1,1,0,0,1,1,0,0,0,0
2018-19,28,Andhra Pradesh,2811,SRIKAKULAM,281104,RAJAM,7,SS (VI-X),5,Private Unaided (Recognized),Urban,3,Co-educational,9,9,4,6,8,9,8,6,5,6,1,1,1,1,8,5,0,3,0,3,2,9,4,7,9,3,2,0,4,2,1
2018-19,28,Andhra Pradesh,2811,SRIKAKULAM,281104,RAJAM,2,UPS (I-VIII) ,3,Local body,Rural,3,Co-educational,13,13,11,0,13,13,13,8,9,9,5,8,8,8,12,1,0,2,0,8,0,13,13,3,7,7,8,0,3,3,1
2018-19,28,Andhra Pradesh,2811,SRIKAKULAM,281104,RAJAM,2,UPS (I-VIII) ,5,Private Unaided (Recognized),Rural,3,Co-educational,5,5,3,4,4,5,4,4,2,4,2,2,2,2,4,3,0,2,0,3,1,5,3,4,5,4,1,0,4,2,0
2018-19,28,Andhra Pradesh,2811,SRIKAKULAM,281104,RAJAM,2,UPS (I-VIII) ,3,Local body,Urban,3,Co-educational,1,1,0,0,1,1,1,0,0,0,0,1,1,1,1,1,0,0,0,0,1,1,1,0,0,1,1,0,1,1,0
2018-19,28,Andhra Pradesh,2811,SRIKAKULAM,281104,RAJAM,2,UPS (I-VIII) ,4,Government Aided,Urban,3,Co-educational,1,1,1,0,0,1,1,1,1,1,1,1,1,1,0,1,0,0,0,1,0,1,1,0,1,0,1,0,0,0,0
2018-19,28,Andhra Pradesh,2811,SRIKAKULAM,281104,RAJAM,2,UPS (I-VIII) ,5,Private Unaided (Recognized),Urban,3,Co-educational,5,5,1,3,4,5,5,5,5,5,2,2,2,2,3,3,0,0,0,1,0,5,1,4,4,0,0,0,5,1,0
2018-19,28,Andhra Pradesh,2811,SRIKAKULAM,281105,G.SIGADAM,5, HSS (VI-XII),1,Department of Education,Rural,2,Girls,1,1,1,1,1,1,1,0,1,1,1,1,0,1,1,1,0,1,1,1,0,1,1,1,1,0,1,0,0,1,0
2018-19,28,Andhra Pradesh,2811,SRIKAKULAM,281105,G.SIGADAM,5, HSS (VI-XII),1,Department of Education,Rural,3,Co-educational,1,1,1,1,1,1,1,1,1,1,1,1,1,0,1,1,0,0,0,1,0,1,1,1,1,0,1,0,0,1,0
2018-19,28,Andhra Pradesh,2811,SRIKAKULAM,281105,G.SIGADAM,11,HSS (XI-XII),1,Department of Education,Rural,3,Co-educational,1,1,1,1,1,1,1,1,1,1,0,0,0,0,0,1,0,0,0,1,0,1,1,0,1,0,0,0,0,0,0
2018-19,28,Andhra Pradesh,2811,SRIKAKULAM,281105,G.SIGADAM,11,HSS (XI-XII),5,Private Unaided (Recognized),Rural,3,Co-educational,1,1,1,1,1,1,1,1,1,1,0,0,0,0,0,1,0,0,0,0,1,1,1,1,1,0,0,0,0,0,0
2018-19,28,Andhra Pradesh,2811,SRIKAKULAM,281105,G.SIGADAM,1,PS (I-V) ,3,Local body,Rural,3,Co-educational,40,40,35,0,35,38,40,21,33,34,12,14,10,14,27,0,0,0,16,17,0,15,36,1,12,4,20,0,6,3,1
2018-19,28,Andhra Pradesh,2811,SRIKAKULAM,281105,G.SIGADAM,1,PS (I-V) ,5,Private Unaided (Recognized),Rural,3,Co-educational,1,1,0,1,0,1,1,1,0,1,0,0,0,0,0,1,0,0,0,1,0,1,0,1,1,0,0,0,1,1,0
2018-19,28,Andhra Pradesh,2811,SRIKAKULAM,281105,G.SIGADAM,7,SS (VI-X),3,Local body,Rural,3,Co-educational,6,6,6,6,6,6,6,5,6,6,3,3,3,3,5,6,0,4,6,6,0,6,6,5,5,6,4,0,0,0,0
2018-19,28,Andhra Pradesh,2811,SRIKAKULAM,281105,G.SIGADAM,7,SS (VI-X),5,Private Unaided (Recognized),Rural,3,Co-educational,1,1,0,1,0,1,1,1,1,1,0,0,0,0,0,1,0,1,0,1,0,1,0,1,1,0,0,0,0,1,0
2018-19,28,Andhra Pradesh,2811,SRIKAKULAM,281105,G.SIGADAM,2,UPS (I-VIII) ,3,Local body,Rural,3,Co-educational,15,15,13,0,15,15,15,12,12,12,5,6,5,6,14,0,0,1,5,9,0,15,15,3,3,4,8,0,2,0,0
2018-19,28,Andhra Pradesh,2811,SRIKAKULAM,281105,G.SIGADAM,2,UPS (I-VIII) ,5,Private Unaided (Recognized),Rural,3,Co-educational,4,4,1,2,1,4,3,4,2,4,1,1,1,1,3,2,0,1,0,1,0,4,2,2,4,1,0,0,1,3,0
2018-19,28,Andhra Pradesh,2811,SRIKAKULAM,281106,LAVERU,5, HSS (VI-XII),1,Department of Education,Rural,3,Co-educational,1,1,1,1,1,1,1,1,1,1,1,1,1,0,1,1,0,1,0,1,0,1,1,1,1,0,0,0,1,0,1
2018-19,28,Andhra Pradesh,2811,SRIKAKULAM,281106,LAVERU,11,HSS (XI-XII),1,Department of Education,Rural,3,Co-educational,1,1,1,1,1,1,1,1,1,1,0,0,0,0,0,0,0,0,0,0,1,1,1,1,1,0,0,0,0,0,0
2018-19,28,Andhra Pradesh,2811,SRIKAKULAM,281106,LAVERU,1,PS (I-V) ,3,Local body,Rural,3,Co-educational,57,57,51,0,44,54,56,14,29,30,25,47,41,47,52,3,0,3,0,34,0,26,53,11,20,5,37,0,3,1,4
2018-19,28,Andhra Pradesh,2811,SRIKAKULAM,281106,LAVERU,1,PS (I-V) ,5,Private Unaided (Recognized),Rural,3,Co-educational,3,3,2,1,2,3,3,3,2,3,2,2,2,2,2,1,0,1,0,1,0,3,2,2,3,1,0,0,2,1,0
2018-19,28,Andhra Pradesh,2811,SRIKAKULAM,281106,LAVERU,6, SS (I-X) ,5,Private Unaided (Recognized),Rural,3,Co-educational,1,1,1,1,1,1,1,1,1,1,1,1,1,1,0,1,0,0,0,1,0,1,1,1,1,0,1,0,1,0,0
2018-19,28,Andhra Pradesh,2811,SRIKAKULAM,281106,LAVERU,7,SS (VI-X),1,Department of Education,Rural,2,Girls,1,1,1,1,1,1,1,0,1,1,1,1,0,1,1,1,0,1,0,1,0,1,1,1,1,1,1,0,0,1,1
2018-19,28,Andhra Pradesh,2811,SRIKAKULAM,281106,LAVERU,7,SS (VI-X),3,Local body,Rural,3,Co-educational,10,10,10,10,9,10,10,8,8,8,8,10,9,10,9,3,0,4,1,10,0,10,10,6,9,5,9,0,0,4,1
2018-19,28,Andhra Pradesh,2811,SRIKAKULAM,281106,LAVERU,2,UPS (I-VIII) ,3,Local body,Rural,3,Co-educational,17,17,16,0,16,17,16,11,14,15,10,11,11,11,17,2,0,1,0,8,0,17,16,2,5,1,14,0,3,2,0
2018-19,28,Andhra Pradesh,2811,SRIKAKULAM,281106,LAVERU,2,UPS (I-VIII) ,5,Private Unaided (Recognized),Rural,3,Co-educational,2,2,1,0,2,2,1,2,1,2,1,1,1,1,2,1,0,2,0,0,0,2,2,0,2,1,0,0,1,1,0
2018-19,28,Andhra Pradesh,2811,SRIKAKULAM,281107,RANASTHALAM,5, HSS (VI-XII),1,Department of Education,Rural,3,Co-educational,1,1,1,1,1,1,1,0,0,0,0,1,1,1,1,0,0,1,1,1,0,1,1,1,1,1,1,0,0,0,0
2018-19,28,Andhra Pradesh,2811,SRIKAKULAM,281107,RANASTHALAM,11,HSS (XI-XII),1,Department of Education,Rural,3,Co-educational,1,1,1,1,1,1,1,1,1,1,0,0,0,0,0,1,0,0,0,1,1,1,1,1,1,0,1,0,0,0,0
2018-19,28,Andhra Pradesh,2811,SRIKAKULAM,281107,RANASTHALAM,11,HSS (XI-XII),5,Private Unaided (Recognized),Rural,3,Co-educational,3,3,3,3,3,3,3,3,3,3,0,0,0,0,3,0,0,0,0,0,2,3,3,3,3,0,1,0,0,0,0
2018-19,28,Andhra Pradesh,2811,SRIKAKULAM,281107,RANASTHALAM,1,PS (I-V) ,3,Local body,Rural,3,Co-educational,80,80,68,0,75,79,76,27,29,34,25,59,47,58,32,6,0,2,0,48,2,57,77,18,31,16,31,0,13,4,1
2018-19,28,Andhra Pradesh,2811,SRIKAKULAM,281107,RANASTHALAM,1,PS (I-V) ,5,Private Unaided (Recognized),Rural,3,Co-educational,4,4,4,2,4,4,4,4,3,4,1,1,0,1,3,4,0,4,0,4,0,4,4,3,4,3,3,0,3,1,1
2018-19,28,Andhra Pradesh,2811,SRIKAKULAM,281107,RANASTHALAM,6, SS (I-X) ,5,Private Unaided (Recognized),Rural,3,Co-educational,4,4,4,1,3,4,4,4,4,4,2,2,2,2,3,2,0,2,0,0,0,4,4,3,3,4,2,0,3,1,2
2018-19,28,Andhra Pradesh,2811,SRIKAKULAM,281107,RANASTHALAM,8,SS (IX-X),5,Private Unaided (Recognized),Rural,3,Co-educational,1,1,0,1,1,1,1,1,1,1,1,1,1,1,0,1,0,0,0,1,0,1,0,1,1,1,1,0,0,0,0
2018-19,28,Andhra Pradesh,2811,SRIKAKULAM,281107,RANASTHALAM,7,SS (VI-X),1,Department of Education,Rural,2,Girls,1,1,0,1,1,1,1,0,0,0,0,1,0,1,0,0,0,1,0,0,0,1,1,1,1,1,1,0,0,1,0
2018-19,28,Andhra Pradesh,2811,SRIKAKULAM,281107,RANASTHALAM,7,SS (VI-X),3,Local body,Rural,3,Co-educational,14,14,12,10,13,14,14,9,10,10,9,13,12,13,11,5,0,2,2,12,0,14,14,11,11,8,10,0,0,5,1
2018-19,28,Andhra Pradesh,2811,SRIKAKULAM,281107,RANASTHALAM,7,SS (VI-X),5,Private Unaided (Recognized),Rural,3,Co-educational,6,6,4,5,6,6,6,4,4,4,1,1,1,1,3,6,0,5,0,4,0,6,5,2,5,6,3,0,0,3,1
2018-19,28,Andhra Pradesh,2811,SRIKAKULAM,281107,RANASTHALAM,2,UPS (I-VIII) ,3,Local body,Rural,3,Co-educational,11,11,9,0,11,11,11,6,7,7,6,9,8,9,5,2,0,2,0,9,0,11,11,6,5,4,9,0,3,1,0
2018-19,28,Andhra Pradesh,2811,SRIKAKULAM,281107,RANASTHALAM,2,UPS (I-VIII) ,5,Private Unaided (Recognized),Rural,3,Co-educational,9,8,7,3,9,9,9,8,6,8,3,4,4,4,5,7,0,6,1,5,1,8,7,6,7,2,3,0,6,1,1
2018-19,28,Andhra Pradesh,2811,SRIKAKULAM,281108,ETCHERLA,5, HSS (VI-XII),1,Department of Education,Rural,3,Co-educational,1,1,1,1,1,1,1,0,1,1,1,1,1,0,1,1,0,0,0,1,1,1,1,1,1,0,0,0,0,0,0
2018-19,28,Andhra Pradesh,2811,SRIKAKULAM,281108,ETCHERLA,11,HSS (XI-XII),1,Department of Education,Rural,3,Co-educational,2,2,2,2,2,2,2,2,2,2,0,0,0,0,1,1,0,0,0,1,0,1,2,2,2,0,1,0,0,0,0
2018-19,28,Andhra Pradesh,2811,SRIKAKULAM,281108,ETCHERLA,1,PS (I-V) ,3,Local body,Rural,3,Co-educational,78,78,68,0,48,62,78,10,8,13,10,58,37,57,66,0,0,3,23,41,7,62,77,4,43,25,51,0,24,4,9
2018-19,28,Andhra Pradesh,2811,SRIKAKULAM,281108,ETCHERLA,1,PS (I-V) ,5,Private Unaided (Recognized),Rural,3,Co-educational,2,2,0,1,1,2,2,2,2,2,0,0,0,0,2,2,0,0,0,1,0,2,0,2,2,0,0,0,2,0,0
2018-19,28,Andhra Pradesh,2811,SRIKAKULAM,281108,ETCHERLA,6, SS (I-X) ,1,Department of Education,Rural,1,Boys,1,1,1,1,1,1,1,1,0,1,0,0,0,0,0,1,0,0,0,1,1,1,1,1,1,0,0,0,0,0,0
2018-19,28,Andhra Pradesh,2811,SRIKAKULAM,281108,ETCHERLA,6, SS (I-X) ,90,Social welfare Department,Rural,1,Boys,1,1,1,1,1,1,1,1,0,1,0,0,0,0,1,1,0,1,0,1,0,1,1,1,1,0,0,0,1,1,1
2018-19,28,Andhra Pradesh,2811,SRIKAKULAM,281108,ETCHERLA,6, SS (I-X) ,90,Social welfare Department,Rural,2,Girls,1,1,1,1,1,1,1,0,0,0,0,0,0,0,0,1,0,0,0,1,0,1,1,1,1,0,0,0,0,0,0
2018-19,28,Andhra Pradesh,2811,SRIKAKULAM,281108,ETCHERLA,6, SS (I-X) ,3,Local body,Rural,3,Co-educational,2,2,2,0,1,2,2,0,1,1,1,2,2,2,1,0,0,0,1,2,0,2,2,0,0,1,2,0,2,1,0
2018-19,28,Andhra Pradesh,2811,SRIKAKULAM,281108,ETCHERLA,6, SS (I-X) ,5,Private Unaided (Recognized),Rural,3,Co-educational,2,2,2,1,2,2,1,2,2,2,1,1,1,1,2,2,0,2,2,1,1,2,2,2,2,1,0,0,1,1,1
2018-19,28,Andhra Pradesh,2811,SRIKAKULAM,281108,ETCHERLA,7,SS (VI-X),1,Department of Education,Rural,2,Girls,1,1,1,1,1,1,1,0,1,1,0,0,0,0,1,1,0,1,1,1,0,1,1,1,1,1,0,0,0,1,1
2018-19,28,Andhra Pradesh,2811,SRIKAKULAM,281108,ETCHERLA,7,SS (VI-X),1,Department of Education,Rural,3,Co-educational,1,1,1,1,1,1,1,1,1,1,1,1,1,1,1,1,0,0,0,1,0,1,1,0,0,1,1,0,0,1,0
2018-19,28,Andhra Pradesh,2811,SRIKAKULAM,281108,ETCHERLA,7,SS (VI-X),3,Local body,Rural,3,Co-educational,11,11,11,11,11,11,10,3,2,4,4,10,8,10,10,6,0,4,5,11,0,11,11,8,10,4,7,0,0,3,2
2018-19,28,Andhra Pradesh,2811,SRIKAKULAM,281108,ETCHERLA,7,SS (VI-X),5,Private Unaided (Recognized),Rural,3,Co-educational,2,2,1,2,1,2,2,2,2,2,0,0,0,0,2,2,0,0,0,1,0,2,1,2,2,0,0,0,0,1,0
2018-19,28,Andhra Pradesh,2811,SRIKAKULAM,281108,ETCHERLA,2,UPS (I-VIII) ,3,Local body,Rural,3,Co-educational,6,6,5,1,6,6,6,1,1,1,1,6,6,6,6,0,0,0,2,4,0,6,6,0,5,3,6,0,4,1,0
2018-19,28,Andhra Pradesh,2811,SRIKAKULAM,281108,ETCHERLA,2,UPS (I-VIII) ,5,Private Unaided (Recognized),Rural,3,Co-educational,13,12,7,6,9,12,10,12,11,12,1,1,1,1,10,8,0,5,5,6,1,12,8,8,13,8,5,0,7,5,5
2018-19,28,Andhra Pradesh,2811,SRIKAKULAM,281109,PONDURU,5, HSS (VI-XII),1,Department of Education,Rural,3,Co-educational,1,1,1,1,0,1,1,1,1,1,1,1,1,1,1,1,0,0,0,1,0,1,1,1,1,1,0,0,0,0,1
2018-19,28,Andhra Pradesh,2811,SRIKAKULAM,281109,PONDURU,11,HSS (XI-XII),1,Department of Education,Rural,3,Co-educational,2,2,2,2,2,2,2,2,2,2,0,0,0,0,1,2,0,0,0,1,2,2,2,1,2,0,0,0,0,0,0
2018-19,28,Andhra Pradesh,2811,SRIKAKULAM,281109,PONDURU,11,HSS (XI-XII),5,Private Unaided (Recognized),Rural,3,Co-educational,1,1,1,1,1,1,1,1,1,1,0,0,0,0,1,1,0,0,0,0,0,1,1,1,1,0,0,0,0,0,0
2018-19,28,Andhra Pradesh,2811,SRIKAKULAM,281109,PONDURU,1,PS (I-V) ,3,Local body,Rural,3,Co-educational,47,47,21,0,29,30,46,1,1,1,0,25,23,24,19,6,0,1,4,19,7,46,43,3,25,1,18,0,17,0,9
2018-19,28,Andhra Pradesh,2811,SRIKAKULAM,281109,PONDURU,1,PS (I-V) ,5,Private Unaided (Recognized),Rural,3,Co-educational,1,1,1,1,1,1,1,1,1,1,0,0,0,0,0,0,0,0,0,0,0,1,1,0,1,1,1,0,1,1,1
2018-19,28,Andhra Pradesh,2811,SRIKAKULAM,281109,PONDURU,7,SS (VI-X),1,Department of Education,Rural,2,Girls,1,1,0,1,1,1,1,0,0,0,0,0,0,0,1,0,0,0,1,0,1,1,1,1,1,0,0,0,0,1,0
2018-19,28,Andhra Pradesh,2811,SRIKAKULAM,281109,PONDURU,7,SS (VI-X),1,Department of Education,Rural,3,Co-educational,1,1,0,1,1,1,1,1,1,1,1,1,1,1,1,1,0,1,0,0,1,1,1,1,0,1,1,0,0,0,0
2018-19,28,Andhra Pradesh,2811,SRIKAKULAM,281109,PONDURU,7,SS (VI-X),3,Local body,Rural,3,Co-educational,5,5,4,5,5,5,5,1,2,2,0,0,0,0,4,3,0,0,0,5,2,5,5,3,5,0,3,0,0,1,3
2018-19,28,Andhra Pradesh,2811,SRIKAKULAM,281109,PONDURU,7,SS (VI-X),5,Private Unaided (Recognized),Rural,3,Co-educational,1,1,0,1,1,1,1,1,1,1,0,0,0,0,0,0,0,0,0,0,0,1,1,0,1,0,0,0,0,0,0
2018-19,28,Andhra Pradesh,2811,SRIKAKULAM,281109,PONDURU,2,UPS (I-VIII) ,3,Local body,Rural,3,Co-educational,13,13,10,0,12,13,13,1,1,1,1,6,6,5,8,4,0,0,0,9,2,13,13,2,9,1,10,0,6,1,2
2018-19,28,Andhra Pradesh,2811,SRIKAKULAM,281109,PONDURU,2,UPS (I-VIII) ,5,Private Unaided (Recognized),Rural,3,Co-educational,5,4,0,0,4,4,3,4,4,4,1,1,1,1,1,0,0,0,1,0,0,4,1,1,5,1,0,0,4,0,0
2018-19,28,Andhra Pradesh,2811,SRIKAKULAM,281110,SANTHAKAVITI,11,HSS (XI-XII),1,Department of Education,Rural,3,Co-educational,1,1,1,1,1,1,1,1,1,1,0,0,0,0,1,1,0,0,0,1,0,1,1,1,1,0,0,0,0,0,0
2018-19,28,Andhra Pradesh,2811,SRIKAKULAM,281110,SANTHAKAVITI,11,HSS (XI-XII),5,Private Unaided (Recognized),Rural,3,Co-educational,1,1,1,1,1,1,1,1,1,1,0,0,0,0,0,0,0,0,0,0,0,1,1,0,1,0,0,0,0,0,0
2018-19,28,Andhra Pradesh,2811,SRIKAKULAM,281110,SANTHAKAVITI,1,PS (I-V) ,3,Local body,Rural,3,Co-educational,51,51,49,0,47,49,50,20,43,43,18,18,11,18,51,1,0,4,0,42,27,43,49,4,25,0,37,0,20,0,47
2018-19,28,Andhra Pradesh,2811,SRIKAKULAM,281110,SANTHAKAVITI,1,PS (I-V) ,4,Government Aided,Rural,3,Co-educational,1,1,1,0,1,1,0,0,0,0,0,0,0,0,1,0,0,1,0,0,0,1,1,0,0,0,0,0,0,0,1
2018-19,28,Andhra Pradesh,2811,SRIKAKULAM,281110,SANTHAKAVITI,1,PS (I-V) ,5,Private Unaided (Recognized),Rural,3,Co-educational,3,3,1,1,3,3,2,2,1,2,0,0,0,0,3,1,0,1,0,1,1,3,2,1,2,0,0,0,3,0,3
2018-19,28,Andhra Pradesh,2811,SRIKAKULAM,281110,SANTHAKAVITI,6, SS (I-X) ,5,Private Unaided (Recognized),Rural,3,Co-educational,2,2,1,2,1,2,2,2,2,2,1,1,1,1,2,1,0,2,0,0,0,2,1,1,2,1,2,0,2,1,2
2018-19,28,Andhra Pradesh,2811,SRIKAKULAM,281110,SANTHAKAVITI,7,SS (VI-X),1,Department of Education,Rural,2,Girls,1,1,1,1,0,1,1,0,0,0,0,1,0,1,1,1,0,1,0,1,0,1,1,1,1,0,1,0,0,1,1
2018-19,28,Andhra Pradesh,2811,SRIKAKULAM,281110,SANTHAKAVITI,7,SS (VI-X),5,Private Unaided (Recognized),Rural,3,Co-educational,3,3,1,1,3,3,3,3,3,3,1,1,1,1,3,2,0,1,0,2,0,3,1,2,2,1,3,0,3,1,2
2018-19,28,Andhra Pradesh,2811,SRIKAKULAM,281110,SANTHAKAVITI,2,UPS (I-VIII) ,3,Local body,Rural,3,Co-educational,12,12,9,0,12,12,12,9,11,12,3,3,3,3,12,0,0,0,0,6,9,12,10,0,4,0,10,0,9,0,10
2018-19,28,Andhra Pradesh,2811,SRIKAKULAM,281110,SANTHAKAVITI,2,UPS (I-VIII) ,5,Private Unaided (Recognized),Rural,3,Co-educational,5,5,2,1,5,5,2,5,4,5,0,0,0,0,5,2,0,3,0,2,2,5,2,1,5,1,3,0,5,1,5
2018-19,28,Andhra Pradesh,2811,SRIKAKULAM,281111,BURJA,3,HSS (I-XII),90,Social welfare Department,Rural,1,Boys,1,1,1,1,1,1,1,1,0,1,0,0,0,0,1,1,0,1,0,1,0,1,1,1,1,1,1,0,0,1,1
2018-19,28,Andhra Pradesh,2811,SRIKAKULAM,281111,BURJA,5, HSS (VI-XII),1,Department of Education,Rural,3,Co-educational,1,1,1,1,1,1,1,1,1,1,1,1,1,1,1,1,0,1,0,1,0,1,1,1,1,1,1,0,0,0,1
2018-19,28,Andhra Pradesh,2811,SRIKAKULAM,281111,BURJA,11,HSS (XI-XII),1,Department of Education,Rural,3,Co-educational,1,1,1,1,1,1,1,1,1,1,0,0,0,0,1,1,0,0,0,1,1,1,1,1,1,0,0,0,0,0,0
2018-19,28,Andhra Pradesh,2811,SRIKAKULAM,281111,BURJA,1,PS (I-V) ,3,Local body,Rural,3,Co-educational,43,43,21,0,40,41,41,15,23,23,10,18,14,18,36,1,0,0,21,27,0,3,42,4,24,7,28,0,2,10,10
2018-19,28,Andhra Pradesh,2811,SRIKAKULAM,281111,BURJA,1,PS (I-V) ,4,Government Aided,Rural,3,Co-educational,1,1,0,0,1,1,1,0,0,0,0,0,0,0,1,0,0,0,0,1,0,0,1,0,1,0,0,0,0,0,0
2018-19,28,Andhra Pradesh,2811,SRIKAKULAM,281111,BURJA,7,SS (VI-X),1,Department of Education,Rural,2,Girls,1,1,1,0,1,1,1,0,1,1,1,1,0,1,1,1,0,0,1,1,0,1,1,1,1,0,1,0,0,1,1
2018-19,28,Andhra Pradesh,2811,SRIKAKULAM,281111,BURJA,7,SS (VI-X),3,Local body,Rural,3,Co-educational,8,8,7,8,7,8,7,6,7,7,3,4,4,4,7,4,0,3,5,7,0,8,7,3,8,2,6,0,0,6,1
2018-19,28,Andhra Pradesh,2811,SRIKAKULAM,281111,BURJA,2,UPS (I-VIII) ,3,Local body,Rural,3,Co-educational,7,7,4,0,7,7,7,5,5,5,4,5,5,5,5,1,0,0,2,5,0,7,7,2,5,1,5,0,0,2,1
2018-19,28,Andhra Pradesh,2811,SRIKAKULAM,281111,BURJA,2,UPS (I-VIII) ,5,Private Unaided (Recognized),Rural,3,Co-educational,1,1,0,0,1,1,0,1,1,1,0,0,0,0,1,0,0,0,0,1,0,1,0,1,1,1,0,0,1,1,0
2018-19,28,Andhra Pradesh,2811,SRIKAKULAM,281112,PALAKONDA,11,HSS (XI-XII),1,Department of Education,Rural,1,Boys,1,1,1,1,1,1,1,0,0,0,0,0,0,0,1,0,0,0,0,1,1,1,1,1,1,0,0,0,0,0,0
2018-19,28,Andhra Pradesh,2811,SRIKAKULAM,281112,PALAKONDA,11,HSS (XI-XII),1,Department of Education,Rural,2,Girls,1,1,1,1,1,1,1,0,1,1,0,0,0,0,0,1,0,0,0,1,1,1,1,1,1,0,0,0,0,0,0
2018-19,28,Andhra Pradesh,2811,SRIKAKULAM,281112,PALAKONDA,11,HSS (XI-XII),5,Private Unaided (Recognized),Rural,3,Co-educational,6,6,6,6,6,6,6,6,6,6,0,0,0,0,3,4,0,0,0,3,4,6,6,5,6,0,2,0,0,0,0
2018-19,28,Andhra Pradesh,2811,SRIKAKULAM,281112,PALAKONDA,1,PS (I-V) ,2,Tribal Welfare Department,Rural,3,Co-educational,4,4,2,0,3,3,4,2,2,2,1,1,1,1,1,0,0,0,0,1,1,3,2,0,2,1,2,0,0,0,0
2018-19,28,Andhra Pradesh,2811,SRIKAKULAM,281112,PALAKONDA,1,PS (I-V) ,3,Local body,Rural,3,Co-educational,33,33,21,0,22,22,32,14,15,15,8,19,16,19,24,4,0,1,2,13,11,33,33,6,11,0,17,0,8,0,0
2018-19,28,Andhra Pradesh,2811,SRIKAKULAM,281112,PALAKONDA,1,PS (I-V) ,4,Government Aided,Rural,3,Co-educational,2,2,1,0,2,2,2,0,2,2,0,0,0,0,1,1,0,0,2,0,1,2,1,0,1,0,0,0,1,0,0
2018-19,28,Andhra Pradesh,2811,SRIKAKULAM,281112,PALAKONDA,1,PS (I-V) ,5,Private Unaided (Recognized),Rural,3,Co-educational,6,6,2,4,6,6,6,6,6,6,2,2,2,2,3,4,0,0,0,3,4,6,3,4,6,0,3,0,5,0,1
2018-19,28,Andhra Pradesh,2811,SRIKAKULAM,281112,PALAKONDA,6, SS (I-X) ,2,Tribal Welfare Department,Urban,1,Boys,1,1,1,0,1,1,1,1,0,1,1,1,1,0,0,0,0,0,0,0,0,1,1,0,1,0,0,0,0,0,0
2018-19,28,Andhra Pradesh,2811,SRIKAKULAM,281112,PALAKONDA,6, SS (I-X) ,2,Tribal Welfare Department,Rural,2,Girls,1,1,1,0,1,1,1,0,1,1,0,0,0,0,0,0,0,0,0,1,0,1,1,0,0,0,0,0,0,1,1
2018-19,28,Andhra Pradesh,2811,SRIKAKULAM,281112,PALAKONDA,6, SS (I-X) ,5,Private Unaided (Recognized),Rural,3,Co-educational,3,3,0,2,3,3,3,3,3,3,0,0,0,0,0,3,0,0,1,2,2,3,0,2,3,0,1,0,2,0,0
2018-19,28,Andhra Pradesh,2811,SRIKAKULAM,281112,PALAKONDA,7,SS (VI-X),3,Local body,Rural,2,Girls,1,1,1,1,1,1,1,0,0,0,0,0,0,0,1,1,0,1,0,1,0,1,1,0,0,0,1,0,1,0,0
2018-19,28,Andhra Pradesh,2811,SRIKAKULAM,281112,PALAKONDA,7,SS (VI-X),1,Department of Education,Rural,3,Co-educational,1,1,1,1,1,1,1,0,1,1,0,0,0,0,1,1,0,1,0,1,0,1,1,1,1,1,1,0,1,0,0
2018-19,28,Andhra Pradesh,2811,SRIKAKULAM,281112,PALAKONDA,7,SS (VI-X),3,Local body,Rural,3,Co-educational,4,4,4,4,4,4,4,4,4,4,0,0,0,0,4,0,0,1,1,4,0,4,4,2,4,1,4,0,1,0,0
2018-19,28,Andhra Pradesh,2811,SRIKAKULAM,281112,PALAKONDA,7,SS (VI-X),5,Private Unaided (Recognized),Rural,3,Co-educational,9,9,2,3,9,9,7,9,9,9,2,2,2,1,2,5,0,0,1,3,5,9,4,2,8,0,5,0,8,0,1
2018-19,28,Andhra Pradesh,2811,SRIKAKULAM,281112,PALAKONDA,7,SS (VI-X),3,Local body,Urban,3,Co-educational,1,1,1,1,1,1,1,1,1,1,1,1,1,1,1,1,0,0,0,1,0,1,1,1,1,1,1,0,0,0,0
2018-19,28,Andhra Pradesh,2811,SRIKAKULAM,281112,PALAKONDA,2,UPS (I-VIII) ,3,Local body,Rural,3,Co-educational,11,11,9,0,11,11,11,5,7,7,2,4,4,3,11,0,0,1,2,9,5,11,11,4,4,1,7,0,4,0,0
2018-19,28,Andhra Pradesh,2811,SRIKAKULAM,281112,PALAKONDA,2,UPS (I-VIII) ,5,Private Unaided (Recognized),Rural,3,Co-educational,4,4,0,3,4,4,4,4,4,4,0,0,0,0,0,2,0,0,1,1,2,4,1,0,4,0,1,0,3,2,0
2018-19,28,Andhra Pradesh,2811,SRIKAKULAM,281112,PALAKONDA,2,UPS (I-VIII) ,3,Local body,Urban,3,Co-educational,1,1,1,0,1,1,1,1,1,1,0,0,0,0,1,0,0,1,0,1,0,1,1,0,0,1,1,0,0,0,0
2018-19,28,Andhra Pradesh,2811,SRIKAKULAM,281112,PALAKONDA,2,UPS (I-VIII) ,4,Government Aided,Urban,3,Co-educational,1,1,1,0,1,1,1,1,1,1,1,1,1,0,0,0,0,0,0,0,1,1,1,0,1,0,0,0,1,0,0
2018-19,28,Andhra Pradesh,2811,SRIKAKULAM,281112,PALAKONDA,2,UPS (I-VIII) ,5,Private Unaided (Recognized),Urban,3,Co-educational,1,1,1,0,1,1,1,1,1,1,0,0,0,0,1,0,0,0,0,0,0,1,1,1,1,0,1,0,0,0,0
2018-19,28,Andhra Pradesh,2811,SRIKAKULAM,281113,SEETHAMPETA,11,HSS (XI-XII),2,Tribal Welfare Department,Rural,1,Boys,2,2,2,2,2,2,2,0,0,0,0,0,0,0,2,0,0,0,0,0,1,2,2,2,2,0,1,0,0,0,0
2018-19,28,Andhra Pradesh,2811,SRIKAKULAM,281113,SEETHAMPETA,11,HSS (XI-XII),2,Tribal Welfare Department,Rural,2,Girls,1,1,1,1,1,1,1,0,1,1,0,0,0,0,1,0,0,0,0,0,1,1,1,1,1,0,0,0,0,0,0
2018-19,28,Andhra Pradesh,2811,SRIKAKULAM,281113,SEETHAMPETA,1,PS (I-V) ,1,Department of Education,Rural,3,Co-educational,20,20,16,0,15,16,20,4,13,14,4,5,4,5,3,0,0,0,0,14,1,11,20,3,11,0,2,0,7,1,2
2018-19,28,Andhra Pradesh,2811,SRIKAKULAM,281113,SEETHAMPETA,1,PS (I-V) ,2,Tribal Welfare Department,Rural,3,Co-educational,64,63,45,0,49,58,32,10,44,45,3,4,1,4,7,0,0,2,0,16,2,13,59,4,10,0,7,0,19,1,3
2018-19,28,Andhra Pradesh,2811,SRIKAKULAM,281113,SEETHAMPETA,1,PS (I-V) ,3,Local body,Rural,3,Co-educational,55,55,35,0,41,51,47,7,46,46,10,11,7,10,12,1,0,0,1,36,1,28,47,3,23,2,7,0,22,0,7
2018-19,28,Andhra Pradesh,2811,SRIKAKULAM,281113,SEETHAMPETA,1,PS (I-V) ,5,Private Unaided (Recognized),Rural,3,Co-educational,2,2,1,1,2,2,2,2,2,2,0,0,0,0,1,0,0,0,0,1,0,2,2,1,2,0,0,0,2,0,0
2018-19,28,Andhra Pradesh,2811,SRIKAKULAM,281113,SEETHAMPETA,1,PS (I-V) ,3,Local body,Urban,3,Co-educational,2,2,1,0,2,2,1,0,1,1,1,2,0,2,1,0,0,0,0,1,0,1,2,0,1,0,0,0,0,0,0
2018-19,28,Andhra Pradesh,2811,SRIKAKULAM,281113,SEETHAMPETA,6, SS (I-X) ,2,Tribal Welfare Department,Rural,1,Boys,8,8,8,6,8,8,8,8,0,8,0,0,0,0,4,2,0,5,0,8,0,8,8,5,5,0,4,0,7,5,2
2018-19,28,Andhra Pradesh,2811,SRIKAKULAM,281113,SEETHAMPETA,6, SS (I-X) ,2,Tribal Welfare Department,Rural,2,Girls,6,6,6,5,5,6,6,0,6,6,0,0,0,0,1,2,0,4,2,6,0,6,6,5,5,3,2,0,5,4,1
2018-19,28,Andhra Pradesh,2811,SRIKAKULAM,281113,SEETHAMPETA,6, SS (I-X) ,5,Private Unaided (Recognized),Rural,3,Co-educational,1,1,0,1,1,1,1,1,1,1,0,0,0,0,1,0,0,0,1,0,0,1,1,0,1,0,0,0,1,0,0
2018-19,28,Andhra Pradesh,2811,SRIKAKULAM,281113,SEETHAMPETA,7,SS (VI-X),1,Department of Education,Rural,2,Girls,1,1,1,1,1,1,1,0,1,1,0,0,0,0,1,1,0,1,0,1,0,1,1,1,1,0,0,0,0,1,1
2018-19,28,Andhra Pradesh,2811,SRIKAKULAM,281113,SEETHAMPETA,7,SS (VI-X),1,Department of Education,Rural,3,Co-educational,1,1,0,1,1,1,1,1,1,1,1,1,1,1,0,0,0,0,0,1,0,1,1,0,1,0,1,0,0,1,0
2018-19,28,Andhra Pradesh,2811,SRIKAKULAM,281113,SEETHAMPETA,2,UPS (I-VIII) ,2,Tribal Welfare Department,Rural,1,Boys,1,1,1,0,1,1,1,1,0,1,1,1,1,0,1,0,0,0,0,1,1,1,1,0,1,1,1,0,1,1,1
2018-19,28,Andhra Pradesh,2811,SRIKAKULAM,281113,SEETHAMPETA,2,UPS (I-VIII) ,2,Tribal Welfare Department,Rural,2,Girls,2,2,2,0,2,2,2,0,2,2,1,1,0,1,0,0,0,0,0,2,0,2,2,0,1,0,0,0,2,0,0
2018-19,28,Andhra Pradesh,2811,SRIKAKULAM,281113,SEETHAMPETA,2,UPS (I-VIII) ,5,Private Unaided (Recognized),Rural,3,Co-educational,2,2,0,0,1,2,2,2,2,2,0,0,0,0,1,0,0,0,1,0,0,2,0,1,2,0,0,0,1,0,0
2018-19,28,Andhra Pradesh,2811,SRIKAKULAM,281114,BHAMINI,3,HSS (I-XII),90,Social welfare Department,Rural,2,Girls,1,1,1,1,0,1,1,0,1,1,0,0,0,0,1,1,0,1,1,1,0,1,1,1,1,1,1,0,1,1,0
2018-19,28,Andhra Pradesh,2811,SRIKAKULAM,281114,BHAMINI,5, HSS (VI-XII),1,Department of Education,Rural,3,Co-educational,1,1,1,1,1,1,1,1,1,1,0,0,0,0,1,1,0,1,1,1,0,1,1,1,1,0,1,0,0,0,0
2018-19,28,Andhra Pradesh,2811,SRIKAKULAM,281114,BHAMINI,11,HSS (XI-XII),1,Department of Education,Rural,3,Co-educational,1,1,1,1,1,1,1,1,1,1,0,0,0,0,0,0,0,0,0,0,1,1,1,0,1,0,0,0,0,0,0
2018-19,28,Andhra Pradesh,2811,SRIKAKULAM,281114,BHAMINI,1,PS (I-V) ,2,Tribal Welfare Department,Rural,3,Co-educational,13,13,8,0,5,9,12,1,2,2,2,6,3,6,3,1,0,0,8,4,0,3,13,3,8,1,7,0,2,0,1
2018-19,28,Andhra Pradesh,2811,SRIKAKULAM,281114,BHAMINI,1,PS (I-V) ,3,Local body,Rural,3,Co-educational,35,35,28,0,33,35,34,8,13,13,6,19,14,17,14,3,0,1,28,27,1,20,33,12,23,6,32,0,9,4,7
2018-19,28,Andhra Pradesh,2811,SRIKAKULAM,281114,BHAMINI,6, SS (I-X) ,2,Tribal Welfare Department,Rural,1,Boys,1,1,1,0,0,1,1,0,0,0,0,0,0,0,0,0,0,0,1,1,0,1,1,0,0,0,1,0,0,0,0
2018-19,28,Andhra Pradesh,2811,SRIKAKULAM,281114,BHAMINI,6, SS (I-X) ,2,Tribal Welfare Department,Rural,3,Co-educational,1,1,0,0,1,1,1,1,1,1,0,0,0,0,1,0,0,0,1,0,0,1,0,0,0,0,0,0,0,0,0
2018-19,28,Andhra Pradesh,2811,SRIKAKULAM,281114,BHAMINI,6, SS (I-X) ,5,Private Unaided (Recognized),Rural,3,Co-educational,1,1,0,1,1,1,1,1,1,1,0,0,0,0,1,1,0,1,1,1,0,1,0,1,1,0,0,0,0,0,0
2018-19,28,Andhra Pradesh,2811,SRIKAKULAM,281114,BHAMINI,8,SS (IX-X),5,Private Unaided (Recognized),Rural,3,Co-educational,1,1,0,0,1,1,0,1,1,1,0,0,0,0,0,1,0,0,0,1,0,1,1,0,1,0,0,0,0,0,0
2018-19,28,Andhra Pradesh,2811,SRIKAKULAM,281114,BHAMINI,7,SS (VI-X),1,Department of Education,Rural,2,Girls,1,1,1,1,1,1,1,0,1,1,0,0,0,0,1,1,0,0,1,0,0,1,1,1,1,1,1,0,0,1,0
2018-19,28,Andhra Pradesh,2811,SRIKAKULAM,281114,BHAMINI,7,SS (VI-X),3,Local body,Rural,3,Co-educational,4,4,4,4,4,4,4,3,3,3,3,4,4,3,4,2,0,1,4,4,0,4,4,2,4,0,3,0,1,0,0
2018-19,28,Andhra Pradesh,2811,SRIKAKULAM,281114,BHAMINI,2,UPS (I-VIII) ,2,Tribal Welfare Department,Rural,1,Boys,1,1,0,0,1,1,1,1,0,1,0,0,0,0,0,0,0,0,0,1,0,1,0,0,1,0,0,0,0,0,0
2018-19,28,Andhra Pradesh,2811,SRIKAKULAM,281114,BHAMINI,2,UPS (I-VIII) ,3,Local body,Rural,3,Co-educational,9,9,7,0,8,9,8,4,3,5,1,2,1,2,6,0,0,0,8,7,0,9,8,5,7,1,9,0,1,2,1
2018-19,28,Andhra Pradesh,2811,SRIKAKULAM,281114,BHAMINI,2,UPS (I-VIII) ,5,Private Unaided (Recognized),Rural,3,Co-educational,2,2,0,1,2,2,0,2,2,2,0,0,0,0,1,1,0,0,0,1,0,2,2,0,2,0,1,0,1,0,0
2018-19,28,Andhra Pradesh,2811,SRIKAKULAM,281115,KOTTURU,11,HSS (XI-XII),1,Department of Education,Rural,3,Co-educational,1,1,1,1,1,1,1,1,1,1,0,0,0,0,0,0,0,0,0,0,0,1,1,0,1,0,0,0,0,0,0
2018-19,28,Andhra Pradesh,2811,SRIKAKULAM,281115,KOTTURU,11,HSS (XI-XII),5,Private Unaided (Recognized),Rural,3,Co-educational,2,2,2,2,2,2,2,2,2,2,0,0,0,0,1,2,0,0,0,1,1,2,2,1,2,0,1,0,0,0,0
2018-19,28,Andhra Pradesh,2811,SRIKAKULAM,281115,KOTTURU,1,PS (I-V) ,2,Tribal Welfare Department,Rural,3,Co-educational,11,11,10,0,8,9,7,4,8,8,2,3,2,3,8,0,0,0,0,6,0,0,10,0,0,6,4,0,0,1,0
2018-19,28,Andhra Pradesh,2811,SRIKAKULAM,281115,KOTTURU,1,PS (I-V) ,3,Local body,Rural,3,Co-educational,57,57,56,0,43,49,54,24,42,43,31,38,35,37,51,0,0,0,15,40,0,33,57,1,34,24,47,0,11,7,0
2018-19,28,Andhra Pradesh,2811,SRIKAKULAM,281115,KOTTURU,6, SS (I-X) ,2,Tribal Welfare Department,Rural,1,Boys,1,1,1,0,1,1,1,1,0,1,0,0,0,0,1,0,0,0,1,1,0,1,1,0,1,0,1,0,0,1,0
2018-19,28,Andhra Pradesh,2811,SRIKAKULAM,281115,KOTTURU,6, SS (I-X) ,2,Tribal Welfare Department,Rural,3,Co-educational,1,1,1,1,1,1,1,1,0,1,1,1,1,0,1,0,0,1,1,1,0,1,1,0,1,1,0,0,1,1,0
2018-19,28,Andhra Pradesh,2811,SRIKAKULAM,281115,KOTTURU,6, SS (I-X) ,5,Private Unaided (Recognized),Rural,3,Co-educational,1,1,1,1,1,1,1,1,1,1,1,1,1,1,1,1,0,1,1,1,0,1,1,1,1,1,0,0,1,1,0
2018-19,28,Andhra Pradesh,2811,SRIKAKULAM,281115,KOTTURU,8,SS (IX-X),5,Private Unaided (Recognized),Rural,3,Co-educational,1,1,0,1,1,1,1,1,1,1,0,0,0,0,1,1,0,1,1,1,0,1,0,1,1,1,1,0,0,1,0
2018-19,28,Andhra Pradesh,2811,SRIKAKULAM,281115,KOTTURU,7,SS (VI-X),1,Department of Education,Rural,2,Girls,1,1,1,0,1,1,1,0,1,1,1,1,0,1,1,1,0,1,1,0,0,1,1,1,0,0,1,0,1,1,0
2018-19,28,Andhra Pradesh,2811,SRIKAKULAM,281115,KOTTURU,7,SS (VI-X),1,Department of Education,Rural,3,Co-educational,1,1,1,1,1,1,1,1,1,1,0,0,0,0,1,1,0,0,0,1,0,1,1,1,1,1,1,0,0,1,0
2018-19,28,Andhra Pradesh,2811,SRIKAKULAM,281115,KOTTURU,7,SS (VI-X),3,Local body,Rural,3,Co-educational,6,6,6,6,6,6,6,4,6,6,4,4,4,4,6,4,0,2,3,6,0,6,6,6,6,4,6,0,0,2,0
2018-19,28,Andhra Pradesh,2811,SRIKAKULAM,281115,KOTTURU,7,SS (VI-X),5,Private Unaided (Recognized),Rural,3,Co-educational,3,3,1,2,3,3,2,3,3,3,1,1,1,1,3,1,0,2,2,2,0,3,1,1,3,3,3,0,0,3,0
2018-19,28,Andhra Pradesh,2811,SRIKAKULAM,281115,KOTTURU,2,UPS (I-VIII) ,2,Tribal Welfare Department,Rural,2,Girls,1,1,1,0,0,1,1,0,1,1,1,1,0,1,1,0,0,0,1,1,0,1,1,1,1,1,1,0,1,1,0
2018-19,28,Andhra Pradesh,2811,SRIKAKULAM,281115,KOTTURU,2,UPS (I-VIII) ,3,Local body,Rural,3,Co-educational,9,9,8,0,9,9,9,6,7,7,4,6,5,6,8,0,0,0,1,8,0,9,8,3,8,4,8,0,3,2,0
2018-19,28,Andhra Pradesh,2811,SRIKAKULAM,281115,KOTTURU,2,UPS (I-VIII) ,5,Private Unaided (Recognized),Rural,3,Co-educational,7,7,4,2,7,7,7,7,7,7,2,2,2,2,7,5,0,4,0,7,1,7,4,3,7,7,4,0,6,6,0
2018-19,28,Andhra Pradesh,2811,SRIKAKULAM,281116,HIRAMANDALAM,11,HSS (XI-XII),1,Department of Education,Rural,3,Co-educational,1,1,1,1,1,1,1,1,1,1,0,0,0,0,0,0,0,0,0,0,0,1,1,1,1,0,0,0,0,0,0
2018-19,28,Andhra Pradesh,2811,SRIKAKULAM,281116,HIRAMANDALAM,11,HSS (XI-XII),5,Private Unaided (Recognized),Rural,3,Co-educational,1,1,1,1,1,1,1,1,1,1,0,0,0,0,1,0,0,0,0,0,1,1,1,1,1,0,0,0,0,0,0
2018-19,28,Andhra Pradesh,2811,SRIKAKULAM,281116,HIRAMANDALAM,1,PS (I-V) ,2,Tribal Welfare Department,Rural,3,Co-educational,7,7,2,0,0,0,6,0,0,0,0,1,0,1,1,0,0,0,0,3,0,5,6,0,0,0,0,0,0,0,0
2018-19,28,Andhra Pradesh,2811,SRIKAKULAM,281116,HIRAMANDALAM,1,PS (I-V) ,3,Local body,Rural,3,Co-educational,46,46,30,0,16,18,44,4,5,5,1,14,13,14,14,6,0,1,0,24,14,32,45,6,15,4,19,0,7,3,2
2018-19,28,Andhra Pradesh,2811,SRIKAKULAM,281116,HIRAMANDALAM,1,PS (I-V) ,4,Government Aided,Rural,3,Co-educational,1,1,0,0,1,1,1,0,0,0,0,0,0,0,1,0,0,0,0,0,1,1,1,0,0,0,0,0,0,0,0
2018-19,28,Andhra Pradesh,2811,SRIKAKULAM,281116,HIRAMANDALAM,1,PS (I-V) ,5,Private Unaided (Recognized),Rural,3,Co-educational,1,1,0,1,0,1,1,1,1,1,0,0,0,0,1,1,0,1,0,1,0,1,0,1,1,0,0,0,0,0,0
2018-19,28,Andhra Pradesh,2811,SRIKAKULAM,281116,HIRAMANDALAM,6, SS (I-X) ,2,Tribal Welfare Department,Rural,1,Boys,1,1,1,0,1,1,1,1,0,1,0,0,0,0,0,0,0,1,0,1,0,1,1,1,0,0,1,0,0,0,0
2018-19,28,Andhra Pradesh,2811,SRIKAKULAM,281116,HIRAMANDALAM,6, SS (I-X) ,5,Private Unaided (Recognized),Rural,3,Co-educational,2,2,1,2,2,2,2,2,2,2,1,1,1,1,2,1,0,0,1,1,1,2,1,1,2,0,2,0,2,0,0
2018-19,28,Andhra Pradesh,2811,SRIKAKULAM,281116,HIRAMANDALAM,7,SS (VI-X),1,Department of Education,Rural,2,Girls,1,1,0,1,0,1,1,0,1,1,1,1,0,1,1,1,0,1,0,1,0,1,1,1,0,0,0,0,0,0,1
2018-19,28,Andhra Pradesh,2811,SRIKAKULAM,281116,HIRAMANDALAM,7,SS (VI-X),1,Department of Education,Rural,3,Co-educational,1,1,1,1,1,1,1,1,1,1,0,0,0,0,0,1,0,0,0,1,0,1,1,1,0,0,1,0,0,0,0
2018-19,28,Andhra Pradesh,2811,SRIKAKULAM,281116,HIRAMANDALAM,7,SS (VI-X),3,Local body,Rural,3,Co-educational,5,5,3,5,5,5,5,1,1,1,0,1,1,1,0,2,0,1,0,5,0,5,5,3,4,0,1,0,1,0,0
2018-19,28,Andhra Pradesh,2811,SRIKAKULAM,281116,HIRAMANDALAM,7,SS (VI-X),5,Private Unaided (Recognized),Rural,3,Co-educational,1,1,0,1,1,1,1,1,1,1,0,0,0,0,1,1,0,1,0,1,0,1,0,1,1,0,0,0,0,0,0
2018-19,28,Andhra Pradesh,2811,SRIKAKULAM,281116,HIRAMANDALAM,2,UPS (I-VIII) ,3,Local body,Rural,3,Co-educational,11,11,8,0,10,11,11,1,2,2,2,4,4,4,4,2,0,0,0,8,3,11,11,2,6,1,8,0,4,0,1
2018-19,28,Andhra Pradesh,2811,SRIKAKULAM,281116,HIRAMANDALAM,2,UPS (I-VIII) ,5,Private Unaided (Recognized),Rural,3,Co-educational,4,3,2,3,3,3,3,3,3,3,0,0,0,0,0,2,0,0,0,2,0,3,3,2,4,1,1,0,3,1,0
2018-19,28,Andhra Pradesh,2811,SRIKAKULAM,281117,SARUBUJJILI,11,HSS (XI-XII),1,Department of Education,Rural,3,Co-educational,1,1,1,1,1,1,1,1,1,1,0,0,0,0,0,0,0,0,0,0,0,1,1,0,1,0,0,0,0,0,0
2018-19,28,Andhra Pradesh,2811,SRIKAKULAM,281117,SARUBUJJILI,11,HSS (XI-XII),5,Private Unaided (Recognized),Rural,3,Co-educational,1,1,1,1,1,1,1,1,1,1,0,0,0,0,0,0,0,0,0,0,1,1,1,1,1,0,0,0,0,0,0
2018-19,28,Andhra Pradesh,2811,SRIKAKULAM,281117,SARUBUJJILI,1,PS (I-V) ,3,Local body,Rural,3,Co-educational,42,42,31,0,32,32,42,7,19,19,10,25,16,25,29,1,0,0,0,26,16,42,41,3,19,14,23,0,9,1,23
2018-19,28,Andhra Pradesh,2811,SRIKAKULAM,281117,SARUBUJJILI,6, SS (I-X) ,2,Tribal Welfare Department,Rural,2,Girls,1,1,1,1,1,1,1,0,0,0,0,0,0,0,1,0,0,1,0,1,0,1,1,0,1,1,1,0,1,1,0
2018-19,28,Andhra Pradesh,2811,SRIKAKULAM,281117,SARUBUJJILI,6, SS (I-X) ,5,Private Unaided (Recognized),Rural,3,Co-educational,1,1,0,1,1,1,1,1,1,1,0,0,0,0,0,0,0,0,0,0,0,1,0,0,0,0,0,0,1,0,0
2018-19,28,Andhra Pradesh,2811,SRIKAKULAM,281117,SARUBUJJILI,7,SS (VI-X),3,Local body,Rural,3,Co-educational,7,7,7,5,7,7,7,2,3,3,3,6,6,6,7,4,0,2,0,6,0,7,7,5,6,4,6,0,1,3,4
2018-19,28,Andhra Pradesh,2811,SRIKAKULAM,281117,SARUBUJJILI,7,SS (VI-X),5,Private Unaided (Recognized),Rural,3,Co-educational,1,1,1,1,1,1,1,1,1,1,0,0,0,0,1,1,0,1,0,1,0,1,1,1,1,1,0,0,0,1,0
2018-19,28,Andhra Pradesh,2811,SRIKAKULAM,281117,SARUBUJJILI,7,SS (VI-X),93,Jawahar Navodaya Vidyalaya,Rural,3,Co-educational,1,1,0,1,1,1,1,1,1,1,0,0,0,0,0,1,0,1,0,0,0,1,1,1,1,1,0,0,1,1,0
2018-19,28,Andhra Pradesh,2811,SRIKAKULAM,281117,SARUBUJJILI,2,UPS (I-VIII) ,3,Local body,Rural,3,Co-educational,3,3,3,0,3,3,3,2,2,2,1,2,2,2,2,0,0,0,0,3,2,3,3,0,2,1,2,0,1,0,2
2018-19,28,Andhra Pradesh,2811,SRIKAKULAM,281117,SARUBUJJILI,2,UPS (I-VIII) ,5,Private Unaided (Recognized),Rural,3,Co-educational,4,4,1,2,4,4,3,4,4,4,1,1,1,1,2,1,0,0,0,0,0,4,1,2,3,0,0,0,2,1,1
2018-19,28,Andhra Pradesh,2811,SRIKAKULAM,281118,AMADALAVALASA,11,HSS (XI-XII),1,Department of Education,Rural,3,Co-educational,1,1,1,1,1,1,1,1,1,1,0,0,0,0,0,1,0,0,0,0,0,1,1,0,1,0,0,0,0,0,0
2018-19,28,Andhra Pradesh,2811,SRIKAKULAM,281118,AMADALAVALASA,11,HSS (XI-XII),5,Private Unaided (Recognized),Rural,3,Co-educational,1,1,1,1,1,1,1,1,1,1,0,0,0,0,0,1,0,0,0,0,0,1,1,0,1,0,1,0,0,0,0
2018-19,28,Andhra Pradesh,2811,SRIKAKULAM,281118,AMADALAVALASA,11,HSS (XI-XII),1,Department of Education,Urban,3,Co-educational,1,1,1,1,1,1,1,1,1,1,0,0,0,0,1,1,0,0,0,1,1,1,1,1,1,0,0,0,0,0,0
2018-19,28,Andhra Pradesh,2811,SRIKAKULAM,281118,AMADALAVALASA,11,HSS (XI-XII),5,Private Unaided (Recognized),Urban,3,Co-educational,1,1,1,1,1,1,1,1,1,1,0,0,0,0,0,1,0,0,0,0,0,1,1,0,1,0,1,0,0,0,0
2018-19,28,Andhra Pradesh,2811,SRIKAKULAM,281118,AMADALAVALASA,1,PS (I-V) ,3,Local body,Rural,3,Co-educational,48,48,38,0,46,47,48,35,46,46,28,30,22,30,47,1,0,1,33,27,5,47,44,5,25,19,43,0,16,2,44
2018-19,28,Andhra Pradesh,2811,SRIKAKULAM,281118,AMADALAVALASA,1,PS (I-V) ,5,Private Unaided (Recognized),Rural,3,Co-educational,2,2,0,1,1,2,2,2,2,2,1,1,1,1,2,1,0,0,0,0,0,2,0,1,2,0,2,0,2,0,2
2018-19,28,Andhra Pradesh,2811,SRIKAKULAM,281118,AMADALAVALASA,1,PS (I-V) ,3,Local body,Urban,3,Co-educational,22,22,20,0,22,22,22,19,22,22,5,5,2,5,22,2,0,0,9,11,0,22,20,1,14,21,18,0,4,5,21
2018-19,28,Andhra Pradesh,2811,SRIKAKULAM,281118,AMADALAVALASA,1,PS (I-V) ,5,Private Unaided (Recognized),Urban,3,Co-educational,5,5,2,3,4,5,5,5,5,5,5,5,5,5,5,5,0,0,3,4,0,5,2,1,4,2,4,0,2,3,5
2018-19,28,Andhra Pradesh,2811,SRIKAKULAM,281118,AMADALAVALASA,6, SS (I-X) ,5,Private Unaided (Recognized),Rural,3,Co-educational,1,1,1,0,1,1,1,1,1,1,0,0,0,0,1,0,0,0,1,0,0,1,1,1,1,0,0,0,0,0,1
2018-19,28,Andhra Pradesh,2811,SRIKAKULAM,281118,AMADALAVALASA,6, SS (I-X) ,3,Local body,Urban,3,Co-educational,1,1,1,1,1,1,1,0,0,0,0,1,1,1,1,0,0,0,1,1,0,1,1,0,1,1,1,0,1,0,1
2018-19,28,Andhra Pradesh,2811,SRIKAKULAM,281118,AMADALAVALASA,6, SS (I-X) ,5,Private Unaided (Recognized),Urban,3,Co-educational,3,3,2,2,3,3,2,3,3,3,1,1,1,1,2,2,0,1,2,3,0,3,2,0,3,1,1,0,2,1,2
2018-19,28,Andhra Pradesh,2811,SRIKAKULAM,281118,AMADALAVALASA,8,SS (IX-X),5,Private Unaided (Recognized),Urban,3,Co-educational,1,1,0,1,1,1,0,1,1,1,1,1,1,1,1,1,0,0,0,0,0,1,0,0,1,0,1,0,1,0,1
2018-19,28,Andhra Pradesh,2811,SRIKAKULAM,281118,AMADALAVALASA,7,SS (VI-X),1,Department of Education,Urban,2,Girls,1,1,0,0,1,1,1,0,1,1,1,1,0,1,1,1,0,1,1,0,0,1,0,0,1,1,0,0,1,0,1
2018-19,28,Andhra Pradesh,2811,SRIKAKULAM,281118,AMADALAVALASA,7,SS (VI-X),3,Local body,Urban,2,Girls,1,1,1,1,1,1,1,0,1,1,0,0,0,0,1,1,0,1,0,1,0,1,1,1,1,1,1,0,1,0,1
2018-19,28,Andhra Pradesh,2811,SRIKAKULAM,281118,AMADALAVALASA,7,SS (VI-X),3,Local body,Rural,3,Co-educational,7,7,7,7,6,7,6,6,6,6,5,5,5,5,7,7,0,1,7,7,0,7,7,4,7,4,7,0,3,3,6
2018-19,28,Andhra Pradesh,2811,SRIKAKULAM,281118,AMADALAVALASA,7,SS (VI-X),5,Private Unaided (Recognized),Rural,3,Co-educational,1,1,0,1,1,1,1,1,1,1,0,0,0,0,1,1,0,0,1,1,0,1,0,0,1,1,1,0,0,1,1
2018-19,28,Andhra Pradesh,2811,SRIKAKULAM,281118,AMADALAVALASA,7,SS (VI-X),1,Department of Education,Urban,3,Co-educational,1,1,1,1,1,1,1,1,1,1,1,1,1,1,1,1,0,1,0,1,0,1,1,0,1,1,1,0,1,0,1
2018-19,28,Andhra Pradesh,2811,SRIKAKULAM,281118,AMADALAVALASA,7,SS (VI-X),3,Local body,Urban,3,Co-educational,3,3,0,3,3,3,3,3,3,3,3,3,2,3,3,1,0,3,1,1,0,3,0,0,3,2,3,0,0,1,3
2018-19,28,Andhra Pradesh,2811,SRIKAKULAM,281118,AMADALAVALASA,7,SS (VI-X),5,Private Unaided (Recognized),Urban,3,Co-educational,6,6,2,6,6,6,5,6,6,6,4,4,4,4,6,6,0,0,0,6,0,6,2,2,6,1,6,0,5,1,6
2018-19,28,Andhra Pradesh,2811,SRIKAKULAM,281118,AMADALAVALASA,2,UPS (I-VIII) ,3,Local body,Rural,3,Co-educational,5,5,4,0,5,5,4,5,5,5,3,3,1,3,5,1,0,0,3,2,1,5,5,0,4,3,5,0,0,0,5
2018-19,28,Andhra Pradesh,2811,SRIKAKULAM,281118,AMADALAVALASA,2,UPS (I-VIII) ,5,Private Unaided (Recognized),Rural,3,Co-educational,1,1,0,0,1,1,1,1,1,1,1,1,1,1,1,1,0,0,1,1,0,1,0,0,0,0,1,0,0,0,1
2018-19,28,Andhra Pradesh,2811,SRIKAKULAM,281118,AMADALAVALASA,2,UPS (I-VIII) ,3,Local body,Urban,3,Co-educational,6,6,5,2,6,6,6,5,6,6,6,6,4,6,6,3,0,0,3,6,0,6,5,0,4,6,5,0,2,2,6
2018-19,28,Andhra Pradesh,2811,SRIKAKULAM,281118,AMADALAVALASA,2,UPS (I-VIII) ,4,Government Aided,Urban,3,Co-educational,1,1,1,0,1,1,0,0,0,0,0,0,0,0,1,1,0,0,1,0,0,1,1,0,1,0,0,0,0,0,0
2018-19,28,Andhra Pradesh,2811,SRIKAKULAM,281118,AMADALAVALASA,2,UPS (I-VIII) ,5,Private Unaided (Recognized),Urban,3,Co-educational,5,5,2,4,4,5,5,5,5,5,5,5,5,5,5,5,0,0,3,5,0,5,2,0,5,2,4,0,2,2,4
2018-19,28,Andhra Pradesh,2811,SRIKAKULAM,281119,SRIKAKULAM,11,HSS (XI-XII),5,Private Unaided (Recognized),Rural,3,Co-educational,6,6,6,6,6,6,5,6,6,6,0,0,0,0,2,2,0,0,0,1,2,6,6,1,6,0,1,0,0,0,0
2018-19,28,Andhra Pradesh,2811,SRIKAKULAM,281119,SRIKAKULAM,11,HSS (XI-XII),1,Department of Education,Urban,3,Co-educational,2,2,2,2,2,2,2,2,2,2,0,0,0,0,0,2,0,0,0,2,1,1,2,2,2,0,0,0,0,0,0
2018-19,28,Andhra Pradesh,2811,SRIKAKULAM,281119,SRIKAKULAM,11,HSS (XI-XII),5,Private Unaided (Recognized),Urban,3,Co-educational,6,6,6,6,6,6,6,6,6,6,0,0,0,0,5,2,0,0,0,1,4,6,6,4,6,0,0,0,0,0,0
2018-19,28,Andhra Pradesh,2811,SRIKAKULAM,281119,SRIKAKULAM,1,PS (I-V) ,3,Local body,Rural,3,Co-educational,46,46,37,0,20,20,46,6,6,7,3,17,14,17,9,3,0,0,0,28,27,45,38,9,34,2,27,0,4,4,0
2018-19,28,Andhra Pradesh,2811,SRIKAKULAM,281119,SRIKAKULAM,1,PS (I-V) ,5,Private Unaided (Recognized),Rural,3,Co-educational,5,5,2,3,5,5,5,5,5,5,2,2,2,2,4,3,0,4,0,1,3,5,3,4,5,3,1,0,4,3,4
2018-19,28,Andhra Pradesh,2811,SRIKAKULAM,281119,SRIKAKULAM,1,PS (I-V) ,1,Department of Education,Urban,3,Co-educational,1,1,0,0,0,0,1,0,0,0,0,0,0,0,0,0,0,0,0,1,1,1,0,0,1,0,1,0,0,0,0
2018-19,28,Andhra Pradesh,2811,SRIKAKULAM,281119,SRIKAKULAM,1,PS (I-V) ,3,Local body,Urban,3,Co-educational,31,31,28,0,2,2,31,0,0,0,0,8,6,8,5,8,0,0,0,16,20,31,28,2,31,0,31,0,13,0,0
2018-19,28,Andhra Pradesh,2811,SRIKAKULAM,281119,SRIKAKULAM,1,PS (I-V) ,4,Government Aided,Urban,3,Co-educational,2,2,1,0,2,2,2,2,2,2,0,0,0,0,1,2,0,0,0,0,1,2,1,0,2,0,0,0,0,0,0
2018-19,28,Andhra Pradesh,2811,SRIKAKULAM,281119,SRIKAKULAM,1,PS (I-V) ,5,Private Unaided (Recognized),Urban,3,Co-educational,11,11,4,10,11,11,11,11,10,11,6,6,6,6,7,9,0,7,0,3,6,11,5,6,11,3,2,0,11,4,5
2018-19,28,Andhra Pradesh,2811,SRIKAKULAM,281119,SRIKAKULAM,6, SS (I-X) ,2,Tribal Welfare Department,Urban,1,Boys,1,1,1,0,1,1,1,0,0,0,0,1,1,0,1,1,0,0,0,1,0,1,1,0,1,0,1,0,0,0,0
2018-19,28,Andhra Pradesh,2811,SRIKAKULAM,281119,SRIKAKULAM,6, SS (I-X) ,90,Social welfare Department,Rural,2,Girls,1,1,1,1,1,1,1,0,0,0,0,0,0,0,0,1,0,0,0,0,1,1,1,1,1,0,1,0,1,0,0
2018-19,28,Andhra Pradesh,2811,SRIKAKULAM,281119,SRIKAKULAM,6, SS (I-X) ,3,Local body,Rural,3,Co-educational,1,1,1,0,1,1,1,1,1,1,1,1,1,1,0,1,0,0,0,1,0,1,1,0,1,0,1,0,0,0,0
2018-19,28,Andhra Pradesh,2811,SRIKAKULAM,281119,SRIKAKULAM,6, SS (I-X) ,5,Private Unaided (Recognized),Rural,3,Co-educational,7,7,5,5,7,7,7,7,7,7,3,3,3,3,6,6,0,5,0,4,1,7,6,6,7,4,2,0,5,4,2
2018-19,28,Andhra Pradesh,2811,SRIKAKULAM,281119,SRIKAKULAM,6, SS (I-X) ,92,Kendriya Vidyalaya / Central School,Rural,3,Co-educational,1,1,1,1,1,1,1,1,1,1,0,0,0,0,0,1,0,0,0,1,0,1,1,1,1,0,1,0,1,0,0
2018-19,28,Andhra Pradesh,2811,SRIKAKULAM,281119,SRIKAKULAM,6, SS (I-X) ,5,Private Unaided (Recognized),Urban,3,Co-educational,16,16,10,14,15,16,16,16,14,16,7,7,7,7,13,13,0,11,0,8,3,16,13,14,16,10,4,0,15,11,11
2018-19,28,Andhra Pradesh,2811,SRIKAKULAM,281119,SRIKAKULAM,7,SS (VI-X),1,Department of Education,Rural,2,Girls,1,1,1,1,1,1,1,0,0,0,0,1,0,1,1,1,0,0,0,0,0,1,1,1,1,0,1,0,1,0,0
2018-19,28,Andhra Pradesh,2811,SRIKAKULAM,281119,SRIKAKULAM,7,SS (VI-X),1,Department of Education,Urban,2,Girls,1,1,1,1,1,1,1,0,0,0,0,0,0,0,1,1,0,0,0,1,1,1,1,0,1,0,1,0,1,0,0
2018-19,28,Andhra Pradesh,2811,SRIKAKULAM,281119,SRIKAKULAM,7,SS (VI-X),3,Local body,Urban,2,Girls,1,1,1,1,1,1,1,0,0,0,0,1,0,1,1,1,0,0,0,0,1,1,1,0,1,0,1,0,0,0,0
2018-19,28,Andhra Pradesh,2811,SRIKAKULAM,281119,SRIKAKULAM,7,SS (VI-X),3,Local body,Rural,3,Co-educational,9,9,9,9,9,9,9,0,1,1,1,7,7,7,3,3,0,2,0,6,4,9,9,6,6,5,6,0,1,3,0
2018-19,28,Andhra Pradesh,2811,SRIKAKULAM,281119,SRIKAKULAM,7,SS (VI-X),5,Private Unaided (Recognized),Rural,3,Co-educational,8,8,1,8,6,8,8,7,7,7,2,2,2,2,6,7,0,5,0,4,0,8,3,6,8,3,1,0,7,3,3
2018-19,28,Andhra Pradesh,2811,SRIKAKULAM,281119,SRIKAKULAM,7,SS (VI-X),1,Department of Education,Urban,3,Co-educational,1,1,1,1,1,1,1,0,0,0,0,0,0,0,1,1,0,0,0,1,0,1,1,0,1,1,0,0,1,0,1
2018-19,28,Andhra Pradesh,2811,SRIKAKULAM,281119,SRIKAKULAM,7,SS (VI-X),3,Local body,Urban,3,Co-educational,6,6,6,6,6,6,6,0,1,1,0,4,3,4,3,4,0,0,0,6,4,6,6,2,4,0,4,0,1,0,0
2018-19,28,Andhra Pradesh,2811,SRIKAKULAM,281119,SRIKAKULAM,7,SS (VI-X),4,Government Aided,Urban,3,Co-educational,1,1,1,0,1,1,1,0,0,0,0,0,0,0,0,0,0,0,0,0,1,1,1,0,1,0,1,0,1,0,0
2018-19,28,Andhra Pradesh,2811,SRIKAKULAM,281119,SRIKAKULAM,7,SS (VI-X),5,Private Unaided (Recognized),Urban,3,Co-educational,14,14,8,13,13,14,14,12,12,12,5,5,5,5,11,12,0,8,0,5,3,14,11,11,14,5,5,0,9,7,2
2018-19,28,Andhra Pradesh,2811,SRIKAKULAM,281119,SRIKAKULAM,2,UPS (I-VIII) ,1,Department of Education,Urban,2,Girls,1,1,1,0,1,1,1,0,1,1,0,0,0,0,1,0,0,0,0,0,0,1,1,1,0,0,0,0,0,0,0
2018-19,28,Andhra Pradesh,2811,SRIKAKULAM,281119,SRIKAKULAM,2,UPS (I-VIII) ,3,Local body,Rural,3,Co-educational,16,16,12,0,16,16,16,0,1,1,1,6,2,6,5,1,0,0,0,11,9,16,12,5,12,2,14,0,3,3,1
2018-19,28,Andhra Pradesh,2811,SRIKAKULAM,281119,SRIKAKULAM,2,UPS (I-VIII) ,5,Private Unaided (Recognized),Rural,3,Co-educational,8,8,5,4,8,8,7,8,7,8,4,4,4,4,6,6,0,2,0,4,2,8,6,6,8,1,3,0,5,2,1
2018-19,28,Andhra Pradesh,2811,SRIKAKULAM,281119,SRIKAKULAM,2,UPS (I-VIII) ,5,Private Unaided (Recognized),Urban,3,Co-educational,21,21,16,13,21,21,21,21,17,21,6,6,6,6,20,18,0,17,0,10,7,21,17,17,21,13,10,0,15,15,8
2018-19,28,Andhra Pradesh,2811,SRIKAKULAM,281120,GARA,11,HSS (XI-XII),1,Department of Education,Rural,3,Co-educational,1,1,1,1,1,1,1,1,1,1,0,0,0,0,0,1,0,0,0,1,0,1,1,1,1,0,0,0,0,0,0
2018-19,28,Andhra Pradesh,2811,SRIKAKULAM,281120,GARA,11,HSS (XI-XII),5,Private Unaided (Recognized),Rural,3,Co-educational,1,1,1,1,1,1,1,1,1,1,0,0,0,0,0,1,0,0,0,1,0,1,1,1,1,0,0,0,0,0,0
2018-19,28,Andhra Pradesh,2811,SRIKAKULAM,281120,GARA,1,PS (I-V) ,1,Department of Education,Rural,3,Co-educational,1,1,0,0,1,1,1,1,1,1,1,1,1,1,1,0,0,0,0,0,0,1,0,0,0,0,0,0,0,0,0
2018-19,28,Andhra Pradesh,2811,SRIKAKULAM,281120,GARA,1,PS (I-V) ,3,Local body,Rural,3,Co-educational,71,71,70,0,45,59,71,21,54,55,37,48,17,47,29,4,0,1,1,46,1,54,71,10,37,6,37,0,2,0,2
2018-19,28,Andhra Pradesh,2811,SRIKAKULAM,281120,GARA,1,PS (I-V) ,5,Private Unaided (Recognized),Rural,3,Co-educational,2,2,0,2,2,2,2,2,2,2,0,0,0,0,1,2,0,0,0,2,0,2,2,2,2,0,0,0,2,1,0
2018-19,28,Andhra Pradesh,2811,SRIKAKULAM,281120,GARA,6, SS (I-X) ,1,Department of Education,Rural,1,Boys,1,1,1,1,1,1,1,1,0,1,1,1,1,0,1,1,0,1,0,0,0,1,1,0,1,0,1,0,0,0,0
2018-19,28,Andhra Pradesh,2811,SRIKAKULAM,281120,GARA,6, SS (I-X) ,1,Department of Education,Rural,2,Girls,1,1,1,1,0,1,1,0,0,0,0,0,0,0,1,0,0,1,0,1,0,1,1,1,1,0,1,0,0,0,0
2018-19,28,Andhra Pradesh,2811,SRIKAKULAM,281120,GARA,6, SS (I-X) ,5,Private Unaided (Recognized),Rural,3,Co-educational,4,4,1,3,4,4,4,3,3,4,1,1,1,1,1,3,0,2,0,2,0,4,2,4,4,0,0,0,2,0,0
2018-19,28,Andhra Pradesh,2811,SRIKAKULAM,281120,GARA,7,SS (VI-X),1,Department of Education,Rural,2,Girls,1,1,1,1,1,1,1,0,0,0,0,1,0,1,1,0,0,0,0,0,0,1,1,1,1,0,1,0,0,0,0
2018-19,28,Andhra Pradesh,2811,SRIKAKULAM,281120,GARA,7,SS (VI-X),3,Local body,Rural,2,Girls,1,1,1,1,1,1,1,0,1,1,1,1,0,1,1,1,0,0,0,1,0,1,1,0,1,0,1,0,0,1,0
2018-19,28,Andhra Pradesh,2811,SRIKAKULAM,281120,GARA,7,SS (VI-X),1,Department of Education,Rural,3,Co-educational,2,2,2,2,1,2,2,1,1,1,1,2,1,2,2,0,0,0,0,2,0,2,2,0,1,0,2,0,0,0,0
2018-19,28,Andhra Pradesh,2811,SRIKAKULAM,281120,GARA,7,SS (VI-X),3,Local body,Rural,3,Co-educational,6,6,6,6,4,6,6,6,6,6,4,4,3,3,1,5,0,0,0,6,0,6,6,2,6,1,6,0,0,2,0
2018-19,28,Andhra Pradesh,2811,SRIKAKULAM,281120,GARA,7,SS (VI-X),5,Private Unaided (Recognized),Rural,3,Co-educational,2,2,0,2,1,2,2,2,2,2,1,1,0,1,0,2,0,0,0,2,0,2,2,1,2,0,0,0,0,0,0
2018-19,28,Andhra Pradesh,2811,SRIKAKULAM,281120,GARA,2,UPS (I-VIII) ,3,Local body,Rural,3,Co-educational,15,15,15,1,13,15,15,11,10,11,6,9,7,9,11,1,0,0,0,12,0,15,15,2,6,1,12,0,1,0,3
2018-19,28,Andhra Pradesh,2811,SRIKAKULAM,281120,GARA,2,UPS (I-VIII) ,5,Private Unaided (Recognized),Rural,3,Co-educational,4,4,1,1,4,4,2,4,4,4,1,1,1,1,2,2,0,0,0,2,0,4,1,2,3,0,0,0,1,0,0
2018-19,28,Andhra Pradesh,2811,SRIKAKULAM,281121,POLAKI,5, HSS (VI-XII),1,Department of Education,Rural,3,Co-educational,1,1,1,1,1,1,1,1,1,1,1,1,1,1,1,1,0,1,0,1,0,1,1,0,1,0,1,0,0,0,0
2018-19,28,Andhra Pradesh,2811,SRIKAKULAM,281121,POLAKI,11,HSS (XI-XII),1,Department of Education,Rural,3,Co-educational,2,2,2,2,2,2,2,2,2,2,0,0,0,0,2,1,0,0,0,1,0,2,2,2,2,0,1,0,0,0,0
2018-19,28,Andhra Pradesh,2811,SRIKAKULAM,281121,POLAKI,1,PS (I-V) ,3,Local body,Rural,3,Co-educational,73,73,70,0,57,62,71,44,59,65,58,62,52,60,67,5,0,1,1,39,0,67,70,5,27,1,41,0,13,0,2
2018-19,28,Andhra Pradesh,2811,SRIKAKULAM,281121,POLAKI,1,PS (I-V) ,5,Private Unaided (Recognized),Rural,3,Co-educational,2,2,1,2,2,2,2,2,2,2,2,2,2,2,2,1,0,1,0,0,0,2,1,2,2,0,0,0,2,2,0
2018-19,28,Andhra Pradesh,2811,SRIKAKULAM,281121,POLAKI,7,SS (VI-X),1,Department of Education,Rural,2,Girls,1,1,1,1,1,1,1,0,1,1,1,1,0,1,1,1,0,0,0,1,0,1,1,1,0,0,0,0,0,1,1
2018-19,28,Andhra Pradesh,2811,SRIKAKULAM,281121,POLAKI,7,SS (VI-X),3,Local body,Rural,2,Girls,1,1,1,1,1,1,1,0,1,1,1,1,0,1,1,1,0,1,0,1,0,1,1,0,1,0,1,0,0,0,0
2018-19,28,Andhra Pradesh,2811,SRIKAKULAM,281121,POLAKI,7,SS (VI-X),1,Department of Education,Rural,3,Co-educational,2,2,2,2,2,2,2,2,2,2,2,2,2,2,2,2,0,0,0,2,0,2,2,1,2,0,2,0,0,0,0
2018-19,28,Andhra Pradesh,2811,SRIKAKULAM,281121,POLAKI,7,SS (VI-X),3,Local body,Rural,3,Co-educational,7,7,7,7,6,7,7,4,5,6,4,5,5,5,7,3,0,1,0,5,0,7,7,5,4,1,4,0,0,0,0
2018-19,28,Andhra Pradesh,2811,SRIKAKULAM,281121,POLAKI,7,SS (VI-X),5,Private Unaided (Recognized),Rural,3,Co-educational,5,5,3,5,5,5,5,5,5,5,5,5,4,5,5,2,0,3,0,1,1,5,3,5,5,1,1,0,0,1,0
2018-19,28,Andhra Pradesh,2811,SRIKAKULAM,281121,POLAKI,2,UPS (I-VIII) ,3,Local body,Rural,3,Co-educational,12,12,11,0,11,12,10,11,12,12,11,11,11,11,10,3,0,1,0,10,0,12,11,1,5,1,10,0,5,0,0
2018-19,28,Andhra Pradesh,2811,SRIKAKULAM,281121,POLAKI,2,UPS (I-VIII) ,5,Private Unaided (Recognized),Rural,3,Co-educational,4,4,2,4,3,4,4,4,4,4,4,4,3,4,4,1,0,2,0,1,0,4,3,4,4,0,1,0,2,0,0
2018-19,28,Andhra Pradesh,2811,SRIKAKULAM,281122,NARASANNAPETA,11,HSS (XI-XII),1,Department of Education,Rural,3,Co-educational,1,1,1,1,1,1,1,1,1,1,0,0,0,0,0,1,0,0,0,1,1,1,1,1,1,0,0,0,0,0,0
2018-19,28,Andhra Pradesh,2811,SRIKAKULAM,281122,NARASANNAPETA,11,HSS (XI-XII),5,Private Unaided (Recognized),Rural,3,Co-educational,4,4,4,4,4,4,4,4,4,4,0,0,0,0,2,2,0,0,0,3,2,4,4,2,4,0,1,0,0,0,0
2018-19,28,Andhra Pradesh,2811,SRIKAKULAM,281122,NARASANNAPETA,1,PS (I-V) ,3,Local body,Rural,3,Co-educational,61,61,59,0,49,53,61,36,57,59,20,20,18,19,33,1,0,6,1,35,1,61,61,4,33,26,27,0,1,5,50
2018-19,28,Andhra Pradesh,2811,SRIKAKULAM,281122,NARASANNAPETA,1,PS (I-V) ,5,Private Unaided (Recognized),Rural,3,Co-educational,5,5,4,4,5,5,5,5,5,5,1,1,1,1,5,5,0,4,0,4,1,5,5,5,5,3,0,0,5,3,2
2018-19,28,Andhra Pradesh,2811,SRIKAKULAM,281122,NARASANNAPETA,6, SS (I-X) ,5,Private Unaided (Recognized),Rural,3,Co-educational,6,6,5,3,6,6,6,6,6,6,1,1,1,1,5,5,0,5,0,4,0,6,6,3,6,3,2,0,5,3,4
2018-19,28,Andhra Pradesh,2811,SRIKAKULAM,281122,NARASANNAPETA,7,SS (VI-X),3,Local body,Rural,2,Girls,1,1,1,0,1,1,1,0,1,1,1,1,0,1,1,1,0,1,0,1,0,1,1,1,1,0,0,0,0,0,1
2018-19,28,Andhra Pradesh,2811,SRIKAKULAM,281122,NARASANNAPETA,7,SS (VI-X),1,Department of Education,Rural,3,Co-educational,1,1,1,1,1,1,1,1,1,1,1,1,0,1,1,1,0,1,0,1,0,1,1,1,1,1,1,0,0,0,1
2018-19,28,Andhra Pradesh,2811,SRIKAKULAM,281122,NARASANNAPETA,7,SS (VI-X),3,Local body,Rural,3,Co-educational,10,10,10,10,10,10,10,9,10,10,7,7,7,7,9,5,0,3,0,10,0,10,10,9,10,10,6,0,0,1,9
2018-19,28,Andhra Pradesh,2811,SRIKAKULAM,281122,NARASANNAPETA,7,SS (VI-X),5,Private Unaided (Recognized),Rural,3,Co-educational,6,6,6,4,6,6,6,6,5,6,1,1,1,1,6,5,0,6,0,5,0,6,6,5,6,6,0,0,1,5,5
2018-19,28,Andhra Pradesh,2811,SRIKAKULAM,281122,NARASANNAPETA,2,UPS (I-VIII) ,3,Local body,Rural,3,Co-educational,10,10,10,0,10,10,10,9,10,10,6,6,6,6,7,0,0,0,0,6,0,10,10,2,7,4,4,0,3,0,9
2018-19,28,Andhra Pradesh,2811,SRIKAKULAM,281122,NARASANNAPETA,2,UPS (I-VIII) ,5,Private Unaided (Recognized),Rural,3,Co-educational,5,5,3,4,5,5,5,5,5,5,1,1,1,1,5,3,0,2,0,5,1,5,3,4,5,3,0,0,4,1,3
2018-19,28,Andhra Pradesh,2811,SRIKAKULAM,281123,JALUMURU,5, HSS (VI-XII),1,Department of Education,Rural,3,Co-educational,1,1,1,1,1,1,1,1,1,1,1,1,1,1,1,1,0,1,0,1,0,1,1,1,1,1,0,0,0,1,0
2018-19,28,Andhra Pradesh,2811,SRIKAKULAM,281123,JALUMURU,11,HSS (XI-XII),1,Department of Education,Rural,3,Co-educational,1,1,1,1,1,1,1,1,1,1,0,0,0,0,1,0,0,0,0,1,1,1,1,1,1,0,0,0,0,0,0
2018-19,28,Andhra Pradesh,2811,SRIKAKULAM,281123,JALUMURU,11,HSS (XI-XII),5,Private Unaided (Recognized),Rural,3,Co-educational,1,1,1,1,1,1,1,1,1,1,0,0,0,0,1,0,0,0,0,1,1,1,1,1,1,0,0,0,0,0,0
2018-19,28,Andhra Pradesh,2811,SRIKAKULAM,281123,JALUMURU,1,PS (I-V) ,3,Local body,Rural,3,Co-educational,58,57,57,1,46,54,58,27,50,50,43,46,41,45,57,3,0,2,29,29,4,57,58,18,34,4,21,0,3,5,7
2018-19,28,Andhra Pradesh,2811,SRIKAKULAM,281123,JALUMURU,1,PS (I-V) ,4,Government Aided,Rural,3,Co-educational,1,1,1,0,1,1,1,1,1,1,1,1,1,1,1,0,0,0,0,1,0,1,1,0,1,0,1,0,0,0,0
2018-19,28,Andhra Pradesh,2811,SRIKAKULAM,281123,JALUMURU,1,PS (I-V) ,5,Private Unaided (Recognized),Rural,3,Co-educational,2,2,2,2,0,2,2,2,2,1,1,2,2,2,2,1,0,1,1,0,0,2,2,2,2,0,0,0,2,0,0
2018-19,28,Andhra Pradesh,2811,SRIKAKULAM,281123,JALUMURU,6, SS (I-X) ,5,Private Unaided (Recognized),Rural,3,Co-educational,2,2,2,1,0,2,1,2,2,2,1,1,1,1,2,1,0,1,0,1,0,2,2,2,2,0,0,0,2,1,0
2018-19,28,Andhra Pradesh,2811,SRIKAKULAM,281123,JALUMURU,7,SS (VI-X),1,Department of Education,Rural,2,Girls,2,2,2,2,2,2,2,0,2,2,2,2,0,2,2,2,0,1,2,1,0,2,2,2,2,1,0,0,0,0,0
2018-19,28,Andhra Pradesh,2811,SRIKAKULAM,281123,JALUMURU,7,SS (VI-X),1,Department of Education,Rural,3,Co-educational,1,1,1,1,1,1,1,1,1,1,1,1,0,1,1,0,0,0,0,1,0,1,1,1,1,0,1,0,0,0,0
2018-19,28,Andhra Pradesh,2811,SRIKAKULAM,281123,JALUMURU,7,SS (VI-X),3,Local body,Rural,3,Co-educational,12,11,12,12,12,12,12,10,12,12,11,11,8,11,12,4,0,1,5,11,0,11,12,11,9,3,6,0,0,2,1
2018-19,28,Andhra Pradesh,2811,SRIKAKULAM,281123,JALUMURU,7,SS (VI-X),5,Private Unaided (Recognized),Rural,3,Co-educational,3,3,2,1,1,3,3,2,2,2,2,2,2,2,3,3,0,1,1,2,0,3,2,3,3,0,0,0,0,1,0
2018-19,28,Andhra Pradesh,2811,SRIKAKULAM,281123,JALUMURU,2,UPS (I-VIII) ,3,Local body,Rural,3,Co-educational,7,7,7,0,7,7,7,7,7,7,6,6,6,6,7,0,0,0,5,4,0,7,7,2,7,1,5,0,1,0,0
2018-19,28,Andhra Pradesh,2811,SRIKAKULAM,281123,JALUMURU,2,UPS (I-VIII) ,4,Government Aided,Rural,3,Co-educational,1,1,1,0,1,1,1,0,1,1,1,1,1,1,1,0,0,0,0,1,0,1,1,0,1,0,0,0,0,0,0
2018-19,28,Andhra Pradesh,2811,SRIKAKULAM,281123,JALUMURU,2,UPS (I-VIII) ,5,Private Unaided (Recognized),Rural,3,Co-educational,2,2,2,1,1,2,1,2,2,2,0,0,0,0,2,1,0,0,1,0,0,2,2,2,2,0,0,0,1,0,0
2018-19,28,Andhra Pradesh,2811,SRIKAKULAM,281124,SARAVAKOTA,11,HSS (XI-XII),1,Department of Education,Rural,3,Co-educational,1,1,1,1,1,1,1,1,1,1,0,0,0,0,0,0,0,0,0,0,1,1,1,1,1,0,0,0,0,0,0
2018-19,28,Andhra Pradesh,2811,SRIKAKULAM,281124,SARAVAKOTA,1,PS (I-V) ,2,Tribal Welfare Department,Rural,3,Co-educational,8,8,8,0,3,6,8,0,1,1,1,6,4,6,4,0,0,0,0,5,0,5,8,2,3,1,4,0,0,0,0
2018-19,28,Andhra Pradesh,2811,SRIKAKULAM,281124,SARAVAKOTA,1,PS (I-V) ,3,Local body,Rural,3,Co-educational,55,55,54,0,35,40,55,8,15,15,15,51,42,50,45,1,0,0,6,32,5,50,55,33,14,11,32,0,7,2,11
2018-19,28,Andhra Pradesh,2811,SRIKAKULAM,281124,SARAVAKOTA,1,PS (I-V) ,5,Private Unaided (Recognized),Rural,3,Co-educational,4,4,3,3,4,4,4,4,4,4,1,1,1,1,4,4,0,2,0,3,0,4,3,4,4,1,0,0,2,1,1
2018-19,28,Andhra Pradesh,2811,SRIKAKULAM,281124,SARAVAKOTA,6, SS (I-X) ,2,Tribal Welfare Department,Rural,2,Girls,1,1,1,1,1,1,1,0,0,0,0,1,0,1,1,1,0,0,1,1,0,1,1,1,1,1,0,0,0,0,0
2018-19,28,Andhra Pradesh,2811,SRIKAKULAM,281124,SARAVAKOTA,6, SS (I-X) ,5,Private Unaided (Recognized),Rural,3,Co-educational,2,2,1,0,2,2,2,2,2,2,2,2,2,2,2,2,0,2,1,2,0,2,2,1,2,0,0,0,1,1,0
2018-19,28,Andhra Pradesh,2811,SRIKAKULAM,281124,SARAVAKOTA,7,SS (VI-X),1,Department of Education,Rural,2,Girls,1,1,1,0,0,1,1,0,0,0,0,0,0,0,1,0,0,1,0,0,0,1,1,1,1,0,0,0,0,0,0
2018-19,28,Andhra Pradesh,2811,SRIKAKULAM,281124,SARAVAKOTA,7,SS (VI-X),3,Local body,Rural,3,Co-educational,4,4,4,4,4,4,4,1,1,1,0,3,2,3,4,3,0,0,0,3,1,4,4,4,3,1,4,0,1,0,1
2018-19,28,Andhra Pradesh,2811,SRIKAKULAM,281124,SARAVAKOTA,7,SS (VI-X),5,Private Unaided (Recognized),Rural,3,Co-educational,3,3,2,2,3,3,3,3,3,3,2,2,2,2,3,3,0,1,0,2,1,3,2,3,3,1,0,0,0,1,0
2018-19,28,Andhra Pradesh,2811,SRIKAKULAM,281124,SARAVAKOTA,2,UPS (I-VIII) ,2,Tribal Welfare Department,Rural,1,Boys,1,1,1,0,1,1,1,1,0,1,1,1,1,0,1,0,0,1,1,1,1,1,1,1,1,0,0,0,0,1,0
2018-19,28,Andhra Pradesh,2811,SRIKAKULAM,281124,SARAVAKOTA,2,UPS (I-VIII) ,3,Local body,Rural,3,Co-educational,9,9,9,0,9,9,9,3,5,5,5,9,8,8,9,0,0,0,1,8,1,9,9,6,6,5,6,0,5,2,3
2018-19,28,Andhra Pradesh,2811,SRIKAKULAM,281124,SARAVAKOTA,2,UPS (I-VIII) ,5,Private Unaided (Recognized),Rural,3,Co-educational,1,1,0,1,1,1,1,1,1,1,0,0,0,0,1,1,0,0,0,1,0,1,0,1,1,1,0,0,1,1,0
2018-19,28,Andhra Pradesh,2811,SRIKAKULAM,281125,PATHAPATNAM,3,HSS (I-XII),90,Social welfare Department,Rural,2,Girls,1,1,1,1,1,1,1,0,1,1,0,0,0,0,0,1,0,0,0,1,0,1,1,1,1,1,1,0,1,1,0
2018-19,28,Andhra Pradesh,2811,SRIKAKULAM,281125,PATHAPATNAM,5, HSS (VI-XII),1,Department of Education,Rural,3,Co-educational,1,1,0,1,1,1,1,1,1,1,0,0,0,0,1,1,0,0,0,0,0,1,0,0,1,1,1,0,0,1,0
2018-19,28,Andhra Pradesh,2811,SRIKAKULAM,281125,PATHAPATNAM,11,HSS (XI-XII),1,Department of Education,Rural,3,Co-educational,1,1,1,1,1,1,1,1,1,1,0,0,0,0,0,0,0,0,0,0,0,1,1,0,1,0,0,0,0,0,0
2018-19,28,Andhra Pradesh,2811,SRIKAKULAM,281125,PATHAPATNAM,11,HSS (XI-XII),5,Private Unaided (Recognized),Rural,3,Co-educational,3,3,3,3,3,3,3,3,3,3,0,0,0,0,2,0,0,0,0,0,2,3,3,2,3,0,0,0,0,0,0
2018-19,28,Andhra Pradesh,2811,SRIKAKULAM,281125,PATHAPATNAM,1,PS (I-V) ,1,Department of Education,Rural,3,Co-educational,2,2,2,0,0,0,1,0,0,0,0,0,0,0,0,0,0,0,0,0,0,2,2,0,1,0,0,0,0,0,0
2018-19,28,Andhra Pradesh,2811,SRIKAKULAM,281125,PATHAPATNAM,1,PS (I-V) ,2,Tribal Welfare Department,Rural,3,Co-educational,11,11,9,0,3,3,11,0,1,1,0,0,0,0,0,1,0,0,3,1,1,7,10,0,3,0,2,0,0,0,2
2018-19,28,Andhra Pradesh,2811,SRIKAKULAM,281125,PATHAPATNAM,1,PS (I-V) ,3,Local body,Rural,3,Co-educational,47,47,42,0,20,21,45,11,27,27,2,3,3,3,23,4,0,3,3,27,6,42,46,8,26,8,16,0,2,5,17
2018-19,28,Andhra Pradesh,2811,SRIKAKULAM,281125,PATHAPATNAM,1,PS (I-V) ,4,Government Aided,Rural,3,Co-educational,1,1,1,0,1,1,1,0,0,0,0,0,0,0,1,0,0,0,0,0,0,1,1,0,1,0,0,0,1,0,0
2018-19,28,Andhra Pradesh,2811,SRIKAKULAM,281125,PATHAPATNAM,1,PS (I-V) ,5,Private Unaided (Recognized),Rural,3,Co-educational,4,4,2,4,4,4,4,3,3,3,2,2,2,2,4,3,0,4,2,3,1,4,4,4,4,3,2,0,4,3,3
2018-19,28,Andhra Pradesh,2811,SRIKAKULAM,281125,PATHAPATNAM,6, SS (I-X) ,2,Tribal Welfare Department,Rural,1,Boys,3,3,3,2,3,3,3,3,0,3,0,0,0,0,1,0,0,0,1,2,0,3,3,3,2,2,1,0,0,3,2
2018-19,28,Andhra Pradesh,2811,SRIKAKULAM,281125,PATHAPATNAM,6, SS (I-X) ,2,Tribal Welfare Department,Rural,2,Girls,1,1,1,1,1,1,1,0,1,1,0,0,0,0,1,1,0,0,1,1,0,1,1,0,1,1,1,0,0,1,1
2018-19,28,Andhra Pradesh,2811,SRIKAKULAM,281125,PATHAPATNAM,6, SS (I-X) ,5,Private Unaided (Recognized),Rural,3,Co-educational,8,8,4,6,8,8,8,8,8,7,1,1,1,1,8,7,0,2,0,3,2,8,5,5,8,2,2,0,8,3,5
2018-19,28,Andhra Pradesh,2811,SRIKAKULAM,281125,PATHAPATNAM,7,SS (VI-X),1,Department of Education,Rural,2,Girls,1,1,1,1,1,1,1,0,0,0,0,0,0,0,0,0,0,0,0,1,0,1,1,1,0,0,1,0,0,1,0
2018-19,28,Andhra Pradesh,2811,SRIKAKULAM,281125,PATHAPATNAM,7,SS (VI-X),1,Department of Education,Rural,3,Co-educational,1,1,1,1,1,1,1,1,1,1,0,0,0,0,1,1,0,1,0,1,0,1,1,1,1,1,1,0,1,1,1
2018-19,28,Andhra Pradesh,2811,SRIKAKULAM,281125,PATHAPATNAM,7,SS (VI-X),3,Local body,Rural,3,Co-educational,6,6,5,6,6,6,6,5,6,6,1,1,1,1,6,1,0,4,1,6,0,6,6,4,6,6,4,0,5,6,5
2018-19,28,Andhra Pradesh,2811,SRIKAKULAM,281125,PATHAPATNAM,7,SS (VI-X),5,Private Unaided (Recognized),Rural,3,Co-educational,4,4,2,3,4,4,4,4,3,4,3,3,3,2,4,3,0,4,1,3,0,4,3,3,3,4,1,0,2,3,2
2018-19,28,Andhra Pradesh,2811,SRIKAKULAM,281125,PATHAPATNAM,2,UPS (I-VIII) ,3,Local body,Rural,3,Co-educational,10,10,10,0,10,10,10,5,9,9,1,1,1,1,3,2,0,1,1,8,0,10,10,5,6,3,6,0,3,2,7
2018-19,28,Andhra Pradesh,2811,SRIKAKULAM,281125,PATHAPATNAM,2,UPS (I-VIII) ,5,Private Unaided (Recognized),Rural,3,Co-educational,4,4,1,1,4,4,4,3,3,3,0,0,0,0,3,2,0,1,0,3,0,4,1,2,4,0,1,0,2,2,1
2018-19,28,Andhra Pradesh,2811,SRIKAKULAM,281126,MELIAPUTTI,11,HSS (XI-XII),2,Tribal Welfare Department,Rural,1,Boys,1,1,1,1,1,1,1,0,0,0,0,0,0,0,0,0,0,0,0,1,0,1,1,0,1,0,0,0,0,0,0
2018-19,28,Andhra Pradesh,2811,SRIKAKULAM,281126,MELIAPUTTI,11,HSS (XI-XII),5,Private Unaided (Recognized),Rural,3,Co-educational,1,1,1,1,1,1,1,1,1,1,0,0,0,0,0,1,0,0,0,0,0,1,1,1,1,0,0,0,0,0,0
2018-19,28,Andhra Pradesh,2811,SRIKAKULAM,281126,MELIAPUTTI,1,PS (I-V) ,1,Department of Education,Rural,3,Co-educational,5,5,5,0,3,3,5,2,4,4,2,3,1,3,2,0,0,0,1,4,0,5,5,1,4,2,2,0,2,0,0
2018-19,28,Andhra Pradesh,2811,SRIKAKULAM,281126,MELIAPUTTI,1,PS (I-V) ,2,Tribal Welfare Department,Rural,3,Co-educational,31,30,29,0,13,14,23,6,20,20,11,14,6,14,14,0,0,0,3,28,0,28,31,0,19,5,2,0,6,0,3
2018-19,28,Andhra Pradesh,2811,SRIKAKULAM,281126,MELIAPUTTI,1,PS (I-V) ,3,Local body,Rural,3,Co-educational,48,48,45,0,35,37,48,16,35,35,28,34,18,34,31,2,0,4,10,39,0,48,48,6,31,14,28,0,29,0,1
2018-19,28,Andhra Pradesh,2811,SRIKAKULAM,281126,MELIAPUTTI,6, SS (I-X) ,2,Tribal Welfare Department,Rural,1,Boys,2,2,2,2,2,2,2,2,0,2,1,1,1,0,2,2,0,0,2,2,0,2,2,2,2,2,0,0,2,1,0
2018-19,28,Andhra Pradesh,2811,SRIKAKULAM,281126,MELIAPUTTI,6, SS (I-X) ,2,Tribal Welfare Department,Rural,2,Girls,3,3,3,2,3,3,3,0,3,3,3,3,0,3,3,0,0,0,3,3,0,3,3,1,3,2,2,0,3,1,0
2018-19,28,Andhra Pradesh,2811,SRIKAKULAM,281126,MELIAPUTTI,6, SS (I-X) ,5,Private Unaided (Recognized),Rural,3,Co-educational,1,1,1,1,1,1,1,1,1,1,1,1,1,1,1,0,0,0,1,1,0,1,1,1,1,0,0,0,1,0,0
2018-19,28,Andhra Pradesh,2811,SRIKAKULAM,281126,MELIAPUTTI,7,SS (VI-X),1,Department of Education,Rural,2,Girls,1,1,1,1,1,1,1,0,1,1,1,1,0,1,1,1,0,1,1,1,0,1,1,1,1,1,0,0,0,1,0
2018-19,28,Andhra Pradesh,2811,SRIKAKULAM,281126,MELIAPUTTI,7,SS (VI-X),2,Tribal Welfare Department,Rural,3,Co-educational,1,1,1,0,1,1,0,1,0,1,0,0,0,0,0,0,0,0,0,1,0,1,1,0,1,0,0,0,0,0,0
2018-19,28,Andhra Pradesh,2811,SRIKAKULAM,281126,MELIAPUTTI,7,SS (VI-X),3,Local body,Rural,3,Co-educational,9,9,9,8,9,9,8,5,8,8,7,8,6,8,8,7,0,1,4,9,0,9,9,7,9,3,9,0,1,0,1
2018-19,28,Andhra Pradesh,2811,SRIKAKULAM,281126,MELIAPUTTI,2,UPS (I-VIII) ,2,Tribal Welfare Department,Rural,2,Girls,1,1,1,0,1,1,1,0,1,1,0,0,0,0,1,1,0,0,1,1,0,1,1,1,1,1,0,0,1,1,0
2018-19,28,Andhra Pradesh,2811,SRIKAKULAM,281126,MELIAPUTTI,2,UPS (I-VIII) ,3,Local body,Rural,3,Co-educational,7,7,6,0,7,7,7,4,6,6,5,5,4,5,3,0,0,0,1,5,1,7,7,2,4,1,7,0,5,0,1
2018-19,28,Andhra Pradesh,2811,SRIKAKULAM,281126,MELIAPUTTI,2,UPS (I-VIII) ,5,Private Unaided (Recognized),Rural,3,Co-educational,3,3,2,2,3,3,3,2,2,1,1,1,1,1,3,1,0,1,1,2,0,3,2,1,3,1,0,0,2,0,0
2018-19,28,Andhra Pradesh,2811,SRIKAKULAM,281127,TEKKALI,11,HSS (XI-XII),1,Department of Education,Rural,3,Co-educational,1,1,1,1,1,1,1,1,1,1,0,0,0,0,1,1,0,0,0,1,1,1,1,1,1,0,1,0,0,0,0
2018-19,28,Andhra Pradesh,2811,SRIKAKULAM,281127,TEKKALI,11,HSS (XI-XII),5,Private Unaided (Recognized),Rural,3,Co-educational,2,2,2,2,2,2,2,2,2,2,0,0,0,0,0,1,0,0,0,1,2,2,2,2,2,0,0,0,0,0,0
2018-19,28,Andhra Pradesh,2811,SRIKAKULAM,281127,TEKKALI,1,PS (I-V) ,2,Tribal Welfare Department,Rural,3,Co-educational,2,2,2,0,1,1,2,1,2,2,2,2,2,2,2,0,0,0,0,2,0,2,2,0,0,0,0,0,0,0,1
2018-19,28,Andhra Pradesh,2811,SRIKAKULAM,281127,TEKKALI,1,PS (I-V) ,3,Local body,Rural,3,Co-educational,65,65,64,0,44,47,65,36,57,58,54,56,42,54,65,4,0,0,2,37,6,60,64,17,15,3,36,0,9,4,43
2018-19,28,Andhra Pradesh,2811,SRIKAKULAM,281127,TEKKALI,1,PS (I-V) ,5,Private Unaided (Recognized),Rural,3,Co-educational,10,10,0,9,9,10,10,8,6,8,6,7,7,7,10,8,0,7,1,3,2,10,4,7,10,1,0,0,8,0,8
2018-19,28,Andhra Pradesh,2811,SRIKAKULAM,281127,TEKKALI,6, SS (I-X) ,2,Tribal Welfare Department,Rural,1,Boys,1,1,1,0,1,1,1,1,0,1,1,1,1,0,1,0,0,0,0,0,0,1,1,1,1,0,0,0,0,0,1
2018-19,28,Andhra Pradesh,2811,SRIKAKULAM,281127,TEKKALI,6, SS (I-X) ,1,Department of Education,Rural,2,Girls,1,1,1,1,1,1,1,0,1,1,0,0,0,0,1,1,0,1,1,1,0,1,1,0,1,0,1,0,1,1,1
2018-19,28,Andhra Pradesh,2811,SRIKAKULAM,281127,TEKKALI,6, SS (I-X) ,2,Tribal Welfare Department,Rural,2,Girls,1,1,1,1,1,1,1,0,1,1,0,0,0,0,1,1,0,1,0,1,0,1,1,1,1,0,1,0,0,1,1
2018-19,28,Andhra Pradesh,2811,SRIKAKULAM,281127,TEKKALI,6, SS (I-X) ,5,Private Unaided (Recognized),Rural,3,Co-educational,1,1,0,1,1,1,1,1,1,1,1,1,1,1,1,1,0,1,0,1,0,1,0,1,1,0,0,0,1,0,0
2018-19,28,Andhra Pradesh,2811,SRIKAKULAM,281127,TEKKALI,7,SS (VI-X),3,Local body,Rural,2,Girls,1,1,1,1,1,1,1,0,1,1,1,1,0,1,1,1,0,1,0,1,0,1,1,0,1,0,1,0,1,0,1
2018-19,28,Andhra Pradesh,2811,SRIKAKULAM,281127,TEKKALI,7,SS (VI-X),1,Department of Education,Rural,3,Co-educational,1,1,1,1,1,1,1,1,1,1,1,1,1,1,1,1,0,0,0,1,0,1,1,1,1,0,0,0,0,0,1
2018-19,28,Andhra Pradesh,2811,SRIKAKULAM,281127,TEKKALI,7,SS (VI-X),3,Local body,Rural,3,Co-educational,8,8,6,8,8,8,8,7,8,8,8,8,5,8,8,5,0,2,0,6,0,8,8,5,7,3,6,0,1,0,6
2018-19,28,Andhra Pradesh,2811,SRIKAKULAM,281127,TEKKALI,7,SS (VI-X),5,Private Unaided (Recognized),Rural,3,Co-educational,10,10,0,9,10,10,10,6,5,5,2,4,4,4,10,9,0,7,0,7,0,10,1,8,10,1,0,0,2,1,8
2018-19,28,Andhra Pradesh,2811,SRIKAKULAM,281127,TEKKALI,2,UPS (I-VIII) ,3,Local body,Rural,3,Co-educational,8,8,8,0,8,8,8,8,8,8,5,5,5,5,8,0,0,0,0,6,0,8,8,2,5,0,4,0,2,0,7
2018-19,28,Andhra Pradesh,2811,SRIKAKULAM,281127,TEKKALI,2,UPS (I-VIII) ,5,Private Unaided (Recognized),Rural,3,Co-educational,4,4,0,2,4,4,4,3,3,3,1,1,1,1,4,3,0,1,1,3,0,4,2,3,4,0,0,0,2,1,3
2018-19,28,Andhra Pradesh,2811,SRIKAKULAM,281128,KOTABOMMALI,5, HSS (VI-XII),1,Department of Education,Rural,2,Girls,1,1,0,1,1,1,1,0,0,0,0,1,0,1,1,0,0,1,0,0,0,1,0,0,1,1,1,0,0,1,0
2018-19,28,Andhra Pradesh,2811,SRIKAKULAM,281128,KOTABOMMALI,11,HSS (XI-XII),1,Department of Education,Rural,3,Co-educational,1,1,1,1,1,1,1,1,1,1,0,0,0,0,0,1,0,0,0,1,1,1,1,1,1,0,0,0,0,0,0
2018-19,28,Andhra Pradesh,2811,SRIKAKULAM,281128,KOTABOMMALI,11,HSS (XI-XII),5,Private Unaided (Recognized),Rural,3,Co-educational,1,1,1,1,1,1,1,1,1,1,0,0,0,0,0,0,0,0,0,0,0,1,1,0,1,0,0,0,0,0,0
2018-19,28,Andhra Pradesh,2811,SRIKAKULAM,281128,KOTABOMMALI,1,PS (I-V) ,2,Tribal Welfare Department,Rural,3,Co-educational,1,1,1,0,0,0,1,0,0,0,0,0,0,0,0,0,0,0,0,0,0,1,1,0,0,0,0,0,0,0,0
2018-19,28,Andhra Pradesh,2811,SRIKAKULAM,281128,KOTABOMMALI,1,PS (I-V) ,3,Local body,Rural,3,Co-educational,77,77,51,0,60,64,74,3,4,4,4,51,39,50,41,16,0,1,5,38,7,76,77,8,24,6,12,0,11,19,11
2018-19,28,Andhra Pradesh,2811,SRIKAKULAM,281128,KOTABOMMALI,1,PS (I-V) ,4,Government Aided,Rural,3,Co-educational,1,1,1,0,1,1,0,1,1,1,0,0,0,0,0,1,0,0,0,1,0,1,1,0,0,0,0,0,0,0,1
2018-19,28,Andhra Pradesh,2811,SRIKAKULAM,281128,KOTABOMMALI,1,PS (I-V) ,5,Private Unaided (Recognized),Rural,3,Co-educational,1,1,1,1,1,1,1,1,1,1,1,1,1,1,1,0,0,0,0,0,0,1,1,0,1,0,0,0,1,0,0
2018-19,28,Andhra Pradesh,2811,SRIKAKULAM,281128,KOTABOMMALI,6, SS (I-X) ,5,Private Unaided (Recognized),Rural,3,Co-educational,5,5,1,3,5,5,4,4,4,4,2,2,2,2,3,2,0,5,0,1,0,5,3,3,5,2,2,0,5,3,0
2018-19,28,Andhra Pradesh,2811,SRIKAKULAM,281128,KOTABOMMALI,7,SS (VI-X),3,Local body,Rural,2,Girls,1,1,1,1,1,1,1,0,0,0,0,1,0,1,1,0,0,0,0,1,0,1,1,1,0,0,1,0,0,0,1
2018-19,28,Andhra Pradesh,2811,SRIKAKULAM,281128,KOTABOMMALI,7,SS (VI-X),3,Local body,Rural,3,Co-educational,9,9,9,9,9,9,8,1,3,3,2,7,7,7,7,6,0,0,0,9,2,9,9,8,8,0,4,0,0,1,1
2018-19,28,Andhra Pradesh,2811,SRIKAKULAM,281128,KOTABOMMALI,7,SS (VI-X),5,Private Unaided (Recognized),Rural,3,Co-educational,2,2,2,2,2,2,2,2,2,2,1,1,1,1,2,0,0,2,0,0,0,2,2,1,1,1,0,0,1,2,0
2018-19,28,Andhra Pradesh,2811,SRIKAKULAM,281128,KOTABOMMALI,2,UPS (I-VIII) ,3,Local body,Rural,3,Co-educational,19,19,15,0,18,19,19,0,0,0,0,10,9,10,10,3,0,2,3,10,1,19,19,2,6,4,8,0,6,5,4
2018-19,28,Andhra Pradesh,2811,SRIKAKULAM,281128,KOTABOMMALI,2,UPS (I-VIII) ,5,Private Unaided (Recognized),Rural,3,Co-educational,6,6,3,4,5,6,6,6,5,6,2,2,2,2,3,2,0,1,0,2,1,6,3,2,5,1,1,0,2,6,0
2018-19,28,Andhra Pradesh,2811,SRIKAKULAM,281129,SANTHABOMMALI,11,HSS (XI-XII),1,Department of Education,Rural,3,Co-educational,1,1,1,1,1,1,0,1,1,1,0,0,0,0,0,1,0,0,0,1,0,1,1,1,1,0,0,0,0,0,0
2018-19,28,Andhra Pradesh,2811,SRIKAKULAM,281129,SANTHABOMMALI,1,PS (I-V) ,3,Local body,Rural,3,Co-educational,73,73,68,0,57,62,71,40,60,60,34,38,31,36,64,14,0,0,6,45,0,59,72,10,21,23,37,0,34,4,15
2018-19,28,Andhra Pradesh,2811,SRIKAKULAM,281129,SANTHABOMMALI,1,PS (I-V) ,4,Government Aided,Rural,3,Co-educational,1,1,1,0,1,1,1,0,0,0,0,0,0,0,1,0,0,0,0,1,0,1,1,0,1,0,0,0,1,0,0
2018-19,28,Andhra Pradesh,2811,SRIKAKULAM,281129,SANTHABOMMALI,1,PS (I-V) ,5,Private Unaided (Recognized),Rural,3,Co-educational,1,1,1,0,1,1,1,1,1,1,0,0,0,0,1,1,0,1,0,1,0,1,1,1,1,1,1,0,1,1,0
2018-19,28,Andhra Pradesh,2811,SRIKAKULAM,281129,SANTHABOMMALI,6, SS (I-X) ,5,Private Unaided (Recognized),Rural,3,Co-educational,1,1,1,0,1,1,0,0,0,0,0,0,0,0,1,0,0,1,1,0,0,1,1,0,1,1,1,0,1,1,0
2018-19,28,Andhra Pradesh,2811,SRIKAKULAM,281129,SANTHABOMMALI,7,SS (VI-X),1,Department of Education,Rural,2,Girls,1,1,1,1,1,1,1,0,1,1,0,0,0,0,1,1,0,0,0,1,0,1,1,1,1,1,1,0,0,1,0
2018-19,28,Andhra Pradesh,2811,SRIKAKULAM,281129,SANTHABOMMALI,7,SS (VI-X),1,Department of Education,Rural,3,Co-educational,2,2,2,2,1,2,2,1,1,1,1,1,0,1,2,1,0,0,1,2,0,2,2,2,2,1,2,0,0,1,1
2018-19,28,Andhra Pradesh,2811,SRIKAKULAM,281129,SANTHABOMMALI,7,SS (VI-X),3,Local body,Rural,3,Co-educational,8,8,7,8,8,8,8,6,6,7,6,6,5,6,8,1,0,0,0,8,0,8,8,7,6,4,7,0,0,0,1
2018-19,28,Andhra Pradesh,2811,SRIKAKULAM,281129,SANTHABOMMALI,2,UPS (I-VIII) ,3,Local body,Rural,3,Co-educational,18,18,16,0,18,18,18,15,18,18,8,8,8,8,16,1,0,0,4,14,0,18,17,3,8,8,16,0,16,1,2
2018-19,28,Andhra Pradesh,2811,SRIKAKULAM,281129,SANTHABOMMALI,2,UPS (I-VIII) ,5,Private Unaided (Recognized),Rural,3,Co-educational,2,2,1,0,0,2,1,2,2,2,0,0,0,0,1,1,0,0,0,1,0,2,1,1,2,2,2,0,2,2,0
2018-19,28,Andhra Pradesh,2811,SRIKAKULAM,281130,NANDIGAM,3,HSS (I-XII),90,Social welfare Department,Rural,2,Girls,1,1,1,1,1,1,1,0,1,1,1,1,0,1,1,1,0,1,1,1,0,1,1,1,1,1,0,0,1,1,0
2018-19,28,Andhra Pradesh,2811,SRIKAKULAM,281130,NANDIGAM,11,HSS (XI-XII),5,Private Unaided (Recognized),Rural,3,Co-educational,1,1,1,1,1,1,1,1,1,1,0,0,0,0,0,1,0,0,0,1,1,1,1,1,1,0,0,0,0,0,0
2018-19,28,Andhra Pradesh,2811,SRIKAKULAM,281130,NANDIGAM,1,PS (I-V) ,2,Tribal Welfare Department,Rural,3,Co-educational,3,3,2,0,2,2,2,0,0,0,0,2,1,2,1,0,0,0,0,1,0,3,3,0,0,1,1,0,1,0,0
2018-19,28,Andhra Pradesh,2811,SRIKAKULAM,281130,NANDIGAM,1,PS (I-V) ,3,Local body,Rural,3,Co-educational,74,74,62,0,50,53,74,15,27,27,12,38,17,38,52,1,0,0,21,44,2,69,70,31,33,34,40,0,17,7,9
2018-19,28,Andhra Pradesh,2811,SRIKAKULAM,281130,NANDIGAM,6, SS (I-X) ,2,Tribal Welfare Department,Rural,1,Boys,1,1,1,1,1,1,1,1,0,1,1,1,1,0,1,0,0,0,1,1,0,1,1,1,1,1,1,0,0,1,1
2018-19,28,Andhra Pradesh,2811,SRIKAKULAM,281130,NANDIGAM,7,SS (VI-X),2,Tribal Welfare Department,Rural,1,Boys,1,1,1,1,1,1,1,1,0,1,1,1,1,0,1,1,0,0,1,1,0,1,1,1,0,1,1,0,0,1,0
2018-19,28,Andhra Pradesh,2811,SRIKAKULAM,281130,NANDIGAM,7,SS (VI-X),1,Department of Education,Rural,2,Girls,1,1,1,1,0,1,1,0,1,1,1,1,0,1,1,1,0,0,1,1,0,1,1,1,1,1,1,0,0,1,1
2018-19,28,Andhra Pradesh,2811,SRIKAKULAM,281130,NANDIGAM,7,SS (VI-X),3,Local body,Rural,3,Co-educational,14,14,14,13,13,14,14,11,11,11,9,12,9,12,14,7,0,3,7,14,2,14,14,13,13,12,14,0,0,5,0
2018-19,28,Andhra Pradesh,2811,SRIKAKULAM,281130,NANDIGAM,7,SS (VI-X),5,Private Unaided (Recognized),Rural,3,Co-educational,1,1,0,0,1,1,0,1,0,1,0,0,0,0,1,0,0,0,1,0,0,1,1,0,1,0,0,0,0,0,0
2018-19,28,Andhra Pradesh,2811,SRIKAKULAM,281130,NANDIGAM,2,UPS (I-VIII) ,3,Local body,Rural,3,Co-educational,6,6,6,0,6,6,6,2,3,3,2,4,3,4,5,1,0,1,1,5,0,6,6,4,4,4,5,0,2,1,1
2018-19,28,Andhra Pradesh,2811,SRIKAKULAM,281130,NANDIGAM,2,UPS (I-VIII) ,5,Private Unaided (Recognized),Rural,3,Co-educational,4,4,3,3,4,4,4,4,4,4,2,2,1,2,4,4,0,1,0,3,0,4,4,1,4,3,0,0,2,1,0
2018-19,28,Andhra Pradesh,2811,SRIKAKULAM,281131,VAJRAPUKOTTURU,11,HSS (XI-XII),5,Private Unaided (Recognized),Rural,3,Co-educational,1,1,1,1,1,1,1,1,1,1,0,0,0,0,0,1,0,0,0,1,1,1,1,1,1,0,0,0,0,0,0
2018-19,28,Andhra Pradesh,2811,SRIKAKULAM,281131,VAJRAPUKOTTURU,1,PS (I-V) ,3,Local body,Rural,3,Co-educational,57,57,36,0,36,50,57,32,42,44,19,21,18,21,29,8,0,0,36,34,0,22,49,15,31,21,21,0,22,20,21
2018-19,28,Andhra Pradesh,2811,SRIKAKULAM,281131,VAJRAPUKOTTURU,1,PS (I-V) ,5,Private Unaided (Recognized),Rural,3,Co-educational,2,2,1,0,1,2,1,2,1,2,1,1,1,1,1,2,0,1,1,2,0,2,2,0,2,2,1,0,2,2,2
2018-19,28,Andhra Pradesh,2811,SRIKAKULAM,281131,VAJRAPUKOTTURU,6, SS (I-X) ,1,Department of Education,Rural,1,Boys,1,1,1,0,1,1,1,1,0,1,0,0,0,0,1,1,0,1,0,0,0,1,1,0,1,1,1,0,0,1,1
2018-19,28,Andhra Pradesh,2811,SRIKAKULAM,281131,VAJRAPUKOTTURU,6, SS (I-X) ,5,Private Unaided (Recognized),Rural,3,Co-educational,3,3,3,1,2,3,3,1,0,1,0,0,0,0,1,2,0,2,1,0,1,3,3,2,3,2,1,0,3,3,2
2018-19,28,Andhra Pradesh,2811,SRIKAKULAM,281131,VAJRAPUKOTTURU,7,SS (VI-X),3,Local body,Rural,3,Co-educational,16,16,13,16,16,16,16,14,16,16,11,11,5,11,15,9,0,4,10,13,0,16,16,11,12,7,9,0,0,6,5
2018-19,28,Andhra Pradesh,2811,SRIKAKULAM,281131,VAJRAPUKOTTURU,7,SS (VI-X),5,Private Unaided (Recognized),Rural,3,Co-educational,1,1,0,0,1,1,0,1,0,1,0,0,0,0,1,1,0,0,0,1,0,1,0,0,1,0,0,0,0,1,1
2018-19,28,Andhra Pradesh,2811,SRIKAKULAM,281131,VAJRAPUKOTTURU,2,UPS (I-VIII) ,3,Local body,Rural,3,Co-educational,10,10,7,0,7,10,10,8,10,10,3,3,3,2,3,1,0,1,7,8,0,10,8,1,5,4,4,0,6,3,3
2018-19,28,Andhra Pradesh,2811,SRIKAKULAM,281131,VAJRAPUKOTTURU,2,UPS (I-VIII) ,5,Private Unaided (Recognized),Rural,3,Co-educational,1,1,1,1,1,1,1,1,1,1,1,1,1,1,1,0,0,1,0,0,0,1,1,1,1,0,0,0,1,1,0
2018-19,28,Andhra Pradesh,2811,SRIKAKULAM,281131,VAJRAPUKOTTURU,4,UPS (VI-VIII) ,5,Private Unaided (Recognized),Rural,3,Co-educational,1,1,1,0,0,1,1,1,0,1,0,0,0,0,1,1,0,0,1,1,1,1,1,0,1,1,1,0,0,1,1
2018-19,28,Andhra Pradesh,2811,SRIKAKULAM,281132,PALASA,11,HSS (XI-XII),5,Private Unaided (Recognized),Rural,3,Co-educational,3,3,3,3,3,3,3,3,3,3,0,0,0,0,3,1,0,0,0,1,2,3,3,2,3,0,1,0,0,0,0
2018-19,28,Andhra Pradesh,2811,SRIKAKULAM,281132,PALASA,11,HSS (XI-XII),1,Department of Education,Urban,3,Co-educational,1,1,1,1,1,1,1,1,1,1,0,0,0,0,0,1,0,0,0,1,1,1,1,1,1,0,0,0,0,0,0
2018-19,28,Andhra Pradesh,2811,SRIKAKULAM,281132,PALASA,11,HSS (XI-XII),5,Private Unaided (Recognized),Urban,3,Co-educational,6,6,6,6,6,6,6,6,6,6,0,0,0,0,5,4,0,0,0,1,5,6,6,6,6,0,3,0,0,0,0
2018-19,28,Andhra Pradesh,2811,SRIKAKULAM,281132,PALASA,1,PS (I-V) ,2,Tribal Welfare Department,Rural,3,Co-educational,4,4,4,0,2,2,3,0,0,0,0,3,3,3,1,0,0,0,0,2,0,3,4,0,2,0,0,0,0,0,1
2018-19,28,Andhra Pradesh,2811,SRIKAKULAM,281132,PALASA,1,PS (I-V) ,3,Local body,Rural,3,Co-educational,41,41,33,0,25,33,41,17,32,32,25,34,30,34,32,4,0,4,8,21,0,36,38,2,19,16,23,0,13,1,30
2018-19,28,Andhra Pradesh,2811,SRIKAKULAM,281132,PALASA,1,PS (I-V) ,4,Government Aided,Rural,3,Co-educational,1,1,1,0,1,1,1,1,1,1,1,1,1,1,1,0,0,0,0,1,0,1,1,0,0,0,0,0,0,0,1
2018-19,28,Andhra Pradesh,2811,SRIKAKULAM,281132,PALASA,1,PS (I-V) ,3,Local body,Urban,3,Co-educational,16,16,15,0,12,14,16,8,12,12,7,8,8,8,11,2,0,1,7,12,0,15,16,0,6,10,11,0,7,0,12
2018-19,28,Andhra Pradesh,2811,SRIKAKULAM,281132,PALASA,1,PS (I-V) ,5,Private Unaided (Recognized),Urban,3,Co-educational,13,13,6,12,13,13,13,13,13,13,13,13,13,13,13,10,0,11,1,7,3,13,9,12,12,7,1,0,13,13,11
2018-19,28,Andhra Pradesh,2811,SRIKAKULAM,281132,PALASA,6, SS (I-X) ,5,Private Unaided (Recognized),Rural,3,Co-educational,1,1,1,0,1,1,1,1,1,1,1,1,1,1,1,1,0,1,1,1,0,1,1,0,1,1,1,0,1,1,1
2018-19,28,Andhra Pradesh,2811,SRIKAKULAM,281132,PALASA,6, SS (I-X) ,5,Private Unaided (Recognized),Urban,3,Co-educational,2,2,0,2,2,2,2,2,2,2,2,2,2,2,2,2,0,2,0,1,0,2,1,2,2,0,0,0,1,1,2
2018-19,28,Andhra Pradesh,2811,SRIKAKULAM,281132,PALASA,7,SS (VI-X),3,Local body,Rural,3,Co-educational,4,4,4,4,3,4,4,4,4,4,3,3,3,3,4,3,0,2,3,4,0,4,4,2,4,4,2,0,0,0,4
2018-19,28,Andhra Pradesh,2811,SRIKAKULAM,281132,PALASA,7,SS (VI-X),5,Private Unaided (Recognized),Rural,3,Co-educational,1,1,1,1,1,1,1,1,1,1,1,1,1,1,1,1,0,1,0,1,0,1,1,1,1,0,0,0,1,1,0
2018-19,28,Andhra Pradesh,2811,SRIKAKULAM,281132,PALASA,7,SS (VI-X),1,Department of Education,Urban,3,Co-educational,1,1,1,1,1,1,1,1,1,1,1,1,1,1,1,0,0,0,1,1,0,1,1,1,1,1,1,0,0,1,1
2018-19,28,Andhra Pradesh,2811,SRIKAKULAM,281132,PALASA,7,SS (VI-X),3,Local body,Urban,3,Co-educational,2,2,2,2,2,2,2,2,2,2,2,2,2,2,2,0,0,0,1,2,0,2,2,2,2,1,2,0,0,0,2
2018-19,28,Andhra Pradesh,2811,SRIKAKULAM,281132,PALASA,7,SS (VI-X),5,Private Unaided (Recognized),Urban,3,Co-educational,12,12,6,9,11,12,12,12,12,12,12,12,12,12,12,12,0,12,2,8,0,12,9,12,11,8,1,0,3,12,11
2018-19,28,Andhra Pradesh,2811,SRIKAKULAM,281132,PALASA,2,UPS (I-VIII) ,2,Tribal Welfare Department,Rural,1,Boys,1,1,1,0,1,1,0,1,0,1,1,1,1,0,1,1,0,0,1,1,0,1,1,1,1,1,0,0,0,1,1
2018-19,28,Andhra Pradesh,2811,SRIKAKULAM,281132,PALASA,2,UPS (I-VIII) ,3,Local body,Rural,3,Co-educational,9,9,9,0,9,9,9,6,7,7,6,8,7,8,9,1,0,0,1,6,0,9,9,2,3,1,8,0,1,0,8
2018-19,28,Andhra Pradesh,2811,SRIKAKULAM,281132,PALASA,2,UPS (I-VIII) ,4,Government Aided,Rural,3,Co-educational,1,1,1,0,1,1,1,1,1,1,1,1,1,1,0,0,0,0,0,0,0,1,1,0,0,1,0,0,0,0,0
2018-19,28,Andhra Pradesh,2811,SRIKAKULAM,281132,PALASA,2,UPS (I-VIII) ,5,Private Unaided (Recognized),Rural,3,Co-educational,3,3,0,3,3,3,2,3,3,3,2,2,2,2,3,1,0,2,2,3,1,3,1,2,3,2,0,0,3,1,2
2018-19,28,Andhra Pradesh,2811,SRIKAKULAM,281132,PALASA,2,UPS (I-VIII) ,3,Local body,Urban,3,Co-educational,4,4,3,0,4,4,4,3,4,4,2,2,2,2,4,0,0,0,1,4,0,4,4,1,3,3,4,0,3,0,4
2018-19,28,Andhra Pradesh,2811,SRIKAKULAM,281132,PALASA,2,UPS (I-VIII) ,5,Private Unaided (Recognized),Urban,3,Co-educational,8,8,6,4,7,8,8,7,8,8,8,8,8,8,8,6,0,5,0,3,0,8,6,7,8,4,2,0,5,6,4
2018-19,28,Andhra Pradesh,2811,SRIKAKULAM,281133,MANDASA,11,HSS (XI-XII),1,Department of Education,Rural,3,Co-educational,1,1,1,1,1,1,1,1,1,1,0,0,0,0,0,1,0,0,0,0,1,1,1,1,1,0,1,0,0,0,0
2018-19,28,Andhra Pradesh,2811,SRIKAKULAM,281133,MANDASA,11,HSS (XI-XII),5,Private Unaided (Recognized),Rural,3,Co-educational,2,2,2,2,2,2,2,2,2,2,0,0,0,0,2,1,0,0,0,1,2,2,2,2,2,0,0,0,0,0,0
2018-19,28,Andhra Pradesh,2811,SRIKAKULAM,281133,MANDASA,11,HSS (XI-XII),5,Private Unaided (Recognized),Urban,3,Co-educational,1,1,1,1,1,1,1,1,1,1,0,0,0,0,1,0,0,0,0,0,1,1,1,1,1,0,0,0,0,0,0
2018-19,28,Andhra Pradesh,2811,SRIKAKULAM,281133,MANDASA,1,PS (I-V) ,2,Tribal Welfare Department,Rural,3,Co-educational,13,13,6,0,9,11,11,5,9,9,4,4,4,4,6,1,0,0,3,7,0,13,9,1,0,0,3,0,0,10,5
2018-19,28,Andhra Pradesh,2811,SRIKAKULAM,281133,MANDASA,1,PS (I-V) ,3,Local body,Rural,3,Co-educational,85,85,78,0,61,74,85,21,69,69,52,61,46,60,62,2,0,1,15,57,0,84,82,22,30,15,44,0,7,58,63
2018-19,28,Andhra Pradesh,2811,SRIKAKULAM,281133,MANDASA,1,PS (I-V) ,5,Private Unaided (Recognized),Rural,3,Co-educational,2,2,1,1,2,2,2,2,0,2,0,0,0,0,0,1,0,0,0,1,0,2,1,0,2,0,0,0,1,2,2
2018-19,28,Andhra Pradesh,2811,SRIKAKULAM,281133,MANDASA,6, SS (I-X) ,2,Tribal Welfare Department,Rural,1,Boys,1,1,0,0,1,1,1,1,0,1,0,0,0,0,1,0,0,0,0,1,0,1,1,1,1,1,1,0,1,1,1
2018-19,28,Andhra Pradesh,2811,SRIKAKULAM,281133,MANDASA,6, SS (I-X) ,2,Tribal Welfare Department,Rural,2,Girls,3,3,3,2,3,3,3,0,3,3,0,0,0,0,3,0,0,1,1,3,0,3,3,1,1,3,3,0,2,3,3
2018-19,28,Andhra Pradesh,2811,SRIKAKULAM,281133,MANDASA,6, SS (I-X) ,90,Social welfare Department,Rural,2,Girls,1,1,1,1,1,1,1,0,1,1,1,1,0,1,1,1,0,0,1,1,0,1,1,1,1,1,1,0,1,1,1
2018-19,28,Andhra Pradesh,2811,SRIKAKULAM,281133,MANDASA,6, SS (I-X) ,2,Tribal Welfare Department,Rural,3,Co-educational,1,1,1,1,1,1,1,1,0,1,0,0,0,0,0,1,0,0,0,1,0,1,1,1,1,0,0,0,1,1,0
2018-19,28,Andhra Pradesh,2811,SRIKAKULAM,281133,MANDASA,6, SS (I-X) ,5,Private Unaided (Recognized),Rural,3,Co-educational,3,3,1,1,3,3,3,3,1,3,1,1,1,1,3,2,0,0,0,2,0,3,1,1,3,0,0,0,3,3,3
2018-19,28,Andhra Pradesh,2811,SRIKAKULAM,281133,MANDASA,7,SS (VI-X),1,Department of Education,Rural,2,Girls,1,1,1,1,1,1,1,0,1,1,0,0,0,0,1,1,0,1,0,1,0,1,1,1,1,1,1,0,0,1,1
2018-19,28,Andhra Pradesh,2811,SRIKAKULAM,281133,MANDASA,7,SS (VI-X),3,Local body,Rural,3,Co-educational,12,12,11,12,12,12,12,8,12,12,9,9,8,8,12,3,0,0,2,12,0,12,12,9,10,4,10,0,0,7,9
2018-19,28,Andhra Pradesh,2811,SRIKAKULAM,281133,MANDASA,7,SS (VI-X),5,Private Unaided (Recognized),Rural,3,Co-educational,2,2,1,1,2,2,1,2,0,2,0,0,0,0,2,1,0,1,1,1,0,2,1,1,2,1,0,0,0,2,1
2018-19,28,Andhra Pradesh,2811,SRIKAKULAM,281133,MANDASA,2,UPS (I-VIII) ,2,Tribal Welfare Department,Rural,1,Boys,1,1,1,0,1,1,1,1,0,1,1,1,1,0,1,0,0,0,0,0,0,1,1,1,1,1,1,0,0,1,0
2018-19,28,Andhra Pradesh,2811,SRIKAKULAM,281133,MANDASA,2,UPS (I-VIII) ,3,Local body,Rural,3,Co-educational,10,10,9,0,10,10,10,8,10,10,8,8,7,8,9,0,0,2,2,8,0,10,10,1,7,6,7,0,2,8,9
2018-19,28,Andhra Pradesh,2811,SRIKAKULAM,281133,MANDASA,2,UPS (I-VIII) ,5,Private Unaided (Recognized),Rural,3,Co-educational,6,6,1,4,5,6,4,6,3,6,3,3,3,3,2,5,0,0,1,4,0,6,1,2,5,0,1,0,4,5,5
2018-19,28,Andhra Pradesh,2811,SRIKAKULAM,281134,SOMPETA,5, HSS (VI-XII),1,Department of Education,Rural,3,Co-educational,1,1,1,1,1,1,1,1,1,1,1,1,1,0,1,1,0,1,0,1,0,1,1,1,1,0,0,0,1,1,0
2018-19,28,Andhra Pradesh,2811,SRIKAKULAM,281134,SOMPETA,11,HSS (XI-XII),1,Department of Education,Rural,3,Co-educational,2,2,2,2,2,2,2,2,2,2,0,0,0,0,2,1,0,0,0,2,1,2,2,1,2,0,0,0,0,0,0
2018-19,28,Andhra Pradesh,2811,SRIKAKULAM,281134,SOMPETA,11,HSS (XI-XII),5,Private Unaided (Recognized),Rural,3,Co-educational,3,3,3,3,3,3,3,3,3,3,0,0,0,0,3,2,0,0,0,2,3,3,3,3,3,0,0,0,0,0,0
2018-19,28,Andhra Pradesh,2811,SRIKAKULAM,281134,SOMPETA,1,PS (I-V) ,2,Tribal Welfare Department,Rural,3,Co-educational,1,1,1,0,1,1,1,0,0,0,0,0,0,0,0,0,0,0,0,1,0,0,1,0,1,0,0,0,0,0,0
2018-19,28,Andhra Pradesh,2811,SRIKAKULAM,281134,SOMPETA,1,PS (I-V) ,3,Local body,Rural,3,Co-educational,50,50,47,0,50,50,50,33,45,47,38,41,32,40,44,4,0,3,2,35,2,38,48,16,23,4,38,0,9,3,2
2018-19,28,Andhra Pradesh,2811,SRIKAKULAM,281134,SOMPETA,1,PS (I-V) ,5,Private Unaided (Recognized),Rural,3,Co-educational,6,6,3,6,6,6,6,6,5,6,4,4,4,4,6,4,0,4,0,2,1,6,3,4,6,2,0,0,6,2,0
2018-19,28,Andhra Pradesh,2811,SRIKAKULAM,281134,SOMPETA,6, SS (I-X) ,5,Private Unaided (Recognized),Rural,3,Co-educational,1,1,0,1,1,1,1,1,1,1,1,1,1,1,1,1,0,1,0,0,0,1,0,1,1,0,0,0,1,0,0
2018-19,28,Andhra Pradesh,2811,SRIKAKULAM,281134,SOMPETA,7,SS (VI-X),1,Department of Education,Rural,2,Girls,1,1,1,1,1,1,1,0,1,1,1,1,0,1,1,1,0,1,0,1,0,1,1,1,1,0,0,0,0,1,0
2018-19,28,Andhra Pradesh,2811,SRIKAKULAM,281134,SOMPETA,7,SS (VI-X),3,Local body,Rural,2,Girls,2,2,2,2,2,2,2,0,2,2,2,2,0,2,2,1,0,0,0,1,0,2,2,1,1,0,2,0,1,0,0
2018-19,28,Andhra Pradesh,2811,SRIKAKULAM,281134,SOMPETA,7,SS (VI-X),1,Department of Education,Rural,3,Co-educational,2,2,2,2,2,2,2,1,2,2,2,2,1,2,2,2,0,1,0,2,0,2,2,1,2,1,2,0,0,0,0
2018-19,28,Andhra Pradesh,2811,SRIKAKULAM,281134,SOMPETA,7,SS (VI-X),3,Local body,Rural,3,Co-educational,10,10,10,10,10,10,10,9,9,10,9,9,7,9,9,4,0,1,0,9,0,10,10,9,10,3,9,0,1,0,0
2018-19,28,Andhra Pradesh,2811,SRIKAKULAM,281134,SOMPETA,7,SS (VI-X),5,Private Unaided (Recognized),Rural,3,Co-educational,5,5,4,5,5,5,5,5,5,5,4,4,4,4,4,5,0,5,0,3,1,5,4,4,5,3,2,0,4,1,0
2018-19,28,Andhra Pradesh,2811,SRIKAKULAM,281134,SOMPETA,2,UPS (I-VIII) ,2,Tribal Welfare Department,Rural,3,Co-educational,1,1,1,0,1,1,1,1,1,1,1,1,1,0,1,1,0,0,0,1,0,1,1,1,1,0,0,0,1,1,0
2018-19,28,Andhra Pradesh,2811,SRIKAKULAM,281134,SOMPETA,2,UPS (I-VIII) ,3,Local body,Rural,3,Co-educational,12,12,12,0,10,12,12,11,11,12,10,10,9,10,9,0,0,0,0,11,0,12,12,2,11,0,11,0,5,0,0
2018-19,28,Andhra Pradesh,2811,SRIKAKULAM,281134,SOMPETA,2,UPS (I-VIII) ,5,Private Unaided (Recognized),Rural,3,Co-educational,2,2,2,0,2,2,1,2,2,2,1,1,1,1,2,0,0,1,0,0,1,2,2,2,2,0,2,0,1,1,0
2018-19,28,Andhra Pradesh,2811,SRIKAKULAM,281135,KANCHILI,3,HSS (I-XII),90,Social welfare Department,Rural,1,Boys,1,1,1,1,1,1,1,1,0,1,1,1,1,0,1,1,0,1,0,1,0,1,1,1,1,0,1,0,1,1,0
2018-19,28,Andhra Pradesh,2811,SRIKAKULAM,281135,KANCHILI,5, HSS (VI-XII),1,Department of Education,Rural,3,Co-educational,1,1,1,1,1,1,1,1,1,1,1,1,1,1,1,1,0,1,0,1,0,1,1,1,0,0,1,0,0,1,0
2018-19,28,Andhra Pradesh,2811,SRIKAKULAM,281135,KANCHILI,11,HSS (XI-XII),1,Department of Education,Rural,3,Co-educational,1,1,1,1,1,1,1,1,1,1,0,0,0,0,0,0,0,0,0,1,1,1,1,1,1,0,0,0,0,0,0
2018-19,28,Andhra Pradesh,2811,SRIKAKULAM,281135,KANCHILI,11,HSS (XI-XII),5,Private Unaided (Recognized),Rural,3,Co-educational,2,2,2,2,2,2,2,2,2,2,0,0,0,0,0,1,0,0,0,1,1,2,2,2,2,0,0,0,0,0,0
2018-19,28,Andhra Pradesh,2811,SRIKAKULAM,281135,KANCHILI,1,PS (I-V) ,2,Tribal Welfare Department,Rural,3,Co-educational,4,4,4,0,2,2,3,1,4,4,3,3,3,3,3,1,0,0,0,2,0,4,4,0,0,0,3,0,0,0,2
2018-19,28,Andhra Pradesh,2811,SRIKAKULAM,281135,KANCHILI,1,PS (I-V) ,3,Local body,Rural,3,Co-educational,65,65,54,0,52,58,65,44,54,55,39,41,38,39,53,2,0,5,2,45,1,65,64,4,23,6,50,0,4,11,39
2018-19,28,Andhra Pradesh,2811,SRIKAKULAM,281135,KANCHILI,1,PS (I-V) ,5,Private Unaided (Recognized),Rural,3,Co-educational,1,1,1,1,1,1,1,1,1,1,1,1,1,1,1,1,0,0,0,1,0,1,1,1,1,0,1,0,1,1,0
2018-19,28,Andhra Pradesh,2811,SRIKAKULAM,281135,KANCHILI,6, SS (I-X) ,5,Private Unaided (Recognized),Rural,3,Co-educational,1,1,1,1,1,1,1,1,1,1,1,1,1,1,1,1,0,0,0,1,0,1,1,1,1,0,0,0,0,0,0
2018-19,28,Andhra Pradesh,2811,SRIKAKULAM,281135,KANCHILI,7,SS (VI-X),1,Department of Education,Rural,2,Girls,1,1,1,1,1,1,1,0,1,1,1,1,0,1,1,1,0,1,0,1,0,1,1,1,1,0,1,0,0,1,1
2018-19,28,Andhra Pradesh,2811,SRIKAKULAM,281135,KANCHILI,7,SS (VI-X),3,Local body,Rural,3,Co-educational,10,10,10,9,10,10,10,10,10,10,9,9,9,9,10,0,0,3,1,10,0,10,10,9,10,2,10,0,0,4,8
2018-19,28,Andhra Pradesh,2811,SRIKAKULAM,281135,KANCHILI,7,SS (VI-X),5,Private Unaided (Recognized),Rural,3,Co-educational,1,1,1,1,1,1,1,1,1,1,1,1,1,1,1,1,0,0,0,1,0,1,1,1,1,0,1,0,0,1,0
2018-19,28,Andhra Pradesh,2811,SRIKAKULAM,281135,KANCHILI,2,UPS (I-VIII) ,2,Tribal Welfare Department,Rural,1,Boys,1,1,1,0,1,1,1,1,0,1,1,1,1,0,1,0,0,0,0,1,0,1,1,1,0,0,1,0,0,1,0
2018-19,28,Andhra Pradesh,2811,SRIKAKULAM,281135,KANCHILI,2,UPS (I-VIII) ,3,Local body,Rural,3,Co-educational,18,18,18,0,18,18,18,13,16,16,15,16,15,14,18,1,0,0,2,14,4,18,18,8,10,1,18,0,3,3,12
2018-19,28,Andhra Pradesh,2811,SRIKAKULAM,281135,KANCHILI,2,UPS (I-VIII) ,5,Private Unaided (Recognized),Rural,3,Co-educational,7,7,6,4,6,7,7,7,7,7,5,5,5,5,6,6,0,0,0,6,0,7,6,7,7,0,4,0,1,4,2
2018-19,28,Andhra Pradesh,2811,SRIKAKULAM,281136,KAVITI,5, HSS (VI-XII),1,Department of Education,Rural,3,Co-educational,1,1,1,1,1,1,1,1,1,1,1,1,1,1,1,1,0,0,0,1,0,1,1,1,1,1,1,0,0,0,0
2018-19,28,Andhra Pradesh,2811,SRIKAKULAM,281136,KAVITI,11,HSS (XI-XII),1,Department of Education,Rural,3,Co-educational,1,1,1,1,1,1,1,1,1,1,0,0,0,0,1,1,0,0,0,1,1,1,1,0,1,0,1,0,0,0,0
2018-19,28,Andhra Pradesh,2811,SRIKAKULAM,281136,KAVITI,11,HSS (XI-XII),5,Private Unaided (Recognized),Rural,3,Co-educational,5,5,5,5,5,5,5,5,5,5,0,0,0,0,2,4,0,0,0,2,3,5,5,3,5,0,2,0,0,0,0
2018-19,28,Andhra Pradesh,2811,SRIKAKULAM,281136,KAVITI,1,PS (I-V) ,3,Local body,Rural,3,Co-educational,71,71,69,0,57,63,71,31,59,59,48,55,45,54,56,0,0,1,12,51,0,71,69,12,31,29,45,0,7,2,1
2018-19,28,Andhra Pradesh,2811,SRIKAKULAM,281136,KAVITI,1,PS (I-V) ,5,Private Unaided (Recognized),Rural,3,Co-educational,1,1,0,1,1,1,1,1,1,1,1,1,1,1,1,1,0,1,0,0,0,1,0,0,1,0,0,0,1,1,0
2018-19,28,Andhra Pradesh,2811,SRIKAKULAM,281136,KAVITI,6, SS (I-X) ,5,Private Unaided (Recognized),Rural,3,Co-educational,1,1,0,1,1,1,1,1,1,1,0,0,0,0,1,1,0,1,0,1,0,1,0,0,1,0,0,0,1,0,0
2018-19,28,Andhra Pradesh,2811,SRIKAKULAM,281136,KAVITI,7,SS (VI-X),1,Department of Education,Rural,2,Girls,1,1,1,0,1,1,1,0,1,1,0,0,0,0,1,1,0,0,1,1,0,1,1,1,1,1,0,0,0,1,0
2018-19,28,Andhra Pradesh,2811,SRIKAKULAM,281136,KAVITI,7,SS (VI-X),3,Local body,Rural,2,Girls,1,1,1,1,1,1,1,0,1,1,1,1,0,1,1,0,0,0,0,1,0,1,1,1,1,0,1,0,0,0,0
2018-19,28,Andhra Pradesh,2811,SRIKAKULAM,281136,KAVITI,7,SS (VI-X),1,Department of Education,Rural,3,Co-educational,1,1,1,1,1,1,1,1,1,1,1,1,1,1,1,1,0,0,0,1,0,1,1,1,1,1,1,0,0,0,1
2018-19,28,Andhra Pradesh,2811,SRIKAKULAM,281136,KAVITI,7,SS (VI-X),3,Local body,Rural,3,Co-educational,16,16,16,14,16,16,16,14,13,15,13,14,10,14,15,8,0,0,3,15,0,16,16,15,12,11,15,0,0,2,2
2018-19,28,Andhra Pradesh,2811,SRIKAKULAM,281136,KAVITI,7,SS (VI-X),5,Private Unaided (Recognized),Rural,3,Co-educational,2,2,0,2,2,2,2,2,2,2,2,2,1,2,2,2,0,1,0,2,0,2,0,2,2,0,0,0,0,1,0
2018-19,28,Andhra Pradesh,2811,SRIKAKULAM,281136,KAVITI,2,UPS (I-VIII) ,3,Local body,Rural,3,Co-educational,13,13,12,0,12,13,13,12,13,13,12,12,12,12,13,2,0,0,6,11,0,13,12,4,7,3,11,0,1,2,1
2018-19,28,Andhra Pradesh,2811,SRIKAKULAM,281136,KAVITI,2,UPS (I-VIII) ,5,Private Unaided (Recognized),Rural,3,Co-educational,10,10,0,5,10,10,9,9,10,10,8,8,8,8,10,5,0,5,0,5,0,10,7,9,9,0,1,0,10,0,0
2018-19,28,Andhra Pradesh,2811,SRIKAKULAM,281137,ICHAPURAM,5, HSS (VI-XII),1,Department of Education,Urban,3,Co-educational,1,1,1,1,1,1,1,1,1,1,1,1,1,1,1,1,0,1,0,1,0,1,1,1,0,1,1,0,0,0,1
2018-19,28,Andhra Pradesh,2811,SRIKAKULAM,281137,ICHAPURAM,11,HSS (XI-XII),1,Department of Education,Urban,1,Boys,1,1,1,1,1,1,1,0,0,0,0,0,0,0,0,0,0,0,0,0,1,1,1,1,1,0,0,0,0,0,0
2018-19,28,Andhra Pradesh,2811,SRIKAKULAM,281137,ICHAPURAM,11,HSS (XI-XII),1,Department of Education,Urban,2,Girls,1,1,1,1,1,1,1,0,1,1,0,0,0,0,0,0,0,0,0,0,0,0,1,1,1,0,0,0,0,0,0
2018-19,28,Andhra Pradesh,2811,SRIKAKULAM,281137,ICHAPURAM,11,HSS (XI-XII),5,Private Unaided (Recognized),Urban,3,Co-educational,3,3,3,3,3,3,3,3,3,3,0,0,0,0,3,2,0,0,0,1,2,3,3,3,3,0,1,0,0,0,0
2018-19,28,Andhra Pradesh,2811,SRIKAKULAM,281137,ICHAPURAM,1,PS (I-V) ,3,Local body,Rural,3,Co-educational,34,34,27,0,26,30,34,24,26,27,22,26,24,26,22,1,0,1,6,21,0,8,32,8,24,13,27,0,6,2,0
2018-19,28,Andhra Pradesh,2811,SRIKAKULAM,281137,ICHAPURAM,1,PS (I-V) ,5,Private Unaided (Recognized),Rural,3,Co-educational,1,1,0,0,1,1,1,1,1,1,1,1,1,1,1,0,0,0,0,0,0,1,0,0,1,1,0,0,0,1,0
2018-19,28,Andhra Pradesh,2811,SRIKAKULAM,281137,ICHAPURAM,1,PS (I-V) ,3,Local body,Urban,3,Co-educational,11,11,11,0,11,11,11,6,10,10,8,9,5,9,10,2,0,1,1,7,0,7,11,5,8,5,8,0,1,1,0
2018-19,28,Andhra Pradesh,2811,SRIKAKULAM,281137,ICHAPURAM,1,PS (I-V) ,5,Private Unaided (Recognized),Urban,3,Co-educational,2,2,1,1,2,2,2,2,2,2,0,0,0,0,2,2,0,2,0,2,0,2,1,2,2,2,2,0,1,1,0
2018-19,28,Andhra Pradesh,2811,SRIKAKULAM,281137,ICHAPURAM,6, SS (I-X) ,5,Private Unaided (Recognized),Rural,3,Co-educational,1,1,1,1,1,1,1,1,1,1,0,0,0,0,1,1,0,1,0,1,0,1,1,1,1,1,0,0,1,1,0
2018-19,28,Andhra Pradesh,2811,SRIKAKULAM,281137,ICHAPURAM,6, SS (I-X) ,5,Private Unaided (Recognized),Urban,3,Co-educational,1,1,1,1,1,1,1,1,1,1,1,1,1,1,1,0,0,1,0,0,0,1,1,1,1,1,0,0,1,1,0
2018-19,28,Andhra Pradesh,2811,SRIKAKULAM,281137,ICHAPURAM,8,SS (IX-X),5,Private Unaided (Recognized),Urban,3,Co-educational,1,1,1,0,1,1,1,1,1,1,0,0,0,0,1,0,0,1,0,0,0,1,1,0,1,1,0,0,1,1,0
2018-19,28,Andhra Pradesh,2811,SRIKAKULAM,281137,ICHAPURAM,7,SS (VI-X),1,Department of Education,Urban,2,Girls,1,1,1,0,1,1,1,0,1,1,1,1,0,1,1,1,0,0,0,0,0,1,1,1,1,1,1,0,0,1,0
2018-19,28,Andhra Pradesh,2811,SRIKAKULAM,281137,ICHAPURAM,7,SS (VI-X),3,Local body,Urban,2,Girls,1,1,1,1,1,1,1,0,1,1,1,1,0,1,1,0,0,0,0,1,0,1,1,1,1,1,1,0,0,0,0
2018-19,28,Andhra Pradesh,2811,SRIKAKULAM,281137,ICHAPURAM,7,SS (VI-X),3,Local body,Rural,3,Co-educational,9,9,9,7,9,9,9,6,9,9,9,9,9,9,9,1,0,3,0,9,0,9,9,7,9,7,8,0,0,2,0
2018-19,28,Andhra Pradesh,2811,SRIKAKULAM,281137,ICHAPURAM,7,SS (VI-X),5,Private Unaided (Recognized),Rural,3,Co-educational,1,1,0,0,1,1,1,0,0,0,0,0,0,0,1,1,0,0,0,1,0,1,0,0,0,1,0,0,0,1,0
2018-19,28,Andhra Pradesh,2811,SRIKAKULAM,281137,ICHAPURAM,7,SS (VI-X),1,Department of Education,Urban,3,Co-educational,1,1,1,1,1,1,1,1,1,1,0,0,0,0,1,1,0,1,0,1,0,1,1,1,0,1,1,0,0,1,0
2018-19,28,Andhra Pradesh,2811,SRIKAKULAM,281137,ICHAPURAM,7,SS (VI-X),3,Local body,Urban,3,Co-educational,2,2,2,2,2,2,2,2,2,2,2,2,2,2,2,0,0,0,0,2,0,2,2,2,2,2,2,0,0,0,0
2018-19,28,Andhra Pradesh,2811,SRIKAKULAM,281137,ICHAPURAM,7,SS (VI-X),5,Private Unaided (Recognized),Urban,3,Co-educational,3,3,1,3,3,3,3,3,3,3,2,2,2,2,2,2,0,2,0,2,0,3,2,2,3,2,2,0,1,1,0
2018-19,28,Andhra Pradesh,2811,SRIKAKULAM,281137,ICHAPURAM,2,UPS (I-VIII) ,3,Local body,Rural,3,Co-educational,10,10,9,0,10,10,9,9,10,10,7,7,7,7,9,0,0,1,4,10,0,10,10,6,7,4,9,0,7,3,0
2018-19,28,Andhra Pradesh,2811,SRIKAKULAM,281137,ICHAPURAM,2,UPS (I-VIII) ,5,Private Unaided (Recognized),Rural,3,Co-educational,7,7,5,2,7,7,7,7,5,7,3,3,3,3,7,4,0,1,0,1,0,7,5,2,7,2,1,0,4,1,0
2018-19,28,Andhra Pradesh,2811,SRIKAKULAM,281137,ICHAPURAM,2,UPS (I-VIII) ,5,Private Unaided (Recognized),Urban,3,Co-educational,7,7,4,6,7,7,7,4,4,4,2,3,2,3,7,4,0,5,1,3,0,7,7,4,7,4,2,0,7,2,0
2018-19,28,Andhra Pradesh,2811,SRIKAKULAM,281138,LAXMINARSU PETA,1,PS (I-V) ,3,Local body,Rural,3,Co-educational,31,31,28,0,29,29,29,13,27,27,22,25,21,25,19,0,0,0,6,21,0,27,31,6,19,7,24,0,0,5,3
2018-19,28,Andhra Pradesh,2811,SRIKAKULAM,281138,LAXMINARSU PETA,1,PS (I-V) ,5,Private Unaided (Recognized),Rural,3,Co-educational,1,1,1,1,1,1,1,1,1,1,0,0,0,0,1,1,0,0,1,0,0,1,1,1,1,1,1,0,0,0,0
2018-19,28,Andhra Pradesh,2811,SRIKAKULAM,281138,LAXMINARSU PETA,7,SS (VI-X),1,Department of Education,Rural,2,Girls,1,1,1,0,1,1,1,0,1,1,1,1,0,1,1,1,0,1,1,0,0,1,1,1,1,1,1,0,0,1,0
2018-19,28,Andhra Pradesh,2811,SRIKAKULAM,281138,LAXMINARSU PETA,7,SS (VI-X),3,Local body,Rural,3,Co-educational,5,5,5,5,5,5,5,5,5,5,5,5,5,5,5,2,0,0,3,5,0,5,5,5,5,3,5,0,0,0,1
2018-19,28,Andhra Pradesh,2811,SRIKAKULAM,281138,LAXMINARSU PETA,7,SS (VI-X),5,Private Unaided (Recognized),Rural,3,Co-educational,1,1,1,1,1,1,1,1,0,1,0,0,0,0,1,1,0,1,0,1,0,1,1,1,1,1,1,0,0,0,0
2018-19,28,Andhra Pradesh,2811,SRIKAKULAM,281138,LAXMINARSU PETA,2,UPS (I-VIII) ,3,Local body,Rural,3,Co-educational,8,8,8,0,8,8,8,7,8,8,7,7,7,7,6,0,0,0,4,6,0,8,8,2,3,4,7,0,0,2,1
2018-19,28,Andhra Pradesh,2811,SRIKAKULAM,281138,LAXMINARSU PETA,2,UPS (I-VIII) ,5,Private Unaided (Recognized),Rural,3,Co-educational,3,3,1,2,3,3,3,3,2,3,2,2,2,2,3,2,0,1,1,0,0,3,1,3,3,2,2,0,3,1,2
