Academic_Year,State_Code,State_Name,District_Code,District_Name,Block_Code,Udise_Block_Name,Location,School_Category_Id,School_Category_Name,School_Management_Id,School_Management_Name,Total_Number_of_Schools,Building,Boundary_Wall,Single_Class_Room,Separate_Room_for_Headmaster,Land_Available,Electricity,Functional_Electricity,Solar_Panel,Furniture,Playground,Library_or_Reading_Corner_or_Book_Bank,Librarian,Newspaper,Kitchen_Garden,Boy_Toilet,Functional_Boy_Toilet,Girl_Toilet,Functional_Girl_Toilet,Toilet_Facility,Functional_Toilet_Facility,Functional_Urinal_Boy,Functional_Urinal_Girl,Functional_Urinal,Functional_Toilet_and_Urinal,Drinking_Water,Functional_Drinking_Water,Water_Purifier,Rain_Water_Harvesting,Water_Tested,Handwash,Incinerator,WASH_Facility_Drinking_Water_Toilet_and_Handwash,Ramps,Medical_Checkup,Complete_Medical_Checkup,Internet,Computer_Available
2019-20,29,Karnataka,2903,VIJAYAPURA,290303,BASAVAN  BAGEWADI,Rural,1,PS (I-V),1,Department of Education,105,104,84,6,11,25,104,104,4,3,55,94,20,41,13,93,93,100,100,100,100,68,71,74,74,103,55,44,43,43,60,19,57,40,103,63,15,14
2019-20,29,Karnataka,2903,VIJAYAPURA,290303,BASAVAN  BAGEWADI,Rural,1,PS (I-V),2,Tribal Welfare Department,1,1,1,0,1,1,1,1,0,0,1,0,0,1,0,1,1,1,1,1,1,1,1,1,1,1,0,1,0,1,1,0,1,0,1,1,0,1
2019-20,29,Karnataka,2903,VIJAYAPURA,290303,BASAVAN  BAGEWADI,Rural,1,PS (I-V),4,Government Aided,2,2,2,1,0,1,2,2,0,0,1,2,0,0,1,2,2,2,2,2,2,2,2,2,2,2,2,1,1,1,2,1,2,0,2,1,0,0
2019-20,29,Karnataka,2903,VIJAYAPURA,290303,BASAVAN  BAGEWADI,Rural,1,PS (I-V),5,Private Unaided (Recognized),57,56,45,1,37,30,36,36,9,1,46,47,5,40,12,57,57,57,57,57,57,41,42,42,42,57,38,42,38,39,44,28,44,9,38,24,33,37
2019-20,29,Karnataka,2903,VIJAYAPURA,290303,BASAVAN  BAGEWADI,Rural,2,UPS (I-VIII),1,Department of Education,160,160,144,0,61,74,160,160,6,0,119,154,24,100,43,138,138,140,140,158,158,106,107,129,128,160,115,78,62,73,113,31,111,115,160,100,15,110
2019-20,29,Karnataka,2903,VIJAYAPURA,290303,BASAVAN  BAGEWADI,Rural,2,UPS (I-VIII),4,Government Aided,11,11,8,1,4,2,10,10,1,0,5,9,0,5,4,10,10,10,10,10,10,7,6,7,7,10,6,9,8,6,7,3,7,0,10,4,4,5
2019-20,29,Karnataka,2903,VIJAYAPURA,290303,BASAVAN  BAGEWADI,Rural,2,UPS (I-VIII),5,Private Unaided (Recognized),34,34,30,0,23,20,19,19,1,0,25,25,5,23,7,34,34,34,34,34,34,25,25,25,25,34,29,24,23,27,30,25,30,7,23,19,21,28
2019-20,29,Karnataka,2903,VIJAYAPURA,290303,BASAVAN  BAGEWADI,Rural,4,UPS (VI-VIII),1,Department of Education,1,1,1,0,1,0,1,1,0,0,0,0,0,0,1,0,0,1,1,1,1,0,1,1,1,1,1,1,1,1,0,1,0,1,1,0,1,1
2019-20,29,Karnataka,2903,VIJAYAPURA,290303,BASAVAN  BAGEWADI,Rural,6,SS (I-X),1,Department of Education,3,3,3,0,1,1,3,3,0,0,1,3,0,0,1,3,3,3,3,3,3,1,2,2,2,3,1,3,1,2,1,1,1,2,3,0,1,2
2019-20,29,Karnataka,2903,VIJAYAPURA,290303,BASAVAN  BAGEWADI,Rural,6,SS (I-X),5,Private Unaided (Recognized),5,5,5,0,5,4,4,4,5,0,5,5,2,5,5,5,5,5,5,5,5,4,3,4,4,5,5,5,3,4,5,4,5,3,4,2,5,5
2019-20,29,Karnataka,2903,VIJAYAPURA,290303,BASAVAN  BAGEWADI,Rural,7,SS (VI-X),1,Department of Education,1,1,0,0,1,1,1,1,0,0,1,1,1,1,0,1,1,1,1,1,1,1,1,1,1,1,1,0,0,1,1,1,1,1,1,1,0,1
2019-20,29,Karnataka,2903,VIJAYAPURA,290303,BASAVAN  BAGEWADI,Rural,7,SS (VI-X),2,Tribal Welfare Department,1,1,1,0,1,0,1,1,0,0,1,1,0,1,1,1,1,1,1,1,1,1,1,1,1,1,1,0,1,1,1,0,1,0,1,1,1,1
2019-20,29,Karnataka,2903,VIJAYAPURA,290303,BASAVAN  BAGEWADI,Rural,7,SS (VI-X),4,Government Aided,1,1,1,0,1,1,1,1,0,0,1,1,0,1,1,1,1,1,1,1,1,1,1,1,1,1,1,1,0,1,1,0,1,0,1,1,0,1
2019-20,29,Karnataka,2903,VIJAYAPURA,290303,BASAVAN  BAGEWADI,Rural,7,SS (VI-X),5,Private Unaided (Recognized),2,2,2,0,2,2,2,2,1,0,2,2,0,2,0,2,2,2,2,2,2,2,2,2,2,2,2,2,2,2,2,2,2,1,2,2,2,2
2019-20,29,Karnataka,2903,VIJAYAPURA,290303,BASAVAN  BAGEWADI,Rural,7,SS (VI-X),90,Social welfare Department,1,1,1,0,1,1,0,0,0,0,0,1,0,0,0,0,0,1,1,1,1,0,0,0,0,1,0,1,1,1,0,0,0,0,0,0,1,1
2019-20,29,Karnataka,2903,VIJAYAPURA,290303,BASAVAN  BAGEWADI,Rural,7,SS (VI-X),93,Jawahar Navodaya Vidyalaya ,1,1,1,0,1,1,1,1,1,0,1,1,1,1,1,1,1,1,1,1,1,1,1,1,1,1,1,1,1,1,1,1,1,1,1,1,1,1
2019-20,29,Karnataka,2903,VIJAYAPURA,290303,BASAVAN  BAGEWADI,Rural,8,SS (IX-X),1,Department of Education,13,13,10,0,9,9,13,13,2,0,11,13,3,8,4,13,13,13,13,13,13,10,11,11,11,13,10,7,6,5,10,3,10,7,13,7,2,13
2019-20,29,Karnataka,2903,VIJAYAPURA,290303,BASAVAN  BAGEWADI,Rural,8,SS (IX-X),4,Government Aided,25,25,20,0,21,19,25,25,3,1,22,23,3,23,11,25,25,25,25,25,25,22,22,22,22,25,20,18,15,17,21,13,21,13,25,13,11,24
2019-20,29,Karnataka,2903,VIJAYAPURA,290303,BASAVAN  BAGEWADI,Rural,8,SS (IX-X),5,Private Unaided (Recognized),12,12,11,0,10,10,9,9,3,0,9,11,3,9,3,12,12,12,12,12,12,11,11,11,11,12,9,10,8,10,10,4,10,1,7,7,10,10
2019-20,29,Karnataka,2903,VIJAYAPURA,290303,BASAVAN  BAGEWADI,Rural,10,HSS (IX-XII),1,Department of Education,3,3,3,0,3,2,3,3,0,0,3,3,1,3,1,3,3,3,3,3,3,3,3,3,3,3,3,2,2,2,2,0,2,1,3,2,0,3
2019-20,29,Karnataka,2903,VIJAYAPURA,290303,BASAVAN  BAGEWADI,Rural,10,HSS (IX-XII),4,Government Aided,8,8,8,0,4,4,8,8,1,0,4,7,2,5,2,8,8,8,8,8,8,7,7,7,7,8,5,5,6,6,4,2,4,3,8,3,5,8
2019-20,29,Karnataka,2903,VIJAYAPURA,290303,BASAVAN  BAGEWADI,Rural,11,HSS (XI-XII),1,Department of Education,4,4,2,0,2,3,2,2,0,0,3,2,0,3,0,3,3,3,3,3,3,2,2,2,2,3,1,0,0,0,3,1,3,3,3,2,1,1
2019-20,29,Karnataka,2903,VIJAYAPURA,290303,BASAVAN  BAGEWADI,Rural,11,HSS (XI-XII),4,Government Aided,3,3,3,1,2,2,3,3,0,0,1,3,0,2,0,3,3,3,3,3,3,2,2,2,2,3,0,1,1,1,2,0,2,2,3,2,1,0
2019-20,29,Karnataka,2903,VIJAYAPURA,290303,BASAVAN  BAGEWADI,Rural,11,HSS (XI-XII),5,Private Unaided (Recognized),9,9,9,0,9,5,9,9,0,0,9,9,0,8,0,9,9,9,9,9,9,4,4,4,4,9,2,1,1,0,9,3,9,5,3,3,3,2
2019-20,29,Karnataka,2903,VIJAYAPURA,290303,BASAVAN  BAGEWADI,Urban,1,PS (I-V),1,Department of Education,12,12,11,1,0,3,12,12,0,0,5,10,5,5,3,11,11,12,12,12,12,6,6,6,6,12,9,8,4,5,8,1,8,8,12,6,1,4
2019-20,29,Karnataka,2903,VIJAYAPURA,290303,BASAVAN  BAGEWADI,Urban,1,PS (I-V),5,Private Unaided (Recognized),16,16,12,1,11,9,6,6,3,0,10,11,2,8,1,16,16,16,16,16,16,13,13,13,13,16,10,14,9,8,10,6,10,3,9,6,9,10
2019-20,29,Karnataka,2903,VIJAYAPURA,290303,BASAVAN  BAGEWADI,Urban,2,UPS (I-VIII),1,Department of Education,13,13,11,0,4,7,13,13,1,0,10,12,1,3,5,11,11,11,11,13,13,10,10,13,13,13,10,4,5,6,9,3,9,9,13,7,1,7
2019-20,29,Karnataka,2903,VIJAYAPURA,290303,BASAVAN  BAGEWADI,Urban,2,UPS (I-VIII),4,Government Aided,5,5,5,0,4,4,5,5,1,0,3,4,0,3,0,5,5,5,5,5,5,4,4,4,4,5,5,3,3,4,5,1,5,3,5,3,2,2
2019-20,29,Karnataka,2903,VIJAYAPURA,290303,BASAVAN  BAGEWADI,Urban,2,UPS (I-VIII),5,Private Unaided (Recognized),8,8,8,0,5,4,5,5,0,0,6,8,0,6,0,8,8,8,8,8,8,6,6,6,6,8,5,6,1,4,7,2,7,3,5,5,6,6
2019-20,29,Karnataka,2903,VIJAYAPURA,290303,BASAVAN  BAGEWADI,Urban,6,SS (I-X),5,Private Unaided (Recognized),2,2,2,0,1,1,1,1,1,0,2,1,0,2,0,2,2,2,2,2,2,1,1,1,1,2,1,2,2,2,2,2,2,0,2,2,2,2
2019-20,29,Karnataka,2903,VIJAYAPURA,290303,BASAVAN  BAGEWADI,Urban,7,SS (VI-X),2,Tribal Welfare Department,1,1,1,0,1,1,1,1,1,0,1,1,0,1,1,0,0,1,1,1,1,0,1,1,1,1,1,1,1,1,1,0,1,0,1,1,1,1
2019-20,29,Karnataka,2903,VIJAYAPURA,290303,BASAVAN  BAGEWADI,Urban,8,SS (IX-X),1,Department of Education,3,3,3,0,2,2,3,3,1,0,3,3,1,1,0,2,2,3,3,3,3,1,3,3,3,3,3,2,2,2,2,1,2,1,3,2,1,3
2019-20,29,Karnataka,2903,VIJAYAPURA,290303,BASAVAN  BAGEWADI,Urban,8,SS (IX-X),4,Government Aided,4,4,4,0,4,4,4,4,0,0,3,4,1,3,1,4,4,4,4,4,4,4,3,4,4,4,4,3,4,3,3,2,3,2,4,2,2,4
2019-20,29,Karnataka,2903,VIJAYAPURA,290303,BASAVAN  BAGEWADI,Urban,8,SS (IX-X),5,Private Unaided (Recognized),1,1,1,0,1,1,1,1,1,0,1,1,0,1,1,1,1,1,1,1,1,1,1,1,1,1,1,0,0,0,1,1,1,1,1,0,1,1
2019-20,29,Karnataka,2903,VIJAYAPURA,290303,BASAVAN  BAGEWADI,Urban,10,HSS (IX-XII),1,Department of Education,1,1,1,0,1,0,1,1,0,0,1,1,1,1,0,1,1,1,1,1,1,1,1,1,1,1,1,0,0,1,1,1,1,1,1,1,1,1
2019-20,29,Karnataka,2903,VIJAYAPURA,290303,BASAVAN  BAGEWADI,Urban,10,HSS (IX-XII),4,Government Aided,1,1,1,0,1,0,1,1,0,0,1,1,1,1,1,1,1,1,1,1,1,1,1,1,1,1,0,1,1,1,0,0,0,0,1,1,1,1
2019-20,29,Karnataka,2903,VIJAYAPURA,290303,BASAVAN  BAGEWADI,Urban,11,HSS (XI-XII),1,Department of Education,1,1,1,0,1,1,1,1,0,0,1,1,0,1,0,0,0,1,1,1,1,0,0,0,0,1,0,0,0,0,1,0,1,1,1,1,0,0
2019-20,29,Karnataka,2903,VIJAYAPURA,290305,BIJAPUR  RURAL,Rural,1,PS (I-V),1,Department of Education,198,196,147,10,59,112,197,197,3,0,97,167,6,56,18,195,195,196,196,196,196,112,122,125,125,198,111,109,101,99,124,53,123,132,198,105,8,24
2019-20,29,Karnataka,2903,VIJAYAPURA,290305,BIJAPUR  RURAL,Rural,1,PS (I-V),4,Government Aided,22,22,16,6,1,12,20,20,1,0,11,15,0,4,3,16,16,17,17,17,17,7,9,9,9,21,13,8,9,9,14,6,11,3,22,10,0,0
2019-20,29,Karnataka,2903,VIJAYAPURA,290305,BIJAPUR  RURAL,Rural,1,PS (I-V),5,Private Unaided (Recognized),49,49,29,0,23,25,29,29,10,0,32,32,2,22,5,48,48,48,48,48,48,38,38,38,38,49,32,34,26,35,31,26,30,9,35,20,14,26
2019-20,29,Karnataka,2903,VIJAYAPURA,290305,BIJAPUR  RURAL,Rural,2,UPS (I-VIII),1,Department of Education,200,198,163,1,74,104,200,200,17,2,107,163,11,85,29,183,182,186,185,200,199,104,107,120,119,200,116,119,101,101,126,51,126,124,200,86,16,108
2019-20,29,Karnataka,2903,VIJAYAPURA,290305,BIJAPUR  RURAL,Rural,2,UPS (I-VIII),4,Government Aided,10,9,8,0,3,4,10,10,0,0,4,7,1,2,0,9,9,9,9,10,10,6,6,7,7,10,5,7,6,6,4,2,4,1,10,2,6,4
2019-20,29,Karnataka,2903,VIJAYAPURA,290305,BIJAPUR  RURAL,Rural,2,UPS (I-VIII),5,Private Unaided (Recognized),64,64,53,0,45,42,35,35,11,1,37,41,6,35,13,64,64,64,64,64,64,50,50,50,50,64,45,49,40,48,48,30,48,15,40,27,27,46
2019-20,29,Karnataka,2903,VIJAYAPURA,290305,BIJAPUR  RURAL,Rural,3,HSS (I-XII),5,Private Unaided (Recognized),1,1,1,0,1,1,1,1,1,0,1,1,1,1,1,1,1,1,1,1,1,1,1,1,1,1,1,1,1,1,1,0,1,0,1,0,1,1
2019-20,29,Karnataka,2903,VIJAYAPURA,290305,BIJAPUR  RURAL,Rural,4,UPS (VI-VIII),1,Department of Education,1,1,1,0,1,1,1,1,1,0,1,1,0,1,0,0,0,1,1,1,1,0,1,1,1,1,1,0,0,0,1,1,1,1,1,1,1,1
2019-20,29,Karnataka,2903,VIJAYAPURA,290305,BIJAPUR  RURAL,Rural,4,UPS (VI-VIII),5,Private Unaided (Recognized),3,3,3,0,2,2,3,3,1,0,3,3,2,3,2,3,3,3,3,3,3,3,3,3,3,3,3,3,3,3,3,3,3,1,3,2,3,3
2019-20,29,Karnataka,2903,VIJAYAPURA,290305,BIJAPUR  RURAL,Rural,5,HSS (VI-XII),2,Tribal Welfare Department,1,0,1,0,1,1,1,1,1,0,1,1,1,1,1,1,1,1,1,1,1,1,1,1,1,1,1,1,1,1,1,1,1,1,1,0,1,1
2019-20,29,Karnataka,2903,VIJAYAPURA,290305,BIJAPUR  RURAL,Rural,6,SS (I-X),1,Department of Education,6,6,6,0,5,5,6,6,2,0,6,6,0,5,0,6,6,5,5,6,6,5,5,6,6,6,5,0,2,2,5,3,5,6,6,6,0,5
2019-20,29,Karnataka,2903,VIJAYAPURA,290305,BIJAPUR  RURAL,Rural,6,SS (I-X),4,Government Aided,1,1,0,0,0,0,1,1,0,0,0,1,0,0,0,1,1,1,1,1,1,0,0,0,0,1,1,1,1,1,0,0,0,0,1,0,0,1
2019-20,29,Karnataka,2903,VIJAYAPURA,290305,BIJAPUR  RURAL,Rural,6,SS (I-X),5,Private Unaided (Recognized),15,15,14,0,10,9,13,13,5,1,11,14,7,12,6,15,15,15,15,15,15,13,13,13,13,15,12,12,10,11,13,12,13,3,12,9,11,15
2019-20,29,Karnataka,2903,VIJAYAPURA,290305,BIJAPUR  RURAL,Rural,7,SS (VI-X),1,Department of Education,1,0,0,0,0,0,1,1,1,0,1,1,1,1,0,1,1,1,1,1,1,1,0,1,1,1,1,1,1,1,1,1,1,1,1,0,1,1
2019-20,29,Karnataka,2903,VIJAYAPURA,290305,BIJAPUR  RURAL,Rural,7,SS (VI-X),2,Tribal Welfare Department,3,2,1,0,0,0,1,1,1,0,0,1,0,0,1,3,3,3,3,3,3,3,3,3,3,3,2,3,3,3,1,2,1,0,2,0,1,0
2019-20,29,Karnataka,2903,VIJAYAPURA,290305,BIJAPUR  RURAL,Rural,7,SS (VI-X),5,Private Unaided (Recognized),3,3,3,0,3,3,3,3,1,0,3,3,1,3,2,3,3,3,3,3,3,2,3,3,3,3,3,3,3,3,3,3,3,1,3,0,3,2
2019-20,29,Karnataka,2903,VIJAYAPURA,290305,BIJAPUR  RURAL,Rural,7,SS (VI-X),90,Social welfare Department,2,2,1,0,1,1,1,1,1,0,0,1,0,1,0,1,1,2,2,2,2,0,0,0,0,2,2,1,0,2,1,1,1,0,2,1,0,2
2019-20,29,Karnataka,2903,VIJAYAPURA,290305,BIJAPUR  RURAL,Rural,8,SS (IX-X),1,Department of Education,21,21,13,0,12,16,21,21,4,0,17,20,3,14,4,21,21,21,21,21,21,15,14,15,15,21,15,11,11,12,18,9,18,14,21,8,3,21
2019-20,29,Karnataka,2903,VIJAYAPURA,290305,BIJAPUR  RURAL,Rural,8,SS (IX-X),4,Government Aided,23,23,17,0,18,20,23,23,2,0,17,22,3,16,9,23,23,23,23,23,23,19,18,19,19,23,18,13,11,13,20,11,20,4,23,14,5,19
2019-20,29,Karnataka,2903,VIJAYAPURA,290305,BIJAPUR  RURAL,Rural,8,SS (IX-X),5,Private Unaided (Recognized),19,19,15,0,12,12,10,10,3,0,9,14,1,8,3,18,18,19,19,19,19,11,10,11,11,19,14,12,13,17,13,11,13,4,10,7,7,14
2019-20,29,Karnataka,2903,VIJAYAPURA,290305,BIJAPUR  RURAL,Rural,10,HSS (IX-XII),1,Department of Education,6,5,2,0,3,4,6,6,0,0,4,6,1,4,4,5,5,6,6,6,6,4,6,6,6,6,3,3,2,3,4,0,4,4,6,5,2,5
2019-20,29,Karnataka,2903,VIJAYAPURA,290305,BIJAPUR  RURAL,Rural,10,HSS (IX-XII),4,Government Aided,7,7,6,0,5,5,7,7,3,1,5,5,1,4,4,7,7,7,7,7,7,5,5,5,5,7,4,5,4,5,6,3,6,0,7,3,3,7
2019-20,29,Karnataka,2903,VIJAYAPURA,290305,BIJAPUR  RURAL,Rural,11,HSS (XI-XII),5,Private Unaided (Recognized),23,23,22,1,23,5,23,23,1,0,22,22,4,21,4,22,22,22,22,22,22,10,10,10,10,23,4,4,2,2,23,3,22,3,4,2,2,5
2019-20,29,Karnataka,2903,VIJAYAPURA,290305,BIJAPUR  RURAL,Urban,1,PS (I-V),5,Private Unaided (Recognized),1,1,0,0,1,0,1,1,0,0,1,1,0,1,1,1,1,1,1,1,1,1,1,1,1,1,1,1,1,0,1,1,1,0,1,1,1,1
2019-20,29,Karnataka,2903,VIJAYAPURA,290305,BIJAPUR  RURAL,Urban,11,HSS (XI-XII),5,Private Unaided (Recognized),2,2,2,0,2,0,2,2,0,0,2,2,0,2,0,2,2,2,2,2,2,0,0,0,0,2,0,0,0,0,2,0,2,0,0,0,0,0
2019-20,29,Karnataka,2903,VIJAYAPURA,290308,INDI,Rural,1,PS (I-V),1,Department of Education,152,152,140,6,30,53,150,150,5,3,73,133,4,57,19,150,150,150,150,151,151,89,95,99,99,151,83,90,72,53,87,33,85,60,152,48,9,3
2019-20,29,Karnataka,2903,VIJAYAPURA,290308,INDI,Rural,1,PS (I-V),2,Tribal Welfare Department,1,1,1,0,1,1,1,1,0,0,1,1,0,1,0,1,1,1,1,1,1,1,1,1,1,1,1,0,0,0,1,1,1,1,1,1,0,1
2019-20,29,Karnataka,2903,VIJAYAPURA,290308,INDI,Rural,1,PS (I-V),4,Government Aided,3,3,3,0,0,0,3,3,0,0,1,3,0,1,1,3,3,3,3,3,3,2,1,2,2,3,2,2,2,2,1,0,1,0,3,2,0,0
2019-20,29,Karnataka,2903,VIJAYAPURA,290308,INDI,Rural,1,PS (I-V),5,Private Unaided (Recognized),23,23,19,1,6,9,8,8,1,0,10,18,4,11,4,23,23,23,23,23,23,12,11,12,12,23,10,19,13,16,12,8,12,2,10,4,4,7
2019-20,29,Karnataka,2903,VIJAYAPURA,290308,INDI,Rural,2,UPS (I-VIII),1,Department of Education,96,95,87,0,39,42,96,96,3,3,63,88,6,53,26,87,87,89,89,96,96,54,60,69,69,96,67,51,43,30,71,27,71,55,96,50,13,72
2019-20,29,Karnataka,2903,VIJAYAPURA,290308,INDI,Rural,2,UPS (I-VIII),4,Government Aided,5,5,4,0,2,3,5,5,0,0,3,4,0,3,0,5,5,5,5,5,5,4,3,4,4,5,4,4,3,3,5,4,5,2,5,2,2,5
2019-20,29,Karnataka,2903,VIJAYAPURA,290308,INDI,Rural,2,UPS (I-VIII),5,Private Unaided (Recognized),25,24,18,0,14,13,15,15,2,1,19,19,3,17,5,25,25,25,25,25,25,16,15,16,16,25,18,17,17,15,15,11,15,5,16,8,14,19
2019-20,29,Karnataka,2903,VIJAYAPURA,290308,INDI,Rural,4,UPS (VI-VIII),2,Tribal Welfare Department,1,1,0,0,1,0,1,1,0,0,1,1,0,1,0,1,1,1,1,1,1,0,0,0,0,1,1,1,1,1,1,0,1,0,1,1,1,1
2019-20,29,Karnataka,2903,VIJAYAPURA,290308,INDI,Rural,6,SS (I-X),1,Department of Education,5,5,3,0,4,4,5,5,0,0,5,5,0,5,2,5,5,5,5,5,5,3,3,3,3,5,4,3,3,3,5,2,5,4,5,3,0,5
2019-20,29,Karnataka,2903,VIJAYAPURA,290308,INDI,Rural,6,SS (I-X),5,Private Unaided (Recognized),1,1,1,0,1,1,1,1,0,0,1,1,0,1,0,1,1,1,1,1,1,1,1,1,1,1,1,1,1,1,1,0,1,0,0,0,1,1
2019-20,29,Karnataka,2903,VIJAYAPURA,290308,INDI,Rural,7,SS (VI-X),2,Tribal Welfare Department,3,3,3,0,3,2,3,3,2,0,3,3,0,3,2,2,2,3,3,3,3,1,1,2,2,3,3,2,1,3,2,1,2,1,3,1,2,3
2019-20,29,Karnataka,2903,VIJAYAPURA,290308,INDI,Rural,7,SS (VI-X),5,Private Unaided (Recognized),1,1,1,0,1,1,1,1,0,0,1,1,1,1,1,1,1,0,0,1,1,1,0,1,1,1,1,1,1,1,1,0,1,0,1,1,1,1
2019-20,29,Karnataka,2903,VIJAYAPURA,290308,INDI,Rural,8,SS (IX-X),1,Department of Education,8,8,5,0,6,6,8,8,1,1,8,8,0,6,5,8,8,8,8,8,8,5,6,6,6,8,7,8,7,7,7,6,7,5,8,7,0,8
2019-20,29,Karnataka,2903,VIJAYAPURA,290308,INDI,Rural,8,SS (IX-X),4,Government Aided,14,14,8,0,9,8,14,14,8,1,9,10,1,9,8,14,14,14,14,14,14,6,6,6,6,14,10,11,9,9,11,10,11,4,14,5,4,13
2019-20,29,Karnataka,2903,VIJAYAPURA,290308,INDI,Rural,8,SS (IX-X),5,Private Unaided (Recognized),6,6,4,0,3,3,4,4,1,0,5,6,2,6,2,6,6,6,6,6,6,2,2,2,2,6,4,4,4,3,4,1,4,1,5,1,3,6
2019-20,29,Karnataka,2903,VIJAYAPURA,290308,INDI,Rural,10,HSS (IX-XII),1,Department of Education,2,2,1,0,1,2,2,2,2,0,2,2,0,2,1,2,2,2,2,2,2,2,2,2,2,2,1,1,1,0,2,1,2,1,2,2,0,2
2019-20,29,Karnataka,2903,VIJAYAPURA,290308,INDI,Rural,10,HSS (IX-XII),4,Government Aided,4,4,3,0,4,4,4,4,1,1,3,3,1,3,2,4,4,4,4,4,4,3,3,3,3,4,2,3,3,2,3,2,3,2,4,1,1,3
2019-20,29,Karnataka,2903,VIJAYAPURA,290308,INDI,Rural,11,HSS (XI-XII),1,Department of Education,1,1,1,0,1,1,1,1,0,0,0,0,0,1,0,1,1,1,1,1,1,1,0,1,1,1,0,1,1,1,0,0,0,0,1,0,0,0
2019-20,29,Karnataka,2903,VIJAYAPURA,290308,INDI,Rural,11,HSS (XI-XII),5,Private Unaided (Recognized),8,8,5,0,7,6,7,7,1,0,8,7,0,6,0,8,8,8,8,8,8,5,5,5,5,8,1,1,1,0,8,1,8,3,1,1,1,1
2019-20,29,Karnataka,2903,VIJAYAPURA,290308,INDI,Urban,1,PS (I-V),1,Department of Education,13,13,12,0,7,5,13,13,0,0,2,6,0,1,0,13,13,13,13,13,13,5,5,5,5,13,2,10,5,5,2,0,2,6,13,2,1,0
2019-20,29,Karnataka,2903,VIJAYAPURA,290308,INDI,Urban,1,PS (I-V),5,Private Unaided (Recognized),6,6,4,0,2,2,1,1,0,0,1,2,0,0,0,6,6,6,6,6,6,3,3,3,3,6,3,4,3,4,3,1,3,0,1,0,2,2
2019-20,29,Karnataka,2903,VIJAYAPURA,290308,INDI,Urban,2,UPS (I-VIII),1,Department of Education,11,11,11,0,5,2,11,11,1,0,5,10,1,8,2,10,10,11,11,11,11,7,7,8,8,11,8,10,7,8,8,3,8,7,11,4,1,10
2019-20,29,Karnataka,2903,VIJAYAPURA,290308,INDI,Urban,2,UPS (I-VIII),4,Government Aided,3,3,3,0,3,3,3,3,2,0,3,3,0,2,2,2,2,3,3,3,3,1,1,1,1,3,3,3,3,3,3,2,3,1,3,0,2,2
2019-20,29,Karnataka,2903,VIJAYAPURA,290308,INDI,Urban,2,UPS (I-VIII),5,Private Unaided (Recognized),19,19,16,1,12,11,13,13,4,0,16,14,5,16,9,19,19,19,19,19,19,13,12,13,13,19,14,17,15,18,16,9,16,6,14,8,12,16
2019-20,29,Karnataka,2903,VIJAYAPURA,290308,INDI,Urban,4,UPS (VI-VIII),1,Department of Education,1,1,1,0,1,1,1,1,0,0,1,1,0,1,1,0,0,1,1,1,1,0,1,1,1,1,1,1,1,1,1,1,1,1,1,0,1,1
2019-20,29,Karnataka,2903,VIJAYAPURA,290308,INDI,Urban,6,SS (I-X),1,Department of Education,1,1,1,0,0,1,1,1,0,0,0,1,0,0,0,1,1,1,1,1,1,1,1,1,1,1,0,1,0,0,1,0,1,1,1,0,0,1
2019-20,29,Karnataka,2903,VIJAYAPURA,290308,INDI,Urban,6,SS (I-X),5,Private Unaided (Recognized),2,2,2,0,2,2,1,1,1,0,1,1,1,1,1,2,2,2,2,2,2,2,2,2,2,2,1,2,2,2,1,1,1,1,1,1,1,2
2019-20,29,Karnataka,2903,VIJAYAPURA,290308,INDI,Urban,7,SS (VI-X),1,Department of Education,1,1,1,0,0,0,1,1,1,0,0,1,0,1,1,1,1,1,1,1,1,1,1,1,1,1,0,1,1,1,0,0,0,0,1,0,0,1
2019-20,29,Karnataka,2903,VIJAYAPURA,290308,INDI,Urban,7,SS (VI-X),2,Tribal Welfare Department,1,1,1,0,0,0,1,1,0,0,1,0,0,1,0,1,1,1,1,1,1,0,0,0,0,1,1,1,0,1,0,0,0,0,1,1,1,1
2019-20,29,Karnataka,2903,VIJAYAPURA,290308,INDI,Urban,8,SS (IX-X),1,Department of Education,1,1,0,0,0,1,1,1,0,0,1,1,0,1,0,1,1,1,1,1,1,0,0,0,0,1,1,1,1,1,1,0,1,0,1,1,0,1
2019-20,29,Karnataka,2903,VIJAYAPURA,290308,INDI,Urban,8,SS (IX-X),4,Government Aided,4,4,3,0,2,2,4,4,1,0,1,1,0,1,1,3,3,4,4,4,4,1,1,1,1,4,2,3,1,2,1,1,1,0,4,1,4,2
2019-20,29,Karnataka,2903,VIJAYAPURA,290308,INDI,Urban,8,SS (IX-X),5,Private Unaided (Recognized),12,12,10,0,11,11,7,7,3,0,6,11,3,6,2,11,11,12,12,12,12,6,7,7,7,12,11,10,8,11,9,6,9,5,9,4,7,9
2019-20,29,Karnataka,2903,VIJAYAPURA,290308,INDI,Urban,10,HSS (IX-XII),4,Government Aided,1,1,1,0,1,1,1,1,1,0,1,1,1,1,1,1,1,1,1,1,1,0,0,0,0,1,1,1,1,1,1,1,1,0,1,1,0,1
2019-20,29,Karnataka,2903,VIJAYAPURA,290308,INDI,Urban,11,HSS (XI-XII),4,Government Aided,1,1,1,0,1,1,1,1,0,0,1,1,0,1,0,1,1,1,1,1,1,1,1,1,1,1,0,0,0,0,1,1,1,0,1,1,1,1
2019-20,29,Karnataka,2903,VIJAYAPURA,290308,INDI,Urban,11,HSS (XI-XII),5,Private Unaided (Recognized),6,6,6,0,6,3,6,6,1,0,4,4,1,4,0,5,5,6,6,6,6,1,2,2,2,6,2,2,1,1,6,1,6,0,0,0,2,2
2019-20,29,Karnataka,2903,VIJAYAPURA,290310,MUDDEBIHAL,Rural,1,PS (I-V),1,Department of Education,77,77,66,7,6,19,76,77,7,2,50,55,2,31,13,71,71,73,73,75,75,42,46,51,51,76,37,33,23,22,46,10,43,13,77,25,7,11
2019-20,29,Karnataka,2903,VIJAYAPURA,290310,MUDDEBIHAL,Rural,1,PS (I-V),5,Private Unaided (Recognized),32,32,27,0,13,12,11,11,2,0,18,17,2,19,6,32,32,32,32,32,32,20,21,21,21,31,22,21,18,17,20,9,20,1,15,8,12,11
2019-20,29,Karnataka,2903,VIJAYAPURA,290310,MUDDEBIHAL,Rural,2,UPS (I-VIII),1,Department of Education,133,133,125,1,26,59,133,133,4,2,87,119,2,58,17,130,129,132,131,133,132,87,101,106,105,131,75,65,41,46,72,23,70,35,133,40,18,88
2019-20,29,Karnataka,2903,VIJAYAPURA,290310,MUDDEBIHAL,Rural,2,UPS (I-VIII),4,Government Aided,8,8,7,0,5,5,8,8,0,0,4,7,1,4,2,8,8,8,8,8,8,0,2,2,2,8,3,5,4,4,7,5,7,0,8,4,3,6
2019-20,29,Karnataka,2903,VIJAYAPURA,290310,MUDDEBIHAL,Rural,2,UPS (I-VIII),5,Private Unaided (Recognized),28,27,26,0,13,13,16,16,3,1,23,19,5,19,6,28,28,28,28,28,28,24,25,25,25,28,18,26,21,23,20,13,20,4,15,9,13,17
2019-20,29,Karnataka,2903,VIJAYAPURA,290310,MUDDEBIHAL,Rural,4,UPS (VI-VIII),1,Department of Education,1,1,1,0,0,0,1,1,0,0,0,1,0,0,0,0,0,1,1,1,1,0,0,0,0,1,1,1,1,1,1,0,1,0,1,0,1,1
2019-20,29,Karnataka,2903,VIJAYAPURA,290310,MUDDEBIHAL,Rural,4,UPS (VI-VIII),5,Private Unaided (Recognized),2,2,1,0,2,2,2,2,1,0,2,2,0,2,1,2,2,2,2,2,2,1,1,1,1,2,1,2,1,2,2,2,2,0,2,0,1,1
2019-20,29,Karnataka,2903,VIJAYAPURA,290310,MUDDEBIHAL,Rural,6,SS (I-X),1,Department of Education,2,2,2,0,1,2,2,2,0,1,2,2,1,1,1,2,2,2,2,2,2,1,0,1,1,1,1,1,1,1,1,0,1,0,2,1,0,2
2019-20,29,Karnataka,2903,VIJAYAPURA,290310,MUDDEBIHAL,Rural,6,SS (I-X),5,Private Unaided (Recognized),2,2,1,0,1,1,2,2,1,0,2,2,0,2,1,2,2,2,2,2,2,2,2,2,2,2,1,1,1,1,2,2,2,0,2,1,0,1
2019-20,29,Karnataka,2903,VIJAYAPURA,290310,MUDDEBIHAL,Rural,7,SS (VI-X),1,Department of Education,1,0,1,0,0,1,1,1,0,0,1,1,0,1,0,1,1,1,1,1,1,1,1,1,1,1,1,1,0,0,0,0,0,1,1,1,1,1
2019-20,29,Karnataka,2903,VIJAYAPURA,290310,MUDDEBIHAL,Rural,7,SS (VI-X),2,Tribal Welfare Department,4,4,4,0,2,3,1,1,0,0,2,2,0,2,0,3,3,4,4,4,4,2,3,3,3,4,2,4,1,2,3,1,3,0,1,0,2,2
2019-20,29,Karnataka,2903,VIJAYAPURA,290310,MUDDEBIHAL,Rural,7,SS (VI-X),90,Social welfare Department,1,1,1,0,1,0,1,1,1,0,1,1,0,1,0,1,1,1,1,1,1,1,1,1,1,1,0,1,0,0,0,0,0,0,1,1,1,1
2019-20,29,Karnataka,2903,VIJAYAPURA,290310,MUDDEBIHAL,Rural,8,SS (IX-X),1,Department of Education,14,13,10,0,9,10,14,14,1,2,10,12,3,9,3,14,14,14,14,14,14,13,13,13,13,14,11,7,4,5,10,7,10,8,14,8,5,13
2019-20,29,Karnataka,2903,VIJAYAPURA,290310,MUDDEBIHAL,Rural,8,SS (IX-X),4,Government Aided,12,12,11,0,6,7,12,12,1,0,9,12,3,9,4,12,11,12,11,12,11,11,11,11,11,12,8,8,5,5,9,4,8,3,12,4,1,9
2019-20,29,Karnataka,2903,VIJAYAPURA,290310,MUDDEBIHAL,Rural,8,SS (IX-X),5,Private Unaided (Recognized),22,22,21,0,18,16,14,14,8,1,18,20,2,18,9,22,22,22,22,22,22,16,16,16,16,22,17,21,17,19,17,9,17,4,15,9,16,15
2019-20,29,Karnataka,2903,VIJAYAPURA,290310,MUDDEBIHAL,Rural,10,HSS (IX-XII),4,Government Aided,1,1,1,0,1,1,1,1,0,0,1,1,0,1,1,1,1,1,1,1,1,1,1,1,1,1,1,1,1,1,1,1,1,0,1,1,1,1
2019-20,29,Karnataka,2903,VIJAYAPURA,290310,MUDDEBIHAL,Rural,10,HSS (IX-XII),5,Private Unaided (Recognized),1,1,1,0,0,0,0,0,0,0,0,0,0,0,0,1,1,1,1,1,1,1,1,1,1,1,0,1,1,1,0,0,0,0,0,0,1,0
2019-20,29,Karnataka,2903,VIJAYAPURA,290310,MUDDEBIHAL,Rural,11,HSS (XI-XII),1,Department of Education,2,1,0,0,1,0,1,1,0,0,1,1,0,2,0,1,1,1,1,1,1,1,1,1,1,1,0,0,0,0,1,0,1,0,1,1,0,0
2019-20,29,Karnataka,2903,VIJAYAPURA,290310,MUDDEBIHAL,Rural,11,HSS (XI-XII),4,Government Aided,1,1,1,0,1,0,1,1,0,0,1,1,1,1,0,1,1,1,1,1,1,1,1,1,1,1,1,1,0,0,1,1,1,0,1,1,0,0
2019-20,29,Karnataka,2903,VIJAYAPURA,290310,MUDDEBIHAL,Rural,11,HSS (XI-XII),5,Private Unaided (Recognized),8,8,7,0,6,1,7,7,0,0,6,8,0,6,2,8,8,8,8,8,8,7,7,7,7,8,1,4,2,4,7,2,7,3,3,1,2,3
2019-20,29,Karnataka,2903,VIJAYAPURA,290310,MUDDEBIHAL,Urban,1,PS (I-V),1,Department of Education,11,11,10,1,3,2,11,11,0,1,9,8,0,4,2,9,9,10,9,10,9,4,4,6,6,11,5,4,2,2,4,0,3,2,11,3,0,0
2019-20,29,Karnataka,2903,VIJAYAPURA,290310,MUDDEBIHAL,Urban,1,PS (I-V),5,Private Unaided (Recognized),18,18,15,0,9,10,9,9,2,0,13,11,1,12,4,18,18,18,18,18,18,13,13,13,13,18,11,11,4,9,14,5,14,0,9,5,3,5
2019-20,29,Karnataka,2903,VIJAYAPURA,290310,MUDDEBIHAL,Urban,2,UPS (I-VIII),1,Department of Education,12,12,12,0,4,6,12,12,0,0,7,10,1,4,3,10,10,12,12,12,12,8,8,9,9,12,6,6,2,2,8,4,8,3,12,3,2,6
2019-20,29,Karnataka,2903,VIJAYAPURA,290310,MUDDEBIHAL,Urban,2,UPS (I-VIII),4,Government Aided,13,13,13,0,3,6,13,13,2,0,9,9,0,8,3,13,13,13,13,13,13,12,11,12,12,13,10,6,6,6,12,5,12,4,13,2,1,4
2019-20,29,Karnataka,2903,VIJAYAPURA,290310,MUDDEBIHAL,Urban,2,UPS (I-VIII),5,Private Unaided (Recognized),24,24,23,0,13,14,15,15,6,0,21,24,3,19,3,24,24,24,24,24,24,21,21,21,21,24,16,17,11,13,21,8,21,3,15,10,13,18
2019-20,29,Karnataka,2903,VIJAYAPURA,290310,MUDDEBIHAL,Urban,4,UPS (VI-VIII),5,Private Unaided (Recognized),1,1,1,0,1,0,1,1,0,0,1,1,0,1,0,1,1,1,1,1,1,0,0,0,0,1,0,0,0,0,1,0,1,0,0,0,0,0
2019-20,29,Karnataka,2903,VIJAYAPURA,290310,MUDDEBIHAL,Urban,6,SS (I-X),1,Department of Education,1,1,1,0,0,1,1,1,0,0,1,1,0,1,0,1,1,1,1,1,1,1,1,1,1,1,0,1,0,0,1,0,1,0,1,0,0,0
2019-20,29,Karnataka,2903,VIJAYAPURA,290310,MUDDEBIHAL,Urban,6,SS (I-X),5,Private Unaided (Recognized),2,2,2,0,1,1,0,0,0,0,0,1,0,0,0,2,2,2,2,2,2,2,2,2,2,2,1,2,2,2,1,1,1,0,0,0,2,1
2019-20,29,Karnataka,2903,VIJAYAPURA,290310,MUDDEBIHAL,Urban,7,SS (VI-X),2,Tribal Welfare Department,2,2,2,0,0,1,1,1,1,0,2,1,0,2,0,2,2,2,2,2,2,2,2,2,2,2,2,2,1,1,2,0,2,0,1,1,1,0
2019-20,29,Karnataka,2903,VIJAYAPURA,290310,MUDDEBIHAL,Urban,7,SS (VI-X),90,Social welfare Department,1,1,1,0,1,1,1,1,1,0,1,1,0,1,0,1,1,1,1,1,1,0,0,0,0,1,1,1,1,1,1,1,1,0,1,0,0,1
2019-20,29,Karnataka,2903,VIJAYAPURA,290310,MUDDEBIHAL,Urban,8,SS (IX-X),1,Department of Education,2,2,2,1,1,0,2,2,0,0,2,2,1,2,1,2,2,2,2,2,2,1,1,1,1,2,2,2,2,2,1,0,1,0,2,1,0,2
2019-20,29,Karnataka,2903,VIJAYAPURA,290310,MUDDEBIHAL,Urban,8,SS (IX-X),4,Government Aided,9,9,9,0,8,8,9,9,1,0,9,9,1,9,2,7,7,9,9,9,9,5,6,6,6,9,6,7,4,5,7,2,7,0,9,5,1,9
2019-20,29,Karnataka,2903,VIJAYAPURA,290310,MUDDEBIHAL,Urban,8,SS (IX-X),5,Private Unaided (Recognized),11,11,11,0,6,9,5,5,1,0,9,11,2,7,2,11,11,11,11,11,11,10,10,10,10,11,7,9,6,8,8,2,8,0,6,4,8,8
2019-20,29,Karnataka,2903,VIJAYAPURA,290310,MUDDEBIHAL,Urban,10,HSS (IX-XII),4,Government Aided,2,2,2,0,1,2,2,2,0,0,2,2,0,2,0,2,2,2,2,2,2,0,0,0,0,2,2,1,1,1,2,2,2,0,2,1,1,2
2019-20,29,Karnataka,2903,VIJAYAPURA,290310,MUDDEBIHAL,Urban,11,HSS (XI-XII),1,Department of Education,2,1,1,0,0,1,2,2,0,0,0,0,0,0,0,2,2,2,2,2,2,2,2,2,2,2,0,1,1,1,1,0,1,0,2,1,0,1
2019-20,29,Karnataka,2903,VIJAYAPURA,290310,MUDDEBIHAL,Urban,11,HSS (XI-XII),4,Government Aided,1,1,1,0,1,0,1,1,0,0,1,1,0,1,0,1,1,1,1,1,1,0,0,0,0,1,0,0,0,0,1,0,1,0,1,1,0,0
2019-20,29,Karnataka,2903,VIJAYAPURA,290310,MUDDEBIHAL,Urban,11,HSS (XI-XII),5,Private Unaided (Recognized),12,12,12,0,8,2,9,9,1,0,11,8,4,9,2,12,12,12,12,12,12,9,9,9,9,12,5,7,5,6,10,3,10,3,3,2,7,8
2019-20,29,Karnataka,2903,VIJAYAPURA,290312,SINDAGI,Rural,1,PS (I-V),1,Department of Education,123,123,104,9,29,36,122,122,5,7,58,101,10,43,14,122,122,123,122,123,122,66,63,74,73,123,52,78,48,47,51,15,51,59,123,43,20,0
2019-20,29,Karnataka,2903,VIJAYAPURA,290312,SINDAGI,Rural,1,PS (I-V),4,Government Aided,3,3,2,2,0,0,3,3,0,0,0,2,0,0,0,3,3,3,3,3,3,0,0,0,0,3,0,2,1,1,0,0,0,0,3,0,0,0
2019-20,29,Karnataka,2903,VIJAYAPURA,290312,SINDAGI,Rural,1,PS (I-V),5,Private Unaided (Recognized),63,63,49,4,33,28,39,39,12,1,42,51,11,41,16,62,62,63,63,63,63,41,41,41,41,63,49,44,39,42,43,26,43,12,41,17,23,20
2019-20,29,Karnataka,2903,VIJAYAPURA,290312,SINDAGI,Rural,2,UPS (I-VIII),1,Department of Education,185,185,159,4,51,88,185,185,9,2,112,157,18,89,18,171,171,174,174,185,185,95,104,117,117,185,107,121,77,82,95,29,95,100,185,79,42,94
2019-20,29,Karnataka,2903,VIJAYAPURA,290312,SINDAGI,Rural,2,UPS (I-VIII),4,Government Aided,11,11,10,0,5,5,11,11,1,0,7,8,2,8,1,10,10,11,11,11,11,7,6,7,7,11,5,5,7,6,5,1,5,3,11,6,5,7
2019-20,29,Karnataka,2903,VIJAYAPURA,290312,SINDAGI,Rural,2,UPS (I-VIII),5,Private Unaided (Recognized),46,46,37,1,28,30,30,30,12,0,32,35,5,30,10,46,46,46,46,46,46,34,34,34,34,46,36,35,28,28,34,22,34,6,31,13,26,24
2019-20,29,Karnataka,2903,VIJAYAPURA,290312,SINDAGI,Rural,4,UPS (VI-VIII),1,Department of Education,1,1,1,0,1,1,1,1,0,0,1,1,0,1,0,0,0,1,1,1,1,0,1,1,1,1,1,1,1,1,1,1,1,0,1,0,0,1
2019-20,29,Karnataka,2903,VIJAYAPURA,290312,SINDAGI,Rural,4,UPS (VI-VIII),5,Private Unaided (Recognized),5,5,5,0,4,4,2,2,1,1,3,5,2,3,2,5,5,5,5,5,5,3,3,3,3,5,4,5,4,5,4,4,4,1,3,3,4,3
2019-20,29,Karnataka,2903,VIJAYAPURA,290312,SINDAGI,Rural,6,SS (I-X),1,Department of Education,12,12,11,0,7,8,12,12,2,0,6,10,0,5,5,12,12,12,12,12,12,9,9,9,9,12,7,6,5,7,5,5,5,6,12,6,3,10
2019-20,29,Karnataka,2903,VIJAYAPURA,290312,SINDAGI,Rural,6,SS (I-X),5,Private Unaided (Recognized),6,6,5,0,5,5,4,4,3,0,4,6,2,3,2,6,6,6,6,6,6,6,5,6,6,6,3,6,4,5,4,2,4,0,4,2,5,4
2019-20,29,Karnataka,2903,VIJAYAPURA,290312,SINDAGI,Rural,7,SS (VI-X),2,Tribal Welfare Department,3,3,2,0,3,2,2,2,2,0,3,3,0,2,2,2,2,3,3,3,3,1,0,1,1,3,3,3,3,3,3,1,3,1,3,2,2,2
2019-20,29,Karnataka,2903,VIJAYAPURA,290312,SINDAGI,Rural,8,SS (IX-X),1,Department of Education,17,17,10,0,8,12,17,17,2,1,13,17,2,12,7,17,17,17,17,17,17,9,11,11,11,17,11,7,4,5,11,5,11,9,17,6,1,17
2019-20,29,Karnataka,2903,VIJAYAPURA,290312,SINDAGI,Rural,8,SS (IX-X),4,Government Aided,22,22,16,0,14,15,22,22,3,0,15,18,1,13,5,22,22,22,22,22,22,19,19,19,19,22,12,16,12,14,13,5,13,6,22,9,9,20
2019-20,29,Karnataka,2903,VIJAYAPURA,290312,SINDAGI,Rural,8,SS (IX-X),5,Private Unaided (Recognized),15,15,14,0,11,11,11,11,3,2,11,14,5,12,8,15,15,15,15,15,15,12,12,12,12,15,14,9,13,8,14,8,14,5,10,9,9,10
2019-20,29,Karnataka,2903,VIJAYAPURA,290312,SINDAGI,Rural,10,HSS (IX-XII),1,Department of Education,1,1,0,0,0,1,1,1,0,0,1,1,0,1,0,1,1,1,1,1,1,1,1,1,1,1,1,1,0,1,1,0,1,1,1,1,0,1
2019-20,29,Karnataka,2903,VIJAYAPURA,290312,SINDAGI,Rural,10,HSS (IX-XII),4,Government Aided,9,9,9,0,5,4,9,9,0,0,5,8,0,6,5,9,9,9,9,9,9,8,8,8,8,9,6,7,5,6,6,4,6,3,9,4,5,9
2019-20,29,Karnataka,2903,VIJAYAPURA,290312,SINDAGI,Rural,11,HSS (XI-XII),1,Department of Education,1,1,1,0,1,1,1,1,1,0,1,1,0,1,0,1,1,1,1,1,1,0,1,1,1,1,1,0,0,0,1,0,1,0,1,0,0,0
2019-20,29,Karnataka,2903,VIJAYAPURA,290312,SINDAGI,Rural,11,HSS (XI-XII),4,Government Aided,1,1,1,0,1,0,1,1,0,0,1,1,0,1,0,1,1,1,1,1,1,1,1,1,1,1,0,0,0,0,1,0,1,1,1,1,0,0
2019-20,29,Karnataka,2903,VIJAYAPURA,290312,SINDAGI,Rural,11,HSS (XI-XII),5,Private Unaided (Recognized),23,23,21,0,21,16,20,20,2,0,20,20,3,16,1,23,23,23,23,23,23,9,9,9,9,23,5,8,7,7,20,7,20,8,7,4,6,8
2019-20,29,Karnataka,2903,VIJAYAPURA,290312,SINDAGI,Urban,1,PS (I-V),1,Department of Education,7,7,7,0,3,3,7,7,0,1,6,7,1,3,1,7,7,7,7,7,7,4,6,6,6,7,3,6,4,3,3,3,3,5,7,4,3,0
2019-20,29,Karnataka,2903,VIJAYAPURA,290312,SINDAGI,Urban,1,PS (I-V),5,Private Unaided (Recognized),24,24,14,0,10,6,6,6,5,1,10,21,3,9,3,24,24,24,24,24,24,15,16,16,16,24,16,22,20,21,10,10,10,3,12,3,14,9
2019-20,29,Karnataka,2903,VIJAYAPURA,290312,SINDAGI,Urban,2,UPS (I-VIII),1,Department of Education,10,10,9,0,3,3,10,10,0,0,4,9,0,3,1,10,10,10,10,10,10,5,5,5,5,10,4,8,6,6,2,0,2,4,10,4,1,4
2019-20,29,Karnataka,2903,VIJAYAPURA,290312,SINDAGI,Urban,2,UPS (I-VIII),4,Government Aided,4,4,4,0,2,1,4,4,1,0,2,3,0,2,1,4,4,4,4,4,4,3,3,3,3,4,2,4,3,4,2,2,2,1,4,1,3,2
2019-20,29,Karnataka,2903,VIJAYAPURA,290312,SINDAGI,Urban,2,UPS (I-VIII),5,Private Unaided (Recognized),18,18,17,0,10,8,7,7,3,0,11,13,3,8,2,18,18,18,18,18,18,17,17,17,17,18,11,14,14,13,13,9,13,2,8,5,15,10
2019-20,29,Karnataka,2903,VIJAYAPURA,290312,SINDAGI,Urban,4,UPS (VI-VIII),5,Private Unaided (Recognized),2,2,2,0,1,1,1,1,1,1,2,2,1,2,1,2,2,2,2,2,2,2,2,2,2,2,1,2,1,1,1,1,1,1,2,2,2,2
2019-20,29,Karnataka,2903,VIJAYAPURA,290312,SINDAGI,Urban,4,UPS (VI-VIII),90,Social welfare Department,1,1,0,0,0,0,1,1,1,0,1,1,0,1,1,1,1,1,1,1,1,1,1,1,1,1,1,1,1,1,1,1,1,1,1,1,0,1
2019-20,29,Karnataka,2903,VIJAYAPURA,290312,SINDAGI,Urban,6,SS (I-X),5,Private Unaided (Recognized),8,8,8,0,6,5,6,6,4,0,6,7,3,7,5,8,8,8,8,8,8,3,3,3,3,8,4,7,7,7,7,6,7,4,5,4,7,4
2019-20,29,Karnataka,2903,VIJAYAPURA,290312,SINDAGI,Urban,7,SS (VI-X),1,Department of Education,1,1,1,0,1,1,1,1,0,0,0,1,0,0,0,1,1,1,1,1,1,0,0,0,0,1,1,1,1,1,1,1,1,0,1,0,0,1
2019-20,29,Karnataka,2903,VIJAYAPURA,290312,SINDAGI,Urban,7,SS (VI-X),2,Tribal Welfare Department,1,1,1,0,0,0,0,0,0,0,0,1,0,0,0,1,1,1,1,1,1,1,1,1,1,1,0,1,1,1,0,0,0,0,0,0,1,0
2019-20,29,Karnataka,2903,VIJAYAPURA,290312,SINDAGI,Urban,8,SS (IX-X),1,Department of Education,1,1,1,0,0,0,1,1,0,0,0,0,0,0,0,1,1,1,1,1,1,0,0,0,0,1,0,1,0,0,0,0,0,0,1,0,0,1
2019-20,29,Karnataka,2903,VIJAYAPURA,290312,SINDAGI,Urban,8,SS (IX-X),4,Government Aided,3,3,3,0,2,2,3,3,0,0,2,2,1,2,1,2,2,3,3,3,3,2,3,3,3,3,2,3,3,3,2,2,2,2,3,1,3,3
2019-20,29,Karnataka,2903,VIJAYAPURA,290312,SINDAGI,Urban,8,SS (IX-X),5,Private Unaided (Recognized),7,7,6,0,5,4,3,3,1,0,5,5,2,6,3,7,7,7,7,7,7,5,5,5,5,7,5,6,5,6,5,5,5,2,7,6,6,5
2019-20,29,Karnataka,2903,VIJAYAPURA,290312,SINDAGI,Urban,10,HSS (IX-XII),4,Government Aided,2,2,2,0,2,2,2,2,1,0,1,1,0,1,0,2,2,2,2,2,2,2,2,2,2,2,2,2,2,2,2,2,2,0,2,0,1,2
2019-20,29,Karnataka,2903,VIJAYAPURA,290312,SINDAGI,Urban,11,HSS (XI-XII),1,Department of Education,1,1,0,0,1,1,1,1,1,0,1,1,0,1,0,1,1,1,1,1,1,1,1,1,1,1,1,0,0,0,1,0,1,1,1,1,0,1
2019-20,29,Karnataka,2903,VIJAYAPURA,290312,SINDAGI,Urban,11,HSS (XI-XII),4,Government Aided,1,1,1,0,1,1,1,1,1,0,1,1,0,1,1,1,1,1,1,1,1,1,1,1,1,1,0,1,1,1,1,1,1,0,1,1,1,1
2019-20,29,Karnataka,2903,VIJAYAPURA,290312,SINDAGI,Urban,11,HSS (XI-XII),5,Private Unaided (Recognized),11,11,9,0,9,5,11,11,1,0,11,11,0,10,2,10,10,11,11,11,11,6,6,6,6,11,3,3,2,2,11,2,11,2,2,0,4,4
2019-20,29,Karnataka,2903,VIJAYAPURA,290313,CHADACHAN,Rural,1,PS (I-V),1,Department of Education,109,108,96,8,33,44,108,108,8,1,71,96,6,46,20,108,108,108,108,109,109,62,63,66,66,109,51,70,65,58,55,24,55,16,109,48,5,8
2019-20,29,Karnataka,2903,VIJAYAPURA,290313,CHADACHAN,Rural,1,PS (I-V),4,Government Aided,2,2,2,0,1,1,2,2,0,0,1,2,1,1,0,2,2,2,2,2,2,2,2,2,2,2,0,1,1,1,1,0,1,0,2,1,0,1
2019-20,29,Karnataka,2903,VIJAYAPURA,290313,CHADACHAN,Rural,1,PS (I-V),5,Private Unaided (Recognized),31,31,26,0,20,18,17,17,5,2,22,30,6,21,11,31,31,31,31,31,31,18,17,18,18,31,16,22,23,22,22,17,22,5,19,10,6,17
2019-20,29,Karnataka,2903,VIJAYAPURA,290313,CHADACHAN,Rural,2,UPS (I-VIII),1,Department of Education,73,73,66,0,23,29,73,73,6,1,40,73,3,35,13,67,66,68,68,73,73,38,41,43,43,73,32,50,42,39,35,11,35,23,73,33,10,58
2019-20,29,Karnataka,2903,VIJAYAPURA,290313,CHADACHAN,Rural,2,UPS (I-VIII),4,Government Aided,8,8,7,0,6,6,8,8,1,0,5,8,1,5,2,8,8,8,8,8,8,4,3,4,4,8,5,8,7,6,6,5,6,1,8,4,3,4
2019-20,29,Karnataka,2903,VIJAYAPURA,290313,CHADACHAN,Rural,2,UPS (I-VIII),5,Private Unaided (Recognized),26,26,22,0,18,17,19,19,9,0,21,25,10,19,6,26,26,26,26,26,26,23,23,23,23,26,12,22,23,22,18,17,18,7,20,13,16,23
2019-20,29,Karnataka,2903,VIJAYAPURA,290313,CHADACHAN,Rural,5,HSS (VI-XII),2,Tribal Welfare Department,1,1,1,0,1,1,1,1,1,0,1,1,0,1,0,1,1,1,1,1,1,1,1,1,1,1,1,1,1,1,1,1,1,0,1,0,1,1
2019-20,29,Karnataka,2903,VIJAYAPURA,290313,CHADACHAN,Rural,6,SS (I-X),1,Department of Education,4,4,3,0,2,2,4,4,0,0,2,4,0,2,1,4,4,4,4,4,4,2,3,3,3,4,3,2,0,1,4,1,4,0,4,1,1,3
2019-20,29,Karnataka,2903,VIJAYAPURA,290313,CHADACHAN,Rural,6,SS (I-X),5,Private Unaided (Recognized),2,2,2,0,2,2,2,2,1,0,2,2,1,2,1,2,2,2,2,2,2,2,2,2,2,2,2,2,2,2,2,1,2,1,2,2,2,2
2019-20,29,Karnataka,2903,VIJAYAPURA,290313,CHADACHAN,Rural,7,SS (VI-X),2,Tribal Welfare Department,2,2,2,0,2,2,2,2,1,0,2,2,2,2,2,2,1,1,1,2,1,2,1,2,1,2,2,2,2,2,2,2,1,0,2,1,2,2
2019-20,29,Karnataka,2903,VIJAYAPURA,290313,CHADACHAN,Rural,8,SS (IX-X),1,Department of Education,11,11,10,0,5,4,11,11,1,0,7,11,0,7,5,11,11,11,11,11,11,4,5,5,5,11,4,9,9,9,6,3,6,5,11,5,1,11
2019-20,29,Karnataka,2903,VIJAYAPURA,290313,CHADACHAN,Rural,8,SS (IX-X),4,Government Aided,10,10,6,0,6,7,10,10,3,0,8,9,2,8,3,9,9,10,10,10,10,5,6,6,6,10,8,6,7,7,7,4,7,1,10,6,3,9
2019-20,29,Karnataka,2903,VIJAYAPURA,290313,CHADACHAN,Rural,8,SS (IX-X),5,Private Unaided (Recognized),7,7,5,0,4,3,5,5,3,0,4,6,1,4,1,7,7,7,7,7,7,7,7,7,7,7,5,7,7,7,5,5,5,4,5,3,3,6
2019-20,29,Karnataka,2903,VIJAYAPURA,290313,CHADACHAN,Rural,10,HSS (IX-XII),1,Department of Education,3,3,2,0,1,3,3,3,0,0,2,3,0,2,1,3,3,3,3,3,3,1,3,3,3,3,2,2,2,1,2,0,2,1,3,2,0,3
2019-20,29,Karnataka,2903,VIJAYAPURA,290313,CHADACHAN,Rural,10,HSS (IX-XII),4,Government Aided,3,3,3,0,3,3,3,3,2,0,3,3,0,3,3,3,3,3,3,3,3,2,2,2,2,3,3,1,2,1,3,3,3,0,3,1,1,3
2019-20,29,Karnataka,2903,VIJAYAPURA,290313,CHADACHAN,Rural,10,HSS (IX-XII),5,Private Unaided (Recognized),1,1,1,0,0,0,0,0,0,0,0,1,0,0,0,1,1,1,1,1,1,1,1,1,1,1,1,1,1,1,0,0,0,0,0,0,1,1
2019-20,29,Karnataka,2903,VIJAYAPURA,290313,CHADACHAN,Rural,11,HSS (XI-XII),4,Government Aided,1,1,1,0,1,1,1,1,0,0,1,1,0,1,0,1,1,1,1,1,1,1,1,1,1,1,1,0,0,0,1,0,1,0,1,0,1,1
2019-20,29,Karnataka,2903,VIJAYAPURA,290313,CHADACHAN,Rural,11,HSS (XI-XII),5,Private Unaided (Recognized),8,8,8,0,7,3,8,8,0,0,6,8,3,5,2,8,8,8,8,8,8,5,4,5,5,8,2,3,3,2,8,2,8,4,3,2,4,4
2019-20,29,Karnataka,2903,VIJAYAPURA,290313,CHADACHAN,Urban,2,UPS (I-VIII),1,Department of Education,1,1,1,0,0,0,1,1,1,0,1,1,0,0,1,1,1,1,1,1,1,0,0,0,0,1,0,1,1,1,1,0,1,0,1,0,0,0
2019-20,29,Karnataka,2903,VIJAYAPURA,290313,CHADACHAN,Urban,8,SS (IX-X),1,Department of Education,1,1,1,0,1,1,1,1,0,0,1,1,0,1,1,1,1,1,1,1,1,1,1,1,1,1,1,0,0,0,1,0,1,1,1,1,1,1
2019-20,29,Karnataka,2903,VIJAYAPURA,290313,CHADACHAN,Urban,8,SS (IX-X),4,Government Aided,1,1,1,0,1,1,1,1,1,0,1,1,0,1,1,1,1,1,1,1,1,1,1,1,1,1,1,1,1,1,1,1,1,0,1,0,0,1
2019-20,29,Karnataka,2903,VIJAYAPURA,290314,BIJAPUR CITY,Rural,6,SS (I-X),5,Private Unaided (Recognized),1,1,1,0,1,1,1,1,1,0,1,1,0,1,1,1,1,1,1,1,1,1,1,1,1,1,1,1,1,1,1,1,1,0,1,0,1,1
2019-20,29,Karnataka,2903,VIJAYAPURA,290314,BIJAPUR CITY,Rural,11,HSS (XI-XII),5,Private Unaided (Recognized),2,2,2,0,1,0,2,2,1,0,2,2,1,2,1,2,2,2,2,2,2,1,1,1,1,2,0,1,0,1,2,1,2,1,1,1,0,0
2019-20,29,Karnataka,2903,VIJAYAPURA,290314,BIJAPUR CITY,Urban,1,PS (I-V),1,Department of Education,23,23,21,4,4,6,23,23,1,0,14,19,4,8,8,23,23,22,22,23,23,13,11,13,13,23,15,10,13,8,14,5,14,23,23,14,2,12
2019-20,29,Karnataka,2903,VIJAYAPURA,290314,BIJAPUR CITY,Urban,1,PS (I-V),4,Government Aided,3,3,2,0,1,2,3,3,0,0,1,1,0,1,0,3,3,3,3,3,3,3,3,3,3,3,1,3,2,2,1,0,1,0,3,1,0,1
2019-20,29,Karnataka,2903,VIJAYAPURA,290314,BIJAPUR CITY,Urban,1,PS (I-V),5,Private Unaided (Recognized),64,64,51,1,33,27,42,42,12,2,43,45,13,37,13,64,64,64,64,64,64,51,51,51,51,64,50,49,40,47,51,32,51,18,50,25,34,40
2019-20,29,Karnataka,2903,VIJAYAPURA,290314,BIJAPUR CITY,Urban,2,UPS (I-VIII),1,Department of Education,95,95,89,0,29,26,95,95,4,3,48,95,14,35,22,84,84,88,88,95,95,42,44,52,52,95,69,58,41,46,63,21,63,94,95,53,13,64
2019-20,29,Karnataka,2903,VIJAYAPURA,290314,BIJAPUR CITY,Urban,2,UPS (I-VIII),4,Government Aided,29,29,28,1,17,12,29,29,4,1,18,26,9,18,7,29,29,29,29,29,29,17,17,18,18,29,22,21,25,21,24,17,24,11,29,15,11,21
2019-20,29,Karnataka,2903,VIJAYAPURA,290314,BIJAPUR CITY,Urban,2,UPS (I-VIII),5,Private Unaided (Recognized),76,76,72,0,54,39,51,51,17,5,55,61,17,50,27,76,76,76,76,76,76,66,63,66,66,76,58,66,53,59,61,40,61,19,54,34,54,59
2019-20,29,Karnataka,2903,VIJAYAPURA,290314,BIJAPUR CITY,Urban,3,HSS (I-XII),4,Government Aided,1,1,1,0,1,1,1,1,1,0,1,1,1,1,0,1,1,1,1,1,1,1,1,1,1,1,1,1,1,0,1,1,1,0,1,1,1,1
2019-20,29,Karnataka,2903,VIJAYAPURA,290314,BIJAPUR CITY,Urban,3,HSS (I-XII),92,Kendriya Vidyalaya / Central School,1,1,1,0,1,1,1,1,0,0,1,1,1,1,0,1,1,1,1,1,1,1,1,1,1,1,1,1,1,1,1,1,1,1,1,1,1,1
2019-20,29,Karnataka,2903,VIJAYAPURA,290314,BIJAPUR CITY,Urban,4,UPS (VI-VIII),2,Tribal Welfare Department,1,1,0,0,1,1,1,1,0,0,1,0,0,0,1,1,1,1,1,1,1,1,1,1,1,1,0,0,0,0,1,1,1,1,1,0,0,1
2019-20,29,Karnataka,2903,VIJAYAPURA,290314,BIJAPUR CITY,Urban,4,UPS (VI-VIII),5,Private Unaided (Recognized),2,2,2,0,1,1,1,1,1,1,1,2,0,1,1,2,2,2,2,2,2,2,2,2,2,2,1,2,1,2,1,1,1,1,1,1,2,1
2019-20,29,Karnataka,2903,VIJAYAPURA,290314,BIJAPUR CITY,Urban,5,HSS (VI-XII),94,Sainik School,1,1,0,0,1,1,1,1,0,0,1,1,0,1,0,1,1,0,0,1,1,0,0,0,0,1,0,0,0,0,1,0,1,1,0,0,0,0
2019-20,29,Karnataka,2903,VIJAYAPURA,290314,BIJAPUR CITY,Urban,6,SS (I-X),1,Department of Education,1,1,1,0,0,0,1,1,0,0,1,1,1,1,1,1,1,1,1,1,1,1,1,1,1,1,1,0,1,0,1,1,1,1,1,1,1,1
2019-20,29,Karnataka,2903,VIJAYAPURA,290314,BIJAPUR CITY,Urban,6,SS (I-X),4,Government Aided,4,4,4,0,2,1,4,4,1,0,2,2,0,2,2,4,4,4,4,4,4,2,2,2,2,4,2,3,3,3,1,1,1,1,4,2,1,3
2019-20,29,Karnataka,2903,VIJAYAPURA,290314,BIJAPUR CITY,Urban,6,SS (I-X),5,Private Unaided (Recognized),28,28,26,0,21,19,23,23,11,1,23,26,14,21,15,28,28,28,28,28,28,25,25,25,25,28,25,25,21,23,25,17,25,11,24,11,22,25
2019-20,29,Karnataka,2903,VIJAYAPURA,290314,BIJAPUR CITY,Urban,7,SS (VI-X),2,Tribal Welfare Department,2,2,1,0,1,1,1,1,0,0,1,2,0,1,1,2,2,2,2,2,2,1,1,1,1,2,2,1,1,1,1,1,1,2,2,2,0,2
2019-20,29,Karnataka,2903,VIJAYAPURA,290314,BIJAPUR CITY,Urban,7,SS (VI-X),5,Private Unaided (Recognized),8,8,8,0,5,4,5,5,4,0,7,8,4,6,5,8,8,7,7,8,8,7,6,7,7,8,6,8,8,8,7,5,7,1,7,1,6,6
2019-20,29,Karnataka,2903,VIJAYAPURA,290314,BIJAPUR CITY,Urban,8,SS (IX-X),1,Department of Education,3,3,2,0,2,0,3,3,0,0,2,3,0,3,1,3,3,3,3,3,3,1,2,2,2,3,3,3,0,0,3,1,3,2,3,2,2,3
2019-20,29,Karnataka,2903,VIJAYAPURA,290314,BIJAPUR CITY,Urban,8,SS (IX-X),4,Government Aided,35,35,30,2,29,25,35,35,3,0,28,33,5,25,16,30,30,33,33,35,35,22,24,27,27,34,31,23,17,26,32,15,31,8,35,21,18,30
2019-20,29,Karnataka,2903,VIJAYAPURA,290314,BIJAPUR CITY,Urban,8,SS (IX-X),5,Private Unaided (Recognized),27,27,24,0,23,16,21,21,8,0,21,24,10,21,9,25,25,27,27,27,27,22,22,24,24,27,20,19,20,19,20,19,20,3,23,8,18,18
2019-20,29,Karnataka,2903,VIJAYAPURA,290314,BIJAPUR CITY,Urban,10,HSS (IX-XII),1,Department of Education,2,2,2,0,2,2,2,2,0,0,2,2,0,2,0,1,1,2,2,2,2,1,2,2,2,2,2,2,2,2,2,2,2,1,2,2,2,2
2019-20,29,Karnataka,2903,VIJAYAPURA,290314,BIJAPUR CITY,Urban,10,HSS (IX-XII),4,Government Aided,4,4,4,0,2,0,4,4,0,1,2,4,1,2,1,3,3,4,4,4,4,2,2,2,2,4,2,4,4,3,3,2,3,1,4,3,3,3
2019-20,29,Karnataka,2903,VIJAYAPURA,290314,BIJAPUR CITY,Urban,10,HSS (IX-XII),5,Private Unaided (Recognized),1,1,1,0,0,0,1,1,1,0,1,1,0,1,1,1,1,1,1,1,1,1,1,1,1,1,1,1,1,1,1,1,1,0,1,1,1,1
2019-20,29,Karnataka,2903,VIJAYAPURA,290314,BIJAPUR CITY,Urban,11,HSS (XI-XII),2,Tribal Welfare Department,1,1,1,1,0,0,1,1,0,0,0,0,0,0,0,1,1,1,1,1,1,1,1,1,1,1,0,0,0,0,1,0,1,1,0,0,0,0
2019-20,29,Karnataka,2903,VIJAYAPURA,290314,BIJAPUR CITY,Urban,11,HSS (XI-XII),4,Government Aided,9,9,9,0,7,7,9,9,0,0,6,8,1,8,0,8,8,9,9,9,9,7,8,8,8,9,4,4,0,4,9,2,9,6,9,8,3,3
2019-20,29,Karnataka,2903,VIJAYAPURA,290314,BIJAPUR CITY,Urban,11,HSS (XI-XII),5,Private Unaided (Recognized),32,31,28,3,29,16,28,28,3,0,25,28,5,22,3,30,30,31,31,32,32,20,21,22,22,32,13,13,9,11,31,9,31,6,5,3,8,12
