Academic_Year,State_Code,State_Name,District_Code,District_Name,Block_Code,Udise_Block_Name,Location,School_Category_Id,School_Category_Name,School_Management_Id,School_Management_Name,Total_Number_of_Schools,Building,Boundary_Wall,Single_Class_Room,Separate_Room_for_Headmaster,Land_Available,Electricity,Functional_Electricity,Solar_Panel,Furniture,Playground,Library_or_Reading_Corner_or_Book_Bank,Librarian,Newspaper,Kitchen_Garden,Boy_Toilet,Functional_Boy_Toilet,Girl_Toilet,Functional_Girl_Toilet,Toilet_Facility,Functional_Toilet_Facility,Functional_Urinal_Boy,Functional_Urinal_Girl,Functional_Urinal,Functional_Toilet_and_Urinal,Drinking_Water,Functional_Drinking_Water,Water_Purifier,Rain_Water_Harvesting,Water_Tested,Handwash,Incinerator,WASH_Facility_Drinking_Water_Toilet_and_Handwash,Ramps,Medical_Checkup,Complete_Medical_Checkup,Internet,Computer_Available
2019-20,29,Karnataka,2908,GADAG,290801,GADAG CITY,Rural,11,HSS (XI-XII),2,Tribal Welfare Department,1,1,1,0,1,0,1,1,0,0,1,1,0,1,1,1,1,1,1,1,1,1,1,1,1,1,1,0,1,0,1,1,1,1,0,0,0,1
2019-20,29,Karnataka,2908,GADAG,290801,GADAG CITY,Rural,11,HSS (XI-XII),5,Private Unaided (Recognized),1,1,1,0,1,1,1,1,1,0,1,1,1,1,0,1,1,1,1,1,1,1,1,1,1,1,1,1,0,1,1,0,1,0,1,0,0,0
2019-20,29,Karnataka,2908,GADAG,290801,GADAG CITY,Urban,1,PS (I-V),1,Department of Education,14,14,12,0,4,6,14,14,1,0,8,12,1,10,2,12,12,12,12,14,14,9,7,10,10,14,14,3,3,3,10,5,10,10,14,10,1,4
2019-20,29,Karnataka,2908,GADAG,290801,GADAG CITY,Urban,1,PS (I-V),4,Government Aided,3,3,3,0,2,2,2,3,0,0,2,3,0,3,1,3,3,3,3,3,3,3,3,3,3,3,3,2,1,1,2,0,2,1,3,2,1,1
2019-20,29,Karnataka,2908,GADAG,290801,GADAG CITY,Urban,1,PS (I-V),5,Private Unaided (Recognized),15,15,12,0,12,11,15,15,3,0,11,13,1,14,7,15,15,15,15,15,15,14,14,14,14,15,15,10,7,9,14,10,14,3,15,7,8,10
2019-20,29,Karnataka,2908,GADAG,290801,GADAG CITY,Urban,2,UPS (I-VIII),1,Department of Education,40,39,30,0,21,28,40,40,7,0,31,40,2,32,14,32,32,35,35,40,40,25,28,35,35,40,40,19,12,14,35,19,35,32,39,30,1,27
2019-20,29,Karnataka,2908,GADAG,290801,GADAG CITY,Urban,2,UPS (I-VIII),4,Government Aided,12,12,10,0,12,11,12,12,3,0,12,12,1,12,7,12,12,12,12,12,12,11,11,11,11,12,12,11,6,8,12,9,12,6,12,7,5,10
2019-20,29,Karnataka,2908,GADAG,290801,GADAG CITY,Urban,2,UPS (I-VIII),5,Private Unaided (Recognized),24,24,20,0,24,23,24,24,8,0,23,24,6,23,7,24,24,24,24,24,24,24,23,24,24,24,24,19,12,15,24,16,24,14,23,10,16,21
2019-20,29,Karnataka,2908,GADAG,290801,GADAG CITY,Urban,2,UPS (I-VIII),95,Railway School,1,1,1,0,1,1,1,1,0,0,1,1,0,0,0,1,1,1,1,1,1,1,1,1,1,1,1,0,0,0,1,0,1,1,1,1,0,0
2019-20,29,Karnataka,2908,GADAG,290801,GADAG CITY,Urban,3,HSS (I-XII),4,Government Aided,2,2,2,0,2,2,2,2,0,0,2,2,1,2,2,1,1,1,1,2,2,1,1,2,2,2,2,2,1,2,2,1,2,2,2,2,1,2
2019-20,29,Karnataka,2908,GADAG,290801,GADAG CITY,Urban,4,UPS (VI-VIII),5,Private Unaided (Recognized),2,2,1,0,2,2,2,2,0,0,2,2,1,2,1,2,2,2,2,2,2,2,2,2,2,2,2,2,1,2,2,2,2,2,2,1,2,2
2019-20,29,Karnataka,2908,GADAG,290801,GADAG CITY,Urban,5,HSS (VI-XII),3,Local body,1,1,1,0,1,1,1,1,0,0,1,1,0,1,0,1,1,1,1,1,1,1,1,1,1,1,1,0,0,1,1,0,1,1,1,1,1,1
2019-20,29,Karnataka,2908,GADAG,290801,GADAG CITY,Urban,6,SS (I-X),4,Government Aided,1,1,0,0,1,1,1,1,1,0,1,1,0,1,1,1,1,1,1,1,1,1,1,1,1,1,1,0,0,1,1,1,1,1,1,1,0,1
2019-20,29,Karnataka,2908,GADAG,290801,GADAG CITY,Urban,6,SS (I-X),5,Private Unaided (Recognized),12,12,10,0,11,9,12,12,2,0,12,12,8,12,3,12,12,12,12,12,12,12,12,12,12,12,12,12,8,10,12,10,12,6,12,7,10,11
2019-20,29,Karnataka,2908,GADAG,290801,GADAG CITY,Urban,7,SS (VI-X),2,Tribal Welfare Department,3,2,3,0,1,1,3,3,1,0,2,1,0,1,1,2,2,3,3,3,3,2,3,3,3,3,3,2,2,2,2,2,2,0,2,1,1,3
2019-20,29,Karnataka,2908,GADAG,290801,GADAG CITY,Urban,7,SS (VI-X),5,Private Unaided (Recognized),1,1,1,0,1,1,1,1,0,0,1,1,1,1,1,1,1,1,1,1,1,1,1,1,1,1,1,1,1,0,1,1,1,1,1,1,1,1
2019-20,29,Karnataka,2908,GADAG,290801,GADAG CITY,Urban,8,SS (IX-X),1,Department of Education,5,5,5,0,5,3,5,5,1,0,4,5,0,4,3,4,4,5,5,5,5,4,4,4,4,5,5,1,1,2,5,3,5,3,5,2,0,5
2019-20,29,Karnataka,2908,GADAG,290801,GADAG CITY,Urban,8,SS (IX-X),4,Government Aided,16,16,14,0,16,16,16,16,2,0,16,15,2,14,9,13,13,15,15,16,16,12,14,15,15,16,16,8,5,11,15,10,15,6,16,13,13,14
2019-20,29,Karnataka,2908,GADAG,290801,GADAG CITY,Urban,8,SS (IX-X),5,Private Unaided (Recognized),12,12,12,0,11,11,12,12,2,0,9,10,7,8,4,12,12,12,12,12,12,12,12,12,12,12,12,11,9,12,12,9,12,5,12,5,10,9
2019-20,29,Karnataka,2908,GADAG,290801,GADAG CITY,Urban,10,HSS (IX-XII),4,Government Aided,1,1,1,0,1,1,1,1,0,0,1,1,0,1,1,1,1,1,1,1,1,1,1,1,1,1,1,1,0,1,1,1,1,1,1,0,0,1
2019-20,29,Karnataka,2908,GADAG,290801,GADAG CITY,Urban,11,HSS (XI-XII),1,Department of Education,1,1,1,0,1,0,1,1,0,0,1,1,0,1,0,1,1,1,1,1,1,1,1,1,1,1,1,1,1,1,1,0,1,1,1,0,1,1
2019-20,29,Karnataka,2908,GADAG,290801,GADAG CITY,Urban,11,HSS (XI-XII),4,Government Aided,4,4,4,0,4,1,4,4,0,0,4,4,1,4,0,4,4,4,4,4,4,4,4,4,4,4,4,1,2,1,4,2,4,1,2,0,1,3
2019-20,29,Karnataka,2908,GADAG,290801,GADAG CITY,Urban,11,HSS (XI-XII),5,Private Unaided (Recognized),17,17,16,0,17,9,17,17,2,0,16,17,3,16,1,16,16,17,17,17,17,16,17,17,17,17,17,8,4,6,17,2,17,10,6,3,13,12
2019-20,29,Karnataka,2908,GADAG,290802,MUNDARAGI,Rural,1,PS (I-V),1,Department of Education,21,21,12,0,1,17,21,21,7,0,19,19,1,14,11,15,15,20,20,21,21,14,15,16,16,21,21,6,8,7,20,16,20,17,21,14,0,3
2019-20,29,Karnataka,2908,GADAG,290802,MUNDARAGI,Rural,1,PS (I-V),5,Private Unaided (Recognized),10,10,6,0,6,7,10,10,5,0,10,9,0,8,5,10,10,10,10,10,10,9,9,9,9,10,10,6,3,7,10,9,10,3,9,3,4,8
2019-20,29,Karnataka,2908,GADAG,290802,MUNDARAGI,Rural,2,UPS (I-VIII),1,Department of Education,59,59,44,0,26,46,59,59,15,0,49,59,4,55,32,47,46,49,47,59,57,34,33,41,41,57,57,13,14,29,51,36,50,52,59,35,0,31
2019-20,29,Karnataka,2908,GADAG,290802,MUNDARAGI,Rural,2,UPS (I-VIII),4,Government Aided,2,2,1,0,1,2,2,2,1,0,1,1,0,1,1,2,2,2,2,2,2,1,1,1,1,2,2,1,0,1,1,1,1,0,2,0,1,0
2019-20,29,Karnataka,2908,GADAG,290802,MUNDARAGI,Rural,2,UPS (I-VIII),5,Private Unaided (Recognized),2,2,1,0,2,2,2,2,0,0,2,2,0,2,0,2,2,2,2,2,2,1,1,1,1,2,2,2,0,2,2,1,2,0,1,0,0,1
2019-20,29,Karnataka,2908,GADAG,290802,MUNDARAGI,Rural,4,UPS (VI-VIII),1,Department of Education,1,1,1,0,1,1,1,1,1,0,1,1,0,1,1,0,0,1,1,1,1,0,1,1,1,1,1,1,0,1,1,1,1,1,1,1,1,1
2019-20,29,Karnataka,2908,GADAG,290802,MUNDARAGI,Rural,5,HSS (VI-XII),93,Jawahar Navodaya Vidyalaya ,1,1,1,0,1,1,1,1,1,0,1,1,1,1,1,1,1,1,1,1,1,1,1,1,1,1,1,1,1,1,1,1,1,1,0,0,1,1
2019-20,29,Karnataka,2908,GADAG,290802,MUNDARAGI,Rural,6,SS (I-X),1,Department of Education,5,5,5,0,4,5,5,5,1,0,5,5,0,5,3,5,5,5,5,5,5,5,5,5,5,5,5,1,1,4,5,4,5,5,5,3,0,4
2019-20,29,Karnataka,2908,GADAG,290802,MUNDARAGI,Rural,7,SS (VI-X),1,Department of Education,1,1,0,0,1,1,1,1,0,0,1,1,0,1,1,1,1,1,1,1,1,1,0,1,1,1,1,1,0,0,1,1,1,0,1,1,1,1
2019-20,29,Karnataka,2908,GADAG,290802,MUNDARAGI,Rural,7,SS (VI-X),2,Tribal Welfare Department,1,1,1,0,0,0,1,1,0,0,1,1,0,0,0,0,0,1,1,1,1,0,1,1,1,1,1,1,0,0,0,0,0,0,0,0,1,1
2019-20,29,Karnataka,2908,GADAG,290802,MUNDARAGI,Rural,7,SS (VI-X),90,Social welfare Department,1,1,1,0,1,1,1,1,1,0,1,1,0,1,1,1,1,1,1,1,1,1,1,1,1,1,1,1,0,1,1,1,1,0,1,0,1,1
2019-20,29,Karnataka,2908,GADAG,290802,MUNDARAGI,Rural,8,SS (IX-X),1,Department of Education,10,10,2,0,7,8,10,10,3,0,9,10,2,9,3,10,10,10,10,10,10,8,8,8,8,10,10,5,2,6,8,6,8,6,10,6,3,10
2019-20,29,Karnataka,2908,GADAG,290802,MUNDARAGI,Rural,8,SS (IX-X),4,Government Aided,9,9,8,0,9,9,9,9,3,0,7,8,0,7,3,8,8,8,8,9,9,7,7,8,8,9,9,6,4,5,7,4,7,2,9,7,6,8
2019-20,29,Karnataka,2908,GADAG,290802,MUNDARAGI,Rural,11,HSS (XI-XII),1,Department of Education,3,3,1,0,0,2,3,3,0,0,2,3,0,2,0,3,3,3,3,3,3,3,3,3,3,3,3,1,1,0,3,0,3,1,3,3,0,2
2019-20,29,Karnataka,2908,GADAG,290802,MUNDARAGI,Rural,11,HSS (XI-XII),4,Government Aided,2,2,2,0,2,2,2,2,1,0,2,2,0,2,0,2,2,2,2,2,2,1,1,1,1,2,2,0,1,1,2,1,2,0,2,1,1,2
2019-20,29,Karnataka,2908,GADAG,290802,MUNDARAGI,Urban,1,PS (I-V),1,Department of Education,2,2,1,0,1,1,2,2,1,0,2,1,0,2,0,2,2,2,2,2,2,2,2,2,2,2,2,1,1,1,2,2,2,2,2,2,0,0
2019-20,29,Karnataka,2908,GADAG,290802,MUNDARAGI,Urban,1,PS (I-V),4,Government Aided,2,2,2,0,2,2,2,2,1,0,2,2,0,2,1,2,2,2,2,2,2,2,2,2,2,2,2,0,1,1,2,2,2,0,2,1,1,1
2019-20,29,Karnataka,2908,GADAG,290802,MUNDARAGI,Urban,2,UPS (I-VIII),1,Department of Education,10,10,8,0,5,5,10,10,0,0,6,9,0,8,1,8,8,9,9,10,10,6,6,7,7,10,10,1,2,2,7,2,7,6,10,6,0,6
2019-20,29,Karnataka,2908,GADAG,290802,MUNDARAGI,Urban,2,UPS (I-VIII),4,Government Aided,1,1,1,0,1,1,1,1,0,0,1,1,0,1,0,1,1,1,1,1,1,1,1,1,1,1,1,0,0,0,1,1,1,1,1,0,0,1
2019-20,29,Karnataka,2908,GADAG,290802,MUNDARAGI,Urban,2,UPS (I-VIII),5,Private Unaided (Recognized),3,3,3,0,3,1,3,3,0,0,3,3,0,3,1,3,3,3,3,3,3,3,2,3,3,3,3,0,1,2,3,2,3,0,3,2,0,2
2019-20,29,Karnataka,2908,GADAG,290802,MUNDARAGI,Urban,3,HSS (I-XII),4,Government Aided,1,1,1,0,1,1,1,1,0,0,1,1,0,1,0,1,1,1,1,1,1,1,1,1,1,1,1,1,0,0,1,0,1,0,1,0,1,1
2019-20,29,Karnataka,2908,GADAG,290802,MUNDARAGI,Urban,6,SS (I-X),5,Private Unaided (Recognized),3,3,3,0,3,3,3,3,1,0,2,3,3,3,2,3,3,3,3,3,3,3,3,3,3,3,3,3,2,2,3,2,3,1,2,1,3,3
2019-20,29,Karnataka,2908,GADAG,290802,MUNDARAGI,Urban,7,SS (VI-X),2,Tribal Welfare Department,2,2,2,0,1,0,2,2,0,0,2,1,0,0,0,2,2,2,2,2,2,2,2,2,2,2,2,2,0,0,2,0,2,0,2,0,0,2
2019-20,29,Karnataka,2908,GADAG,290802,MUNDARAGI,Urban,7,SS (VI-X),90,Social welfare Department,1,1,0,0,0,0,1,1,0,0,0,1,0,1,0,1,1,1,1,1,1,0,0,0,0,1,1,1,0,1,1,1,1,0,1,1,1,1
2019-20,29,Karnataka,2908,GADAG,290802,MUNDARAGI,Urban,8,SS (IX-X),1,Department of Education,1,1,0,0,0,1,1,1,0,0,0,1,0,1,0,0,0,1,1,1,1,0,1,1,1,1,1,0,0,0,1,0,1,0,1,1,0,1
2019-20,29,Karnataka,2908,GADAG,290802,MUNDARAGI,Urban,8,SS (IX-X),4,Government Aided,2,2,2,0,2,2,2,2,0,0,2,2,1,2,1,1,1,2,2,2,2,1,2,2,2,2,2,1,2,0,2,1,2,2,2,0,1,2
2019-20,29,Karnataka,2908,GADAG,290802,MUNDARAGI,Urban,8,SS (IX-X),5,Private Unaided (Recognized),2,2,2,0,2,1,2,2,0,0,2,2,0,2,0,2,2,2,2,2,2,2,2,2,2,2,2,0,0,1,2,1,2,0,2,2,0,1
2019-20,29,Karnataka,2908,GADAG,290802,MUNDARAGI,Urban,11,HSS (XI-XII),1,Department of Education,1,1,0,0,1,0,1,1,0,0,0,1,0,1,0,1,1,1,1,1,1,1,1,1,1,1,1,1,0,0,1,0,1,0,1,1,1,1
2019-20,29,Karnataka,2908,GADAG,290802,MUNDARAGI,Urban,11,HSS (XI-XII),4,Government Aided,1,1,1,0,1,1,1,1,0,0,1,1,0,1,0,1,1,1,1,1,1,1,1,1,1,1,1,0,0,0,1,0,1,0,1,1,0,0
2019-20,29,Karnataka,2908,GADAG,290802,MUNDARAGI,Urban,11,HSS (XI-XII),5,Private Unaided (Recognized),4,4,3,0,4,4,4,4,0,0,4,4,0,4,0,3,3,4,4,4,4,3,4,4,4,4,4,1,2,1,4,0,4,1,3,3,4,4
2019-20,29,Karnataka,2908,GADAG,290803,NARAGUND,Rural,1,PS (I-V),1,Department of Education,9,9,6,1,2,4,9,9,3,2,6,5,1,5,4,9,9,9,9,9,9,5,3,5,5,9,9,3,6,4,6,5,6,3,9,5,0,1
2019-20,29,Karnataka,2908,GADAG,290803,NARAGUND,Rural,1,PS (I-V),5,Private Unaided (Recognized),8,8,6,0,8,6,8,8,5,0,6,4,4,6,5,8,8,8,8,8,8,5,5,5,5,8,8,4,5,6,8,6,8,1,8,1,4,5
2019-20,29,Karnataka,2908,GADAG,290803,NARAGUND,Rural,2,UPS (I-VIII),1,Department of Education,30,30,20,0,12,23,30,30,13,0,29,27,5,24,15,28,28,27,27,30,30,17,16,18,18,30,30,17,15,18,29,20,29,22,30,16,0,23
2019-20,29,Karnataka,2908,GADAG,290803,NARAGUND,Rural,2,UPS (I-VIII),4,Government Aided,3,3,1,0,2,2,3,3,2,0,2,2,0,2,1,3,3,3,3,3,3,2,2,2,2,3,3,2,2,1,2,1,2,1,3,1,2,3
2019-20,29,Karnataka,2908,GADAG,290803,NARAGUND,Rural,2,UPS (I-VIII),5,Private Unaided (Recognized),1,1,1,0,1,0,1,1,0,0,0,0,0,0,0,1,1,1,1,1,1,0,0,0,0,1,1,0,0,0,0,0,0,0,0,0,1,1
2019-20,29,Karnataka,2908,GADAG,290803,NARAGUND,Rural,6,SS (I-X),1,Department of Education,5,5,5,0,0,1,5,5,1,0,3,3,0,3,0,5,5,5,5,5,5,3,3,3,3,5,5,4,3,4,5,3,5,3,5,2,0,5
2019-20,29,Karnataka,2908,GADAG,290803,NARAGUND,Rural,7,SS (VI-X),2,Tribal Welfare Department,1,0,0,0,1,1,1,1,1,0,1,1,0,1,0,1,1,1,1,1,1,1,1,1,1,1,1,0,0,0,1,1,1,0,1,0,1,1
2019-20,29,Karnataka,2908,GADAG,290803,NARAGUND,Rural,8,SS (IX-X),1,Department of Education,9,9,3,0,7,8,9,9,1,0,8,9,0,9,6,9,9,9,9,9,9,6,6,6,6,9,9,5,1,3,9,6,9,6,9,5,1,9
2019-20,29,Karnataka,2908,GADAG,290803,NARAGUND,Rural,8,SS (IX-X),4,Government Aided,4,4,4,0,3,2,4,4,1,0,2,2,0,2,2,3,3,4,4,4,4,3,4,4,4,4,4,1,1,0,3,1,3,0,4,0,2,4
2019-20,29,Karnataka,2908,GADAG,290803,NARAGUND,Rural,11,HSS (XI-XII),1,Department of Education,2,2,0,0,0,0,2,2,0,0,0,2,0,1,0,1,1,2,2,2,2,0,1,1,1,2,2,0,0,0,1,0,1,0,2,2,1,1
2019-20,29,Karnataka,2908,GADAG,290803,NARAGUND,Rural,11,HSS (XI-XII),4,Government Aided,2,2,0,0,0,1,2,2,0,0,1,2,0,2,1,2,2,2,2,2,2,2,2,2,2,2,2,1,0,0,2,0,2,0,2,2,0,2
2019-20,29,Karnataka,2908,GADAG,290803,NARAGUND,Urban,1,PS (I-V),1,Department of Education,1,1,1,0,1,1,1,1,1,0,1,1,1,1,1,1,1,1,1,1,1,0,0,0,0,1,1,1,1,1,1,1,1,0,1,0,0,0
2019-20,29,Karnataka,2908,GADAG,290803,NARAGUND,Urban,1,PS (I-V),5,Private Unaided (Recognized),6,6,5,0,6,5,6,6,3,1,5,5,1,4,2,6,6,6,6,6,6,5,5,5,5,6,6,2,4,3,6,6,6,1,6,3,3,4
2019-20,29,Karnataka,2908,GADAG,290803,NARAGUND,Urban,2,UPS (I-VIII),1,Department of Education,9,9,8,0,4,6,9,9,4,0,7,7,1,7,5,8,8,8,8,9,9,5,5,6,6,9,9,6,6,7,9,7,9,6,9,4,0,5
2019-20,29,Karnataka,2908,GADAG,290803,NARAGUND,Urban,2,UPS (I-VIII),4,Government Aided,2,2,2,0,2,2,2,2,0,0,2,2,1,2,2,2,2,2,2,2,2,2,2,2,2,2,2,2,0,2,2,2,2,0,2,1,1,2
2019-20,29,Karnataka,2908,GADAG,290803,NARAGUND,Urban,2,UPS (I-VIII),5,Private Unaided (Recognized),5,5,5,0,5,3,5,5,2,0,4,5,2,4,4,5,5,5,5,5,5,4,4,4,4,5,5,4,0,5,4,4,4,1,5,0,3,5
2019-20,29,Karnataka,2908,GADAG,290803,NARAGUND,Urban,4,UPS (VI-VIII),5,Private Unaided (Recognized),1,1,1,0,0,0,1,1,0,0,1,1,0,1,0,1,1,1,1,1,1,1,1,1,1,1,1,0,1,0,1,1,1,0,0,0,1,1
2019-20,29,Karnataka,2908,GADAG,290803,NARAGUND,Urban,6,SS (I-X),5,Private Unaided (Recognized),2,2,2,0,1,1,2,2,0,0,1,2,1,1,0,2,2,2,2,2,2,2,2,2,2,2,2,1,2,1,1,1,1,0,1,0,2,2
2019-20,29,Karnataka,2908,GADAG,290803,NARAGUND,Urban,7,SS (VI-X),5,Private Unaided (Recognized),1,1,1,0,0,0,1,1,0,0,0,0,0,0,0,1,1,1,1,1,1,1,1,1,1,1,1,0,1,0,1,0,1,0,0,0,1,1
2019-20,29,Karnataka,2908,GADAG,290803,NARAGUND,Urban,7,SS (VI-X),90,Social welfare Department,1,1,1,0,0,0,1,1,0,0,1,0,0,0,0,1,1,1,1,1,1,0,0,0,0,1,1,0,1,0,0,0,0,0,0,0,0,1
2019-20,29,Karnataka,2908,GADAG,290803,NARAGUND,Urban,8,SS (IX-X),1,Department of Education,2,2,1,0,2,1,2,2,1,0,2,2,1,2,1,1,1,2,2,2,2,1,1,1,1,2,2,0,0,0,1,0,1,2,2,1,1,2
2019-20,29,Karnataka,2908,GADAG,290803,NARAGUND,Urban,8,SS (IX-X),4,Government Aided,2,2,2,0,0,0,2,2,0,0,0,0,0,0,0,2,2,2,2,2,2,1,0,1,1,2,2,1,1,0,1,0,1,0,2,0,2,2
2019-20,29,Karnataka,2908,GADAG,290803,NARAGUND,Urban,8,SS (IX-X),5,Private Unaided (Recognized),5,5,4,0,4,2,5,5,2,0,3,4,0,3,3,5,5,5,5,5,5,3,2,3,3,5,5,1,3,1,4,3,4,0,3,1,3,5
2019-20,29,Karnataka,2908,GADAG,290803,NARAGUND,Urban,10,HSS (IX-XII),1,Department of Education,1,1,0,0,1,1,1,1,1,0,1,1,0,1,1,1,1,1,1,1,1,1,1,1,1,1,1,0,1,0,1,1,1,1,1,1,0,1
2019-20,29,Karnataka,2908,GADAG,290803,NARAGUND,Urban,11,HSS (XI-XII),1,Department of Education,1,1,1,0,1,1,1,1,0,0,1,1,0,1,0,1,1,1,1,1,1,0,0,0,0,1,1,0,0,0,1,0,1,0,1,1,0,1
2019-20,29,Karnataka,2908,GADAG,290803,NARAGUND,Urban,11,HSS (XI-XII),5,Private Unaided (Recognized),3,3,2,0,2,1,3,3,1,0,3,3,1,3,1,3,3,3,3,3,3,1,1,1,1,3,3,0,0,0,3,0,3,0,1,1,0,0
2019-20,29,Karnataka,2908,GADAG,290804,RON,Rural,1,PS (I-V),1,Department of Education,27,27,22,1,1,19,27,27,8,0,25,26,2,25,12,27,26,27,27,27,27,14,15,15,15,27,27,14,14,17,24,22,24,26,27,8,0,1
2019-20,29,Karnataka,2908,GADAG,290804,RON,Rural,1,PS (I-V),4,Government Aided,1,1,1,0,1,1,1,1,0,0,1,1,0,1,0,1,1,1,1,1,1,1,1,1,1,1,1,0,0,1,1,1,1,0,1,1,0,1
2019-20,29,Karnataka,2908,GADAG,290804,RON,Rural,1,PS (I-V),5,Private Unaided (Recognized),9,9,8,0,3,6,9,9,1,0,5,5,1,5,2,9,9,9,9,9,9,7,6,7,7,9,9,8,4,6,5,5,5,3,5,2,3,3
2019-20,29,Karnataka,2908,GADAG,290804,RON,Rural,2,UPS (I-VIII),1,Department of Education,91,91,64,0,43,74,91,91,28,0,84,90,3,88,47,80,78,78,77,90,89,58,59,69,68,91,91,39,41,57,77,55,75,76,91,46,2,60
2019-20,29,Karnataka,2908,GADAG,290804,RON,Rural,2,UPS (I-VIII),4,Government Aided,3,3,2,0,3,3,3,3,1,0,3,3,1,3,2,3,3,3,3,3,3,0,0,0,0,3,3,2,2,2,3,3,3,1,3,2,1,2
2019-20,29,Karnataka,2908,GADAG,290804,RON,Rural,2,UPS (I-VIII),5,Private Unaided (Recognized),6,6,1,0,5,6,6,6,5,0,6,6,1,6,5,6,6,6,6,6,6,5,4,5,5,6,6,6,5,6,6,6,6,0,6,3,3,3
2019-20,29,Karnataka,2908,GADAG,290804,RON,Rural,4,UPS (VI-VIII),1,Department of Education,1,1,1,0,1,1,1,1,1,0,1,1,0,1,1,0,0,1,1,1,1,0,0,0,0,1,1,1,0,1,1,1,1,1,1,1,0,1
2019-20,29,Karnataka,2908,GADAG,290804,RON,Rural,4,UPS (VI-VIII),4,Government Aided,1,1,0,0,1,1,1,1,0,0,1,1,0,1,0,1,1,1,1,1,1,0,1,1,1,1,1,1,0,0,1,0,1,0,1,0,0,1
2019-20,29,Karnataka,2908,GADAG,290804,RON,Rural,6,SS (I-X),1,Department of Education,11,11,9,0,5,10,11,11,7,0,10,11,1,10,9,11,11,10,10,11,11,8,7,8,8,11,11,9,7,10,9,10,9,9,11,4,1,7
2019-20,29,Karnataka,2908,GADAG,290804,RON,Rural,6,SS (I-X),4,Government Aided,1,1,1,0,1,1,1,1,1,0,1,1,0,1,1,1,1,1,1,1,1,1,1,1,1,1,1,1,1,1,1,1,1,1,1,1,1,1
2019-20,29,Karnataka,2908,GADAG,290804,RON,Rural,6,SS (I-X),5,Private Unaided (Recognized),2,2,1,1,2,2,2,2,1,0,1,1,1,1,1,2,2,2,2,2,2,2,2,2,2,2,2,2,2,2,2,2,2,0,1,1,1,1
2019-20,29,Karnataka,2908,GADAG,290804,RON,Rural,7,SS (VI-X),1,Department of Education,1,1,1,0,1,1,1,1,1,0,1,1,0,1,0,1,1,1,1,1,1,1,1,1,1,1,1,1,1,1,1,1,1,0,1,0,1,1
2019-20,29,Karnataka,2908,GADAG,290804,RON,Rural,7,SS (VI-X),4,Government Aided,1,1,0,0,1,0,1,1,0,0,1,1,0,1,0,1,1,1,1,1,1,1,1,1,1,1,1,0,0,0,1,0,1,0,0,0,0,1
2019-20,29,Karnataka,2908,GADAG,290804,RON,Rural,7,SS (VI-X),90,Social welfare Department,2,2,1,0,1,1,2,2,1,0,2,1,0,2,1,2,2,2,2,2,2,2,2,2,2,2,2,1,1,0,1,2,1,0,2,2,0,2
2019-20,29,Karnataka,2908,GADAG,290804,RON,Rural,8,SS (IX-X),1,Department of Education,14,14,4,0,10,12,14,14,4,0,13,13,0,13,3,14,14,14,14,14,14,10,10,10,10,14,14,3,2,6,11,7,11,8,14,7,2,14
2019-20,29,Karnataka,2908,GADAG,290804,RON,Rural,8,SS (IX-X),4,Government Aided,18,18,12,0,17,18,17,17,4,0,17,18,0,18,8,17,17,18,18,18,18,13,15,15,15,18,18,9,8,10,16,10,16,7,18,15,6,15
2019-20,29,Karnataka,2908,GADAG,290804,RON,Rural,8,SS (IX-X),5,Private Unaided (Recognized),2,2,2,0,2,2,2,2,0,0,1,2,0,1,1,2,2,2,2,2,2,2,1,2,2,2,2,1,1,1,2,2,2,0,2,0,1,1
2019-20,29,Karnataka,2908,GADAG,290804,RON,Rural,11,HSS (XI-XII),1,Department of Education,4,4,4,0,4,4,4,4,0,0,4,4,0,2,0,4,4,4,4,4,4,3,4,4,4,4,4,0,0,0,3,2,3,4,4,3,0,4
2019-20,29,Karnataka,2908,GADAG,290804,RON,Rural,11,HSS (XI-XII),4,Government Aided,3,3,3,0,3,3,3,3,1,0,3,3,0,3,0,3,3,3,3,3,3,3,3,3,3,3,3,0,1,0,3,0,3,2,3,3,1,3
2019-20,29,Karnataka,2908,GADAG,290804,RON,Rural,11,HSS (XI-XII),5,Private Unaided (Recognized),3,3,2,0,3,3,3,3,0,0,3,3,0,3,0,3,3,3,3,3,3,3,3,3,3,3,3,1,0,0,3,1,3,0,3,2,1,3
2019-20,29,Karnataka,2908,GADAG,290804,RON,Urban,1,PS (I-V),1,Department of Education,6,6,4,0,2,6,6,6,4,0,5,6,1,4,5,6,6,6,6,6,6,6,6,6,6,6,6,3,4,3,5,5,5,4,6,3,0,0
2019-20,29,Karnataka,2908,GADAG,290804,RON,Urban,1,PS (I-V),4,Government Aided,1,1,1,0,1,1,1,1,1,0,1,1,0,1,1,1,1,1,1,1,1,1,1,1,1,1,1,0,0,1,1,1,1,0,1,0,0,0
2019-20,29,Karnataka,2908,GADAG,290804,RON,Urban,1,PS (I-V),5,Private Unaided (Recognized),10,10,7,0,8,9,10,10,0,0,10,8,3,10,3,10,10,10,10,10,10,6,6,6,6,10,10,7,6,8,8,7,8,3,10,5,6,6
2019-20,29,Karnataka,2908,GADAG,290804,RON,Urban,2,UPS (I-VIII),1,Department of Education,22,21,18,0,12,19,22,22,5,0,21,22,0,22,9,20,20,21,21,22,22,13,14,15,15,22,22,9,11,11,20,12,20,16,22,9,0,11
2019-20,29,Karnataka,2908,GADAG,290804,RON,Urban,2,UPS (I-VIII),4,Government Aided,6,6,5,0,5,6,6,6,3,0,6,6,1,6,5,6,6,6,6,6,6,4,4,4,4,6,6,5,5,6,6,6,6,1,6,2,1,2
2019-20,29,Karnataka,2908,GADAG,290804,RON,Urban,2,UPS (I-VIII),5,Private Unaided (Recognized),15,15,14,0,13,13,15,15,3,0,14,15,3,13,7,15,15,15,15,15,15,14,14,14,14,15,15,12,6,11,13,11,13,3,14,2,8,13
2019-20,29,Karnataka,2908,GADAG,290804,RON,Urban,4,UPS (VI-VIII),5,Private Unaided (Recognized),1,1,1,0,1,1,1,1,1,0,1,1,0,1,1,1,1,1,1,1,1,0,0,0,0,1,1,1,1,1,1,1,1,0,1,1,0,0
2019-20,29,Karnataka,2908,GADAG,290804,RON,Urban,6,SS (I-X),2,Tribal Welfare Department,1,1,1,0,1,1,1,1,1,0,1,1,0,1,1,1,1,1,1,1,1,1,1,1,1,1,1,1,0,0,1,0,1,0,1,1,0,1
2019-20,29,Karnataka,2908,GADAG,290804,RON,Urban,6,SS (I-X),5,Private Unaided (Recognized),1,1,1,0,1,1,1,1,0,0,1,1,0,1,0,1,1,1,1,1,1,1,1,1,1,1,1,1,1,1,1,1,1,0,1,1,1,1
2019-20,29,Karnataka,2908,GADAG,290804,RON,Urban,7,SS (VI-X),5,Private Unaided (Recognized),1,1,1,0,1,1,1,1,0,0,1,1,0,1,1,1,1,1,1,1,1,1,1,1,1,1,1,1,0,1,1,0,1,0,1,0,1,1
2019-20,29,Karnataka,2908,GADAG,290804,RON,Urban,7,SS (VI-X),90,Social welfare Department,3,2,3,0,2,2,3,3,2,0,3,3,1,3,2,2,2,3,3,3,3,0,0,0,0,3,3,1,0,2,3,2,3,0,2,2,2,1
2019-20,29,Karnataka,2908,GADAG,290804,RON,Urban,8,SS (IX-X),1,Department of Education,5,5,2,0,3,4,5,5,2,0,4,4,1,4,3,4,4,4,4,5,5,3,2,4,4,5,5,2,1,4,4,3,4,3,5,3,2,5
2019-20,29,Karnataka,2908,GADAG,290804,RON,Urban,8,SS (IX-X),4,Government Aided,12,12,6,0,11,11,12,12,3,1,11,11,3,11,6,9,9,12,12,12,12,9,12,12,12,12,12,7,6,3,11,10,11,3,12,7,6,11
2019-20,29,Karnataka,2908,GADAG,290804,RON,Urban,8,SS (IX-X),5,Private Unaided (Recognized),6,6,6,0,6,5,6,6,4,0,6,6,2,6,2,6,6,6,6,6,6,4,4,4,4,6,6,6,4,6,6,5,6,2,6,4,3,6
2019-20,29,Karnataka,2908,GADAG,290804,RON,Urban,11,HSS (XI-XII),1,Department of Education,3,3,2,0,3,2,3,3,0,0,3,2,0,3,0,2,2,3,3,3,3,2,3,3,3,3,3,0,0,1,2,0,2,3,3,3,1,3
2019-20,29,Karnataka,2908,GADAG,290804,RON,Urban,11,HSS (XI-XII),4,Government Aided,2,2,2,0,2,2,2,2,0,0,2,2,0,2,0,2,2,2,2,2,2,2,2,2,2,2,2,1,0,0,2,0,2,0,2,2,1,1
2019-20,29,Karnataka,2908,GADAG,290804,RON,Urban,11,HSS (XI-XII),5,Private Unaided (Recognized),9,9,7,0,9,9,9,9,0,0,9,9,1,9,0,9,9,9,9,9,9,9,9,9,9,9,9,4,3,1,9,0,9,5,8,8,5,9
2019-20,29,Karnataka,2908,GADAG,290805,SHIRHATTI,Rural,1,PS (I-V),1,Department of Education,54,54,38,0,6,40,54,54,15,0,47,52,5,39,33,51,51,54,54,54,54,35,35,37,37,54,54,14,13,38,52,27,52,42,54,30,2,14
2019-20,29,Karnataka,2908,GADAG,290805,SHIRHATTI,Rural,1,PS (I-V),5,Private Unaided (Recognized),10,10,9,0,7,8,10,10,1,0,9,8,0,6,3,10,10,10,10,10,10,6,6,6,6,10,10,9,4,8,10,7,10,4,8,6,4,2
2019-20,29,Karnataka,2908,GADAG,290805,SHIRHATTI,Rural,1,PS (I-V),90,Social welfare Department,2,2,1,0,1,2,2,2,2,0,2,2,0,2,2,2,2,2,2,2,2,2,2,2,2,2,2,2,1,1,2,1,2,0,2,2,1,1
2019-20,29,Karnataka,2908,GADAG,290805,SHIRHATTI,Rural,2,UPS (I-VIII),1,Department of Education,50,50,40,0,27,39,50,50,15,0,44,48,3,41,29,46,46,46,46,50,50,28,29,33,33,50,50,21,26,35,49,30,49,36,50,32,2,26
2019-20,29,Karnataka,2908,GADAG,290805,SHIRHATTI,Rural,2,UPS (I-VIII),4,Government Aided,4,4,2,0,3,2,4,4,1,0,4,4,0,4,2,4,4,4,4,4,4,4,4,4,4,4,4,2,0,2,4,3,4,1,4,3,1,3
2019-20,29,Karnataka,2908,GADAG,290805,SHIRHATTI,Rural,2,UPS (I-VIII),5,Private Unaided (Recognized),8,8,7,0,8,6,8,8,2,0,7,8,2,7,4,8,8,8,8,8,8,5,5,5,5,8,8,7,4,8,8,6,8,1,7,2,3,4
2019-20,29,Karnataka,2908,GADAG,290805,SHIRHATTI,Rural,4,UPS (VI-VIII),5,Private Unaided (Recognized),2,1,2,0,1,1,2,2,1,0,2,2,0,2,2,1,1,2,2,2,2,0,0,0,0,2,2,1,2,2,2,1,2,1,2,2,1,1
2019-20,29,Karnataka,2908,GADAG,290805,SHIRHATTI,Rural,6,SS (I-X),1,Department of Education,5,5,3,0,2,5,5,5,2,0,5,5,1,5,4,5,5,5,5,5,5,4,4,4,4,5,5,2,2,4,5,4,5,3,5,4,0,2
2019-20,29,Karnataka,2908,GADAG,290805,SHIRHATTI,Rural,6,SS (I-X),5,Private Unaided (Recognized),1,1,0,0,1,1,1,1,1,0,0,1,0,0,0,1,1,1,1,1,1,1,1,1,1,1,1,1,1,1,1,1,1,0,1,0,0,0
2019-20,29,Karnataka,2908,GADAG,290805,SHIRHATTI,Rural,7,SS (VI-X),4,Government Aided,1,1,0,0,1,1,1,1,0,0,0,0,0,0,0,1,1,1,1,1,1,1,1,1,1,1,1,1,1,1,1,0,1,0,1,0,1,1
2019-20,29,Karnataka,2908,GADAG,290805,SHIRHATTI,Rural,7,SS (VI-X),90,Social welfare Department,3,3,3,0,3,3,3,3,1,0,3,2,1,2,2,3,3,3,3,3,3,3,2,3,3,3,3,0,0,3,3,2,3,0,3,1,0,3
2019-20,29,Karnataka,2908,GADAG,290805,SHIRHATTI,Rural,8,SS (IX-X),1,Department of Education,12,12,8,0,7,11,12,12,3,0,12,12,0,12,9,11,11,12,12,12,12,7,8,8,8,12,12,8,4,9,11,7,11,4,12,7,3,12
2019-20,29,Karnataka,2908,GADAG,290805,SHIRHATTI,Rural,8,SS (IX-X),4,Government Aided,10,10,8,0,7,9,10,10,2,0,10,10,1,10,6,10,10,10,10,10,10,10,10,10,10,10,10,5,4,8,10,8,10,2,10,6,3,8
2019-20,29,Karnataka,2908,GADAG,290805,SHIRHATTI,Rural,8,SS (IX-X),5,Private Unaided (Recognized),2,2,1,0,2,2,2,2,2,0,2,2,1,2,2,2,2,2,2,2,2,2,2,2,2,2,2,2,2,2,2,1,2,0,2,1,2,1
2019-20,29,Karnataka,2908,GADAG,290805,SHIRHATTI,Rural,11,HSS (XI-XII),1,Department of Education,6,6,3,0,2,6,6,6,1,0,4,5,0,4,0,5,5,6,6,6,6,4,5,5,5,6,6,0,0,1,5,0,5,5,6,6,0,4
2019-20,29,Karnataka,2908,GADAG,290805,SHIRHATTI,Rural,11,HSS (XI-XII),4,Government Aided,1,1,1,0,1,1,1,1,0,0,1,1,0,1,0,1,1,1,1,1,1,1,1,1,1,1,1,0,0,0,1,0,1,1,1,1,0,0
2019-20,29,Karnataka,2908,GADAG,290805,SHIRHATTI,Rural,11,HSS (XI-XII),5,Private Unaided (Recognized),1,1,1,0,1,1,1,1,0,0,0,1,0,0,0,1,1,1,1,1,1,1,1,1,1,1,1,0,0,0,1,0,1,1,1,1,0,1
2019-20,29,Karnataka,2908,GADAG,290805,SHIRHATTI,Urban,1,PS (I-V),1,Department of Education,12,12,9,1,3,9,12,12,6,0,11,12,0,7,7,11,11,12,12,12,12,7,9,9,9,12,12,9,5,10,12,7,12,9,12,8,1,1
2019-20,29,Karnataka,2908,GADAG,290805,SHIRHATTI,Urban,1,PS (I-V),4,Government Aided,1,1,1,0,0,1,1,1,0,0,0,1,0,0,0,1,1,1,1,1,1,1,1,1,1,1,1,1,1,1,1,1,1,0,1,0,0,0
2019-20,29,Karnataka,2908,GADAG,290805,SHIRHATTI,Urban,1,PS (I-V),5,Private Unaided (Recognized),7,7,6,0,5,3,7,7,2,0,6,7,2,5,2,7,7,7,7,7,7,6,6,6,6,7,7,5,4,5,7,4,7,1,6,4,5,4
2019-20,29,Karnataka,2908,GADAG,290805,SHIRHATTI,Urban,2,UPS (I-VIII),1,Department of Education,15,15,14,0,12,11,15,15,6,0,14,15,0,9,11,14,14,14,14,15,15,11,10,12,12,15,15,6,6,10,13,10,13,12,15,9,1,10
2019-20,29,Karnataka,2908,GADAG,290805,SHIRHATTI,Urban,2,UPS (I-VIII),4,Government Aided,2,2,2,0,0,2,2,2,0,0,2,2,0,1,2,2,2,2,2,2,2,2,2,2,2,2,2,1,1,1,2,2,2,1,2,1,0,1
2019-20,29,Karnataka,2908,GADAG,290805,SHIRHATTI,Urban,2,UPS (I-VIII),5,Private Unaided (Recognized),6,6,5,0,5,4,6,6,1,0,6,6,2,6,3,6,6,6,6,6,6,5,5,5,5,6,6,6,3,5,5,5,5,3,6,4,4,5
2019-20,29,Karnataka,2908,GADAG,290805,SHIRHATTI,Urban,4,UPS (VI-VIII),5,Private Unaided (Recognized),1,1,1,0,1,1,1,1,0,0,1,1,0,1,0,1,1,1,1,1,1,1,1,1,1,1,1,0,0,1,1,1,1,0,1,1,1,1
2019-20,29,Karnataka,2908,GADAG,290805,SHIRHATTI,Urban,6,SS (I-X),3,Local body,1,1,1,0,1,1,1,1,0,0,0,0,0,0,0,1,1,1,1,1,1,1,1,1,1,1,1,1,1,1,1,0,1,0,1,0,0,1
2019-20,29,Karnataka,2908,GADAG,290805,SHIRHATTI,Urban,6,SS (I-X),5,Private Unaided (Recognized),6,6,5,0,6,5,6,6,2,0,6,6,3,6,4,6,6,6,6,6,6,6,5,6,6,6,6,5,3,3,6,5,6,3,6,3,5,5
2019-20,29,Karnataka,2908,GADAG,290805,SHIRHATTI,Urban,7,SS (VI-X),5,Private Unaided (Recognized),1,1,1,0,0,0,1,1,0,0,0,1,0,0,0,1,1,1,1,1,1,1,1,1,1,1,1,1,1,1,1,0,1,0,0,0,1,1
2019-20,29,Karnataka,2908,GADAG,290805,SHIRHATTI,Urban,7,SS (VI-X),90,Social welfare Department,3,2,3,0,3,1,3,3,1,0,2,2,0,2,1,1,1,3,3,3,3,2,3,3,3,3,3,1,1,1,2,1,2,1,3,3,0,1
2019-20,29,Karnataka,2908,GADAG,290805,SHIRHATTI,Urban,8,SS (IX-X),1,Department of Education,4,4,1,0,3,4,4,4,0,0,4,4,1,4,2,4,4,4,4,4,4,3,3,3,3,4,4,3,3,3,4,2,4,2,4,3,1,4
2019-20,29,Karnataka,2908,GADAG,290805,SHIRHATTI,Urban,8,SS (IX-X),4,Government Aided,4,4,2,0,4,4,4,4,4,0,4,4,0,4,4,2,2,4,4,4,4,2,4,4,4,4,4,4,1,3,4,4,4,0,4,2,3,3
2019-20,29,Karnataka,2908,GADAG,290805,SHIRHATTI,Urban,8,SS (IX-X),5,Private Unaided (Recognized),5,5,5,0,5,5,5,5,3,0,5,5,1,5,3,5,5,5,5,5,5,4,4,4,4,5,5,5,4,4,5,3,5,1,5,3,4,4
2019-20,29,Karnataka,2908,GADAG,290805,SHIRHATTI,Urban,10,HSS (IX-XII),1,Department of Education,1,1,0,0,0,1,1,1,0,0,0,1,0,0,0,1,1,1,1,1,1,1,1,1,1,1,1,0,0,0,1,0,1,1,1,1,0,1
2019-20,29,Karnataka,2908,GADAG,290805,SHIRHATTI,Urban,11,HSS (XI-XII),1,Department of Education,2,2,2,0,2,2,2,2,0,0,2,2,0,1,0,2,2,2,2,2,2,1,1,1,1,2,2,0,0,0,2,0,2,1,2,2,0,0
2019-20,29,Karnataka,2908,GADAG,290805,SHIRHATTI,Urban,11,HSS (XI-XII),3,Local body,1,1,1,0,1,1,1,1,0,0,1,1,1,1,0,1,1,1,1,1,1,0,0,0,0,1,1,1,0,1,1,0,1,1,1,1,0,1
2019-20,29,Karnataka,2908,GADAG,290805,SHIRHATTI,Urban,11,HSS (XI-XII),4,Government Aided,3,3,3,0,3,2,3,3,1,0,3,3,0,2,0,2,2,3,3,3,3,0,1,1,1,3,3,1,0,0,3,0,3,3,3,3,0,2
2019-20,29,Karnataka,2908,GADAG,290806,GADAG RURAL,Rural,1,PS (I-V),1,Department of Education,36,36,29,0,5,19,36,36,5,0,30,36,0,29,13,33,32,35,35,36,36,23,21,24,24,36,36,19,13,18,32,19,32,30,36,24,0,7
2019-20,29,Karnataka,2908,GADAG,290806,GADAG RURAL,Rural,1,PS (I-V),5,Private Unaided (Recognized),5,5,3,0,4,5,5,5,0,0,4,5,0,4,0,5,5,5,5,5,5,4,4,4,4,5,5,3,4,3,4,1,4,1,4,2,2,3
2019-20,29,Karnataka,2908,GADAG,290806,GADAG RURAL,Rural,2,UPS (I-VIII),1,Department of Education,68,68,61,0,41,55,68,68,16,1,64,67,2,62,31,56,54,59,59,68,68,48,43,54,54,68,68,37,32,37,61,30,61,56,68,48,0,51
2019-20,29,Karnataka,2908,GADAG,290806,GADAG RURAL,Rural,2,UPS (I-VIII),4,Government Aided,3,3,0,0,2,3,3,3,1,0,3,3,0,3,1,3,3,3,3,3,3,2,2,2,2,3,3,2,2,3,3,2,3,1,3,2,0,1
2019-20,29,Karnataka,2908,GADAG,290806,GADAG RURAL,Rural,2,UPS (I-VIII),5,Private Unaided (Recognized),11,11,8,0,11,11,11,11,3,0,11,11,7,11,4,11,11,11,11,11,11,11,10,11,11,11,11,9,9,9,11,9,11,5,11,7,7,10
2019-20,29,Karnataka,2908,GADAG,290806,GADAG RURAL,Rural,3,HSS (I-XII),5,Private Unaided (Recognized),1,1,1,0,1,1,1,1,0,0,1,1,0,1,0,1,1,1,1,1,1,1,1,1,1,1,1,1,0,0,1,1,1,1,1,1,1,1
2019-20,29,Karnataka,2908,GADAG,290806,GADAG RURAL,Rural,6,SS (I-X),1,Department of Education,2,2,2,0,1,2,2,2,1,0,2,2,0,2,1,2,2,2,2,2,2,1,2,2,2,2,2,1,1,1,1,1,1,2,2,2,0,2
2019-20,29,Karnataka,2908,GADAG,290806,GADAG RURAL,Rural,6,SS (I-X),5,Private Unaided (Recognized),3,3,3,0,3,2,3,3,1,0,3,3,2,3,1,3,3,3,3,3,3,3,3,3,3,3,3,2,1,2,2,1,2,0,3,1,2,3
2019-20,29,Karnataka,2908,GADAG,290806,GADAG RURAL,Rural,7,SS (VI-X),2,Tribal Welfare Department,1,1,1,1,1,1,1,1,0,0,1,0,0,1,0,0,0,1,1,1,1,0,1,1,1,1,1,0,0,0,1,0,1,0,1,1,1,1
2019-20,29,Karnataka,2908,GADAG,290806,GADAG RURAL,Rural,8,SS (IX-X),1,Department of Education,18,17,10,0,8,16,18,18,2,0,18,18,1,16,4,16,15,17,17,18,18,12,16,16,16,18,18,7,9,4,13,8,13,12,18,12,1,18
2019-20,29,Karnataka,2908,GADAG,290806,GADAG RURAL,Rural,8,SS (IX-X),4,Government Aided,14,14,8,0,11,14,14,14,3,0,14,13,0,13,7,14,14,14,14,14,14,13,12,13,13,14,14,7,5,9,12,9,12,6,14,6,4,13
2019-20,29,Karnataka,2908,GADAG,290806,GADAG RURAL,Rural,8,SS (IX-X),5,Private Unaided (Recognized),6,6,5,0,6,4,6,6,2,0,6,6,1,5,3,6,6,6,6,6,6,5,4,5,5,6,6,4,1,5,6,3,6,1,6,4,6,6
2019-20,29,Karnataka,2908,GADAG,290806,GADAG RURAL,Rural,11,HSS (XI-XII),1,Department of Education,5,4,5,0,4,4,4,4,0,0,4,5,0,4,0,5,4,5,5,5,5,5,5,5,5,5,5,1,1,1,4,0,4,2,4,3,0,3
2019-20,29,Karnataka,2908,GADAG,290806,GADAG RURAL,Rural,11,HSS (XI-XII),4,Government Aided,2,2,2,1,2,2,2,2,1,0,2,2,1,1,0,2,2,2,2,2,2,2,2,2,2,2,2,1,1,1,2,2,2,0,2,2,2,2
2019-20,29,Karnataka,2908,GADAG,290806,GADAG RURAL,Rural,11,HSS (XI-XII),5,Private Unaided (Recognized),4,4,3,0,4,3,4,4,0,0,4,4,1,4,1,4,4,4,4,4,4,3,3,3,3,4,4,2,1,1,4,3,4,1,2,2,2,3
2019-20,29,Karnataka,2908,GADAG,290806,GADAG RURAL,Urban,1,PS (I-V),1,Department of Education,2,2,0,0,0,1,2,2,0,0,2,2,0,2,0,2,2,2,2,2,2,0,0,0,0,2,2,0,0,0,2,0,2,2,2,1,0,0
2019-20,29,Karnataka,2908,GADAG,290806,GADAG RURAL,Urban,1,PS (I-V),5,Private Unaided (Recognized),2,2,2,0,2,2,2,2,0,0,2,1,0,2,0,2,2,2,2,2,2,2,2,2,2,2,2,1,1,1,2,1,2,0,1,1,1,1
2019-20,29,Karnataka,2908,GADAG,290806,GADAG RURAL,Urban,2,UPS (I-VIII),1,Department of Education,5,5,3,0,3,4,5,5,1,0,5,5,0,5,2,4,4,5,5,5,5,4,5,5,5,5,5,3,1,1,5,3,5,4,5,1,1,4
2019-20,29,Karnataka,2908,GADAG,290806,GADAG RURAL,Urban,2,UPS (I-VIII),4,Government Aided,1,1,1,0,1,1,1,1,0,0,1,1,0,1,0,1,1,1,1,1,1,1,1,1,1,1,1,1,0,1,1,1,1,0,1,0,1,1
2019-20,29,Karnataka,2908,GADAG,290806,GADAG RURAL,Urban,2,UPS (I-VIII),5,Private Unaided (Recognized),2,2,2,0,2,2,2,2,0,0,2,1,1,1,1,2,2,2,2,2,2,1,1,1,1,2,2,2,2,2,1,1,1,1,2,1,1,0
2019-20,29,Karnataka,2908,GADAG,290806,GADAG RURAL,Urban,5,HSS (VI-XII),2,Tribal Welfare Department,1,1,1,0,1,0,1,1,1,0,1,1,0,1,1,1,1,1,1,1,1,1,1,1,1,1,1,1,1,1,1,1,1,1,1,0,0,1
2019-20,29,Karnataka,2908,GADAG,290806,GADAG RURAL,Urban,6,SS (I-X),1,Department of Education,1,1,1,0,1,1,1,1,0,0,1,1,0,1,0,1,1,1,1,1,1,1,1,1,1,1,1,1,0,0,1,0,1,1,1,1,0,1
2019-20,29,Karnataka,2908,GADAG,290806,GADAG RURAL,Urban,7,SS (VI-X),2,Tribal Welfare Department,1,1,0,0,1,1,1,1,1,0,1,1,1,1,1,1,1,1,1,1,1,1,1,1,1,1,1,1,0,1,1,1,1,0,1,1,0,1
2019-20,29,Karnataka,2908,GADAG,290806,GADAG RURAL,Urban,8,SS (IX-X),1,Department of Education,1,1,0,0,0,1,1,1,0,0,1,1,0,1,0,1,1,1,1,1,1,1,1,1,1,1,1,1,1,0,1,1,1,1,1,0,0,1
2019-20,29,Karnataka,2908,GADAG,290806,GADAG RURAL,Urban,8,SS (IX-X),4,Government Aided,2,2,2,0,1,2,2,2,0,0,2,2,0,1,1,2,2,2,2,2,2,2,2,2,2,2,2,1,0,2,2,1,2,1,2,2,2,2
2019-20,29,Karnataka,2908,GADAG,290806,GADAG RURAL,Urban,11,HSS (XI-XII),1,Department of Education,1,0,1,0,0,0,1,1,0,0,1,1,0,1,0,1,1,1,1,1,1,1,0,1,1,1,1,0,0,0,1,0,1,1,1,1,0,1
2019-20,29,Karnataka,2908,GADAG,290806,GADAG RURAL,Urban,11,HSS (XI-XII),4,Government Aided,1,1,0,0,1,1,1,1,0,0,1,1,0,1,0,1,1,1,1,1,1,1,1,1,1,1,1,1,0,1,1,0,1,0,1,1,0,1
2019-20,29,Karnataka,2908,GADAG,290806,GADAG RURAL,Urban,11,HSS (XI-XII),5,Private Unaided (Recognized),1,1,1,0,1,0,1,1,0,0,1,1,0,1,0,1,1,1,1,1,1,0,0,0,0,1,1,0,0,0,1,0,1,0,0,0,0,0
