Academic_Year,State_Code,State_Name,District_Code,District_Name,Block_Code,Udise_Block_Name,Location,School_Category_Id,School_Category_Name,School_Management_Id,School_Management_Name,Total_Number_of_Schools,Building,Boundary_Wall,Single_Class_Room,Separate_Room_for_Headmaster,Land_Available,Electricity,Functional_Electricity,Solar_Panel,Furniture,Playground,Library_or_Reading_Corner_or_Book_Bank,Librarian,Newspaper,Kitchen_Garden,Boy_Toilet,Functional_Boy_Toilet,Girl_Toilet,Functional_Girl_Toilet,Toilet_Facility,Functional_Toilet_Facility,Functional_Urinal_Boy,Functional_Urinal_Girl,Functional_Urinal,Functional_Toilet_and_Urinal,Drinking_Water,Functional_Drinking_Water,Water_Purifier,Rain_Water_Harvesting,Water_Tested,Handwash,Incinerator,WASH_Facility_Drinking_Water_Toilet_and_Handwash,Ramps,Medical_Checkup,Complete_Medical_Checkup,Internet,Computer_Available
2019-20,29,Karnataka,2926,MYSURU,292603,H.D.KOTE,Rural,1,PS (I-V),1,Department of Education,162,156,118,25,26,93,160,161,35,0,128,162,4,137,107,159,154,161,158,162,158,114,120,121,120,162,147,62,39,85,153,99,150,111,162,104,0,15
2019-20,29,Karnataka,2926,MYSURU,292603,H.D.KOTE,Rural,1,PS (I-V),4,Government Aided,1,1,1,0,1,1,1,1,0,0,1,1,0,1,1,1,1,1,1,1,1,1,1,1,1,1,1,1,1,1,1,1,1,1,1,1,0,1
2019-20,29,Karnataka,2926,MYSURU,292603,H.D.KOTE,Rural,1,PS (I-V),5,Private Unaided (Recognized),9,9,7,0,7,9,8,8,4,0,9,8,1,6,5,9,9,9,9,9,9,7,7,7,7,9,5,5,4,6,7,5,7,3,8,5,6,5
2019-20,29,Karnataka,2926,MYSURU,292603,H.D.KOTE,Rural,2,UPS (I-VIII),1,Department of Education,123,122,104,1,38,87,122,123,24,0,104,123,2,120,76,122,121,123,123,123,123,95,97,101,101,123,117,48,33,67,118,67,118,98,123,91,1,45
2019-20,29,Karnataka,2926,MYSURU,292603,H.D.KOTE,Rural,2,UPS (I-VIII),2,Tribal Welfare Department,10,10,8,0,10,9,10,10,3,0,10,10,0,9,9,10,10,10,10,10,10,2,2,2,2,10,10,7,2,10,10,9,10,4,10,10,0,7
2019-20,29,Karnataka,2926,MYSURU,292603,H.D.KOTE,Rural,2,UPS (I-VIII),4,Government Aided,6,6,5,0,6,4,6,6,1,0,6,6,1,5,3,6,6,6,6,6,6,6,6,6,6,6,6,5,2,4,5,4,5,1,6,5,1,4
2019-20,29,Karnataka,2926,MYSURU,292603,H.D.KOTE,Rural,2,UPS (I-VIII),5,Private Unaided (Recognized),9,9,7,0,7,7,9,9,3,0,8,9,1,8,3,9,9,9,9,9,9,7,7,7,7,9,9,6,2,7,8,5,8,3,8,7,6,8
2019-20,29,Karnataka,2926,MYSURU,292603,H.D.KOTE,Rural,3,HSS (I-XII),5,Private Unaided (Recognized),2,2,2,0,2,2,2,2,1,0,2,2,2,2,2,2,2,2,2,2,2,2,2,2,2,2,1,1,2,2,2,2,2,2,2,2,2,2
2019-20,29,Karnataka,2926,MYSURU,292603,H.D.KOTE,Rural,4,UPS (VI-VIII),1,Department of Education,1,1,0,0,0,0,1,1,0,0,1,1,0,1,0,1,1,1,1,1,1,1,1,1,1,1,1,1,1,1,1,1,1,0,1,0,0,1
2019-20,29,Karnataka,2926,MYSURU,292603,H.D.KOTE,Rural,5,HSS (VI-XII),2,Tribal Welfare Department,1,1,1,0,1,1,1,1,1,0,1,1,1,1,1,1,1,1,1,1,1,1,1,1,1,1,1,1,1,1,1,1,1,1,1,1,1,1
2019-20,29,Karnataka,2926,MYSURU,292603,H.D.KOTE,Rural,6,SS (I-X),1,Department of Education,3,3,2,0,2,2,3,3,0,0,3,3,0,3,2,3,3,3,3,3,3,3,3,3,3,3,3,1,1,1,3,2,3,3,3,3,0,3
2019-20,29,Karnataka,2926,MYSURU,292603,H.D.KOTE,Rural,6,SS (I-X),5,Private Unaided (Recognized),1,1,1,0,1,1,1,1,0,0,1,1,0,1,1,1,1,1,1,1,1,1,1,1,1,1,1,1,0,1,1,1,1,1,1,1,1,1
2019-20,29,Karnataka,2926,MYSURU,292603,H.D.KOTE,Rural,7,SS (VI-X),2,Tribal Welfare Department,4,3,2,0,4,3,4,4,4,0,4,4,1,4,4,2,2,4,4,4,4,2,3,4,4,4,4,4,4,4,4,4,4,2,4,4,3,4
2019-20,29,Karnataka,2926,MYSURU,292603,H.D.KOTE,Rural,8,SS (IX-X),1,Department of Education,20,20,17,0,17,19,20,20,3,0,20,20,0,20,13,20,20,20,20,20,20,16,16,17,17,20,17,7,6,8,17,9,17,14,20,11,5,20
2019-20,29,Karnataka,2926,MYSURU,292603,H.D.KOTE,Rural,8,SS (IX-X),4,Government Aided,3,3,3,0,3,3,3,3,0,0,3,3,0,3,2,3,3,3,3,3,3,2,1,2,2,3,3,1,1,2,3,3,3,0,3,3,1,3
2019-20,29,Karnataka,2926,MYSURU,292603,H.D.KOTE,Rural,8,SS (IX-X),5,Private Unaided (Recognized),5,5,4,0,4,5,5,5,4,0,5,5,1,5,5,5,5,5,5,5,5,5,5,5,5,5,5,4,1,3,4,4,4,1,5,5,2,5
2019-20,29,Karnataka,2926,MYSURU,292603,H.D.KOTE,Rural,10,HSS (IX-XII),1,Department of Education,3,3,3,0,2,3,3,3,1,0,3,3,0,3,2,3,3,3,3,3,3,2,2,2,2,3,2,2,0,3,3,2,3,1,3,1,1,3
2019-20,29,Karnataka,2926,MYSURU,292603,H.D.KOTE,Rural,10,HSS (IX-XII),4,Government Aided,1,1,1,0,1,1,1,1,0,0,1,1,0,1,0,1,1,1,1,1,1,1,1,1,1,1,1,0,0,0,1,1,1,1,1,1,0,1
2019-20,29,Karnataka,2926,MYSURU,292603,H.D.KOTE,Rural,10,HSS (IX-XII),5,Private Unaided (Recognized),1,1,0,0,1,1,1,1,0,0,1,1,0,1,0,1,1,1,1,1,1,1,1,1,1,1,1,0,0,0,1,0,1,0,1,1,0,1
2019-20,29,Karnataka,2926,MYSURU,292603,H.D.KOTE,Rural,11,HSS (XI-XII),1,Department of Education,1,1,1,0,1,1,1,1,0,0,1,1,0,1,0,1,1,1,1,1,1,1,1,1,1,1,1,0,0,0,1,0,1,1,1,1,0,1
2019-20,29,Karnataka,2926,MYSURU,292603,H.D.KOTE,Rural,11,HSS (XI-XII),5,Private Unaided (Recognized),2,2,2,0,2,1,2,2,0,0,1,2,0,2,0,1,1,2,2,2,2,1,2,2,2,2,0,1,0,1,2,1,2,0,2,2,2,2
2019-20,29,Karnataka,2926,MYSURU,292603,H.D.KOTE,Urban,1,PS (I-V),1,Department of Education,2,2,1,0,0,2,2,2,1,0,2,2,0,2,2,2,2,2,2,2,2,2,2,2,2,2,2,2,1,2,2,2,2,2,2,0,0,0
2019-20,29,Karnataka,2926,MYSURU,292603,H.D.KOTE,Urban,1,PS (I-V),5,Private Unaided (Recognized),1,1,0,0,0,1,1,1,0,0,1,1,0,1,0,1,1,1,1,1,1,1,1,1,1,1,1,1,0,1,1,1,1,0,1,1,0,0
2019-20,29,Karnataka,2926,MYSURU,292603,H.D.KOTE,Urban,2,UPS (I-VIII),1,Department of Education,7,7,7,0,5,3,7,7,2,0,4,7,0,7,4,5,5,5,5,7,7,4,5,6,6,7,7,2,1,3,7,3,7,7,7,4,0,4
2019-20,29,Karnataka,2926,MYSURU,292603,H.D.KOTE,Urban,2,UPS (I-VIII),4,Government Aided,3,3,3,0,3,3,3,3,1,0,3,3,1,3,3,3,3,3,3,3,3,2,2,2,2,3,3,2,2,2,3,2,3,1,3,2,1,1
2019-20,29,Karnataka,2926,MYSURU,292603,H.D.KOTE,Urban,2,UPS (I-VIII),5,Private Unaided (Recognized),8,8,6,0,8,7,8,8,7,0,8,8,2,8,6,8,8,8,8,8,8,8,8,8,8,8,8,7,5,8,8,8,8,2,8,4,6,7
2019-20,29,Karnataka,2926,MYSURU,292603,H.D.KOTE,Urban,6,SS (I-X),5,Private Unaided (Recognized),3,3,3,0,2,2,3,3,0,0,2,3,1,2,1,3,3,3,3,3,3,3,3,3,3,3,3,3,3,3,2,1,2,0,2,1,3,3
2019-20,29,Karnataka,2926,MYSURU,292603,H.D.KOTE,Urban,7,SS (VI-X),1,Department of Education,1,1,1,0,0,0,1,1,0,0,1,1,0,1,1,1,1,1,1,1,1,1,0,1,1,1,1,1,0,1,1,1,1,1,1,1,1,1
2019-20,29,Karnataka,2926,MYSURU,292603,H.D.KOTE,Urban,8,SS (IX-X),1,Department of Education,1,1,1,0,1,1,1,1,1,0,1,1,0,1,0,0,0,1,1,1,1,0,1,1,1,1,1,0,0,1,1,1,1,0,1,1,0,1
2019-20,29,Karnataka,2926,MYSURU,292603,H.D.KOTE,Urban,8,SS (IX-X),4,Government Aided,2,2,2,0,2,2,2,2,2,0,2,2,0,2,2,2,2,2,2,2,2,2,2,2,2,2,2,2,2,2,2,2,2,0,2,2,1,1
2019-20,29,Karnataka,2926,MYSURU,292603,H.D.KOTE,Urban,8,SS (IX-X),5,Private Unaided (Recognized),4,4,4,0,4,3,4,4,0,0,4,4,0,4,3,4,4,4,4,4,4,4,4,4,4,4,4,2,1,3,4,4,4,0,3,3,3,3
2019-20,29,Karnataka,2926,MYSURU,292603,H.D.KOTE,Urban,10,HSS (IX-XII),1,Department of Education,3,3,2,0,3,3,3,3,2,0,3,3,0,3,2,2,2,2,2,3,3,2,1,3,3,3,3,2,1,2,2,1,2,1,3,3,0,3
2019-20,29,Karnataka,2926,MYSURU,292603,H.D.KOTE,Urban,10,HSS (IX-XII),4,Government Aided,1,1,1,0,1,1,1,1,1,0,1,1,0,1,1,1,1,1,1,1,1,1,1,1,1,1,1,1,1,1,1,1,1,0,1,0,1,0
2019-20,29,Karnataka,2926,MYSURU,292603,H.D.KOTE,Urban,10,HSS (IX-XII),5,Private Unaided (Recognized),3,3,3,0,3,3,3,3,1,0,2,3,2,2,1,3,3,3,3,3,3,2,2,2,2,3,3,3,2,2,2,2,2,2,2,2,3,2
2019-20,29,Karnataka,2926,MYSURU,292603,H.D.KOTE,Urban,11,HSS (XI-XII),1,Department of Education,1,1,1,0,1,1,1,1,1,0,1,1,0,1,0,0,0,1,1,1,1,0,1,1,1,1,1,1,0,1,1,0,1,1,1,0,1,1
2019-20,29,Karnataka,2926,MYSURU,292603,H.D.KOTE,Urban,11,HSS (XI-XII),5,Private Unaided (Recognized),3,3,3,0,2,1,3,3,0,0,2,3,2,3,0,3,3,3,3,3,3,3,2,3,3,2,1,1,1,1,3,1,2,1,1,1,1,2
2019-20,29,Karnataka,2926,MYSURU,292604,HUNSUR,Rural,1,PS (I-V),1,Department of Education,151,151,116,19,22,87,151,151,39,1,107,140,11,101,104,150,149,151,150,151,150,116,116,118,118,150,149,88,59,101,142,87,140,100,151,76,0,6
2019-20,29,Karnataka,2926,MYSURU,292604,HUNSUR,Rural,1,PS (I-V),5,Private Unaided (Recognized),4,4,3,0,4,3,4,4,2,0,4,4,0,3,2,4,4,4,4,4,4,2,2,2,2,4,4,4,3,4,4,3,4,0,3,0,3,2
2019-20,29,Karnataka,2926,MYSURU,292604,HUNSUR,Rural,2,UPS (I-VIII),1,Department of Education,113,113,100,0,41,80,113,113,42,0,84,106,15,95,78,113,113,113,113,113,113,97,100,102,102,113,113,72,58,70,109,74,109,76,113,55,0,46
2019-20,29,Karnataka,2926,MYSURU,292604,HUNSUR,Rural,2,UPS (I-VIII),2,Tribal Welfare Department,6,6,6,0,5,5,6,6,3,0,4,2,1,5,5,6,6,6,6,6,6,4,4,4,4,6,6,4,5,4,6,4,6,1,6,1,3,6
2019-20,29,Karnataka,2926,MYSURU,292604,HUNSUR,Rural,2,UPS (I-VIII),4,Government Aided,5,5,5,0,5,4,5,5,2,0,5,5,1,5,4,5,5,5,5,5,5,5,5,5,5,5,5,5,4,5,5,5,5,2,5,3,2,3
2019-20,29,Karnataka,2926,MYSURU,292604,HUNSUR,Rural,2,UPS (I-VIII),5,Private Unaided (Recognized),11,11,9,0,10,10,11,11,7,0,11,11,4,11,10,11,11,11,11,11,11,11,10,11,11,11,11,11,7,10,11,9,11,6,11,4,7,11
2019-20,29,Karnataka,2926,MYSURU,292604,HUNSUR,Rural,3,HSS (I-XII),5,Private Unaided (Recognized),1,1,1,0,1,1,1,1,1,0,1,1,1,1,1,1,1,1,1,1,1,1,1,1,1,1,1,1,0,0,1,1,1,0,1,1,1,1
2019-20,29,Karnataka,2926,MYSURU,292604,HUNSUR,Rural,4,UPS (VI-VIII),1,Department of Education,1,1,0,0,0,1,1,1,1,0,0,1,0,1,1,0,0,1,1,1,1,0,0,0,0,1,1,1,0,1,1,1,1,1,1,1,1,1
2019-20,29,Karnataka,2926,MYSURU,292604,HUNSUR,Rural,4,UPS (VI-VIII),5,Private Unaided (Recognized),2,2,2,0,1,2,2,2,0,0,2,2,2,2,1,2,2,1,1,2,2,1,1,1,1,2,2,2,1,2,2,1,2,1,2,1,1,1
2019-20,29,Karnataka,2926,MYSURU,292604,HUNSUR,Rural,6,SS (I-X),1,Department of Education,1,1,1,0,1,1,1,1,0,0,1,1,0,1,1,1,1,1,1,1,1,1,1,1,1,1,1,1,0,0,1,1,1,0,1,1,0,1
2019-20,29,Karnataka,2926,MYSURU,292604,HUNSUR,Rural,6,SS (I-X),5,Private Unaided (Recognized),8,8,8,0,8,8,8,8,3,0,8,7,4,8,4,8,8,8,8,8,8,8,8,8,8,8,8,8,6,7,8,8,8,1,8,5,8,8
2019-20,29,Karnataka,2926,MYSURU,292604,HUNSUR,Rural,6,SS (I-X),96,Central Tibetan School,1,1,1,0,1,1,1,1,0,0,1,1,1,1,0,1,1,1,1,1,1,1,0,1,1,1,1,1,0,1,1,0,1,0,1,1,1,1
2019-20,29,Karnataka,2926,MYSURU,292604,HUNSUR,Rural,7,SS (VI-X),2,Tribal Welfare Department,5,4,4,0,2,2,5,5,4,0,5,5,0,5,5,3,3,5,5,5,5,2,4,4,4,5,5,5,4,5,4,5,4,1,5,4,3,5
2019-20,29,Karnataka,2926,MYSURU,292604,HUNSUR,Rural,8,SS (IX-X),1,Department of Education,19,19,13,1,13,17,19,19,1,1,17,19,2,16,11,19,18,19,18,19,18,14,14,15,15,19,19,4,4,4,16,6,15,9,19,11,3,16
2019-20,29,Karnataka,2926,MYSURU,292604,HUNSUR,Rural,8,SS (IX-X),4,Government Aided,5,5,4,0,5,4,5,5,0,0,5,5,1,5,3,5,5,5,5,5,5,5,5,5,5,5,5,3,3,4,5,4,5,2,5,4,2,3
2019-20,29,Karnataka,2926,MYSURU,292604,HUNSUR,Rural,8,SS (IX-X),5,Private Unaided (Recognized),4,4,4,0,4,4,4,4,2,0,4,3,1,4,1,4,4,4,4,4,4,3,3,3,3,4,4,3,2,4,4,4,4,2,4,3,3,4
2019-20,29,Karnataka,2926,MYSURU,292604,HUNSUR,Rural,10,HSS (IX-XII),1,Department of Education,7,7,5,0,5,6,7,7,3,0,7,7,0,7,5,7,7,7,7,7,7,7,7,7,7,7,7,4,5,5,7,3,7,5,7,6,1,7
2019-20,29,Karnataka,2926,MYSURU,292604,HUNSUR,Rural,10,HSS (IX-XII),4,Government Aided,1,1,1,0,1,1,1,1,1,0,1,1,0,1,1,1,1,1,1,1,1,1,1,1,1,1,1,1,1,1,1,1,1,0,1,1,0,1
2019-20,29,Karnataka,2926,MYSURU,292604,HUNSUR,Rural,10,HSS (IX-XII),5,Private Unaided (Recognized),1,1,1,0,1,0,1,1,1,0,1,1,0,1,1,1,1,1,1,1,1,1,1,1,1,1,1,1,1,1,1,1,1,1,1,0,1,1
2019-20,29,Karnataka,2926,MYSURU,292604,HUNSUR,Rural,11,HSS (XI-XII),5,Private Unaided (Recognized),2,2,2,0,2,1,2,2,0,0,2,2,1,2,0,2,2,2,2,2,2,2,2,2,2,2,2,1,0,0,2,0,2,0,1,1,1,1
2019-20,29,Karnataka,2926,MYSURU,292604,HUNSUR,Urban,1,PS (I-V),1,Department of Education,5,5,4,0,1,1,5,5,0,0,2,4,0,0,1,5,5,5,5,5,5,3,3,4,4,5,5,2,1,3,3,2,3,1,5,1,0,0
2019-20,29,Karnataka,2926,MYSURU,292604,HUNSUR,Urban,1,PS (I-V),5,Private Unaided (Recognized),6,6,5,0,3,3,5,5,3,0,5,4,1,6,1,6,6,6,6,6,6,5,5,5,5,6,6,3,3,5,6,5,6,2,6,2,2,1
2019-20,29,Karnataka,2926,MYSURU,292604,HUNSUR,Urban,2,UPS (I-VIII),1,Department of Education,11,11,8,0,7,7,11,11,1,0,9,11,2,9,5,11,11,11,11,11,11,9,10,10,10,10,10,3,2,5,10,3,10,5,11,9,0,5
2019-20,29,Karnataka,2926,MYSURU,292604,HUNSUR,Urban,2,UPS (I-VIII),4,Government Aided,1,1,1,0,1,1,1,1,0,0,1,1,1,0,0,1,1,1,1,1,1,1,1,1,1,1,1,1,1,1,1,0,1,0,1,1,1,1
2019-20,29,Karnataka,2926,MYSURU,292604,HUNSUR,Urban,2,UPS (I-VIII),5,Private Unaided (Recognized),11,11,11,0,11,7,11,11,3,0,11,10,5,11,5,11,11,11,11,11,11,11,10,11,11,11,11,9,7,7,11,9,11,1,10,3,8,10
2019-20,29,Karnataka,2926,MYSURU,292604,HUNSUR,Urban,3,HSS (I-XII),5,Private Unaided (Recognized),1,1,1,0,1,1,1,1,0,0,1,1,0,1,0,1,1,1,1,1,1,1,1,1,1,1,1,1,1,1,1,1,1,0,1,0,1,0
2019-20,29,Karnataka,2926,MYSURU,292604,HUNSUR,Urban,6,SS (I-X),5,Private Unaided (Recognized),5,5,5,0,5,5,5,5,0,0,5,5,4,5,4,5,5,5,5,5,5,5,4,5,5,5,5,4,2,5,5,4,5,4,5,2,5,5
2019-20,29,Karnataka,2926,MYSURU,292604,HUNSUR,Urban,7,SS (VI-X),1,Department of Education,1,1,0,0,1,1,1,1,0,0,1,1,0,0,1,1,1,1,1,1,1,1,1,1,1,1,1,1,0,1,1,1,1,1,1,1,0,1
2019-20,29,Karnataka,2926,MYSURU,292604,HUNSUR,Urban,7,SS (VI-X),6,Other Govt. managed schools,1,1,1,0,0,0,0,0,0,0,0,0,0,0,0,1,1,1,1,1,1,1,1,1,1,1,1,0,0,1,0,0,0,0,1,0,0,0
2019-20,29,Karnataka,2926,MYSURU,292604,HUNSUR,Urban,8,SS (IX-X),1,Department of Education,2,2,2,0,2,2,2,2,0,0,2,2,0,1,0,2,2,2,2,2,2,1,1,1,1,2,2,0,0,1,2,1,2,1,2,1,0,2
2019-20,29,Karnataka,2926,MYSURU,292604,HUNSUR,Urban,8,SS (IX-X),4,Government Aided,2,2,2,0,2,2,2,2,0,0,2,2,1,2,2,2,2,2,2,2,2,2,1,2,2,2,2,1,1,1,2,2,2,0,2,0,2,2
2019-20,29,Karnataka,2926,MYSURU,292604,HUNSUR,Urban,8,SS (IX-X),5,Private Unaided (Recognized),6,6,6,0,6,5,6,6,1,0,5,6,3,5,4,6,6,6,6,6,6,6,6,6,6,6,6,6,3,3,6,3,6,0,6,2,6,6
2019-20,29,Karnataka,2926,MYSURU,292604,HUNSUR,Urban,10,HSS (IX-XII),1,Department of Education,2,2,2,0,0,0,2,2,1,0,2,2,1,2,1,1,1,1,1,2,2,1,1,2,2,2,1,0,0,0,2,1,2,0,2,1,0,1
2019-20,29,Karnataka,2926,MYSURU,292604,HUNSUR,Urban,10,HSS (IX-XII),5,Private Unaided (Recognized),2,2,2,0,2,2,2,2,0,0,2,2,1,2,0,2,2,2,2,2,2,2,1,2,2,2,2,2,0,1,2,2,2,0,2,1,2,2
2019-20,29,Karnataka,2926,MYSURU,292604,HUNSUR,Urban,11,HSS (XI-XII),5,Private Unaided (Recognized),5,5,5,0,5,2,5,5,0,0,5,5,3,5,3,5,5,5,5,5,5,5,5,5,5,5,5,2,0,2,5,2,5,0,4,3,4,4
2019-20,29,Karnataka,2926,MYSURU,292606,K.R.NAGARA,Rural,1,PS (I-V),1,Department of Education,111,111,103,13,6,65,111,111,54,3,97,111,9,71,94,104,104,111,109,111,109,75,79,80,78,111,111,55,22,76,100,88,98,98,111,86,1,1
2019-20,29,Karnataka,2926,MYSURU,292606,K.R.NAGARA,Rural,1,PS (I-V),5,Private Unaided (Recognized),3,3,0,0,3,3,3,3,0,0,3,2,0,3,0,3,3,3,3,3,3,3,3,3,3,3,3,1,0,0,3,2,3,0,3,1,1,2
2019-20,29,Karnataka,2926,MYSURU,292606,K.R.NAGARA,Rural,2,UPS (I-VIII),1,Department of Education,96,96,92,0,38,64,96,96,50,1,94,96,13,88,83,95,95,95,95,96,96,80,78,82,82,96,96,58,25,75,93,82,93,90,96,83,1,39
2019-20,29,Karnataka,2926,MYSURU,292606,K.R.NAGARA,Rural,2,UPS (I-VIII),4,Government Aided,11,11,7,0,6,8,11,11,3,0,11,11,1,10,7,11,11,11,11,11,11,10,10,10,10,11,11,7,5,8,10,10,10,1,11,9,2,4
2019-20,29,Karnataka,2926,MYSURU,292606,K.R.NAGARA,Rural,2,UPS (I-VIII),5,Private Unaided (Recognized),14,14,11,0,13,12,14,14,3,0,13,12,4,13,5,14,13,14,14,14,14,12,11,12,12,14,14,8,2,9,12,11,12,2,14,7,6,10
2019-20,29,Karnataka,2926,MYSURU,292606,K.R.NAGARA,Rural,6,SS (I-X),1,Department of Education,1,1,1,0,0,1,1,1,0,0,0,1,0,0,1,1,1,1,1,1,1,1,1,1,1,1,1,0,1,0,1,1,1,1,1,1,0,1
2019-20,29,Karnataka,2926,MYSURU,292606,K.R.NAGARA,Rural,6,SS (I-X),5,Private Unaided (Recognized),3,3,2,0,3,3,3,3,1,0,3,3,1,3,2,3,3,3,3,3,3,3,1,3,3,3,3,3,1,2,3,3,3,1,3,1,3,3
2019-20,29,Karnataka,2926,MYSURU,292606,K.R.NAGARA,Rural,7,SS (VI-X),90,Social welfare Department,6,3,6,0,4,3,6,6,3,0,4,5,1,4,4,5,5,6,6,6,6,4,1,4,4,6,6,6,2,6,6,4,6,3,4,4,5,6
2019-20,29,Karnataka,2926,MYSURU,292606,K.R.NAGARA,Rural,8,SS (IX-X),1,Department of Education,20,20,14,1,10,17,20,20,3,0,20,20,0,20,10,20,20,20,19,20,20,16,16,17,17,20,20,11,5,12,20,9,20,16,20,14,2,19
2019-20,29,Karnataka,2926,MYSURU,292606,K.R.NAGARA,Rural,8,SS (IX-X),4,Government Aided,10,10,10,0,7,9,10,10,4,1,10,10,1,7,7,10,10,10,10,10,10,6,6,6,6,10,10,7,2,9,9,7,9,2,10,7,1,8
2019-20,29,Karnataka,2926,MYSURU,292606,K.R.NAGARA,Rural,8,SS (IX-X),5,Private Unaided (Recognized),2,2,1,0,2,2,2,2,0,0,2,2,1,2,1,2,2,2,2,2,2,2,1,2,2,2,2,1,0,1,2,2,2,0,2,1,1,1
2019-20,29,Karnataka,2926,MYSURU,292606,K.R.NAGARA,Rural,10,HSS (IX-XII),1,Department of Education,9,9,8,0,7,8,9,9,0,0,9,8,0,9,5,8,8,9,9,9,9,4,6,6,6,9,9,3,3,5,7,3,7,6,9,6,2,9
2019-20,29,Karnataka,2926,MYSURU,292606,K.R.NAGARA,Rural,10,HSS (IX-XII),4,Government Aided,1,1,1,0,0,0,1,1,0,0,1,1,0,1,1,1,1,1,1,1,1,1,1,1,1,1,1,0,0,0,1,1,1,0,1,1,0,1
2019-20,29,Karnataka,2926,MYSURU,292606,K.R.NAGARA,Rural,10,HSS (IX-XII),5,Private Unaided (Recognized),1,1,1,0,1,1,1,1,1,0,1,1,1,1,1,1,1,1,1,1,1,1,1,1,1,1,1,1,1,1,1,1,1,0,1,1,1,1
2019-20,29,Karnataka,2926,MYSURU,292606,K.R.NAGARA,Rural,11,HSS (XI-XII),1,Department of Education,4,4,3,0,2,3,4,4,0,0,2,4,0,4,0,3,2,3,2,4,3,1,1,2,2,4,4,1,0,0,4,1,3,3,4,3,2,4
2019-20,29,Karnataka,2926,MYSURU,292606,K.R.NAGARA,Rural,11,HSS (XI-XII),4,Government Aided,1,1,0,0,1,0,1,1,0,0,0,1,0,1,0,0,0,1,1,1,1,0,1,1,1,1,1,0,0,0,1,1,1,0,1,1,0,0
2019-20,29,Karnataka,2926,MYSURU,292606,K.R.NAGARA,Rural,11,HSS (XI-XII),5,Private Unaided (Recognized),2,2,2,0,2,2,2,2,0,0,2,2,0,2,0,2,2,2,2,2,2,2,2,2,2,2,2,1,1,1,2,1,2,0,2,1,1,0
2019-20,29,Karnataka,2926,MYSURU,292606,K.R.NAGARA,Urban,1,PS (I-V),1,Department of Education,4,4,4,0,1,3,4,4,4,1,4,4,1,3,3,4,4,4,4,4,4,2,3,3,3,4,4,3,0,3,4,4,4,3,4,2,0,0
2019-20,29,Karnataka,2926,MYSURU,292606,K.R.NAGARA,Urban,1,PS (I-V),5,Private Unaided (Recognized),2,2,1,0,2,1,2,2,0,0,2,2,1,2,1,2,2,2,2,2,2,2,2,2,2,2,2,2,1,1,2,2,2,0,2,0,1,2
2019-20,29,Karnataka,2926,MYSURU,292606,K.R.NAGARA,Urban,2,UPS (I-VIII),1,Department of Education,6,6,6,0,2,5,6,6,4,0,6,6,0,6,4,6,6,6,6,6,6,6,6,6,6,6,6,2,0,1,6,6,6,6,6,3,0,1
2019-20,29,Karnataka,2926,MYSURU,292606,K.R.NAGARA,Urban,2,UPS (I-VIII),4,Government Aided,6,6,6,0,4,3,6,6,2,0,5,5,0,5,3,6,6,6,6,6,6,5,5,5,5,6,6,5,1,4,6,5,6,3,6,2,3,4
2019-20,29,Karnataka,2926,MYSURU,292606,K.R.NAGARA,Urban,2,UPS (I-VIII),5,Private Unaided (Recognized),10,10,9,0,9,3,10,10,1,0,8,9,0,8,2,10,10,10,10,10,10,10,10,10,10,10,10,10,4,7,9,5,9,3,8,5,8,8
2019-20,29,Karnataka,2926,MYSURU,292606,K.R.NAGARA,Urban,4,UPS (VI-VIII),1,Department of Education,2,2,1,0,1,2,2,2,2,0,2,2,0,2,1,1,1,2,2,2,2,0,0,0,0,2,2,2,1,2,2,2,2,1,2,1,1,2
2019-20,29,Karnataka,2926,MYSURU,292606,K.R.NAGARA,Urban,6,SS (I-X),5,Private Unaided (Recognized),3,3,3,0,3,3,3,3,0,0,3,2,0,3,0,3,3,3,3,3,3,3,3,3,3,3,3,1,1,1,3,1,3,1,3,3,1,2
2019-20,29,Karnataka,2926,MYSURU,292606,K.R.NAGARA,Urban,7,SS (VI-X),1,Department of Education,1,1,0,0,1,1,1,1,0,0,1,1,0,1,1,1,1,1,1,1,1,1,1,1,1,1,1,0,0,0,1,1,1,1,1,0,1,1
2019-20,29,Karnataka,2926,MYSURU,292606,K.R.NAGARA,Urban,8,SS (IX-X),1,Department of Education,2,2,1,0,1,1,2,2,1,0,2,2,0,2,1,1,1,2,2,2,2,0,1,1,1,2,2,2,1,2,2,1,2,2,2,2,0,2
2019-20,29,Karnataka,2926,MYSURU,292606,K.R.NAGARA,Urban,8,SS (IX-X),4,Government Aided,3,3,3,0,2,2,3,3,0,0,3,3,1,2,2,3,3,3,3,3,3,3,3,3,3,3,3,2,1,2,3,1,3,1,3,1,2,3
2019-20,29,Karnataka,2926,MYSURU,292606,K.R.NAGARA,Urban,8,SS (IX-X),5,Private Unaided (Recognized),7,7,7,0,4,4,7,7,2,0,5,4,2,5,2,7,7,7,7,7,7,7,7,7,7,7,7,7,5,6,6,6,6,2,4,3,6,4
2019-20,29,Karnataka,2926,MYSURU,292606,K.R.NAGARA,Urban,10,HSS (IX-XII),1,Department of Education,2,2,2,0,1,0,2,2,0,0,2,2,0,2,1,1,1,1,1,2,2,1,1,2,2,2,2,2,1,2,2,0,2,2,2,0,1,2
2019-20,29,Karnataka,2926,MYSURU,292606,K.R.NAGARA,Urban,11,HSS (XI-XII),4,Government Aided,1,1,1,0,1,1,1,1,0,0,1,1,0,1,0,1,1,1,1,1,1,1,1,1,1,1,1,0,0,0,1,0,1,0,1,1,1,1
2019-20,29,Karnataka,2926,MYSURU,292606,K.R.NAGARA,Urban,11,HSS (XI-XII),5,Private Unaided (Recognized),3,3,2,0,3,1,3,3,0,0,3,3,0,3,0,3,3,3,3,3,3,3,3,3,3,3,3,0,0,0,3,1,3,0,0,0,2,3
2019-20,29,Karnataka,2926,MYSURU,292607,MYSORE NORTH,Rural,2,UPS (I-VIII),4,Government Aided,1,1,1,0,1,0,1,1,1,0,1,1,0,0,1,1,1,1,1,1,1,1,1,1,1,1,1,1,1,1,1,1,1,0,1,1,0,0
2019-20,29,Karnataka,2926,MYSURU,292607,MYSORE NORTH,Rural,11,HSS (XI-XII),5,Private Unaided (Recognized),2,2,2,0,2,2,2,2,1,0,2,2,0,2,1,2,2,2,2,2,2,2,2,2,2,2,2,1,1,0,2,1,2,0,1,1,2,2
2019-20,29,Karnataka,2926,MYSURU,292607,MYSORE NORTH,Urban,1,PS (I-V),1,Department of Education,13,9,9,2,2,1,13,13,0,0,10,13,0,8,4,13,13,13,13,13,13,3,3,3,3,13,13,6,1,5,13,5,13,3,13,9,0,0
2019-20,29,Karnataka,2926,MYSURU,292607,MYSORE NORTH,Urban,1,PS (I-V),4,Government Aided,5,5,5,0,4,3,5,5,2,0,5,4,0,3,1,4,4,4,4,5,5,4,3,5,5,5,5,5,2,5,5,5,5,2,5,5,1,1
2019-20,29,Karnataka,2926,MYSURU,292607,MYSORE NORTH,Urban,1,PS (I-V),5,Private Unaided (Recognized),13,13,12,0,12,7,13,13,5,0,12,12,5,11,6,13,13,13,13,13,13,12,12,12,12,13,13,12,7,11,13,11,13,3,12,4,4,10
2019-20,29,Karnataka,2926,MYSURU,292607,MYSORE NORTH,Urban,1,PS (I-V),6,Other Govt. managed schools,1,1,1,0,0,0,1,1,1,0,0,1,0,1,0,1,1,1,1,1,1,0,1,1,1,1,1,1,0,0,1,0,1,0,0,0,0,0
2019-20,29,Karnataka,2926,MYSURU,292607,MYSORE NORTH,Urban,2,UPS (I-VIII),1,Department of Education,50,45,46,0,35,13,50,50,12,0,45,50,2,44,20,48,47,50,49,50,49,29,24,29,29,50,50,25,6,25,47,23,47,30,50,36,1,24
2019-20,29,Karnataka,2926,MYSURU,292607,MYSORE NORTH,Urban,2,UPS (I-VIII),4,Government Aided,40,40,37,0,38,14,40,40,14,0,36,40,7,36,25,38,38,40,40,40,40,23,18,23,23,40,40,26,16,24,40,28,40,8,40,25,6,22
2019-20,29,Karnataka,2926,MYSURU,292607,MYSORE NORTH,Urban,2,UPS (I-VIII),5,Private Unaided (Recognized),56,56,54,0,51,33,56,56,24,0,53,48,17,46,27,56,56,56,56,56,56,39,33,39,39,56,56,48,31,42,55,38,55,11,53,15,37,47
2019-20,29,Karnataka,2926,MYSURU,292607,MYSORE NORTH,Urban,3,HSS (I-XII),1,Department of Education,1,1,1,0,0,0,1,1,0,0,1,1,0,1,0,1,1,1,1,1,1,1,1,1,1,1,1,0,0,1,1,0,1,1,1,1,0,1
2019-20,29,Karnataka,2926,MYSURU,292607,MYSORE NORTH,Urban,3,HSS (I-XII),5,Private Unaided (Recognized),12,12,12,0,11,7,12,12,7,0,12,12,7,12,8,12,12,12,12,12,12,10,10,10,10,12,12,11,8,10,12,11,12,2,12,4,12,12
2019-20,29,Karnataka,2926,MYSURU,292607,MYSORE NORTH,Urban,3,HSS (I-XII),92,Kendriya Vidyalaya / Central School,1,1,1,0,1,1,1,1,1,0,1,1,1,1,1,1,1,1,1,1,1,1,1,1,1,1,1,1,1,1,1,1,1,1,1,1,1,1
2019-20,29,Karnataka,2926,MYSURU,292607,MYSORE NORTH,Urban,4,UPS (VI-VIII),4,Government Aided,2,2,2,0,2,1,2,2,0,0,2,2,0,2,2,2,2,2,2,2,2,2,1,2,2,2,2,2,0,2,2,1,2,0,2,0,1,2
2019-20,29,Karnataka,2926,MYSURU,292607,MYSORE NORTH,Urban,5,HSS (VI-XII),1,Department of Education,1,1,1,0,1,1,1,1,0,0,1,1,0,1,0,1,1,0,0,1,1,1,0,1,1,1,1,1,0,1,1,0,1,1,1,1,0,1
2019-20,29,Karnataka,2926,MYSURU,292607,MYSORE NORTH,Urban,6,SS (I-X),1,Department of Education,2,2,2,0,1,2,2,2,1,0,2,2,0,2,0,2,2,2,2,2,2,2,2,2,2,2,2,1,0,1,2,1,2,1,2,1,1,2
2019-20,29,Karnataka,2926,MYSURU,292607,MYSORE NORTH,Urban,6,SS (I-X),5,Private Unaided (Recognized),52,52,51,0,48,26,52,52,13,0,52,52,23,49,22,50,50,52,52,52,52,42,37,42,42,52,52,46,34,41,52,35,52,14,50,25,49,50
2019-20,29,Karnataka,2926,MYSURU,292607,MYSORE NORTH,Urban,6,SS (I-X),6,Other Govt. managed schools,3,3,3,0,3,2,3,3,2,0,3,3,0,2,3,3,3,1,1,3,3,3,1,3,3,3,3,3,1,1,3,0,3,1,3,2,3,1
2019-20,29,Karnataka,2926,MYSURU,292607,MYSORE NORTH,Urban,6,SS (I-X),97,Madarsa recognized (by Wakf board/Madarsa Board) ,2,2,1,0,1,1,2,2,0,0,1,2,1,0,0,2,2,1,1,2,2,0,0,0,0,2,2,1,0,0,2,0,2,0,1,1,1,2
2019-20,29,Karnataka,2926,MYSURU,292607,MYSORE NORTH,Urban,7,SS (VI-X),6,Other Govt. managed schools,2,1,2,0,0,0,1,1,0,0,2,1,0,0,0,2,2,2,2,2,2,0,0,0,0,2,2,0,0,1,2,0,2,2,2,0,0,0
2019-20,29,Karnataka,2926,MYSURU,292607,MYSORE NORTH,Urban,8,SS (IX-X),1,Department of Education,8,8,8,0,8,5,8,8,2,0,7,8,0,8,4,8,8,8,8,8,8,6,6,7,7,8,8,4,2,4,8,4,8,5,8,7,2,8
2019-20,29,Karnataka,2926,MYSURU,292607,MYSORE NORTH,Urban,8,SS (IX-X),4,Government Aided,22,22,20,0,18,12,22,22,6,0,20,20,3,18,10,21,21,22,22,22,22,15,14,16,16,22,22,16,7,12,22,10,22,5,22,16,8,19
2019-20,29,Karnataka,2926,MYSURU,292607,MYSORE NORTH,Urban,8,SS (IX-X),5,Private Unaided (Recognized),15,15,14,0,13,6,15,15,6,0,13,14,4,13,7,15,15,15,15,15,15,14,11,14,14,15,15,11,4,9,14,8,14,3,15,4,12,14
2019-20,29,Karnataka,2926,MYSURU,292607,MYSORE NORTH,Urban,10,HSS (IX-XII),1,Department of Education,1,1,1,0,1,1,1,1,0,0,1,1,0,1,1,1,1,1,1,1,1,0,1,1,1,1,1,1,0,1,1,1,1,1,1,1,1,1
2019-20,29,Karnataka,2926,MYSURU,292607,MYSORE NORTH,Urban,10,HSS (IX-XII),4,Government Aided,10,10,10,0,9,5,10,10,5,0,10,10,3,10,7,8,8,9,9,10,10,8,7,9,9,10,10,10,6,8,10,8,10,4,10,7,9,9
2019-20,29,Karnataka,2926,MYSURU,292607,MYSORE NORTH,Urban,10,HSS (IX-XII),5,Private Unaided (Recognized),4,4,4,0,4,4,4,4,2,0,4,4,3,4,2,4,4,4,4,4,4,3,2,3,3,4,4,4,3,4,4,3,4,2,4,1,4,4
2019-20,29,Karnataka,2926,MYSURU,292607,MYSORE NORTH,Urban,11,HSS (XI-XII),1,Department of Education,8,7,7,1,7,2,6,6,2,0,6,7,1,6,2,7,7,6,6,7,7,4,2,4,4,8,7,3,1,1,7,1,6,4,7,6,3,4
2019-20,29,Karnataka,2926,MYSURU,292607,MYSORE NORTH,Urban,11,HSS (XI-XII),4,Government Aided,3,3,2,0,3,0,3,3,0,0,3,3,1,3,0,2,2,3,3,3,3,1,2,2,2,3,3,2,1,2,3,3,3,2,3,2,2,3
2019-20,29,Karnataka,2926,MYSURU,292607,MYSORE NORTH,Urban,11,HSS (XI-XII),5,Private Unaided (Recognized),21,21,21,0,16,10,21,21,2,0,20,19,8,14,6,16,16,20,20,21,21,11,11,14,14,21,20,12,6,12,21,10,21,7,10,5,14,16
2019-20,29,Karnataka,2926,MYSURU,292608,MYSORE RURAL,Rural,1,PS (I-V),1,Department of Education,93,91,85,17,6,36,93,93,14,0,72,92,4,77,53,93,92,93,93,93,93,62,60,62,62,93,93,43,15,70,89,39,89,51,93,43,0,18
2019-20,29,Karnataka,2926,MYSURU,292608,MYSORE RURAL,Rural,1,PS (I-V),5,Private Unaided (Recognized),17,17,14,0,15,13,17,17,2,0,13,16,5,12,7,17,17,17,17,17,17,14,13,14,14,17,17,15,8,12,16,12,16,5,15,7,7,14
2019-20,29,Karnataka,2926,MYSURU,292608,MYSORE RURAL,Rural,2,UPS (I-VIII),1,Department of Education,115,114,104,0,58,68,115,115,34,0,101,114,0,103,74,114,114,115,114,115,115,89,90,94,94,115,115,63,20,85,112,39,112,90,115,62,3,63
2019-20,29,Karnataka,2926,MYSURU,292608,MYSORE RURAL,Rural,2,UPS (I-VIII),4,Government Aided,7,7,5,0,6,4,7,7,2,0,7,7,0,7,6,7,7,7,7,7,7,6,5,6,6,7,7,5,2,5,7,3,7,3,7,5,3,6
2019-20,29,Karnataka,2926,MYSURU,292608,MYSORE RURAL,Rural,2,UPS (I-VIII),5,Private Unaided (Recognized),43,43,39,1,39,36,43,43,17,0,42,42,15,42,15,43,43,43,43,43,43,35,34,35,35,43,43,37,24,38,43,29,43,10,43,23,27,41
2019-20,29,Karnataka,2926,MYSURU,292608,MYSORE RURAL,Rural,3,HSS (I-XII),5,Private Unaided (Recognized),13,13,12,0,13,13,13,13,4,0,13,13,10,13,6,13,13,13,13,13,13,13,11,13,13,13,12,12,9,12,13,7,13,6,12,8,12,13
2019-20,29,Karnataka,2926,MYSURU,292608,MYSORE RURAL,Rural,3,HSS (I-XII),92,Kendriya Vidyalaya / Central School,1,1,1,0,1,0,1,1,0,0,1,1,1,1,0,1,1,1,1,1,1,1,1,1,1,1,1,0,0,0,1,0,1,0,1,0,1,1
2019-20,29,Karnataka,2926,MYSURU,292608,MYSORE RURAL,Rural,3,HSS (I-XII),101,Other Central Govt. Schools,1,1,1,0,1,1,1,1,1,0,1,1,1,1,0,1,1,1,1,1,1,1,1,1,1,1,1,1,1,1,1,1,1,0,1,0,1,1
2019-20,29,Karnataka,2926,MYSURU,292608,MYSORE RURAL,Rural,5,HSS (VI-XII),5,Private Unaided (Recognized),1,1,1,0,1,1,1,1,1,0,1,1,1,1,1,1,1,1,1,1,1,1,1,1,1,1,1,1,1,1,1,1,1,1,1,1,1,1
2019-20,29,Karnataka,2926,MYSURU,292608,MYSORE RURAL,Rural,5,HSS (VI-XII),90,Social welfare Department,1,1,1,0,1,0,1,1,1,0,1,1,0,1,0,1,1,1,1,1,1,1,1,1,1,1,1,1,0,1,1,1,1,0,1,1,1,1
2019-20,29,Karnataka,2926,MYSURU,292608,MYSORE RURAL,Rural,5,HSS (VI-XII),93,Jawahar Navodaya Vidyalaya ,1,1,1,0,1,1,1,1,1,0,1,1,1,1,1,1,1,1,1,1,1,0,0,0,0,1,1,1,1,1,1,1,1,0,1,1,1,1
2019-20,29,Karnataka,2926,MYSURU,292608,MYSORE RURAL,Rural,6,SS (I-X),1,Department of Education,2,2,1,0,1,2,2,2,1,0,2,2,1,2,1,1,1,2,2,2,2,1,1,1,1,2,2,1,0,1,2,1,2,2,2,1,0,1
2019-20,29,Karnataka,2926,MYSURU,292608,MYSORE RURAL,Rural,6,SS (I-X),5,Private Unaided (Recognized),49,49,44,0,47,41,49,49,17,1,47,47,29,45,22,49,49,49,49,49,49,46,41,46,46,49,49,43,27,44,49,32,49,19,47,17,46,45
2019-20,29,Karnataka,2926,MYSURU,292608,MYSORE RURAL,Rural,7,SS (VI-X),2,Tribal Welfare Department,3,3,3,0,2,2,3,3,2,0,3,3,0,3,3,3,3,3,3,3,3,2,2,2,2,3,3,3,1,2,3,1,3,0,3,2,1,2
2019-20,29,Karnataka,2926,MYSURU,292608,MYSORE RURAL,Rural,7,SS (VI-X),5,Private Unaided (Recognized),1,1,1,0,1,1,1,1,1,0,1,1,1,1,0,1,1,1,1,1,1,1,1,1,1,1,1,1,1,1,1,1,1,0,1,1,1,1
2019-20,29,Karnataka,2926,MYSURU,292608,MYSORE RURAL,Rural,8,SS (IX-X),1,Department of Education,26,25,19,0,21,22,26,26,5,0,24,26,2,23,13,26,26,26,26,26,26,23,23,23,23,26,26,15,9,23,25,12,25,17,26,20,3,23
2019-20,29,Karnataka,2926,MYSURU,292608,MYSORE RURAL,Rural,8,SS (IX-X),4,Government Aided,8,8,7,0,8,7,8,8,1,0,8,8,2,8,6,8,8,8,8,8,8,7,6,7,7,8,8,4,3,8,8,5,8,1,8,5,2,7
2019-20,29,Karnataka,2926,MYSURU,292608,MYSORE RURAL,Rural,8,SS (IX-X),5,Private Unaided (Recognized),5,5,4,0,5,5,5,5,0,0,5,5,0,5,3,5,5,5,5,5,5,5,5,5,5,5,5,2,1,4,5,1,5,1,5,2,3,5
2019-20,29,Karnataka,2926,MYSURU,292608,MYSORE RURAL,Rural,10,HSS (IX-XII),1,Department of Education,2,2,2,0,1,2,2,2,1,0,2,2,0,2,1,2,2,2,2,2,2,2,2,2,2,2,2,2,1,2,2,1,2,2,2,0,1,2
2019-20,29,Karnataka,2926,MYSURU,292608,MYSORE RURAL,Rural,11,HSS (XI-XII),1,Department of Education,2,2,2,0,1,0,2,2,0,0,2,2,0,2,0,2,2,2,2,2,2,2,2,2,2,2,0,0,0,0,2,0,2,2,2,1,1,2
2019-20,29,Karnataka,2926,MYSURU,292608,MYSORE RURAL,Rural,11,HSS (XI-XII),2,Tribal Welfare Department,1,1,1,0,0,0,1,1,1,0,1,1,0,1,0,1,1,1,1,1,1,1,1,1,1,1,0,1,1,1,1,1,1,0,1,1,0,0
2019-20,29,Karnataka,2926,MYSURU,292608,MYSORE RURAL,Rural,11,HSS (XI-XII),4,Government Aided,1,1,1,0,1,0,1,1,0,0,1,1,0,1,0,1,1,1,1,1,1,1,1,1,1,1,1,0,0,0,1,0,1,1,1,1,0,0
2019-20,29,Karnataka,2926,MYSURU,292608,MYSORE RURAL,Rural,11,HSS (XI-XII),5,Private Unaided (Recognized),9,9,8,0,9,7,9,9,1,0,9,9,6,9,3,9,9,9,9,9,9,8,7,8,8,9,7,5,2,5,9,3,9,3,4,0,9,9
2019-20,29,Karnataka,2926,MYSURU,292608,MYSORE RURAL,Urban,1,PS (I-V),1,Department of Education,4,4,4,1,0,2,4,4,0,0,4,4,0,3,1,4,4,4,4,4,4,2,2,2,2,4,4,3,1,3,4,1,4,2,4,2,0,1
2019-20,29,Karnataka,2926,MYSURU,292608,MYSORE RURAL,Urban,1,PS (I-V),5,Private Unaided (Recognized),1,1,1,0,1,1,1,1,1,0,1,1,1,1,1,1,1,1,1,1,1,1,1,1,1,1,1,1,1,1,1,1,1,0,1,0,1,0
2019-20,29,Karnataka,2926,MYSURU,292608,MYSORE RURAL,Urban,2,UPS (I-VIII),1,Department of Education,6,6,5,0,3,1,6,6,1,0,4,6,1,5,1,5,5,6,6,6,6,5,5,5,5,6,6,5,1,4,6,2,6,5,6,4,0,3
2019-20,29,Karnataka,2926,MYSURU,292608,MYSORE RURAL,Urban,2,UPS (I-VIII),4,Government Aided,1,1,1,0,0,0,1,1,0,0,1,1,0,1,1,1,1,1,1,1,1,1,1,1,1,1,1,1,0,1,1,0,1,0,1,1,0,0
2019-20,29,Karnataka,2926,MYSURU,292608,MYSORE RURAL,Urban,2,UPS (I-VIII),5,Private Unaided (Recognized),1,1,1,0,1,1,1,1,0,0,1,1,1,1,1,1,1,1,1,1,1,1,1,1,1,1,1,1,1,1,1,0,1,1,1,0,1,1
2019-20,29,Karnataka,2926,MYSURU,292608,MYSORE RURAL,Urban,6,SS (I-X),5,Private Unaided (Recognized),5,5,5,0,4,4,4,5,2,0,5,5,1,4,3,5,5,5,5,5,5,5,3,5,5,5,5,3,3,4,5,5,5,0,5,1,4,5
2019-20,29,Karnataka,2926,MYSURU,292608,MYSORE RURAL,Urban,8,SS (IX-X),1,Department of Education,3,3,2,0,2,2,3,3,2,0,3,3,0,2,0,3,3,3,3,3,3,3,3,3,3,3,3,2,1,3,3,1,3,1,3,1,1,3
2019-20,29,Karnataka,2926,MYSURU,292608,MYSORE RURAL,Urban,8,SS (IX-X),4,Government Aided,2,2,2,0,2,2,2,2,0,0,2,2,0,2,1,2,2,2,2,2,2,2,2,2,2,2,2,1,0,1,2,1,2,1,2,1,1,2
2019-20,29,Karnataka,2926,MYSURU,292608,MYSORE RURAL,Urban,8,SS (IX-X),5,Private Unaided (Recognized),1,1,1,0,1,1,1,1,1,0,1,1,1,1,0,1,1,1,1,1,1,1,1,1,1,1,1,1,1,1,1,1,1,0,1,0,1,1
2019-20,29,Karnataka,2926,MYSURU,292608,MYSORE RURAL,Urban,10,HSS (IX-XII),5,Private Unaided (Recognized),1,1,1,0,1,1,1,1,0,0,1,1,0,1,0,1,1,1,1,1,1,1,1,1,1,1,1,1,1,1,1,0,1,0,1,0,1,1
2019-20,29,Karnataka,2926,MYSURU,292608,MYSORE RURAL,Urban,11,HSS (XI-XII),4,Government Aided,1,1,1,0,1,0,1,1,0,0,1,1,0,1,0,1,1,1,1,1,1,0,0,0,0,1,1,0,0,0,1,0,1,0,1,1,0,1
2019-20,29,Karnataka,2926,MYSURU,292608,MYSORE RURAL,Urban,11,HSS (XI-XII),5,Private Unaided (Recognized),1,1,1,0,1,1,1,1,0,0,1,1,1,1,0,1,1,1,1,1,1,0,0,0,0,1,0,1,1,0,1,1,1,0,1,1,1,1
2019-20,29,Karnataka,2926,MYSURU,292609,NANJANAGUD,Rural,1,PS (I-V),1,Department of Education,103,103,80,9,7,40,103,103,45,0,79,87,4,79,68,102,101,102,102,103,102,65,63,66,66,103,48,52,43,79,86,64,85,50,103,46,1,5
2019-20,29,Karnataka,2926,MYSURU,292609,NANJANAGUD,Rural,1,PS (I-V),5,Private Unaided (Recognized),12,12,4,1,4,4,5,5,1,0,4,6,1,5,1,12,12,12,12,12,12,8,8,8,8,12,3,8,7,10,5,4,5,2,9,4,3,3
2019-20,29,Karnataka,2926,MYSURU,292609,NANJANAGUD,Rural,2,UPS (I-VIII),1,Department of Education,139,139,108,0,46,78,138,138,78,0,117,131,12,128,100,139,138,139,138,139,138,106,104,108,107,139,72,75,62,116,129,99,128,97,139,66,0,48
2019-20,29,Karnataka,2926,MYSURU,292609,NANJANAGUD,Rural,2,UPS (I-VIII),2,Tribal Welfare Department,2,2,2,0,1,2,1,1,1,0,1,1,0,1,1,2,2,2,2,2,2,2,2,2,2,2,1,1,1,2,1,1,1,0,2,1,0,1
2019-20,29,Karnataka,2926,MYSURU,292609,NANJANAGUD,Rural,2,UPS (I-VIII),4,Government Aided,1,1,1,0,1,1,1,1,1,0,1,1,1,1,1,1,1,1,1,1,1,1,1,1,1,1,0,1,1,1,1,1,1,1,1,0,0,0
2019-20,29,Karnataka,2926,MYSURU,292609,NANJANAGUD,Rural,2,UPS (I-VIII),5,Private Unaided (Recognized),13,13,11,0,10,11,10,10,5,0,11,10,1,10,5,13,13,13,13,13,13,12,12,12,12,13,4,10,6,13,12,7,12,4,13,5,5,9
2019-20,29,Karnataka,2926,MYSURU,292609,NANJANAGUD,Rural,5,HSS (VI-XII),2,Tribal Welfare Department,1,1,1,0,1,1,1,1,1,0,1,1,0,1,1,1,1,1,1,1,1,0,0,0,0,1,0,1,0,1,1,1,1,0,1,0,1,1
2019-20,29,Karnataka,2926,MYSURU,292609,NANJANAGUD,Rural,6,SS (I-X),1,Department of Education,3,3,2,0,1,2,3,3,2,0,3,3,0,2,2,3,3,3,3,3,3,2,3,3,3,3,1,1,0,2,3,3,3,3,3,1,0,1
2019-20,29,Karnataka,2926,MYSURU,292609,NANJANAGUD,Rural,6,SS (I-X),4,Government Aided,1,1,1,0,1,1,1,1,1,0,1,1,1,1,1,1,1,1,1,1,1,1,1,1,1,1,1,1,0,1,1,1,1,1,1,0,1,1
2019-20,29,Karnataka,2926,MYSURU,292609,NANJANAGUD,Rural,6,SS (I-X),5,Private Unaided (Recognized),6,6,6,0,6,6,4,4,1,0,5,5,3,5,4,6,6,6,6,6,6,6,6,6,6,6,5,4,4,6,6,5,6,3,6,2,6,6
2019-20,29,Karnataka,2926,MYSURU,292609,NANJANAGUD,Rural,7,SS (VI-X),1,Department of Education,1,1,1,0,1,1,1,1,0,0,1,1,0,1,1,1,1,1,1,1,1,1,1,1,1,1,1,1,1,0,1,1,1,0,1,0,0,0
2019-20,29,Karnataka,2926,MYSURU,292609,NANJANAGUD,Rural,7,SS (VI-X),2,Tribal Welfare Department,6,5,6,0,5,2,4,4,2,0,4,4,0,4,2,4,4,6,6,6,6,2,3,3,3,6,1,4,2,5,5,2,5,0,6,2,3,4
2019-20,29,Karnataka,2926,MYSURU,292609,NANJANAGUD,Rural,8,SS (IX-X),1,Department of Education,15,15,7,0,9,14,15,15,5,0,15,15,1,14,11,15,15,15,15,15,15,13,13,13,13,15,9,9,6,12,15,9,15,13,15,5,1,15
2019-20,29,Karnataka,2926,MYSURU,292609,NANJANAGUD,Rural,8,SS (IX-X),4,Government Aided,11,10,6,0,9,8,11,11,4,0,7,9,0,6,5,9,9,10,10,11,11,8,8,10,10,11,3,7,6,8,8,6,8,4,11,2,2,7
2019-20,29,Karnataka,2926,MYSURU,292609,NANJANAGUD,Rural,8,SS (IX-X),5,Private Unaided (Recognized),3,3,1,0,3,3,1,1,0,0,2,2,0,2,0,3,3,3,3,3,3,3,3,3,3,3,1,2,1,3,2,2,2,0,3,2,1,0
2019-20,29,Karnataka,2926,MYSURU,292609,NANJANAGUD,Rural,10,HSS (IX-XII),1,Department of Education,5,5,2,0,4,5,5,5,1,0,5,4,1,5,4,5,5,5,5,5,5,4,4,4,4,5,4,2,3,3,5,2,5,4,5,3,0,5
2019-20,29,Karnataka,2926,MYSURU,292609,NANJANAGUD,Rural,10,HSS (IX-XII),4,Government Aided,3,3,1,0,2,2,3,3,1,0,3,3,1,3,2,3,3,3,3,3,3,3,3,3,3,3,3,2,2,3,3,3,3,2,3,2,1,3
2019-20,29,Karnataka,2926,MYSURU,292609,NANJANAGUD,Rural,11,HSS (XI-XII),1,Department of Education,4,4,4,0,4,0,4,4,0,0,4,4,0,3,0,4,4,4,4,4,4,1,1,1,1,4,0,0,0,0,4,0,4,0,4,4,0,0
2019-20,29,Karnataka,2926,MYSURU,292609,NANJANAGUD,Rural,11,HSS (XI-XII),5,Private Unaided (Recognized),1,1,1,0,1,0,1,1,0,0,1,1,0,0,0,1,1,1,1,1,1,1,1,1,1,1,0,0,0,0,1,0,1,0,0,0,0,0
2019-20,29,Karnataka,2926,MYSURU,292609,NANJANAGUD,Urban,1,PS (I-V),1,Department of Education,3,2,2,1,0,1,3,3,0,0,1,3,0,2,1,3,3,3,3,3,3,1,1,1,1,3,1,2,1,2,2,1,2,0,3,1,0,0
2019-20,29,Karnataka,2926,MYSURU,292609,NANJANAGUD,Urban,1,PS (I-V),5,Private Unaided (Recognized),2,2,2,0,2,0,2,2,1,0,0,2,1,1,1,2,2,2,2,2,2,2,2,2,2,2,0,1,2,1,2,1,2,1,2,0,0,1
2019-20,29,Karnataka,2926,MYSURU,292609,NANJANAGUD,Urban,2,UPS (I-VIII),1,Department of Education,13,12,13,0,9,6,12,13,7,0,9,12,0,11,6,11,11,13,13,13,13,9,10,10,10,13,9,5,8,11,13,6,13,5,13,8,0,5
2019-20,29,Karnataka,2926,MYSURU,292609,NANJANAGUD,Urban,2,UPS (I-VIII),4,Government Aided,5,5,4,0,4,3,5,5,1,0,2,5,1,1,1,5,5,5,5,5,5,3,3,3,3,5,3,5,4,5,4,3,4,1,5,1,0,1
2019-20,29,Karnataka,2926,MYSURU,292609,NANJANAGUD,Urban,2,UPS (I-VIII),5,Private Unaided (Recognized),5,5,3,0,5,4,4,4,1,0,4,4,2,4,3,5,5,5,5,5,5,5,5,5,5,5,4,4,3,4,4,2,4,2,5,2,4,4
2019-20,29,Karnataka,2926,MYSURU,292609,NANJANAGUD,Urban,3,HSS (I-XII),5,Private Unaided (Recognized),2,2,2,0,2,2,2,2,2,0,2,2,1,2,2,2,2,2,2,2,2,2,2,2,2,2,2,2,2,2,2,1,2,1,2,0,2,2
2019-20,29,Karnataka,2926,MYSURU,292609,NANJANAGUD,Urban,4,UPS (VI-VIII),1,Department of Education,1,1,0,0,1,1,1,1,1,0,1,1,1,1,1,0,0,1,1,1,1,0,0,0,0,1,0,1,1,1,1,1,1,1,1,1,1,1
2019-20,29,Karnataka,2926,MYSURU,292609,NANJANAGUD,Urban,6,SS (I-X),5,Private Unaided (Recognized),4,4,3,0,3,3,3,3,2,0,3,3,2,3,2,4,4,4,4,4,4,4,4,4,4,4,2,3,1,4,3,3,3,2,4,1,3,3
2019-20,29,Karnataka,2926,MYSURU,292609,NANJANAGUD,Urban,7,SS (VI-X),2,Tribal Welfare Department,1,1,0,0,1,1,1,1,0,0,1,1,0,0,1,0,0,1,1,1,1,0,1,1,1,1,1,1,1,1,1,1,1,0,1,0,0,1
2019-20,29,Karnataka,2926,MYSURU,292609,NANJANAGUD,Urban,8,SS (IX-X),1,Department of Education,1,1,1,0,1,1,1,1,0,0,1,1,0,0,1,0,0,1,1,1,1,0,1,1,1,1,0,0,0,0,1,1,1,0,1,0,0,0
2019-20,29,Karnataka,2926,MYSURU,292609,NANJANAGUD,Urban,8,SS (IX-X),4,Government Aided,3,3,2,0,3,1,3,3,3,0,3,3,0,3,3,3,3,3,3,3,3,2,1,2,2,3,1,3,2,3,3,2,3,2,3,0,0,2
2019-20,29,Karnataka,2926,MYSURU,292609,NANJANAGUD,Urban,8,SS (IX-X),5,Private Unaided (Recognized),2,2,1,0,2,2,2,2,1,0,2,2,2,2,2,1,1,2,2,2,2,1,2,2,2,2,2,2,1,1,2,2,2,2,2,2,2,2
2019-20,29,Karnataka,2926,MYSURU,292609,NANJANAGUD,Urban,10,HSS (IX-XII),1,Department of Education,1,1,1,0,1,0,1,1,0,0,1,1,0,1,0,0,0,1,1,1,1,0,1,1,1,1,0,1,1,1,1,0,1,1,1,1,1,1
2019-20,29,Karnataka,2926,MYSURU,292609,NANJANAGUD,Urban,11,HSS (XI-XII),1,Department of Education,1,1,1,0,1,0,1,1,1,0,1,1,0,1,1,1,1,1,1,1,1,1,0,1,1,1,0,1,1,1,1,1,1,1,1,1,0,1
2019-20,29,Karnataka,2926,MYSURU,292609,NANJANAGUD,Urban,11,HSS (XI-XII),5,Private Unaided (Recognized),2,2,2,0,2,0,2,2,0,0,1,2,0,2,0,2,2,2,2,2,2,2,2,2,2,2,0,0,0,0,2,0,2,1,0,0,0,0
2019-20,29,Karnataka,2926,MYSURU,292610,PERIYA PATNA,Rural,1,PS (I-V),1,Department of Education,167,167,119,14,26,90,167,167,39,1,119,152,14,101,109,156,153,165,164,167,167,123,127,130,130,167,167,56,49,86,136,93,136,103,167,97,1,3
2019-20,29,Karnataka,2926,MYSURU,292610,PERIYA PATNA,Rural,1,PS (I-V),5,Private Unaided (Recognized),8,8,6,0,5,4,8,8,2,0,8,8,1,6,4,8,8,8,8,8,8,3,3,3,3,8,8,7,3,6,8,5,8,3,7,5,3,3
2019-20,29,Karnataka,2926,MYSURU,292610,PERIYA PATNA,Rural,2,UPS (I-VIII),1,Department of Education,107,107,96,0,26,72,107,107,27,0,83,102,11,92,71,105,104,106,106,107,107,84,87,88,88,107,107,51,31,63,93,53,93,78,107,70,1,26
2019-20,29,Karnataka,2926,MYSURU,292610,PERIYA PATNA,Rural,2,UPS (I-VIII),2,Tribal Welfare Department,3,3,3,0,3,2,3,3,1,0,2,2,0,2,2,3,3,3,3,3,3,3,3,3,3,3,3,2,1,2,2,0,2,2,3,2,0,2
2019-20,29,Karnataka,2926,MYSURU,292610,PERIYA PATNA,Rural,2,UPS (I-VIII),4,Government Aided,4,4,2,0,2,3,4,4,3,0,4,4,2,4,3,4,4,4,4,4,4,3,3,3,3,4,4,2,2,2,4,3,4,0,4,2,1,2
2019-20,29,Karnataka,2926,MYSURU,292610,PERIYA PATNA,Rural,2,UPS (I-VIII),5,Private Unaided (Recognized),10,10,9,0,10,10,10,10,6,0,10,9,4,7,9,10,10,10,10,10,10,9,9,9,9,10,10,8,7,10,9,10,9,1,10,7,5,9
2019-20,29,Karnataka,2926,MYSURU,292610,PERIYA PATNA,Rural,3,HSS (I-XII),5,Private Unaided (Recognized),2,2,2,0,2,1,2,2,0,0,2,2,1,2,1,2,2,2,2,2,2,2,1,2,2,2,2,1,2,1,2,1,2,0,1,1,1,2
2019-20,29,Karnataka,2926,MYSURU,292610,PERIYA PATNA,Rural,5,HSS (VI-XII),96,Central Tibetan School,1,1,1,0,1,1,1,1,0,0,1,1,1,1,0,1,1,1,1,1,1,1,1,1,1,1,1,1,1,1,1,1,1,0,1,1,0,1
2019-20,29,Karnataka,2926,MYSURU,292610,PERIYA PATNA,Rural,6,SS (I-X),1,Department of Education,2,2,0,0,2,2,2,2,0,0,2,2,0,2,1,2,2,2,2,2,2,2,2,2,2,2,2,0,0,1,2,0,2,1,2,2,1,2
2019-20,29,Karnataka,2926,MYSURU,292610,PERIYA PATNA,Rural,6,SS (I-X),5,Private Unaided (Recognized),4,4,4,0,3,2,4,4,3,0,3,4,2,3,4,4,4,3,3,4,4,2,1,2,2,4,4,4,4,4,4,4,4,1,4,3,3,3
2019-20,29,Karnataka,2926,MYSURU,292610,PERIYA PATNA,Rural,6,SS (I-X),96,Central Tibetan School,1,1,1,0,1,0,1,1,0,0,1,1,0,1,0,1,1,1,1,1,1,1,1,1,1,1,1,0,0,0,1,0,1,1,0,0,0,0
2019-20,29,Karnataka,2926,MYSURU,292610,PERIYA PATNA,Rural,7,SS (VI-X),2,Tribal Welfare Department,4,4,2,0,3,3,4,4,3,0,3,4,3,4,3,3,3,4,4,4,4,3,3,4,4,4,4,4,1,3,4,4,4,2,4,2,0,2
2019-20,29,Karnataka,2926,MYSURU,292610,PERIYA PATNA,Rural,7,SS (VI-X),6,Other Govt. managed schools,1,1,0,0,0,0,1,1,0,0,0,0,0,0,0,1,1,1,1,1,1,0,0,0,0,1,1,0,0,0,0,0,0,0,1,0,0,1
2019-20,29,Karnataka,2926,MYSURU,292610,PERIYA PATNA,Rural,7,SS (VI-X),90,Social welfare Department,1,1,1,0,1,0,1,1,1,0,1,1,1,1,1,1,1,1,1,1,1,0,0,0,0,1,1,1,1,1,1,1,1,0,1,1,1,0
2019-20,29,Karnataka,2926,MYSURU,292610,PERIYA PATNA,Rural,8,SS (IX-X),1,Department of Education,13,13,8,0,6,12,13,13,1,0,12,11,1,12,6,13,13,12,12,13,13,10,13,13,13,13,13,6,3,5,13,8,13,7,13,6,2,13
2019-20,29,Karnataka,2926,MYSURU,292610,PERIYA PATNA,Rural,8,SS (IX-X),4,Government Aided,6,5,3,0,4,6,6,6,2,0,6,6,1,5,6,6,6,6,6,6,6,4,4,4,4,6,6,5,1,5,6,5,6,2,6,3,2,6
2019-20,29,Karnataka,2926,MYSURU,292610,PERIYA PATNA,Rural,8,SS (IX-X),5,Private Unaided (Recognized),5,5,4,0,3,4,5,5,2,0,5,5,1,4,4,5,5,5,5,5,5,5,4,5,5,5,5,4,5,3,5,3,5,3,5,4,2,2
2019-20,29,Karnataka,2926,MYSURU,292610,PERIYA PATNA,Rural,10,HSS (IX-XII),1,Department of Education,6,6,2,0,3,6,6,6,3,0,6,6,0,6,4,6,6,6,6,6,6,3,3,3,3,6,6,3,1,6,6,4,6,1,6,4,2,6
2019-20,29,Karnataka,2926,MYSURU,292610,PERIYA PATNA,Rural,10,HSS (IX-XII),5,Private Unaided (Recognized),2,2,1,0,2,2,2,2,1,0,2,2,1,2,1,2,2,2,2,2,2,1,1,1,1,2,2,2,2,2,2,2,2,0,2,1,1,1
2019-20,29,Karnataka,2926,MYSURU,292610,PERIYA PATNA,Rural,11,HSS (XI-XII),5,Private Unaided (Recognized),4,4,3,0,4,1,4,4,0,0,3,3,0,2,0,4,4,4,4,4,4,2,2,2,2,4,4,0,0,0,4,1,4,1,1,0,2,2
2019-20,29,Karnataka,2926,MYSURU,292610,PERIYA PATNA,Urban,1,PS (I-V),1,Department of Education,1,1,0,0,0,0,1,1,1,0,1,1,0,0,1,1,1,1,1,1,1,1,1,1,1,1,1,0,0,0,1,1,1,0,1,0,0,0
2019-20,29,Karnataka,2926,MYSURU,292610,PERIYA PATNA,Urban,1,PS (I-V),5,Private Unaided (Recognized),1,1,1,0,1,1,1,1,0,0,1,1,0,1,0,1,1,1,1,1,1,1,1,1,1,1,1,1,0,0,1,1,1,0,1,0,1,1
2019-20,29,Karnataka,2926,MYSURU,292610,PERIYA PATNA,Urban,2,UPS (I-VIII),1,Department of Education,6,6,6,0,2,3,6,6,6,0,6,6,0,6,5,6,6,6,6,6,6,6,6,6,6,6,6,3,2,2,6,4,6,5,6,3,0,0
2019-20,29,Karnataka,2926,MYSURU,292610,PERIYA PATNA,Urban,2,UPS (I-VIII),5,Private Unaided (Recognized),5,5,5,0,5,4,5,5,2,0,4,5,2,3,3,5,5,5,5,5,5,5,5,5,5,5,5,4,2,5,5,5,5,1,5,1,3,5
2019-20,29,Karnataka,2926,MYSURU,292610,PERIYA PATNA,Urban,3,HSS (I-XII),5,Private Unaided (Recognized),1,1,1,0,1,1,1,1,1,0,1,0,0,1,1,1,1,1,1,1,1,1,1,1,1,1,1,1,0,1,1,1,1,0,1,0,0,1
2019-20,29,Karnataka,2926,MYSURU,292610,PERIYA PATNA,Urban,6,SS (I-X),5,Private Unaided (Recognized),3,3,3,0,3,2,3,3,2,0,3,3,2,3,2,3,3,3,3,3,3,3,3,3,3,3,3,3,2,3,3,2,3,1,2,0,2,3
2019-20,29,Karnataka,2926,MYSURU,292610,PERIYA PATNA,Urban,8,SS (IX-X),4,Government Aided,1,1,1,0,1,1,1,1,1,0,0,1,0,1,1,1,1,1,1,1,1,1,1,1,1,1,1,1,1,1,1,1,1,0,1,1,0,1
2019-20,29,Karnataka,2926,MYSURU,292610,PERIYA PATNA,Urban,8,SS (IX-X),5,Private Unaided (Recognized),2,2,2,0,2,2,2,2,2,0,2,2,1,2,2,2,2,2,2,2,2,2,2,2,2,2,2,2,2,2,2,2,2,2,2,2,1,1
2019-20,29,Karnataka,2926,MYSURU,292610,PERIYA PATNA,Urban,10,HSS (IX-XII),1,Department of Education,2,2,1,0,1,1,2,2,2,0,2,2,0,2,1,1,1,2,2,2,2,1,2,2,2,2,2,2,1,2,2,2,2,2,2,1,1,2
2019-20,29,Karnataka,2926,MYSURU,292610,PERIYA PATNA,Urban,11,HSS (XI-XII),5,Private Unaided (Recognized),4,4,3,0,3,0,4,4,0,0,2,4,0,3,0,4,4,4,4,4,4,4,4,4,4,4,4,3,1,3,4,1,4,0,1,1,2,2
2019-20,29,Karnataka,2926,MYSURU,292611,T.N.PURA,Rural,1,PS (I-V),1,Department of Education,109,109,81,14,7,44,109,109,46,3,86,102,1,67,71,107,107,109,109,109,109,68,67,68,68,109,109,63,47,73,107,63,107,61,109,46,1,3
2019-20,29,Karnataka,2926,MYSURU,292611,T.N.PURA,Rural,1,PS (I-V),5,Private Unaided (Recognized),6,6,5,0,5,4,6,6,1,0,6,5,0,5,1,6,6,6,6,6,6,5,4,5,5,6,6,3,2,4,6,3,6,1,5,3,4,3
2019-20,29,Karnataka,2926,MYSURU,292611,T.N.PURA,Rural,2,UPS (I-VIII),1,Department of Education,95,95,67,0,40,63,95,95,37,0,87,94,3,79,70,94,94,93,93,95,95,73,70,73,73,95,95,50,36,62,93,58,93,80,95,53,1,41
2019-20,29,Karnataka,2926,MYSURU,292611,T.N.PURA,Rural,2,UPS (I-VIII),4,Government Aided,4,4,2,0,4,2,4,4,2,0,4,4,1,3,2,4,4,4,4,4,4,2,2,2,2,4,4,4,4,3,4,3,4,2,4,2,1,2
2019-20,29,Karnataka,2926,MYSURU,292611,T.N.PURA,Rural,2,UPS (I-VIII),5,Private Unaided (Recognized),13,13,12,0,12,10,13,13,4,1,12,12,6,11,3,13,13,13,13,13,13,12,12,12,12,13,13,12,5,9,13,11,13,5,12,3,7,8
2019-20,29,Karnataka,2926,MYSURU,292611,T.N.PURA,Rural,3,HSS (I-XII),1,Department of Education,1,1,1,0,0,1,1,1,0,0,1,1,0,0,0,0,0,1,1,1,1,0,0,0,0,1,1,0,0,1,1,0,1,1,1,1,1,1
2019-20,29,Karnataka,2926,MYSURU,292611,T.N.PURA,Rural,4,UPS (VI-VIII),1,Department of Education,1,1,0,0,1,0,1,1,0,0,1,1,0,1,1,1,1,1,1,1,1,1,1,1,1,1,1,0,0,0,1,0,1,1,1,0,0,1
2019-20,29,Karnataka,2926,MYSURU,292611,T.N.PURA,Rural,6,SS (I-X),1,Department of Education,3,3,1,0,3,3,3,3,0,0,3,3,0,2,2,3,3,3,3,3,3,3,3,3,3,3,3,0,0,1,3,1,3,3,3,2,1,2
2019-20,29,Karnataka,2926,MYSURU,292611,T.N.PURA,Rural,6,SS (I-X),5,Private Unaided (Recognized),1,1,1,0,1,1,1,1,1,0,1,1,1,1,1,1,1,1,1,1,1,1,1,1,1,1,1,1,1,1,1,1,1,0,1,1,0,0
2019-20,29,Karnataka,2926,MYSURU,292611,T.N.PURA,Rural,7,SS (VI-X),1,Department of Education,1,1,0,0,1,1,1,1,1,0,1,1,1,1,1,1,1,1,1,1,1,0,0,0,0,1,1,1,1,1,1,1,1,1,1,1,0,1
2019-20,29,Karnataka,2926,MYSURU,292611,T.N.PURA,Rural,7,SS (VI-X),2,Tribal Welfare Department,5,5,2,0,5,4,5,5,2,0,5,5,1,5,5,4,4,5,5,5,5,3,4,4,4,5,5,5,1,5,5,4,5,2,5,3,3,5
2019-20,29,Karnataka,2926,MYSURU,292611,T.N.PURA,Rural,8,SS (IX-X),1,Department of Education,17,17,10,0,14,17,17,17,5,0,15,17,1,14,11,17,17,17,17,17,17,11,12,12,12,17,17,8,3,12,17,7,17,11,17,11,1,16
2019-20,29,Karnataka,2926,MYSURU,292611,T.N.PURA,Rural,8,SS (IX-X),4,Government Aided,7,7,5,0,6,7,7,7,2,0,6,6,1,6,5,6,6,7,7,7,7,5,5,5,5,7,7,4,2,6,7,3,7,2,7,3,0,6
2019-20,29,Karnataka,2926,MYSURU,292611,T.N.PURA,Rural,8,SS (IX-X),5,Private Unaided (Recognized),6,6,5,1,6,5,6,6,3,0,5,5,1,5,2,6,6,6,6,6,6,4,4,4,4,6,6,4,2,5,6,4,6,2,6,3,3,4
2019-20,29,Karnataka,2926,MYSURU,292611,T.N.PURA,Rural,10,HSS (IX-XII),1,Department of Education,3,3,2,0,2,3,3,3,0,0,3,2,0,3,2,3,3,3,3,3,3,1,2,2,2,3,3,0,1,2,3,2,3,2,3,1,0,3
2019-20,29,Karnataka,2926,MYSURU,292611,T.N.PURA,Rural,10,HSS (IX-XII),4,Government Aided,1,1,1,0,1,0,1,1,0,0,1,1,0,1,1,1,1,1,1,1,1,1,1,1,1,1,1,1,0,1,1,0,1,0,1,0,0,1
2019-20,29,Karnataka,2926,MYSURU,292611,T.N.PURA,Rural,11,HSS (XI-XII),1,Department of Education,1,1,1,0,1,1,1,1,0,0,1,1,0,1,0,1,1,1,1,1,1,0,0,0,0,1,1,0,0,0,1,0,1,0,1,1,0,1
2019-20,29,Karnataka,2926,MYSURU,292611,T.N.PURA,Rural,11,HSS (XI-XII),5,Private Unaided (Recognized),2,2,2,0,2,0,2,2,1,0,2,2,1,1,0,2,2,2,2,2,2,2,1,2,2,2,2,1,1,1,2,0,2,2,1,0,1,1
2019-20,29,Karnataka,2926,MYSURU,292611,T.N.PURA,Urban,1,PS (I-V),1,Department of Education,3,3,3,0,0,2,3,3,3,0,3,3,0,3,3,3,3,3,3,3,3,3,3,3,3,3,3,3,2,3,3,3,3,3,3,0,0,0
2019-20,29,Karnataka,2926,MYSURU,292611,T.N.PURA,Urban,1,PS (I-V),5,Private Unaided (Recognized),1,1,1,0,1,1,1,1,0,0,0,1,0,1,0,1,1,1,1,1,1,1,1,1,1,1,1,1,0,1,1,0,1,0,1,0,1,1
2019-20,29,Karnataka,2926,MYSURU,292611,T.N.PURA,Urban,2,UPS (I-VIII),1,Department of Education,12,12,12,0,9,7,12,12,4,0,10,11,0,11,6,10,10,11,11,12,12,5,7,8,8,12,12,8,4,5,11,4,11,9,12,4,0,6
2019-20,29,Karnataka,2926,MYSURU,292611,T.N.PURA,Urban,2,UPS (I-VIII),4,Government Aided,2,2,1,0,2,2,2,2,1,0,2,2,0,2,2,2,2,2,2,2,2,2,2,2,2,2,2,2,0,2,2,1,2,0,2,1,0,1
2019-20,29,Karnataka,2926,MYSURU,292611,T.N.PURA,Urban,2,UPS (I-VIII),5,Private Unaided (Recognized),11,11,9,0,10,6,11,11,4,0,11,11,3,11,5,11,11,11,11,11,11,9,9,9,9,11,11,10,4,9,11,6,11,4,11,6,5,10
2019-20,29,Karnataka,2926,MYSURU,292611,T.N.PURA,Urban,3,HSS (I-XII),5,Private Unaided (Recognized),1,1,1,0,1,1,1,1,0,0,1,1,1,1,0,1,1,1,1,1,1,1,1,1,1,1,1,1,0,1,1,1,1,0,1,0,1,1
2019-20,29,Karnataka,2926,MYSURU,292611,T.N.PURA,Urban,4,UPS (VI-VIII),1,Department of Education,1,1,0,0,0,1,1,1,1,0,1,1,0,1,1,0,0,1,1,1,1,0,0,0,0,1,1,1,0,0,1,1,1,1,1,1,1,1
2019-20,29,Karnataka,2926,MYSURU,292611,T.N.PURA,Urban,6,SS (I-X),5,Private Unaided (Recognized),6,6,4,0,5,5,6,6,2,0,6,5,1,6,2,6,6,6,6,6,6,5,5,5,5,6,6,3,3,4,6,4,6,2,6,3,2,6
2019-20,29,Karnataka,2926,MYSURU,292611,T.N.PURA,Urban,8,SS (IX-X),1,Department of Education,1,1,1,0,1,1,1,1,0,0,1,1,0,1,0,0,0,1,1,1,1,0,1,1,1,1,1,0,0,0,1,0,1,1,1,0,0,1
2019-20,29,Karnataka,2926,MYSURU,292611,T.N.PURA,Urban,8,SS (IX-X),4,Government Aided,1,1,1,0,0,0,1,1,0,0,1,1,1,1,1,0,0,0,0,0,0,0,0,0,0,1,1,0,0,0,1,0,0,0,1,0,1,1
2019-20,29,Karnataka,2926,MYSURU,292611,T.N.PURA,Urban,8,SS (IX-X),5,Private Unaided (Recognized),6,6,6,0,6,5,6,6,4,0,6,6,3,6,4,6,6,6,6,6,6,5,5,5,5,6,6,6,4,5,6,4,6,3,6,4,4,5
2019-20,29,Karnataka,2926,MYSURU,292611,T.N.PURA,Urban,10,HSS (IX-XII),1,Department of Education,3,3,3,0,3,2,3,3,2,0,3,3,0,3,1,2,2,3,3,3,3,2,3,3,3,3,3,1,1,2,3,0,3,2,3,3,1,3
2019-20,29,Karnataka,2926,MYSURU,292611,T.N.PURA,Urban,10,HSS (IX-XII),4,Government Aided,3,3,2,0,3,3,3,3,0,0,3,3,1,2,3,1,1,3,3,3,3,0,2,2,2,3,3,2,0,3,3,1,3,0,3,1,2,3
2019-20,29,Karnataka,2926,MYSURU,292611,T.N.PURA,Urban,10,HSS (IX-XII),5,Private Unaided (Recognized),1,1,1,0,1,1,1,1,0,0,1,1,0,1,0,1,1,1,1,1,1,1,1,1,1,1,1,0,0,1,1,0,1,0,1,0,1,1
2019-20,29,Karnataka,2926,MYSURU,292611,T.N.PURA,Urban,11,HSS (XI-XII),5,Private Unaided (Recognized),1,1,1,0,1,1,1,1,0,0,1,1,0,0,0,1,1,1,1,1,1,1,1,1,1,1,1,0,0,0,1,0,1,1,0,0,0,0
2019-20,29,Karnataka,2926,MYSURU,292612,MYSORE SOUTH,Rural,11,HSS (XI-XII),5,Private Unaided (Recognized),2,2,2,0,2,1,2,2,0,0,2,1,2,2,1,2,2,2,2,2,2,2,2,2,2,2,2,2,1,2,2,1,2,1,1,1,2,2
2019-20,29,Karnataka,2926,MYSURU,292612,MYSORE SOUTH,Urban,1,PS (I-V),1,Department of Education,6,6,6,0,1,1,6,6,4,0,5,6,0,4,5,6,6,6,6,6,6,6,6,6,6,6,6,4,4,6,6,4,6,2,6,6,0,2
2019-20,29,Karnataka,2926,MYSURU,292612,MYSORE SOUTH,Urban,1,PS (I-V),4,Government Aided,4,4,4,0,4,2,4,4,3,0,4,4,0,4,4,3,3,4,4,4,4,2,3,3,3,4,4,4,4,4,4,3,4,0,4,4,1,2
2019-20,29,Karnataka,2926,MYSURU,292612,MYSORE SOUTH,Urban,1,PS (I-V),5,Private Unaided (Recognized),7,7,7,0,4,2,7,7,0,0,5,5,0,4,3,7,7,7,7,7,7,6,5,6,6,7,7,6,4,7,6,4,6,1,6,4,5,5
2019-20,29,Karnataka,2926,MYSURU,292612,MYSORE SOUTH,Urban,2,UPS (I-VIII),1,Department of Education,24,19,23,0,17,9,24,24,17,0,24,24,2,22,16,24,24,24,24,24,24,24,24,24,24,24,24,21,10,24,24,21,24,17,24,12,0,15
2019-20,29,Karnataka,2926,MYSURU,292612,MYSORE SOUTH,Urban,2,UPS (I-VIII),4,Government Aided,29,29,29,0,29,11,29,29,24,0,29,29,4,27,26,28,28,29,29,29,29,22,20,23,23,29,29,29,20,27,29,25,29,9,29,19,8,21
2019-20,29,Karnataka,2926,MYSURU,292612,MYSORE SOUTH,Urban,2,UPS (I-VIII),5,Private Unaided (Recognized),57,57,54,0,56,33,56,57,30,0,57,56,24,54,39,57,57,57,57,57,57,51,50,51,51,57,57,55,33,54,57,46,57,14,57,25,39,53
2019-20,29,Karnataka,2926,MYSURU,292612,MYSORE SOUTH,Urban,3,HSS (I-XII),5,Private Unaided (Recognized),3,3,3,0,3,1,3,3,1,0,2,2,2,2,2,3,3,3,3,3,3,3,3,3,3,3,3,2,3,2,3,2,3,0,2,1,2,2
2019-20,29,Karnataka,2926,MYSURU,292612,MYSORE SOUTH,Urban,3,HSS (I-XII),101,Other Central Govt. Schools,1,1,1,0,1,1,1,1,1,0,1,1,1,1,1,1,1,1,1,1,1,1,1,1,1,1,1,1,1,1,1,1,1,0,1,1,1,1
2019-20,29,Karnataka,2926,MYSURU,292612,MYSORE SOUTH,Urban,5,HSS (VI-XII),5,Private Unaided (Recognized),2,2,2,0,2,1,2,2,1,0,2,2,1,2,1,2,2,2,2,2,2,2,2,2,2,2,2,2,1,2,2,2,2,2,2,1,2,2
2019-20,29,Karnataka,2926,MYSURU,292612,MYSORE SOUTH,Urban,6,SS (I-X),1,Department of Education,1,1,1,0,1,0,1,1,0,0,1,1,1,1,0,1,1,1,1,1,1,1,1,1,1,1,1,1,0,1,1,1,1,1,1,0,0,1
2019-20,29,Karnataka,2926,MYSURU,292612,MYSORE SOUTH,Urban,6,SS (I-X),5,Private Unaided (Recognized),17,17,16,0,13,10,17,17,7,1,16,16,11,16,10,16,16,17,17,17,17,15,14,16,16,17,17,16,11,16,16,14,16,5,15,11,17,15
2019-20,29,Karnataka,2926,MYSURU,292612,MYSORE SOUTH,Urban,7,SS (VI-X),1,Department of Education,1,1,0,0,0,0,1,1,0,0,1,1,0,1,1,1,1,1,1,1,1,1,1,1,1,1,1,1,0,1,1,1,1,1,1,0,1,1
2019-20,29,Karnataka,2926,MYSURU,292612,MYSORE SOUTH,Urban,7,SS (VI-X),5,Private Unaided (Recognized),1,1,1,0,1,1,1,1,0,0,1,1,0,1,0,1,1,1,1,1,1,1,1,1,1,1,1,1,0,0,1,0,1,0,1,1,1,1
2019-20,29,Karnataka,2926,MYSURU,292612,MYSORE SOUTH,Urban,8,SS (IX-X),1,Department of Education,3,2,3,0,2,1,3,3,2,0,3,3,0,3,3,2,2,3,3,3,3,2,3,3,3,3,3,3,1,3,3,1,3,2,3,3,1,3
2019-20,29,Karnataka,2926,MYSURU,292612,MYSORE SOUTH,Urban,8,SS (IX-X),4,Government Aided,22,22,22,0,19,11,22,22,6,0,22,21,4,21,11,16,16,20,20,22,22,16,16,20,20,22,22,20,13,17,21,6,21,7,22,19,15,21
2019-20,29,Karnataka,2926,MYSURU,292612,MYSORE SOUTH,Urban,8,SS (IX-X),5,Private Unaided (Recognized),33,33,32,0,30,19,33,33,9,0,32,32,11,31,16,32,32,33,33,33,33,28,28,29,29,33,33,32,18,28,33,21,33,10,32,17,28,29
2019-20,29,Karnataka,2926,MYSURU,292612,MYSORE SOUTH,Urban,10,HSS (IX-XII),1,Department of Education,4,4,4,0,4,4,4,4,2,0,4,4,0,4,1,3,3,3,3,4,4,3,3,4,4,4,4,3,1,4,4,3,4,2,4,4,1,4
2019-20,29,Karnataka,2926,MYSURU,292612,MYSORE SOUTH,Urban,10,HSS (IX-XII),4,Government Aided,4,4,4,0,3,1,4,4,1,0,4,4,2,4,3,3,3,4,4,4,4,2,3,4,4,4,4,4,4,4,4,3,4,2,4,1,3,4
2019-20,29,Karnataka,2926,MYSURU,292612,MYSORE SOUTH,Urban,10,HSS (IX-XII),5,Private Unaided (Recognized),14,14,14,0,13,12,14,14,12,0,14,14,13,13,9,14,14,14,14,14,14,14,13,14,14,14,14,13,11,13,14,8,14,3,14,8,13,14
2019-20,29,Karnataka,2926,MYSURU,292612,MYSORE SOUTH,Urban,11,HSS (XI-XII),1,Department of Education,6,6,5,0,5,2,6,6,2,0,5,6,1,5,0,4,4,6,6,6,6,3,5,5,5,6,6,0,0,0,6,0,6,1,6,5,4,5
2019-20,29,Karnataka,2926,MYSURU,292612,MYSORE SOUTH,Urban,11,HSS (XI-XII),4,Government Aided,1,1,1,0,0,0,1,1,0,0,1,1,0,1,0,1,1,1,1,1,1,1,1,1,1,1,1,0,0,0,1,0,1,0,1,1,0,0
2019-20,29,Karnataka,2926,MYSURU,292612,MYSORE SOUTH,Urban,11,HSS (XI-XII),5,Private Unaided (Recognized),35,35,34,0,32,15,35,35,3,0,35,35,16,31,3,30,30,35,35,35,35,27,28,30,30,35,35,20,6,13,35,11,35,8,18,7,26,28
