Academic_Year,State_Code,State_Name,District_Code,District_Name,Block_Code,Udise_Block_Name,School_Category_Id,School_Category_Name,School_Management_Id,School_Management_Name,Location,School_Type_Id,School_Type,Total_Number_of_Schools,Building,Complete_Medical_Checkup,Computer_Available,Functional_Drinking_Water,Drinking_Water,Functional_Electricity,Functional_Boy_Toilet,Functional_Girl_Toilet,Functional_Toilet_Facility,Functional_Toilet_and_Urinal,Functional_Urinal,Functional_Urinal_Boy,Functional_Urinal_Girl,Handwash,Separate_Room_for_Headmaster,Incinerator,Internet,Kitchen_Garden,Land_Available,Librarian,Library_or_Reading_Corner_or_Book_Bank,Medical_Checkup,Newspaper,Playground,Rain_Water_Harvesting,Ramps,Solar_Panel,Furniture,Water_Purifier,Water_Tested
2018-19,29,Karnataka,2912,BALLARI,291201,BELLARY WEST,3,HSS (I-XII),5,Private Unaided (Recognized),Rural,3,Co-educational,1,1,1,1,1,1,1,1,1,1,1,1,1,1,1,1,1,1,1,1,1,1,1,1,1,1,1,1,1,1,1
2018-19,29,Karnataka,2912,BALLARI,291201,BELLARY WEST,11,HSS (XI-XII),4,Government Aided,Urban,2,Girls,1,1,0,1,1,1,1,0,1,1,0,0,0,0,1,1,0,0,0,0,0,1,0,0,0,0,1,0,1,0,0
2018-19,29,Karnataka,2912,BALLARI,291201,BELLARY WEST,11,HSS (XI-XII),5,Private Unaided (Recognized),Urban,2,Girls,1,1,0,1,1,1,1,0,1,1,1,1,0,1,1,1,0,0,0,0,0,1,0,1,0,0,0,0,1,0,0
2018-19,29,Karnataka,2912,BALLARI,291201,BELLARY WEST,11,HSS (XI-XII),90,Social welfare Department,Urban,2,Girls,1,1,0,1,1,1,1,0,1,1,0,0,0,0,1,1,0,0,0,0,0,1,0,1,1,0,0,0,1,0,0
2018-19,29,Karnataka,2912,BALLARI,291201,BELLARY WEST,11,HSS (XI-XII),1,Department of Education,Rural,3,Co-educational,2,2,0,2,2,2,2,2,2,2,2,2,2,2,2,2,0,0,0,0,0,2,0,2,0,0,1,0,2,0,0
2018-19,29,Karnataka,2912,BALLARI,291201,BELLARY WEST,11,HSS (XI-XII),4,Government Aided,Rural,3,Co-educational,1,1,0,1,1,1,1,1,1,1,1,1,1,1,1,0,0,0,0,0,0,1,0,1,0,0,0,0,1,0,0
2018-19,29,Karnataka,2912,BALLARI,291201,BELLARY WEST,11,HSS (XI-XII),5,Private Unaided (Recognized),Rural,3,Co-educational,3,3,0,3,3,3,3,3,3,3,2,2,2,2,3,3,0,0,0,0,0,3,0,3,2,0,2,0,3,0,0
2018-19,29,Karnataka,2912,BALLARI,291201,BELLARY WEST,11,HSS (XI-XII),1,Department of Education,Urban,3,Co-educational,1,1,0,1,1,1,1,1,1,1,1,1,1,1,1,1,0,0,0,0,0,1,0,1,0,0,1,0,1,0,0
2018-19,29,Karnataka,2912,BALLARI,291201,BELLARY WEST,11,HSS (XI-XII),4,Government Aided,Urban,3,Co-educational,1,1,0,1,1,1,1,1,1,1,1,1,1,1,1,0,0,0,0,0,0,1,0,1,0,0,0,0,1,0,0
2018-19,29,Karnataka,2912,BALLARI,291201,BELLARY WEST,11,HSS (XI-XII),5,Private Unaided (Recognized),Urban,3,Co-educational,16,16,0,16,16,16,14,16,16,16,6,6,6,5,16,16,0,0,0,4,0,16,0,15,12,0,6,0,16,0,0
2018-19,29,Karnataka,2912,BALLARI,291201,BELLARY WEST,1,PS (I-V) ,1,Department of Education,Rural,3,Co-educational,34,34,17,32,34,34,30,16,26,27,3,5,4,3,33,11,29,0,22,10,6,30,31,12,31,13,12,16,34,13,21
2018-19,29,Karnataka,2912,BALLARI,291201,BELLARY WEST,1,PS (I-V) ,5,Private Unaided (Recognized),Rural,3,Co-educational,11,11,2,11,10,10,9,10,10,10,8,8,8,8,11,7,8,3,7,2,3,10,6,8,8,6,1,5,11,7,9
2018-19,29,Karnataka,2912,BALLARI,291201,BELLARY WEST,1,PS (I-V) ,1,Department of Education,Urban,3,Co-educational,10,10,5,9,10,10,10,9,10,10,3,3,3,3,10,2,10,0,5,5,0,9,10,4,8,3,8,4,10,3,6
2018-19,29,Karnataka,2912,BALLARI,291201,BELLARY WEST,1,PS (I-V) ,5,Private Unaided (Recognized),Urban,3,Co-educational,33,33,6,30,28,28,29,24,24,22,10,18,18,17,31,21,24,11,20,9,7,21,19,21,29,22,3,16,32,24,25
2018-19,29,Karnataka,2912,BALLARI,291201,BELLARY WEST,6, SS (I-X) ,1,Department of Education,Rural,3,Co-educational,5,5,4,5,5,5,3,5,4,4,1,2,2,2,5,2,1,0,1,5,0,5,5,5,5,0,4,2,5,1,1
2018-19,29,Karnataka,2912,BALLARI,291201,BELLARY WEST,6, SS (I-X) ,5,Private Unaided (Recognized),Rural,3,Co-educational,12,12,4,11,12,12,12,12,12,12,11,11,11,10,12,12,12,6,12,12,12,12,10,12,12,9,1,10,12,12,12
2018-19,29,Karnataka,2912,BALLARI,291201,BELLARY WEST,6, SS (I-X) ,5,Private Unaided (Recognized),Urban,3,Co-educational,25,25,9,25,25,25,25,25,25,25,19,19,19,19,25,25,25,15,22,16,13,24,23,24,25,19,2,22,25,24,25
2018-19,29,Karnataka,2912,BALLARI,291201,BELLARY WEST,6, SS (I-X) ,92,Kendriya Vidyalaya / Central School,Urban,3,Co-educational,1,1,0,1,1,1,1,1,1,1,1,1,1,1,1,1,1,1,1,1,0,1,1,1,1,1,0,1,1,1,1
2018-19,29,Karnataka,2912,BALLARI,291201,BELLARY WEST,8,SS (IX-X),1,Department of Education,Urban,1,Boys,1,1,0,1,1,1,1,1,0,1,1,1,1,0,1,1,1,0,1,1,0,1,1,1,1,0,1,0,1,0,1
2018-19,29,Karnataka,2912,BALLARI,291201,BELLARY WEST,8,SS (IX-X),4,Government Aided,Urban,1,Boys,1,1,0,1,1,1,1,1,0,1,1,1,1,0,1,1,1,0,1,1,1,1,1,1,1,1,0,1,1,1,1
2018-19,29,Karnataka,2912,BALLARI,291201,BELLARY WEST,8,SS (IX-X),5,Private Unaided (Recognized),Urban,1,Boys,1,1,0,1,1,1,1,1,0,1,1,1,1,0,1,1,1,0,1,1,0,1,1,1,1,1,0,1,1,1,1
2018-19,29,Karnataka,2912,BALLARI,291201,BELLARY WEST,8,SS (IX-X),1,Department of Education,Urban,2,Girls,1,1,0,1,1,1,1,0,1,1,1,1,0,1,1,1,1,0,1,1,0,1,1,1,1,1,1,0,1,0,0
2018-19,29,Karnataka,2912,BALLARI,291201,BELLARY WEST,8,SS (IX-X),4,Government Aided,Urban,2,Girls,4,4,1,4,4,4,4,0,4,4,2,2,0,2,4,4,2,2,1,4,0,4,4,3,4,0,2,0,4,4,2
2018-19,29,Karnataka,2912,BALLARI,291201,BELLARY WEST,8,SS (IX-X),5,Private Unaided (Recognized),Urban,2,Girls,3,3,2,1,3,3,3,0,3,3,0,0,0,0,3,2,3,1,2,2,2,3,3,3,3,2,0,2,3,3,3
2018-19,29,Karnataka,2912,BALLARI,291201,BELLARY WEST,8,SS (IX-X),1,Department of Education,Rural,3,Co-educational,8,8,4,7,8,8,6,6,7,7,4,4,3,4,8,4,5,0,5,7,0,8,8,8,8,6,2,6,8,3,5
2018-19,29,Karnataka,2912,BALLARI,291201,BELLARY WEST,8,SS (IX-X),4,Government Aided,Rural,3,Co-educational,2,2,1,2,2,2,2,2,2,2,1,1,1,1,2,2,2,0,2,0,0,2,2,2,2,2,0,2,2,2,2
2018-19,29,Karnataka,2912,BALLARI,291201,BELLARY WEST,8,SS (IX-X),5,Private Unaided (Recognized),Rural,3,Co-educational,3,3,2,2,3,3,3,3,3,3,1,1,1,1,3,3,3,2,3,3,1,3,3,3,3,3,0,3,3,3,3
2018-19,29,Karnataka,2912,BALLARI,291201,BELLARY WEST,8,SS (IX-X),1,Department of Education,Urban,3,Co-educational,7,7,2,7,7,7,7,7,7,7,6,6,6,6,7,1,3,1,2,7,0,5,7,3,6,1,4,2,7,2,3
2018-19,29,Karnataka,2912,BALLARI,291201,BELLARY WEST,8,SS (IX-X),4,Government Aided,Urban,3,Co-educational,6,6,2,6,6,6,6,6,6,6,6,6,6,6,6,6,5,1,4,5,0,6,6,6,6,1,3,3,6,5,5
2018-19,29,Karnataka,2912,BALLARI,291201,BELLARY WEST,8,SS (IX-X),5,Private Unaided (Recognized),Urban,3,Co-educational,17,17,1,16,17,17,17,17,17,17,8,8,8,8,17,17,14,9,11,11,9,17,13,14,17,14,4,13,17,15,14
2018-19,29,Karnataka,2912,BALLARI,291201,BELLARY WEST,7,SS (VI-X),5,Private Unaided (Recognized),Urban,1,Boys,1,1,0,1,1,1,1,1,0,1,1,1,1,0,1,1,0,0,0,1,0,1,0,0,0,1,0,0,1,1,0
2018-19,29,Karnataka,2912,BALLARI,291201,BELLARY WEST,7,SS (VI-X),90,Social welfare Department,Urban,2,Girls,1,1,0,1,1,1,1,0,1,1,0,0,0,0,1,0,1,0,1,0,0,1,0,1,1,1,0,1,1,1,1
2018-19,29,Karnataka,2912,BALLARI,291201,BELLARY WEST,7,SS (VI-X),90,Social welfare Department,Rural,3,Co-educational,3,3,3,3,3,3,3,3,3,3,2,2,2,2,3,2,3,2,2,1,1,3,3,3,3,2,0,1,3,3,3
2018-19,29,Karnataka,2912,BALLARI,291201,BELLARY WEST,7,SS (VI-X),1,Department of Education,Urban,3,Co-educational,1,1,0,0,1,1,1,1,1,1,1,1,1,0,0,1,0,0,0,0,0,1,1,1,1,0,1,1,1,0,0
2018-19,29,Karnataka,2912,BALLARI,291201,BELLARY WEST,7,SS (VI-X),4,Government Aided,Urban,3,Co-educational,1,1,1,1,1,1,1,1,1,1,1,1,1,1,1,1,1,1,1,1,1,1,1,1,1,0,0,1,1,1,1
2018-19,29,Karnataka,2912,BALLARI,291201,BELLARY WEST,2,UPS (I-VIII) ,4,Government Aided,Urban,1,Boys,1,1,0,1,1,1,1,1,0,1,1,1,1,0,1,1,1,0,1,0,0,1,1,1,1,1,0,1,1,1,1
2018-19,29,Karnataka,2912,BALLARI,291201,BELLARY WEST,2,UPS (I-VIII) ,5,Private Unaided (Recognized),Urban,1,Boys,1,1,0,1,1,1,1,1,0,1,1,1,1,0,1,1,0,0,0,1,0,1,0,1,1,1,0,0,1,0,0
2018-19,29,Karnataka,2912,BALLARI,291201,BELLARY WEST,2,UPS (I-VIII) ,4,Government Aided,Urban,2,Girls,1,1,1,0,1,1,1,0,1,1,0,0,0,0,1,1,1,0,1,0,0,1,1,1,1,1,0,1,1,1,1
2018-19,29,Karnataka,2912,BALLARI,291201,BELLARY WEST,2,UPS (I-VIII) ,5,Private Unaided (Recognized),Urban,2,Girls,1,1,0,0,1,1,1,0,1,1,0,0,0,0,1,1,1,0,1,1,0,1,1,1,1,1,0,1,1,1,1
2018-19,29,Karnataka,2912,BALLARI,291201,BELLARY WEST,2,UPS (I-VIII) ,1,Department of Education,Rural,3,Co-educational,38,38,18,33,38,38,37,28,35,36,13,13,9,13,37,18,29,0,21,15,2,36,38,33,35,12,25,17,38,12,25
2018-19,29,Karnataka,2912,BALLARI,291201,BELLARY WEST,2,UPS (I-VIII) ,4,Government Aided,Rural,3,Co-educational,2,2,2,2,2,2,2,2,2,2,1,1,0,1,2,2,2,0,2,2,0,2,2,1,2,1,0,1,2,1,1
2018-19,29,Karnataka,2912,BALLARI,291201,BELLARY WEST,2,UPS (I-VIII) ,5,Private Unaided (Recognized),Rural,3,Co-educational,15,15,6,12,14,14,14,13,13,12,7,8,8,8,14,11,14,5,13,12,5,13,13,14,15,12,3,11,15,13,14
2018-19,29,Karnataka,2912,BALLARI,291201,BELLARY WEST,2,UPS (I-VIII) ,1,Department of Education,Urban,3,Co-educational,35,35,13,32,35,35,33,31,33,33,12,13,11,11,35,21,21,0,16,10,3,33,35,26,28,11,19,10,35,13,18
2018-19,29,Karnataka,2912,BALLARI,291201,BELLARY WEST,2,UPS (I-VIII) ,4,Government Aided,Urban,3,Co-educational,9,9,4,8,9,9,9,9,9,9,6,6,6,5,9,8,8,0,6,6,0,7,9,7,8,5,2,6,9,7,6
2018-19,29,Karnataka,2912,BALLARI,291201,BELLARY WEST,2,UPS (I-VIII) ,5,Private Unaided (Recognized),Urban,3,Co-educational,37,37,8,34,34,34,34,32,32,30,19,24,24,24,34,27,27,15,20,21,12,29,29,30,33,23,10,25,36,29,32
2018-19,29,Karnataka,2912,BALLARI,291201,BELLARY WEST,2,UPS (I-VIII) ,90,Social welfare Department,Urban,3,Co-educational,1,1,0,1,0,0,1,1,1,1,0,0,0,0,1,1,0,1,1,1,0,1,1,0,1,0,0,1,1,1,1
2018-19,29,Karnataka,2912,BALLARI,291202,HADAGALI,11,HSS (XI-XII),1,Department of Education,Urban,2,Girls,1,1,0,1,1,1,1,0,1,1,1,1,0,1,1,1,0,0,0,0,0,1,0,1,1,0,1,0,1,0,0
2018-19,29,Karnataka,2912,BALLARI,291202,HADAGALI,11,HSS (XI-XII),1,Department of Education,Rural,3,Co-educational,6,6,2,6,6,6,2,6,6,6,0,0,0,0,6,2,1,0,0,1,1,1,2,2,2,0,2,0,6,0,0
2018-19,29,Karnataka,2912,BALLARI,291202,HADAGALI,11,HSS (XI-XII),5,Private Unaided (Recognized),Rural,3,Co-educational,2,2,0,2,2,2,2,2,2,2,1,1,1,1,2,1,1,0,0,0,0,2,0,2,2,1,0,1,2,1,1
2018-19,29,Karnataka,2912,BALLARI,291202,HADAGALI,11,HSS (XI-XII),1,Department of Education,Urban,3,Co-educational,2,2,0,2,2,2,2,2,2,2,0,0,0,0,1,1,0,0,0,0,0,2,1,2,2,0,0,0,1,0,0
2018-19,29,Karnataka,2912,BALLARI,291202,HADAGALI,11,HSS (XI-XII),4,Government Aided,Urban,3,Co-educational,1,1,0,1,1,1,1,1,1,1,0,0,0,0,1,1,0,0,0,0,0,0,0,0,0,0,1,0,1,0,0
2018-19,29,Karnataka,2912,BALLARI,291202,HADAGALI,11,HSS (XI-XII),5,Private Unaided (Recognized),Urban,3,Co-educational,1,1,0,1,1,1,0,1,1,1,1,1,1,1,1,1,0,0,0,0,0,1,0,0,1,0,0,0,1,0,0
2018-19,29,Karnataka,2912,BALLARI,291202,HADAGALI,1,PS (I-V) ,1,Department of Education,Rural,3,Co-educational,59,59,35,45,59,59,51,42,40,50,15,19,18,15,56,9,43,0,35,38,3,58,57,14,55,21,55,29,59,22,30
2018-19,29,Karnataka,2912,BALLARI,291202,HADAGALI,1,PS (I-V) ,5,Private Unaided (Recognized),Rural,3,Co-educational,14,13,9,13,14,14,12,13,13,12,6,7,7,7,14,9,10,2,8,8,2,8,10,9,13,6,11,10,14,7,10
2018-19,29,Karnataka,2912,BALLARI,291202,HADAGALI,1,PS (I-V) ,90,Social welfare Department,Rural,3,Co-educational,1,1,1,1,1,1,1,1,1,1,0,0,0,0,1,1,0,1,0,1,0,1,1,0,1,1,0,1,1,1,1
2018-19,29,Karnataka,2912,BALLARI,291202,HADAGALI,1,PS (I-V) ,1,Department of Education,Urban,3,Co-educational,4,4,4,4,4,4,4,4,4,4,2,2,2,1,3,0,3,0,2,2,0,3,4,1,4,0,4,1,4,2,0
2018-19,29,Karnataka,2912,BALLARI,291202,HADAGALI,1,PS (I-V) ,5,Private Unaided (Recognized),Urban,3,Co-educational,1,1,0,1,0,0,1,0,0,0,0,1,1,1,1,0,0,0,0,0,0,1,1,1,1,0,0,0,1,0,1
2018-19,29,Karnataka,2912,BALLARI,291202,HADAGALI,6, SS (I-X) ,1,Department of Education,Rural,3,Co-educational,3,3,2,2,3,3,3,3,3,3,3,3,3,3,3,2,3,0,1,3,0,3,3,2,3,0,3,2,3,1,0
2018-19,29,Karnataka,2912,BALLARI,291202,HADAGALI,6, SS (I-X) ,5,Private Unaided (Recognized),Rural,3,Co-educational,2,2,1,2,2,2,2,2,2,2,2,2,2,2,2,2,2,1,2,2,1,2,1,1,2,2,2,2,2,2,2
2018-19,29,Karnataka,2912,BALLARI,291202,HADAGALI,6, SS (I-X) ,5,Private Unaided (Recognized),Urban,3,Co-educational,2,2,1,2,2,2,2,2,2,2,2,2,2,2,2,2,2,1,1,1,2,2,1,2,2,2,2,1,2,2,2
2018-19,29,Karnataka,2912,BALLARI,291202,HADAGALI,8,SS (IX-X),1,Department of Education,Urban,2,Girls,1,1,0,1,1,1,1,0,1,1,0,0,0,0,1,1,1,0,1,1,0,1,1,1,1,1,1,1,1,1,1
2018-19,29,Karnataka,2912,BALLARI,291202,HADAGALI,8,SS (IX-X),1,Department of Education,Rural,3,Co-educational,21,21,16,17,21,21,20,19,21,21,12,12,12,12,21,13,16,0,15,21,2,21,21,19,21,10,14,15,21,4,12
2018-19,29,Karnataka,2912,BALLARI,291202,HADAGALI,8,SS (IX-X),4,Government Aided,Rural,3,Co-educational,6,6,3,5,6,6,6,6,6,6,4,4,4,4,6,6,4,0,4,6,1,6,6,5,6,4,6,4,6,4,3
2018-19,29,Karnataka,2912,BALLARI,291202,HADAGALI,8,SS (IX-X),5,Private Unaided (Recognized),Rural,3,Co-educational,6,6,5,6,6,6,6,6,6,6,5,5,5,5,6,6,5,2,5,6,3,6,5,5,6,2,4,3,5,6,4
2018-19,29,Karnataka,2912,BALLARI,291202,HADAGALI,8,SS (IX-X),1,Department of Education,Urban,3,Co-educational,1,1,1,1,1,1,1,1,1,1,0,0,0,0,1,1,1,0,1,1,0,1,1,1,1,1,1,1,1,1,1
2018-19,29,Karnataka,2912,BALLARI,291202,HADAGALI,8,SS (IX-X),4,Government Aided,Urban,3,Co-educational,1,1,0,1,1,1,1,1,1,1,1,1,1,1,1,1,1,0,0,1,0,1,1,1,1,1,1,1,1,1,1
2018-19,29,Karnataka,2912,BALLARI,291202,HADAGALI,8,SS (IX-X),5,Private Unaided (Recognized),Urban,3,Co-educational,4,4,2,3,4,4,4,4,4,4,3,3,3,3,3,4,3,0,4,2,0,3,3,4,4,3,3,3,4,3,4
2018-19,29,Karnataka,2912,BALLARI,291202,HADAGALI,7,SS (VI-X),90,Social welfare Department,Rural,1,Boys,1,1,0,0,1,1,1,1,0,1,0,0,0,0,1,1,0,0,0,0,1,0,1,1,1,0,0,0,1,1,0
2018-19,29,Karnataka,2912,BALLARI,291202,HADAGALI,7,SS (VI-X),90,Social welfare Department,Rural,2,Girls,1,1,1,1,1,1,1,0,1,1,1,1,0,1,1,1,1,0,1,1,0,1,1,1,1,1,1,1,1,1,1
2018-19,29,Karnataka,2912,BALLARI,291202,HADAGALI,7,SS (VI-X),90,Social welfare Department,Rural,3,Co-educational,3,3,2,3,3,3,3,3,3,3,2,2,2,2,3,3,3,2,2,2,1,3,3,3,3,1,2,2,3,3,2
2018-19,29,Karnataka,2912,BALLARI,291202,HADAGALI,2,UPS (I-VIII) ,1,Department of Education,Rural,1,Boys,1,1,1,1,1,1,1,1,0,1,0,0,0,0,1,1,0,0,0,1,0,1,1,1,1,0,1,1,1,1,1
2018-19,29,Karnataka,2912,BALLARI,291202,HADAGALI,2,UPS (I-VIII) ,1,Department of Education,Rural,2,Girls,2,2,1,0,2,2,2,0,2,2,0,0,0,0,2,1,1,0,2,1,0,2,2,2,2,1,2,2,2,2,2
2018-19,29,Karnataka,2912,BALLARI,291202,HADAGALI,2,UPS (I-VIII) ,1,Department of Education,Rural,3,Co-educational,67,67,47,46,67,67,66,44,50,53,21,27,25,20,63,27,48,1,48,47,4,67,65,41,62,15,60,37,67,18,36
2018-19,29,Karnataka,2912,BALLARI,291202,HADAGALI,2,UPS (I-VIII) ,4,Government Aided,Rural,3,Co-educational,4,4,1,3,4,4,4,4,4,4,2,2,2,1,4,3,2,0,2,3,0,4,4,2,4,2,2,2,4,2,2
2018-19,29,Karnataka,2912,BALLARI,291202,HADAGALI,2,UPS (I-VIII) ,5,Private Unaided (Recognized),Rural,3,Co-educational,18,18,10,11,18,18,18,16,15,15,10,13,13,13,18,15,12,6,6,12,4,17,17,14,17,9,13,8,18,14,10
2018-19,29,Karnataka,2912,BALLARI,291202,HADAGALI,2,UPS (I-VIII) ,1,Department of Education,Urban,3,Co-educational,9,9,4,7,9,9,9,9,9,9,3,3,3,3,7,6,8,0,7,4,0,9,9,4,5,4,6,5,9,6,5
2018-19,29,Karnataka,2912,BALLARI,291202,HADAGALI,2,UPS (I-VIII) ,4,Government Aided,Urban,3,Co-educational,1,1,0,1,1,1,1,1,1,1,0,0,0,0,1,0,0,0,0,0,0,1,1,1,1,0,0,0,1,1,1
2018-19,29,Karnataka,2912,BALLARI,291202,HADAGALI,2,UPS (I-VIII) ,5,Private Unaided (Recognized),Urban,3,Co-educational,13,13,3,12,13,13,11,10,10,10,5,8,8,8,11,10,11,3,8,8,2,11,8,11,12,10,9,9,13,11,10
2018-19,29,Karnataka,2912,BALLARI,291203,HAGARIBOMMANAHALLI,10,HSS (IX-XII),4,Government Aided,Rural,3,Co-educational,1,1,1,1,1,1,1,1,1,1,1,1,1,1,1,1,1,0,1,1,0,1,1,0,1,1,1,1,1,1,1
2018-19,29,Karnataka,2912,BALLARI,291203,HAGARIBOMMANAHALLI,11,HSS (XI-XII),5,Private Unaided (Recognized),Rural,2,Girls,1,1,0,1,1,1,1,0,1,1,0,0,0,0,1,1,0,0,0,1,0,1,0,1,1,0,1,0,1,0,0
2018-19,29,Karnataka,2912,BALLARI,291203,HAGARIBOMMANAHALLI,11,HSS (XI-XII),5,Private Unaided (Recognized),Urban,2,Girls,1,1,0,1,1,1,1,0,1,1,0,0,0,0,1,1,0,0,0,1,0,1,0,1,1,0,0,0,1,0,0
2018-19,29,Karnataka,2912,BALLARI,291203,HAGARIBOMMANAHALLI,11,HSS (XI-XII),1,Department of Education,Rural,3,Co-educational,5,5,0,5,5,5,4,5,5,5,0,0,0,0,5,1,0,1,0,1,0,4,1,3,3,0,1,0,5,0,0
2018-19,29,Karnataka,2912,BALLARI,291203,HAGARIBOMMANAHALLI,11,HSS (XI-XII),4,Government Aided,Rural,3,Co-educational,1,1,0,1,1,1,1,1,1,1,0,0,0,0,1,1,0,0,0,0,0,1,0,1,1,0,0,0,1,0,0
2018-19,29,Karnataka,2912,BALLARI,291203,HAGARIBOMMANAHALLI,11,HSS (XI-XII),5,Private Unaided (Recognized),Rural,3,Co-educational,3,3,0,3,3,3,3,3,3,3,1,1,1,1,3,3,0,0,0,3,0,3,0,3,2,0,2,0,3,0,0
2018-19,29,Karnataka,2912,BALLARI,291203,HAGARIBOMMANAHALLI,11,HSS (XI-XII),5,Private Unaided (Recognized),Urban,3,Co-educational,3,3,0,3,3,3,3,3,3,3,1,1,1,1,3,3,0,0,0,0,0,3,0,3,3,1,0,0,3,0,0
2018-19,29,Karnataka,2912,BALLARI,291203,HAGARIBOMMANAHALLI,1,PS (I-V) ,1,Department of Education,Rural,3,Co-educational,53,53,26,50,53,53,51,44,45,48,19,20,19,19,52,3,50,0,46,35,3,51,53,25,49,28,45,40,53,31,44
2018-19,29,Karnataka,2912,BALLARI,291203,HAGARIBOMMANAHALLI,1,PS (I-V) ,5,Private Unaided (Recognized),Rural,3,Co-educational,17,17,3,15,15,15,15,13,13,13,8,11,10,10,16,6,14,2,14,4,5,16,13,14,15,10,6,8,17,10,12
2018-19,29,Karnataka,2912,BALLARI,291203,HAGARIBOMMANAHALLI,1,PS (I-V) ,1,Department of Education,Urban,3,Co-educational,1,1,1,1,1,1,1,1,1,1,0,0,0,0,1,0,1,0,1,0,0,1,1,0,0,0,0,0,1,0,0
2018-19,29,Karnataka,2912,BALLARI,291203,HAGARIBOMMANAHALLI,1,PS (I-V) ,5,Private Unaided (Recognized),Urban,3,Co-educational,6,6,1,5,6,6,6,6,6,6,4,4,4,4,6,4,6,2,6,3,2,6,4,5,6,5,0,5,6,5,5
2018-19,29,Karnataka,2912,BALLARI,291203,HAGARIBOMMANAHALLI,6, SS (I-X) ,1,Department of Education,Rural,3,Co-educational,2,2,0,2,2,2,2,2,2,2,0,0,0,0,2,1,2,0,1,2,0,2,2,1,2,2,2,1,2,2,2
2018-19,29,Karnataka,2912,BALLARI,291203,HAGARIBOMMANAHALLI,6, SS (I-X) ,5,Private Unaided (Recognized),Rural,3,Co-educational,1,1,1,1,1,1,1,1,1,1,1,1,1,1,1,1,1,1,1,1,0,1,1,1,1,1,1,1,1,1,1
2018-19,29,Karnataka,2912,BALLARI,291203,HAGARIBOMMANAHALLI,6, SS (I-X) ,5,Private Unaided (Recognized),Urban,3,Co-educational,2,2,1,2,1,1,2,2,2,2,2,2,2,2,2,2,1,2,0,2,2,2,2,2,2,1,0,1,2,2,2
2018-19,29,Karnataka,2912,BALLARI,291203,HAGARIBOMMANAHALLI,8,SS (IX-X),5,Private Unaided (Recognized),Rural,2,Girls,1,1,0,1,1,1,1,0,1,1,0,0,0,0,1,1,1,1,0,1,0,1,1,1,1,0,1,0,1,1,0
2018-19,29,Karnataka,2912,BALLARI,291203,HAGARIBOMMANAHALLI,8,SS (IX-X),4,Government Aided,Urban,2,Girls,1,1,0,1,1,1,1,0,1,1,1,1,0,1,1,1,1,1,1,1,0,1,1,1,1,0,0,0,1,1,1
2018-19,29,Karnataka,2912,BALLARI,291203,HAGARIBOMMANAHALLI,8,SS (IX-X),5,Private Unaided (Recognized),Urban,2,Girls,1,1,0,1,1,1,1,0,1,1,0,0,0,0,1,1,1,0,1,1,0,1,1,1,1,0,1,1,1,1,1
2018-19,29,Karnataka,2912,BALLARI,291203,HAGARIBOMMANAHALLI,8,SS (IX-X),1,Department of Education,Rural,3,Co-educational,16,16,7,14,16,16,16,12,15,15,8,9,8,9,16,10,15,0,13,14,0,16,14,16,16,10,11,14,16,11,15
2018-19,29,Karnataka,2912,BALLARI,291203,HAGARIBOMMANAHALLI,8,SS (IX-X),4,Government Aided,Rural,3,Co-educational,10,10,4,10,10,10,10,10,10,10,8,8,8,7,10,9,10,1,9,10,0,10,10,9,10,8,7,8,10,9,9
2018-19,29,Karnataka,2912,BALLARI,291203,HAGARIBOMMANAHALLI,8,SS (IX-X),5,Private Unaided (Recognized),Rural,3,Co-educational,6,6,5,6,5,5,5,6,6,6,5,5,5,5,6,6,6,1,6,5,2,6,6,5,6,4,3,5,6,5,6
2018-19,29,Karnataka,2912,BALLARI,291203,HAGARIBOMMANAHALLI,8,SS (IX-X),1,Department of Education,Urban,3,Co-educational,1,1,0,1,1,1,1,0,1,1,0,0,0,0,1,1,0,0,0,1,0,1,1,1,1,0,1,0,1,1,0
2018-19,29,Karnataka,2912,BALLARI,291203,HAGARIBOMMANAHALLI,8,SS (IX-X),4,Government Aided,Urban,3,Co-educational,1,1,0,1,1,1,1,1,1,1,0,0,0,0,1,1,1,0,1,1,0,1,1,1,1,1,1,1,1,1,1
2018-19,29,Karnataka,2912,BALLARI,291203,HAGARIBOMMANAHALLI,8,SS (IX-X),5,Private Unaided (Recognized),Urban,3,Co-educational,8,8,2,8,8,8,8,8,8,8,6,6,6,6,8,8,8,3,8,7,0,8,7,8,8,5,2,8,8,6,7
2018-19,29,Karnataka,2912,BALLARI,291203,HAGARIBOMMANAHALLI,7,SS (VI-X),90,Social welfare Department,Rural,2,Girls,1,1,0,1,1,1,1,0,1,1,0,0,0,0,1,0,0,0,0,0,0,1,1,0,1,1,0,0,1,1,1
2018-19,29,Karnataka,2912,BALLARI,291203,HAGARIBOMMANAHALLI,7,SS (VI-X),1,Department of Education,Rural,3,Co-educational,1,1,0,1,1,1,1,1,1,1,1,1,1,1,1,1,1,1,1,1,0,1,1,1,1,0,1,1,1,1,1
2018-19,29,Karnataka,2912,BALLARI,291203,HAGARIBOMMANAHALLI,7,SS (VI-X),90,Social welfare Department,Rural,3,Co-educational,4,4,1,4,4,4,4,4,4,4,1,1,1,1,4,2,3,2,4,3,2,3,3,4,4,4,2,3,4,4,4
2018-19,29,Karnataka,2912,BALLARI,291203,HAGARIBOMMANAHALLI,2,UPS (I-VIII) ,1,Department of Education,Rural,3,Co-educational,68,68,37,66,68,68,67,62,66,67,39,39,37,38,66,20,59,2,57,52,5,66,68,49,62,36,63,50,68,41,54
2018-19,29,Karnataka,2912,BALLARI,291203,HAGARIBOMMANAHALLI,2,UPS (I-VIII) ,4,Government Aided,Rural,3,Co-educational,5,5,2,4,5,5,5,5,5,5,4,4,4,4,5,5,5,1,5,3,2,5,5,5,5,4,4,5,5,5,5
2018-19,29,Karnataka,2912,BALLARI,291203,HAGARIBOMMANAHALLI,2,UPS (I-VIII) ,5,Private Unaided (Recognized),Rural,3,Co-educational,15,15,6,15,15,15,12,15,15,15,7,7,7,6,14,9,14,5,11,9,3,14,12,13,14,11,9,12,15,13,14
2018-19,29,Karnataka,2912,BALLARI,291203,HAGARIBOMMANAHALLI,2,UPS (I-VIII) ,1,Department of Education,Urban,3,Co-educational,5,5,2,5,5,5,5,3,4,4,4,4,3,3,5,3,5,2,3,3,0,5,5,5,5,2,5,2,5,3,3
2018-19,29,Karnataka,2912,BALLARI,291203,HAGARIBOMMANAHALLI,2,UPS (I-VIII) ,4,Government Aided,Urban,3,Co-educational,1,1,1,1,1,1,1,1,1,1,1,1,1,1,1,1,1,0,1,1,0,1,1,1,1,1,1,1,1,1,1
2018-19,29,Karnataka,2912,BALLARI,291203,HAGARIBOMMANAHALLI,2,UPS (I-VIII) ,5,Private Unaided (Recognized),Urban,3,Co-educational,5,5,2,5,5,5,5,5,5,5,3,3,3,3,5,5,5,3,4,4,1,5,5,5,5,1,4,1,5,4,4
2018-19,29,Karnataka,2912,BALLARI,291203,HAGARIBOMMANAHALLI,4,UPS (VI-VIII) ,1,Department of Education,Rural,2,Girls,1,1,0,1,1,1,1,0,1,1,1,1,0,1,1,1,1,1,1,1,0,1,0,1,1,1,0,1,1,1,1
2018-19,29,Karnataka,2912,BALLARI,291205,HOSPET,10,HSS (IX-XII),1,Department of Education,Urban,3,Co-educational,1,1,0,1,1,1,1,1,1,1,1,1,1,0,1,1,1,0,1,1,0,1,1,1,1,0,0,1,1,0,1
2018-19,29,Karnataka,2912,BALLARI,291205,HOSPET,11,HSS (XI-XII),1,Department of Education,Urban,1,Boys,1,1,0,1,1,1,1,1,0,1,0,0,0,0,1,0,0,0,0,0,0,1,0,0,1,0,0,0,1,0,0
2018-19,29,Karnataka,2912,BALLARI,291205,HOSPET,11,HSS (XI-XII),1,Department of Education,Urban,2,Girls,1,1,0,1,1,1,1,0,1,1,0,0,0,0,1,1,0,0,0,0,0,1,0,1,0,0,1,0,1,0,0
2018-19,29,Karnataka,2912,BALLARI,291205,HOSPET,11,HSS (XI-XII),1,Department of Education,Rural,3,Co-educational,2,2,0,2,2,2,2,2,2,2,0,0,0,0,2,2,0,0,0,0,0,2,0,1,2,0,1,0,2,0,0
2018-19,29,Karnataka,2912,BALLARI,291205,HOSPET,11,HSS (XI-XII),5,Private Unaided (Recognized),Rural,3,Co-educational,4,4,0,4,4,4,4,3,3,3,1,2,1,2,4,3,0,0,0,2,0,4,0,3,3,1,2,0,4,0,0
2018-19,29,Karnataka,2912,BALLARI,291205,HOSPET,11,HSS (XI-XII),1,Department of Education,Urban,3,Co-educational,6,6,0,6,6,6,5,6,6,6,1,1,1,1,6,5,0,0,0,1,0,5,0,3,5,0,1,0,6,0,0
2018-19,29,Karnataka,2912,BALLARI,291205,HOSPET,11,HSS (XI-XII),5,Private Unaided (Recognized),Urban,3,Co-educational,17,17,0,17,17,17,13,13,13,13,6,6,6,5,17,11,0,0,0,2,0,13,0,10,8,4,9,0,17,0,0
2018-19,29,Karnataka,2912,BALLARI,291205,HOSPET,11,HSS (XI-XII),90,Social welfare Department,Urban,3,Co-educational,1,1,0,1,1,1,1,1,1,1,1,1,1,1,1,1,0,0,0,0,0,1,0,1,1,0,0,0,1,0,0
2018-19,29,Karnataka,2912,BALLARI,291205,HOSPET,1,PS (I-V) ,1,Department of Education,Rural,3,Co-educational,39,39,22,34,39,39,35,33,33,36,14,15,13,15,39,8,31,0,31,21,1,38,37,21,36,24,29,24,39,22,26
2018-19,29,Karnataka,2912,BALLARI,291205,HOSPET,1,PS (I-V) ,4,Government Aided,Rural,3,Co-educational,1,1,0,1,1,1,1,1,1,1,0,0,0,0,1,0,1,0,1,0,0,1,0,1,1,1,1,1,1,1,1
2018-19,29,Karnataka,2912,BALLARI,291205,HOSPET,1,PS (I-V) ,5,Private Unaided (Recognized),Rural,3,Co-educational,11,11,4,10,10,10,7,7,7,7,1,4,4,4,10,6,9,1,8,3,4,8,8,9,9,8,6,9,11,9,11
2018-19,29,Karnataka,2912,BALLARI,291205,HOSPET,1,PS (I-V) ,1,Department of Education,Urban,3,Co-educational,26,26,14,26,26,26,25,17,19,20,9,9,8,8,25,3,23,0,25,9,0,25,24,6,23,11,18,17,25,13,18
2018-19,29,Karnataka,2912,BALLARI,291205,HOSPET,1,PS (I-V) ,4,Government Aided,Urban,3,Co-educational,2,2,0,2,2,2,2,2,2,2,1,1,1,1,2,2,1,0,1,2,0,2,2,0,2,1,1,1,2,1,1
2018-19,29,Karnataka,2912,BALLARI,291205,HOSPET,1,PS (I-V) ,5,Private Unaided (Recognized),Urban,3,Co-educational,18,18,7,17,17,17,17,13,13,11,5,11,11,10,18,12,17,6,11,9,4,14,12,10,17,12,9,11,17,15,16
2018-19,29,Karnataka,2912,BALLARI,291205,HOSPET,6, SS (I-X) ,5,Private Unaided (Recognized),Rural,2,Girls,1,1,1,1,1,1,1,0,1,1,1,1,0,1,1,1,1,1,1,1,1,1,1,1,1,0,0,1,1,1,1
2018-19,29,Karnataka,2912,BALLARI,291205,HOSPET,6, SS (I-X) ,1,Department of Education,Rural,3,Co-educational,6,6,6,6,6,6,6,5,6,6,4,4,4,3,6,4,4,0,3,4,0,6,6,6,6,3,5,4,6,4,5
2018-19,29,Karnataka,2912,BALLARI,291205,HOSPET,6, SS (I-X) ,5,Private Unaided (Recognized),Rural,3,Co-educational,2,2,0,2,2,2,1,2,2,2,2,2,2,2,2,1,2,1,1,1,2,2,2,2,2,0,1,2,2,2,2
2018-19,29,Karnataka,2912,BALLARI,291205,HOSPET,6, SS (I-X) ,1,Department of Education,Urban,3,Co-educational,1,1,0,1,1,1,1,1,1,1,0,0,0,0,1,0,1,0,1,1,1,1,1,1,1,1,1,1,1,1,1
2018-19,29,Karnataka,2912,BALLARI,291205,HOSPET,6, SS (I-X) ,5,Private Unaided (Recognized),Urban,3,Co-educational,12,12,3,12,12,12,12,12,12,12,9,9,9,8,12,12,11,9,8,11,5,11,12,12,12,6,7,7,12,12,11
2018-19,29,Karnataka,2912,BALLARI,291205,HOSPET,6, SS (I-X) ,92,Kendriya Vidyalaya / Central School,Urban,3,Co-educational,1,1,0,1,1,1,1,1,1,1,1,1,1,1,1,1,1,0,1,1,1,1,1,1,1,1,1,1,1,1,1
2018-19,29,Karnataka,2912,BALLARI,291205,HOSPET,8,SS (IX-X),1,Department of Education,Urban,1,Boys,1,1,1,1,1,1,1,1,0,1,1,1,1,0,1,0,1,0,1,1,0,1,1,1,1,1,0,1,1,1,1
2018-19,29,Karnataka,2912,BALLARI,291205,HOSPET,8,SS (IX-X),1,Department of Education,Urban,2,Girls,2,2,0,2,2,2,2,0,1,1,0,0,0,0,2,0,2,0,1,2,0,2,2,2,2,1,2,2,2,1,2
2018-19,29,Karnataka,2912,BALLARI,291205,HOSPET,8,SS (IX-X),4,Government Aided,Urban,2,Girls,4,4,2,4,4,4,4,0,4,4,0,0,0,0,4,4,4,1,3,3,1,4,4,4,4,4,2,3,4,4,3
2018-19,29,Karnataka,2912,BALLARI,291205,HOSPET,8,SS (IX-X),5,Private Unaided (Recognized),Urban,2,Girls,2,2,2,2,2,2,2,0,2,2,2,2,0,2,2,1,2,1,2,2,1,1,2,1,2,2,2,2,2,2,2
2018-19,29,Karnataka,2912,BALLARI,291205,HOSPET,8,SS (IX-X),1,Department of Education,Rural,3,Co-educational,6,6,2,6,6,6,6,5,5,6,3,3,2,3,6,4,6,0,5,6,1,6,6,6,6,1,3,5,6,1,5
2018-19,29,Karnataka,2912,BALLARI,291205,HOSPET,8,SS (IX-X),4,Government Aided,Rural,3,Co-educational,4,4,2,4,4,4,4,4,4,4,3,3,3,3,4,3,4,0,4,4,0,4,4,4,4,4,2,4,4,4,4
2018-19,29,Karnataka,2912,BALLARI,291205,HOSPET,8,SS (IX-X),5,Private Unaided (Recognized),Rural,3,Co-educational,5,5,1,4,5,5,5,5,5,5,2,2,2,1,5,4,5,1,3,4,1,5,4,5,5,5,4,4,5,5,4
2018-19,29,Karnataka,2912,BALLARI,291205,HOSPET,8,SS (IX-X),1,Department of Education,Urban,3,Co-educational,8,8,6,8,8,8,8,5,7,7,6,7,4,7,8,7,4,2,6,7,1,7,8,8,7,4,4,7,8,5,8
2018-19,29,Karnataka,2912,BALLARI,291205,HOSPET,8,SS (IX-X),4,Government Aided,Urban,3,Co-educational,4,4,1,4,4,4,3,4,4,4,3,3,3,2,4,4,3,1,3,4,0,4,3,3,4,2,3,1,4,2,2
2018-19,29,Karnataka,2912,BALLARI,291205,HOSPET,8,SS (IX-X),5,Private Unaided (Recognized),Urban,3,Co-educational,44,44,10,39,44,44,43,41,42,42,30,32,30,31,43,43,40,22,28,36,14,41,41,40,43,25,18,26,43,38,39
2018-19,29,Karnataka,2912,BALLARI,291205,HOSPET,7,SS (VI-X),90,Social welfare Department,Rural,3,Co-educational,3,2,1,2,3,3,3,3,3,3,2,2,2,2,3,1,3,1,3,3,0,2,2,3,3,1,0,3,3,1,3
2018-19,29,Karnataka,2912,BALLARI,291205,HOSPET,7,SS (VI-X),1,Department of Education,Urban,3,Co-educational,1,1,1,1,1,1,1,1,1,1,1,1,1,1,1,0,1,0,0,0,1,1,1,1,1,1,1,0,1,1,0
2018-19,29,Karnataka,2912,BALLARI,291205,HOSPET,7,SS (VI-X),90,Social welfare Department,Urban,3,Co-educational,1,1,0,1,1,1,1,0,0,0,0,1,1,1,1,0,1,0,1,0,1,1,1,1,1,0,0,1,1,1,1
2018-19,29,Karnataka,2912,BALLARI,291205,HOSPET,2,UPS (I-VIII) ,1,Department of Education,Urban,1,Boys,1,1,0,1,1,1,1,1,0,1,0,0,0,0,1,0,1,0,1,1,0,1,1,1,1,1,1,0,1,0,0
2018-19,29,Karnataka,2912,BALLARI,291205,HOSPET,2,UPS (I-VIII) ,5,Private Unaided (Recognized),Urban,1,Boys,1,1,0,1,1,1,1,1,0,1,0,0,0,0,1,1,1,0,1,1,0,0,1,1,1,1,1,1,1,1,1
2018-19,29,Karnataka,2912,BALLARI,291205,HOSPET,2,UPS (I-VIII) ,1,Department of Education,Urban,2,Girls,1,1,1,1,1,1,1,0,1,1,1,1,0,1,1,0,1,0,1,1,1,1,1,1,1,0,1,1,1,0,1
2018-19,29,Karnataka,2912,BALLARI,291205,HOSPET,2,UPS (I-VIII) ,4,Government Aided,Urban,2,Girls,1,1,0,1,1,1,1,0,1,1,1,1,0,1,1,1,1,0,0,1,0,1,1,1,1,0,0,0,1,1,0
2018-19,29,Karnataka,2912,BALLARI,291205,HOSPET,2,UPS (I-VIII) ,1,Department of Education,Rural,3,Co-educational,60,60,36,54,60,60,58,46,54,55,33,37,34,36,60,16,47,1,47,40,3,57,59,52,55,31,51,38,60,35,48
2018-19,29,Karnataka,2912,BALLARI,291205,HOSPET,2,UPS (I-VIII) ,4,Government Aided,Rural,3,Co-educational,2,2,1,2,2,2,2,2,2,2,0,0,0,0,2,2,2,0,0,1,1,2,2,1,2,2,0,1,2,2,2
2018-19,29,Karnataka,2912,BALLARI,291205,HOSPET,2,UPS (I-VIII) ,5,Private Unaided (Recognized),Rural,3,Co-educational,14,14,4,10,14,14,13,14,14,14,9,9,9,9,14,11,13,3,8,9,2,13,12,14,14,8,10,12,14,13,13
2018-19,29,Karnataka,2912,BALLARI,291205,HOSPET,2,UPS (I-VIII) ,1,Department of Education,Urban,3,Co-educational,57,57,34,52,57,57,54,51,52,52,27,28,25,26,54,20,53,0,50,32,6,55,56,37,53,32,43,33,57,33,41
2018-19,29,Karnataka,2912,BALLARI,291205,HOSPET,2,UPS (I-VIII) ,4,Government Aided,Urban,3,Co-educational,13,13,6,13,13,13,13,13,13,13,8,8,8,8,13,11,12,3,8,10,3,13,13,12,12,9,10,9,13,10,12
2018-19,29,Karnataka,2912,BALLARI,291205,HOSPET,2,UPS (I-VIII) ,5,Private Unaided (Recognized),Urban,3,Co-educational,61,61,15,55,60,60,57,57,57,57,42,45,44,45,60,56,60,29,39,35,17,54,54,50,59,39,31,41,61,54,54
2018-19,29,Karnataka,2912,BALLARI,291205,HOSPET,4,UPS (VI-VIII) ,5,Private Unaided (Recognized),Rural,1,Boys,1,1,1,0,1,1,1,0,0,0,0,1,1,0,1,0,0,0,1,0,0,1,1,1,1,1,0,1,1,1,1
2018-19,29,Karnataka,2912,BALLARI,291205,HOSPET,4,UPS (VI-VIII) ,1,Department of Education,Rural,2,Girls,1,1,1,1,1,1,1,0,1,1,0,0,0,0,1,1,1,1,1,1,1,1,1,1,1,0,1,1,1,1,1
2018-19,29,Karnataka,2912,BALLARI,291205,HOSPET,4,UPS (VI-VIII) ,90,Social welfare Department,Urban,3,Co-educational,3,3,0,3,1,1,1,0,0,0,0,2,2,2,1,0,1,0,1,0,0,0,0,0,1,0,0,1,3,1,3
2018-19,29,Karnataka,2912,BALLARI,291206,KUDLIGI,3,HSS (I-XII),5,Private Unaided (Recognized),Urban,3,Co-educational,1,1,1,1,1,1,1,1,1,1,0,0,0,0,1,1,1,0,1,1,1,0,1,1,1,1,1,1,1,1,1
2018-19,29,Karnataka,2912,BALLARI,291206,KUDLIGI,5, HSS (VI-XII),90,Social welfare Department,Rural,3,Co-educational,1,1,1,1,1,1,1,1,1,1,0,0,0,0,1,1,1,1,1,1,0,1,1,1,1,1,1,1,1,1,1
2018-19,29,Karnataka,2912,BALLARI,291206,KUDLIGI,5, HSS (VI-XII),93,Jawahar Navodaya Vidyalaya,Rural,3,Co-educational,1,1,0,1,1,1,0,1,1,1,0,0,0,0,1,1,0,0,0,0,0,0,0,0,0,0,0,0,1,0,1
2018-19,29,Karnataka,2912,BALLARI,291206,KUDLIGI,11,HSS (XI-XII),1,Department of Education,Rural,3,Co-educational,2,2,0,2,2,2,2,2,2,2,0,0,0,0,2,2,0,0,0,2,0,2,0,2,0,0,2,0,2,0,0
2018-19,29,Karnataka,2912,BALLARI,291206,KUDLIGI,11,HSS (XI-XII),4,Government Aided,Rural,3,Co-educational,2,2,0,2,2,2,2,2,2,2,1,1,1,1,2,2,0,0,0,1,0,2,0,2,0,0,2,0,2,0,0
2018-19,29,Karnataka,2912,BALLARI,291206,KUDLIGI,11,HSS (XI-XII),5,Private Unaided (Recognized),Rural,3,Co-educational,14,12,0,14,14,14,14,14,14,14,0,0,0,0,14,14,0,0,0,10,0,14,0,14,7,0,10,0,14,0,0
2018-19,29,Karnataka,2912,BALLARI,291206,KUDLIGI,11,HSS (XI-XII),1,Department of Education,Urban,3,Co-educational,2,2,0,2,2,2,2,2,2,2,0,0,0,0,2,2,0,0,0,1,0,2,0,2,2,0,1,0,2,0,0
2018-19,29,Karnataka,2912,BALLARI,291206,KUDLIGI,11,HSS (XI-XII),4,Government Aided,Urban,3,Co-educational,4,4,0,4,4,4,4,4,4,4,1,1,1,1,4,4,0,0,0,2,0,4,0,4,3,0,2,0,4,0,0
2018-19,29,Karnataka,2912,BALLARI,291206,KUDLIGI,11,HSS (XI-XII),5,Private Unaided (Recognized),Urban,3,Co-educational,9,9,0,9,9,9,8,8,8,8,0,1,1,1,9,7,1,1,1,5,1,8,1,9,5,1,5,0,9,1,1
2018-19,29,Karnataka,2912,BALLARI,291206,KUDLIGI,1,PS (I-V) ,1,Department of Education,Rural,3,Co-educational,93,93,37,80,93,93,77,82,91,91,28,28,23,25,90,14,77,0,60,55,12,89,85,42,74,41,79,53,92,42,63
2018-19,29,Karnataka,2912,BALLARI,291206,KUDLIGI,1,PS (I-V) ,5,Private Unaided (Recognized),Rural,3,Co-educational,25,25,7,22,21,21,19,22,22,21,2,3,3,3,20,18,17,0,16,15,10,14,11,15,17,16,18,17,25,16,22
2018-19,29,Karnataka,2912,BALLARI,291206,KUDLIGI,1,PS (I-V) ,1,Department of Education,Urban,3,Co-educational,12,12,2,11,12,12,10,11,12,12,2,2,2,2,11,3,10,0,10,6,1,11,10,4,8,9,11,7,11,8,9
2018-19,29,Karnataka,2912,BALLARI,291206,KUDLIGI,1,PS (I-V) ,5,Private Unaided (Recognized),Urban,3,Co-educational,9,9,0,8,6,6,6,3,3,3,0,2,2,2,5,2,3,0,2,1,1,5,3,4,5,4,2,2,9,4,6
2018-19,29,Karnataka,2912,BALLARI,291206,KUDLIGI,6, SS (I-X) ,1,Department of Education,Rural,3,Co-educational,2,2,0,2,2,2,2,2,2,2,0,0,0,0,2,0,1,0,2,2,0,2,2,1,2,1,0,1,2,1,1
2018-19,29,Karnataka,2912,BALLARI,291206,KUDLIGI,6, SS (I-X) ,5,Private Unaided (Recognized),Rural,3,Co-educational,2,2,1,2,2,2,2,2,2,2,0,0,0,0,2,2,2,0,2,2,0,2,2,2,2,2,2,2,2,2,2
2018-19,29,Karnataka,2912,BALLARI,291206,KUDLIGI,6, SS (I-X) ,5,Private Unaided (Recognized),Urban,3,Co-educational,6,6,4,6,6,6,5,5,5,4,1,3,3,3,6,4,5,4,5,2,3,6,5,5,6,6,4,5,6,6,6
2018-19,29,Karnataka,2912,BALLARI,291206,KUDLIGI,8,SS (IX-X),1,Department of Education,Rural,1,Boys,1,1,0,1,1,1,1,1,0,1,1,1,1,0,1,1,1,0,1,1,0,1,1,1,1,1,1,1,1,0,0
2018-19,29,Karnataka,2912,BALLARI,291206,KUDLIGI,8,SS (IX-X),1,Department of Education,Rural,2,Girls,2,2,2,1,2,2,2,0,2,2,2,2,0,2,2,1,2,0,0,2,0,2,2,1,2,0,2,2,2,0,1
2018-19,29,Karnataka,2912,BALLARI,291206,KUDLIGI,8,SS (IX-X),1,Department of Education,Urban,2,Girls,1,1,0,1,1,1,1,0,1,1,0,0,0,0,1,1,1,0,1,0,0,1,1,1,1,0,0,0,1,1,1
2018-19,29,Karnataka,2912,BALLARI,291206,KUDLIGI,8,SS (IX-X),1,Department of Education,Rural,3,Co-educational,18,18,8,14,18,18,15,17,18,18,8,8,8,8,17,9,11,1,9,18,1,17,17,15,17,11,13,9,18,12,15
2018-19,29,Karnataka,2912,BALLARI,291206,KUDLIGI,8,SS (IX-X),4,Government Aided,Rural,3,Co-educational,19,19,6,14,18,18,18,18,19,19,9,9,8,7,19,18,16,0,17,19,0,18,18,18,18,13,14,16,19,16,17
2018-19,29,Karnataka,2912,BALLARI,291206,KUDLIGI,8,SS (IX-X),5,Private Unaided (Recognized),Rural,3,Co-educational,5,4,4,5,4,4,5,5,5,5,3,3,3,3,5,5,5,0,5,5,2,5,5,4,4,5,4,4,5,5,5
2018-19,29,Karnataka,2912,BALLARI,291206,KUDLIGI,8,SS (IX-X),1,Department of Education,Urban,3,Co-educational,2,2,0,2,2,2,1,1,1,1,0,0,0,0,2,1,2,0,2,1,0,1,1,1,1,1,1,2,2,1,1
2018-19,29,Karnataka,2912,BALLARI,291206,KUDLIGI,8,SS (IX-X),4,Government Aided,Urban,3,Co-educational,6,6,2,5,6,6,6,6,6,6,1,1,1,1,5,6,6,0,6,6,1,6,6,6,6,4,5,5,6,4,5
2018-19,29,Karnataka,2912,BALLARI,291206,KUDLIGI,8,SS (IX-X),5,Private Unaided (Recognized),Urban,3,Co-educational,12,12,5,10,10,10,12,12,12,12,4,4,4,4,12,12,12,1,12,11,8,11,10,11,12,12,11,12,12,11,12
2018-19,29,Karnataka,2912,BALLARI,291206,KUDLIGI,7,SS (VI-X),90,Social welfare Department,Rural,3,Co-educational,2,2,0,2,2,2,2,2,2,2,0,0,0,0,2,1,2,0,2,1,1,1,1,2,1,2,2,2,2,2,2
2018-19,29,Karnataka,2912,BALLARI,291206,KUDLIGI,7,SS (VI-X),1,Department of Education,Urban,3,Co-educational,1,1,0,1,1,1,1,1,1,1,1,1,1,1,1,1,1,0,0,1,0,1,1,1,1,0,1,0,1,1,0
2018-19,29,Karnataka,2912,BALLARI,291206,KUDLIGI,7,SS (VI-X),90,Social welfare Department,Urban,3,Co-educational,1,1,1,1,1,1,1,1,1,1,0,0,0,0,1,0,1,1,1,0,0,1,1,1,0,0,1,0,1,1,1
2018-19,29,Karnataka,2912,BALLARI,291206,KUDLIGI,2,UPS (I-VIII) ,1,Department of Education,Rural,1,Boys,1,1,1,0,1,1,1,0,0,0,0,1,1,0,1,1,1,0,1,1,0,1,1,1,1,1,1,1,1,1,1
2018-19,29,Karnataka,2912,BALLARI,291206,KUDLIGI,2,UPS (I-VIII) ,1,Department of Education,Rural,2,Girls,1,1,1,1,1,1,1,0,1,1,0,0,0,0,1,0,1,0,1,1,0,1,1,0,1,1,1,1,1,1,1
2018-19,29,Karnataka,2912,BALLARI,291206,KUDLIGI,2,UPS (I-VIII) ,1,Department of Education,Rural,3,Co-educational,146,146,58,125,146,146,142,139,146,146,57,57,53,53,142,30,119,1,99,119,11,145,133,94,123,77,129,91,146,73,104
2018-19,29,Karnataka,2912,BALLARI,291206,KUDLIGI,2,UPS (I-VIII) ,4,Government Aided,Rural,3,Co-educational,2,2,2,2,2,2,2,2,2,2,0,0,0,0,2,2,1,0,1,1,0,2,2,1,2,1,1,1,2,1,2
2018-19,29,Karnataka,2912,BALLARI,291206,KUDLIGI,2,UPS (I-VIII) ,5,Private Unaided (Recognized),Rural,3,Co-educational,18,18,6,17,17,17,17,16,16,16,6,8,8,8,17,16,15,2,16,11,5,14,14,15,16,14,15,15,18,15,17
2018-19,29,Karnataka,2912,BALLARI,291206,KUDLIGI,2,UPS (I-VIII) ,1,Department of Education,Urban,3,Co-educational,19,19,8,15,19,19,19,16,19,19,8,8,7,8,19,5,19,0,13,11,1,19,19,13,17,10,19,13,19,14,17
2018-19,29,Karnataka,2912,BALLARI,291206,KUDLIGI,2,UPS (I-VIII) ,4,Government Aided,Urban,3,Co-educational,7,7,3,6,7,7,6,7,7,7,2,2,2,2,6,6,6,0,5,5,0,6,6,6,6,5,5,5,7,5,6
2018-19,29,Karnataka,2912,BALLARI,291206,KUDLIGI,2,UPS (I-VIII) ,5,Private Unaided (Recognized),Urban,3,Co-educational,16,16,8,14,15,15,15,16,16,15,5,5,5,5,15,15,13,5,13,12,4,14,14,14,16,15,14,13,16,16,15
2018-19,29,Karnataka,2912,BALLARI,291206,KUDLIGI,4,UPS (VI-VIII) ,1,Department of Education,Rural,2,Girls,1,1,0,0,1,1,1,0,1,1,0,0,0,0,1,0,1,0,1,1,0,1,1,1,1,0,1,1,1,1,1
2018-19,29,Karnataka,2912,BALLARI,291206,KUDLIGI,4,UPS (VI-VIII) ,5,Private Unaided (Recognized),Rural,3,Co-educational,2,2,1,1,1,1,1,1,1,1,1,1,1,1,1,1,1,0,1,1,1,1,1,0,1,1,1,1,2,1,2
2018-19,29,Karnataka,2912,BALLARI,291206,KUDLIGI,4,UPS (VI-VIII) ,90,Social welfare Department,Urban,3,Co-educational,3,3,0,2,1,1,1,1,1,0,0,1,1,1,1,0,0,0,0,0,0,1,1,1,1,0,0,0,3,1,3
2018-19,29,Karnataka,2912,BALLARI,291207,SANDUR,11,HSS (XI-XII),1,Department of Education,Urban,2,Girls,1,1,0,1,1,1,1,0,1,1,0,0,0,0,1,0,0,0,0,0,0,1,0,1,1,0,0,0,1,0,0
2018-19,29,Karnataka,2912,BALLARI,291207,SANDUR,11,HSS (XI-XII),4,Government Aided,Urban,2,Girls,1,1,0,1,1,1,1,0,1,1,0,0,0,0,1,1,0,0,0,1,0,1,0,0,1,0,0,0,1,0,0
2018-19,29,Karnataka,2912,BALLARI,291207,SANDUR,11,HSS (XI-XII),1,Department of Education,Rural,3,Co-educational,2,2,0,2,2,2,0,2,2,2,0,0,0,0,2,0,0,0,0,1,0,1,0,2,2,0,0,0,2,0,0
2018-19,29,Karnataka,2912,BALLARI,291207,SANDUR,11,HSS (XI-XII),5,Private Unaided (Recognized),Rural,3,Co-educational,2,2,0,2,2,2,2,2,2,2,1,1,1,1,2,2,0,0,0,0,0,2,0,2,2,0,1,0,2,0,0
2018-19,29,Karnataka,2912,BALLARI,291207,SANDUR,11,HSS (XI-XII),1,Department of Education,Urban,3,Co-educational,3,3,0,3,3,3,3,3,3,3,0,0,0,0,3,3,0,0,0,1,0,3,0,3,3,0,0,0,3,0,0
2018-19,29,Karnataka,2912,BALLARI,291207,SANDUR,11,HSS (XI-XII),4,Government Aided,Urban,3,Co-educational,1,1,0,1,1,1,1,1,1,1,0,0,0,0,1,1,0,0,0,1,0,1,0,1,1,0,0,0,1,0,0
2018-19,29,Karnataka,2912,BALLARI,291207,SANDUR,11,HSS (XI-XII),5,Private Unaided (Recognized),Urban,3,Co-educational,3,3,0,3,3,3,3,3,3,3,2,2,2,2,3,3,0,0,0,1,0,3,0,3,3,0,0,0,3,0,0
2018-19,29,Karnataka,2912,BALLARI,291207,SANDUR,1,PS (I-V) ,1,Department of Education,Rural,3,Co-educational,54,54,22,43,54,54,44,40,42,45,10,11,10,11,51,9,40,1,40,22,5,52,53,27,43,26,46,28,53,29,37
2018-19,29,Karnataka,2912,BALLARI,291207,SANDUR,1,PS (I-V) ,5,Private Unaided (Recognized),Rural,3,Co-educational,15,15,3,14,12,12,14,12,12,12,5,8,8,8,14,10,11,4,7,10,3,12,13,11,15,8,11,7,15,9,12
2018-19,29,Karnataka,2912,BALLARI,291207,SANDUR,1,PS (I-V) ,90,Social welfare Department,Rural,3,Co-educational,1,1,0,1,1,1,1,1,1,1,1,1,1,1,1,1,1,0,1,0,0,1,1,1,1,1,1,1,1,1,1
2018-19,29,Karnataka,2912,BALLARI,291207,SANDUR,1,PS (I-V) ,1,Department of Education,Urban,3,Co-educational,4,4,0,4,4,4,4,2,3,3,1,2,1,2,4,0,1,0,2,1,0,4,4,2,2,1,1,1,4,1,2
2018-19,29,Karnataka,2912,BALLARI,291207,SANDUR,1,PS (I-V) ,5,Private Unaided (Recognized),Urban,3,Co-educational,2,2,1,2,2,2,2,2,1,2,2,2,2,2,2,2,1,2,1,2,0,2,1,2,2,1,1,2,2,1,1
2018-19,29,Karnataka,2912,BALLARI,291207,SANDUR,6, SS (I-X) ,1,Department of Education,Rural,3,Co-educational,4,4,1,4,4,4,4,3,3,3,2,2,2,2,4,3,4,0,3,4,0,4,4,3,4,3,3,3,4,2,3
2018-19,29,Karnataka,2912,BALLARI,291207,SANDUR,6, SS (I-X) ,5,Private Unaided (Recognized),Rural,3,Co-educational,13,13,3,13,13,13,13,13,13,12,8,9,9,9,13,11,13,9,10,9,5,13,11,10,13,11,11,8,13,12,12
2018-19,29,Karnataka,2912,BALLARI,291207,SANDUR,6, SS (I-X) ,92,Kendriya Vidyalaya / Central School,Rural,3,Co-educational,1,1,0,1,1,1,1,1,1,1,1,1,1,1,1,1,1,1,0,1,1,1,1,1,1,1,1,1,1,1,1
2018-19,29,Karnataka,2912,BALLARI,291207,SANDUR,6, SS (I-X) ,5,Private Unaided (Recognized),Urban,3,Co-educational,3,3,2,3,3,3,3,3,3,3,1,1,1,1,3,3,3,1,3,1,0,2,3,3,2,3,3,3,3,3,3
2018-19,29,Karnataka,2912,BALLARI,291207,SANDUR,8,SS (IX-X),4,Government Aided,Urban,1,Boys,1,1,1,1,1,1,1,1,0,1,0,0,0,0,1,1,1,0,1,1,0,1,1,1,1,1,0,1,1,1,1
2018-19,29,Karnataka,2912,BALLARI,291207,SANDUR,8,SS (IX-X),1,Department of Education,Urban,2,Girls,1,1,1,1,1,1,1,0,1,1,0,0,0,0,1,0,1,0,1,1,1,1,1,1,1,1,1,1,1,1,1
2018-19,29,Karnataka,2912,BALLARI,291207,SANDUR,8,SS (IX-X),4,Government Aided,Urban,2,Girls,1,1,0,1,1,1,1,0,1,1,1,1,0,1,1,1,1,0,1,0,0,1,1,1,1,0,1,1,1,1,1
2018-19,29,Karnataka,2912,BALLARI,291207,SANDUR,8,SS (IX-X),1,Department of Education,Rural,3,Co-educational,11,11,6,11,11,11,11,11,11,11,7,7,6,7,11,9,9,4,10,11,0,11,11,10,11,3,8,9,11,6,8
2018-19,29,Karnataka,2912,BALLARI,291207,SANDUR,8,SS (IX-X),4,Government Aided,Rural,3,Co-educational,8,8,2,7,8,8,8,8,8,8,5,5,5,5,8,8,7,0,7,7,0,8,8,8,8,5,4,5,8,8,6
2018-19,29,Karnataka,2912,BALLARI,291207,SANDUR,8,SS (IX-X),5,Private Unaided (Recognized),Rural,3,Co-educational,1,1,0,1,1,1,1,1,1,1,0,0,0,0,1,1,1,1,1,1,1,1,0,1,1,1,1,1,1,1,1
2018-19,29,Karnataka,2912,BALLARI,291207,SANDUR,8,SS (IX-X),1,Department of Education,Urban,3,Co-educational,3,3,1,3,3,3,3,3,3,3,3,3,2,3,3,3,2,0,3,3,0,3,3,2,3,2,3,3,3,2,3
2018-19,29,Karnataka,2912,BALLARI,291207,SANDUR,8,SS (IX-X),5,Private Unaided (Recognized),Urban,3,Co-educational,7,7,1,7,7,7,7,7,7,7,2,2,2,2,7,7,7,3,6,5,3,6,7,6,7,7,5,6,7,6,7
2018-19,29,Karnataka,2912,BALLARI,291207,SANDUR,7,SS (VI-X),90,Social welfare Department,Rural,2,Girls,1,1,1,1,1,1,1,0,1,1,0,0,0,0,1,1,1,1,1,1,0,1,1,1,1,0,0,1,1,1,1
2018-19,29,Karnataka,2912,BALLARI,291207,SANDUR,7,SS (VI-X),1,Department of Education,Rural,3,Co-educational,1,1,1,1,1,1,1,1,1,1,1,1,1,1,1,1,1,1,1,1,0,1,1,1,0,1,1,0,1,1,1
2018-19,29,Karnataka,2912,BALLARI,291207,SANDUR,7,SS (VI-X),90,Social welfare Department,Rural,3,Co-educational,4,4,2,2,4,4,4,4,4,4,2,2,2,1,4,3,4,1,4,3,2,4,4,2,4,3,4,4,4,4,4
2018-19,29,Karnataka,2912,BALLARI,291207,SANDUR,2,UPS (I-VIII) ,1,Department of Education,Rural,3,Co-educational,79,79,33,66,79,79,72,72,73,73,37,39,37,38,78,22,67,4,52,51,10,76,75,54,67,35,71,45,78,45,51
2018-19,29,Karnataka,2912,BALLARI,291207,SANDUR,2,UPS (I-VIII) ,4,Government Aided,Rural,3,Co-educational,2,2,1,2,2,2,1,2,2,2,0,0,0,0,2,1,2,0,1,1,0,2,2,1,2,0,2,0,2,0,0
2018-19,29,Karnataka,2912,BALLARI,291207,SANDUR,2,UPS (I-VIII) ,5,Private Unaided (Recognized),Rural,3,Co-educational,17,17,3,16,17,17,17,16,15,16,11,11,11,10,17,15,14,4,11,13,4,15,12,14,16,10,10,10,17,11,13
2018-19,29,Karnataka,2912,BALLARI,291207,SANDUR,2,UPS (I-VIII) ,1,Department of Education,Urban,3,Co-educational,12,12,4,12,12,12,12,9,11,11,8,9,6,9,12,7,9,0,8,5,0,12,12,7,11,2,12,5,12,5,9
2018-19,29,Karnataka,2912,BALLARI,291207,SANDUR,2,UPS (I-VIII) ,4,Government Aided,Urban,3,Co-educational,3,3,1,3,3,3,3,3,3,3,2,2,2,2,3,2,2,0,3,2,1,3,3,3,3,2,1,3,3,2,3
2018-19,29,Karnataka,2912,BALLARI,291208,SIRUGUPPA,8,SS (IX-X),1,Department of Education,Urban,2,Girls,1,1,1,0,1,1,1,0,1,1,0,0,0,0,1,1,1,0,1,1,0,1,1,1,1,1,1,1,1,1,1
2018-19,29,Karnataka,2912,BALLARI,291207,SANDUR,2,UPS (I-VIII) ,5,Private Unaided (Recognized),Urban,3,Co-educational,8,8,2,7,8,8,8,6,6,6,5,6,6,6,8,7,8,6,6,5,5,8,7,8,8,4,5,6,8,8,8
2018-19,29,Karnataka,2912,BALLARI,291207,SANDUR,4,UPS (VI-VIII) ,1,Department of Education,Rural,2,Girls,1,1,0,1,1,1,1,0,1,1,0,0,0,0,1,1,1,0,1,1,0,1,1,1,1,1,1,1,1,1,1
2018-19,29,Karnataka,2912,BALLARI,291207,SANDUR,4,UPS (VI-VIII) ,5,Private Unaided (Recognized),Rural,3,Co-educational,1,1,0,1,1,1,1,1,1,1,0,0,0,0,1,1,0,0,0,1,0,1,1,0,1,1,0,1,1,1,1
2018-19,29,Karnataka,2912,BALLARI,291207,SANDUR,4,UPS (VI-VIII) ,90,Social welfare Department,Rural,3,Co-educational,2,2,1,2,1,1,2,0,0,0,0,1,1,1,2,0,2,1,1,0,0,2,2,1,1,2,0,1,2,2,2
2018-19,29,Karnataka,2912,BALLARI,291208,SIRUGUPPA,11,HSS (XI-XII),4,Government Aided,Urban,2,Girls,1,1,0,1,1,1,1,0,1,1,1,1,0,1,1,1,0,0,0,1,0,1,0,1,1,0,0,0,1,0,0
2018-19,29,Karnataka,2912,BALLARI,291208,SIRUGUPPA,11,HSS (XI-XII),1,Department of Education,Rural,3,Co-educational,3,3,0,3,3,3,3,3,3,3,0,0,0,0,3,3,0,0,0,0,0,3,0,2,2,0,1,0,3,0,0
2018-19,29,Karnataka,2912,BALLARI,291208,SIRUGUPPA,11,HSS (XI-XII),5,Private Unaided (Recognized),Rural,3,Co-educational,1,1,0,1,1,1,1,1,1,1,0,0,0,0,1,0,0,0,0,0,0,1,0,0,1,0,1,0,1,0,0
2018-19,29,Karnataka,2912,BALLARI,291208,SIRUGUPPA,11,HSS (XI-XII),1,Department of Education,Urban,3,Co-educational,2,2,0,2,2,2,2,2,2,2,1,1,1,1,2,1,0,0,0,1,0,2,0,2,1,0,1,0,2,0,0
2018-19,29,Karnataka,2912,BALLARI,291208,SIRUGUPPA,11,HSS (XI-XII),4,Government Aided,Urban,3,Co-educational,1,1,0,1,1,1,1,1,1,1,0,0,0,0,1,1,0,0,0,1,0,1,0,1,1,0,1,0,1,0,0
2018-19,29,Karnataka,2912,BALLARI,291208,SIRUGUPPA,11,HSS (XI-XII),5,Private Unaided (Recognized),Urban,3,Co-educational,7,7,0,7,7,7,6,7,7,7,1,1,1,0,7,7,0,0,0,1,0,7,0,7,5,0,1,0,7,0,0
2018-19,29,Karnataka,2912,BALLARI,291208,SIRUGUPPA,1,PS (I-V) ,1,Department of Education,Rural,3,Co-educational,70,70,45,59,70,70,57,44,56,59,10,10,8,7,68,14,58,0,52,41,6,66,67,27,67,35,59,36,70,32,45
2018-19,29,Karnataka,2912,BALLARI,291208,SIRUGUPPA,1,PS (I-V) ,5,Private Unaided (Recognized),Rural,3,Co-educational,10,10,3,10,8,8,7,7,8,8,4,6,6,6,8,5,8,4,7,8,3,7,8,8,8,7,7,4,10,8,10
2018-19,29,Karnataka,2912,BALLARI,291208,SIRUGUPPA,1,PS (I-V) ,1,Department of Education,Urban,3,Co-educational,6,6,2,6,6,6,6,5,5,6,3,3,3,3,6,3,5,0,5,4,1,6,5,3,5,1,6,3,6,1,3
2018-19,29,Karnataka,2912,BALLARI,291208,SIRUGUPPA,1,PS (I-V) ,5,Private Unaided (Recognized),Urban,3,Co-educational,5,5,0,5,5,5,4,4,4,3,1,3,3,3,5,2,3,2,1,0,2,4,1,2,4,4,0,1,4,4,4
2018-19,29,Karnataka,2912,BALLARI,291208,SIRUGUPPA,1,PS (I-V) ,90,Social welfare Department,Urban,3,Co-educational,1,1,1,0,1,1,1,1,1,1,0,0,0,0,1,0,1,0,1,1,1,1,1,1,1,1,0,1,1,1,1
2018-19,29,Karnataka,2912,BALLARI,291208,SIRUGUPPA,6, SS (I-X) ,1,Department of Education,Rural,3,Co-educational,11,11,7,10,11,11,10,11,11,11,3,3,3,3,11,5,10,0,10,7,2,11,11,10,10,5,11,6,11,8,7
2018-19,29,Karnataka,2912,BALLARI,291208,SIRUGUPPA,6, SS (I-X) ,5,Private Unaided (Recognized),Rural,3,Co-educational,1,1,0,1,1,1,1,1,1,1,0,0,0,0,1,1,1,1,1,1,0,1,1,1,1,1,1,1,1,1,1
2018-19,29,Karnataka,2912,BALLARI,291208,SIRUGUPPA,6, SS (I-X) ,5,Private Unaided (Recognized),Urban,3,Co-educational,7,7,2,7,7,7,7,7,7,7,4,4,4,4,7,7,7,1,6,6,3,6,7,7,7,7,5,7,7,7,7
2018-19,29,Karnataka,2912,BALLARI,291208,SIRUGUPPA,8,SS (IX-X),1,Department of Education,Rural,1,Boys,1,1,1,1,1,1,1,1,0,1,1,1,1,0,1,0,1,0,1,1,0,1,1,1,1,0,0,1,1,0,1
2018-19,29,Karnataka,2912,BALLARI,291208,SIRUGUPPA,8,SS (IX-X),1,Department of Education,Rural,2,Girls,1,1,1,1,1,1,1,0,1,1,1,1,0,1,1,0,1,0,1,1,0,1,1,1,1,1,1,1,1,1,1
2018-19,29,Karnataka,2912,BALLARI,291208,SIRUGUPPA,8,SS (IX-X),4,Government Aided,Urban,2,Girls,1,1,0,1,1,1,0,0,1,1,1,1,0,1,1,0,0,0,0,1,0,0,0,0,0,0,0,0,1,0,1
2018-19,29,Karnataka,2912,BALLARI,291208,SIRUGUPPA,8,SS (IX-X),1,Department of Education,Rural,3,Co-educational,10,10,7,9,10,10,9,9,9,9,4,5,5,5,10,7,7,1,7,9,0,9,10,10,10,6,8,8,10,4,8
2018-19,29,Karnataka,2912,BALLARI,291208,SIRUGUPPA,8,SS (IX-X),5,Private Unaided (Recognized),Rural,3,Co-educational,7,7,4,7,7,7,7,6,6,6,2,3,3,3,7,5,7,3,6,6,1,7,7,7,7,5,3,5,7,5,6
2018-19,29,Karnataka,2912,BALLARI,291208,SIRUGUPPA,8,SS (IX-X),1,Department of Education,Urban,3,Co-educational,5,5,1,5,5,5,4,3,3,3,2,2,2,2,5,3,1,1,1,3,0,5,4,5,4,1,4,0,5,0,1
2018-19,29,Karnataka,2912,BALLARI,291208,SIRUGUPPA,8,SS (IX-X),4,Government Aided,Urban,3,Co-educational,1,1,0,1,1,1,1,1,1,1,0,0,0,0,1,1,1,1,0,0,0,1,1,1,1,0,1,0,1,1,0
2018-19,29,Karnataka,2912,BALLARI,291208,SIRUGUPPA,8,SS (IX-X),5,Private Unaided (Recognized),Urban,3,Co-educational,8,8,3,8,8,8,8,8,8,8,3,3,3,3,8,8,8,2,7,7,5,7,8,8,8,8,4,7,8,8,8
2018-19,29,Karnataka,2912,BALLARI,291208,SIRUGUPPA,7,SS (VI-X),90,Social welfare Department,Rural,2,Girls,1,1,0,1,1,1,1,0,0,0,0,0,0,0,1,1,1,0,1,1,0,1,1,1,1,0,0,1,1,1,1
2018-19,29,Karnataka,2912,BALLARI,291208,SIRUGUPPA,7,SS (VI-X),1,Department of Education,Rural,3,Co-educational,1,1,1,1,1,1,1,1,1,1,1,1,1,1,1,1,1,1,0,1,0,1,1,1,1,0,1,0,1,1,0
2018-19,29,Karnataka,2912,BALLARI,291208,SIRUGUPPA,7,SS (VI-X),90,Social welfare Department,Rural,3,Co-educational,3,3,3,3,3,3,3,2,2,2,0,1,1,1,3,2,3,0,3,2,1,2,3,2,3,2,2,3,3,3,3
2018-19,29,Karnataka,2912,BALLARI,291208,SIRUGUPPA,2,UPS (I-VIII) ,4,Government Aided,Urban,2,Girls,1,1,0,1,1,1,1,0,1,1,0,0,0,0,1,1,1,0,1,1,0,1,1,1,1,1,1,1,1,1,1
2018-19,29,Karnataka,2912,BALLARI,291208,SIRUGUPPA,2,UPS (I-VIII) ,1,Department of Education,Rural,3,Co-educational,63,63,40,51,63,63,59,48,55,57,19,20,19,15,61,20,53,0,55,41,9,62,59,48,60,35,55,45,63,33,47
2018-19,29,Karnataka,2912,BALLARI,291208,SIRUGUPPA,2,UPS (I-VIII) ,4,Government Aided,Rural,3,Co-educational,2,2,1,2,2,2,2,1,2,2,1,1,1,1,2,2,1,0,0,2,0,2,1,2,2,0,0,1,2,0,0
2018-19,29,Karnataka,2912,BALLARI,291208,SIRUGUPPA,2,UPS (I-VIII) ,5,Private Unaided (Recognized),Rural,3,Co-educational,25,25,12,21,23,23,24,22,22,22,11,14,14,14,24,21,22,5,21,21,7,23,22,23,24,20,17,20,25,20,24
2018-19,29,Karnataka,2912,BALLARI,291208,SIRUGUPPA,2,UPS (I-VIII) ,1,Department of Education,Urban,3,Co-educational,18,18,8,14,18,18,14,14,18,18,5,5,3,4,16,6,14,0,16,10,0,16,16,14,15,12,13,9,18,12,11
2018-19,29,Karnataka,2912,BALLARI,291208,SIRUGUPPA,2,UPS (I-VIII) ,4,Government Aided,Urban,3,Co-educational,6,6,3,6,6,6,6,6,6,6,5,5,5,5,6,6,6,2,6,5,0,6,6,6,6,6,3,6,6,6,6
2018-19,29,Karnataka,2912,BALLARI,291208,SIRUGUPPA,2,UPS (I-VIII) ,5,Private Unaided (Recognized),Urban,3,Co-educational,15,15,4,13,15,15,15,15,15,15,9,9,9,8,15,15,12,5,8,11,3,14,12,14,14,13,10,11,15,12,12
2018-19,29,Karnataka,2912,BALLARI,291208,SIRUGUPPA,4,UPS (VI-VIII) ,90,Social welfare Department,Rural,2,Girls,1,1,0,1,1,1,1,0,0,0,0,1,0,1,1,1,1,1,1,1,1,1,1,1,1,1,0,1,1,1,1
2018-19,29,Karnataka,2912,BALLARI,291208,SIRUGUPPA,4,UPS (VI-VIII) ,1,Department of Education,Urban,2,Girls,1,1,1,1,1,1,1,0,1,1,0,0,0,0,1,0,0,0,0,1,0,1,1,1,1,0,1,1,1,1,0
2018-19,29,Karnataka,2912,BALLARI,291208,SIRUGUPPA,4,UPS (VI-VIII) ,90,Social welfare Department,Rural,3,Co-educational,1,1,0,1,1,1,1,1,1,1,1,1,1,1,1,1,1,1,1,0,0,1,1,1,1,0,1,1,1,0,1
2018-19,29,Karnataka,2912,BALLARI,291208,SIRUGUPPA,4,UPS (VI-VIII) ,5,Private Unaided (Recognized),Urban,3,Co-educational,1,1,0,1,1,1,1,1,1,1,0,0,0,0,1,0,1,1,1,1,0,1,1,1,1,0,1,1,1,1,1
2018-19,29,Karnataka,2912,BALLARI,291209,BELLARY EAST,11,HSS (XI-XII),1,Department of Education,Urban,2,Girls,1,1,0,1,1,1,1,0,1,1,1,1,0,1,1,1,0,0,0,0,0,1,0,1,1,0,0,0,1,0,0
2018-19,29,Karnataka,2912,BALLARI,291209,BELLARY EAST,11,HSS (XI-XII),4,Government Aided,Urban,2,Girls,1,1,0,1,1,1,1,0,1,1,1,1,0,1,1,1,0,0,0,0,0,1,0,1,1,0,1,0,1,0,0
2018-19,29,Karnataka,2912,BALLARI,291209,BELLARY EAST,11,HSS (XI-XII),1,Department of Education,Rural,3,Co-educational,3,3,0,3,3,3,3,3,3,3,1,1,1,1,3,1,0,0,0,0,0,3,0,3,2,0,0,0,3,0,0
2018-19,29,Karnataka,2912,BALLARI,291209,BELLARY EAST,11,HSS (XI-XII),5,Private Unaided (Recognized),Rural,3,Co-educational,2,2,0,2,2,2,2,2,2,2,2,2,2,2,2,2,0,0,0,0,0,2,0,2,2,0,1,0,2,0,0
2018-19,29,Karnataka,2912,BALLARI,291209,BELLARY EAST,11,HSS (XI-XII),1,Department of Education,Urban,3,Co-educational,1,1,0,1,1,1,1,1,1,1,0,0,0,0,1,1,0,0,0,1,0,1,0,1,1,0,0,0,1,0,0
2018-19,29,Karnataka,2912,BALLARI,291209,BELLARY EAST,11,HSS (XI-XII),4,Government Aided,Urban,3,Co-educational,2,2,0,2,2,2,2,2,2,2,2,2,2,2,2,2,0,0,0,1,0,2,0,2,2,0,1,0,2,0,0
2018-19,29,Karnataka,2912,BALLARI,291209,BELLARY EAST,11,HSS (XI-XII),5,Private Unaided (Recognized),Urban,3,Co-educational,7,7,0,7,7,7,7,7,7,7,3,3,3,3,6,7,0,1,0,6,0,6,0,7,6,0,2,0,7,1,1
2018-19,29,Karnataka,2912,BALLARI,291209,BELLARY EAST,1,PS (I-V) ,1,Department of Education,Rural,3,Co-educational,31,31,12,26,31,31,24,20,23,23,5,7,5,7,30,3,18,0,13,22,1,27,30,10,26,6,23,11,31,6,14
2018-19,29,Karnataka,2912,BALLARI,291209,BELLARY EAST,1,PS (I-V) ,5,Private Unaided (Recognized),Rural,3,Co-educational,17,17,6,17,16,16,14,15,15,15,11,11,11,11,15,10,14,4,7,10,6,13,10,11,15,9,3,5,17,14,16
2018-19,29,Karnataka,2912,BALLARI,291209,BELLARY EAST,1,PS (I-V) ,1,Department of Education,Urban,3,Co-educational,18,18,8,14,18,18,17,15,16,17,3,3,3,3,16,3,13,0,10,6,1,17,18,10,14,3,12,6,18,5,9
2018-19,29,Karnataka,2912,BALLARI,291209,BELLARY EAST,1,PS (I-V) ,5,Private Unaided (Recognized),Urban,3,Co-educational,24,24,3,20,24,24,22,20,20,20,10,14,14,14,23,19,20,6,13,13,5,21,19,21,21,14,10,12,24,18,17
2018-19,29,Karnataka,2912,BALLARI,291209,BELLARY EAST,1,PS (I-V) ,90,Social welfare Department,Urban,3,Co-educational,1,1,0,1,0,0,0,0,0,0,0,1,1,1,0,0,0,0,0,0,0,0,0,0,0,0,0,0,1,0,1
2018-19,29,Karnataka,2912,BALLARI,291209,BELLARY EAST,6, SS (I-X) ,1,Department of Education,Rural,3,Co-educational,5,5,4,5,5,5,4,5,5,5,3,3,2,3,5,3,5,0,4,2,2,5,5,5,3,1,4,2,5,1,3
2018-19,29,Karnataka,2912,BALLARI,291209,BELLARY EAST,6, SS (I-X) ,5,Private Unaided (Recognized),Rural,3,Co-educational,6,6,1,6,6,6,6,6,6,6,4,4,4,4,6,6,6,5,5,6,0,6,6,6,6,5,3,3,6,6,6
2018-19,29,Karnataka,2912,BALLARI,291209,BELLARY EAST,6, SS (I-X) ,5,Private Unaided (Recognized),Urban,3,Co-educational,18,18,2,16,18,18,18,18,18,18,14,14,14,13,18,18,16,10,12,15,8,18,17,17,18,9,8,12,18,17,16
2018-19,29,Karnataka,2912,BALLARI,291209,BELLARY EAST,8,SS (IX-X),1,Department of Education,Urban,2,Girls,1,1,0,1,1,1,1,0,1,1,1,1,0,1,1,1,1,0,1,1,0,0,0,1,1,1,1,0,1,1,1
2018-19,29,Karnataka,2912,BALLARI,291209,BELLARY EAST,8,SS (IX-X),1,Department of Education,Rural,3,Co-educational,17,17,7,16,17,17,15,15,15,15,8,9,7,9,16,11,10,0,10,15,0,15,16,16,16,7,15,9,17,7,13
2018-19,29,Karnataka,2912,BALLARI,291209,BELLARY EAST,8,SS (IX-X),4,Government Aided,Rural,3,Co-educational,2,2,2,2,2,2,2,2,2,2,1,1,1,1,2,1,1,0,1,2,0,2,2,2,2,2,0,1,2,2,2
2018-19,29,Karnataka,2912,BALLARI,291209,BELLARY EAST,8,SS (IX-X),5,Private Unaided (Recognized),Rural,3,Co-educational,4,4,0,4,4,4,3,3,3,3,2,3,3,3,4,4,3,2,3,4,2,3,3,3,3,1,1,2,4,2,4
2018-19,29,Karnataka,2912,BALLARI,291209,BELLARY EAST,8,SS (IX-X),1,Department of Education,Urban,3,Co-educational,7,7,2,6,7,7,6,6,6,6,3,4,3,4,7,5,5,0,4,3,1,6,5,5,4,2,2,1,7,2,3
2018-19,29,Karnataka,2912,BALLARI,291209,BELLARY EAST,8,SS (IX-X),4,Government Aided,Urban,3,Co-educational,3,3,3,3,3,3,3,3,3,3,3,3,3,3,3,3,3,0,1,1,0,3,3,3,3,2,2,1,3,3,3
2018-19,29,Karnataka,2912,BALLARI,291209,BELLARY EAST,8,SS (IX-X),5,Private Unaided (Recognized),Urban,3,Co-educational,10,10,2,9,10,10,10,10,10,10,8,8,8,8,10,10,8,5,5,5,2,10,8,10,10,8,6,5,10,8,6
2018-19,29,Karnataka,2912,BALLARI,291209,BELLARY EAST,7,SS (VI-X),90,Social welfare Department,Rural,1,Boys,1,1,1,1,1,1,1,1,0,1,1,1,1,0,1,0,1,0,1,0,0,1,1,1,1,1,1,1,1,0,1
2018-19,29,Karnataka,2912,BALLARI,291209,BELLARY EAST,7,SS (VI-X),90,Social welfare Department,Rural,3,Co-educational,2,2,1,2,2,2,2,2,2,2,1,1,1,1,2,1,1,1,1,2,0,2,2,2,2,0,1,1,2,0,0
2018-19,29,Karnataka,2912,BALLARI,291209,BELLARY EAST,7,SS (VI-X),4,Government Aided,Urban,3,Co-educational,1,1,1,1,1,1,1,1,1,1,0,0,0,0,1,1,1,0,1,1,1,1,1,1,1,1,1,1,1,1,1
2018-19,29,Karnataka,2912,BALLARI,291209,BELLARY EAST,2,UPS (I-VIII) ,1,Department of Education,Rural,3,Co-educational,68,68,39,63,68,68,60,59,61,62,27,30,25,27,62,25,53,0,43,38,5,65,67,53,62,23,53,27,68,30,30
2018-19,29,Karnataka,2912,BALLARI,291209,BELLARY EAST,2,UPS (I-VIII) ,4,Government Aided,Rural,3,Co-educational,1,1,1,1,1,1,1,1,1,1,0,0,0,0,1,0,0,0,1,0,0,1,1,1,1,0,1,0,1,0,0
2018-19,29,Karnataka,2912,BALLARI,291209,BELLARY EAST,2,UPS (I-VIII) ,5,Private Unaided (Recognized),Rural,3,Co-educational,23,23,3,21,23,23,21,21,21,21,15,17,17,17,22,19,21,10,12,16,7,19,18,22,22,17,12,14,23,20,22
2018-19,29,Karnataka,2912,BALLARI,291209,BELLARY EAST,2,UPS (I-VIII) ,1,Department of Education,Urban,3,Co-educational,30,30,23,27,30,30,29,22,26,26,14,15,15,15,29,18,26,0,15,8,2,30,29,20,26,7,21,7,30,16,15
2018-19,29,Karnataka,2912,BALLARI,291209,BELLARY EAST,2,UPS (I-VIII) ,4,Government Aided,Urban,3,Co-educational,11,11,9,11,11,11,11,10,10,10,5,5,5,4,11,9,10,0,7,6,0,11,10,10,10,2,8,4,11,4,10
2018-19,29,Karnataka,2912,BALLARI,291209,BELLARY EAST,2,UPS (I-VIII) ,5,Private Unaided (Recognized),Urban,3,Co-educational,40,40,9,37,38,38,39,37,37,37,28,31,31,31,39,36,36,19,24,26,13,37,34,38,39,28,20,24,40,37,33
2018-19,29,Karnataka,2912,BALLARI,291209,BELLARY EAST,4,UPS (VI-VIII) ,1,Department of Education,Rural,2,Girls,1,1,1,1,1,1,1,0,1,1,0,0,0,0,1,1,1,0,0,1,0,1,1,1,1,1,0,1,1,1,1
2018-19,29,Karnataka,2912,BALLARI,291209,BELLARY EAST,4,UPS (VI-VIII) ,90,Social welfare Department,Rural,3,Co-educational,1,1,0,1,1,1,1,0,0,0,0,1,1,1,1,0,1,1,0,0,0,0,1,1,1,1,0,0,1,1,1
2018-19,29,Karnataka,2912,BALLARI,291209,BELLARY EAST,4,UPS (VI-VIII) ,90,Social welfare Department,Urban,3,Co-educational,1,1,0,1,0,0,0,0,0,0,0,0,0,0,0,0,0,0,0,0,0,0,0,0,0,0,0,0,1,0,0
