Academic_Year,State_Code,State_Name,District_Code,District_Name,Block_Code,Udise_Block_Name,School_Category_Id,School_Category_Name,School_Management_Id,School_Management_Name,Location,School_Type_Id,School_Type,Total_Number_of_Schools,Building,Complete_Medical_Checkup,Computer_Available,Functional_Drinking_Water,Drinking_Water,Functional_Electricity,Functional_Boy_Toilet,Functional_Girl_Toilet,Functional_Toilet_Facility,Functional_Toilet_and_Urinal,Functional_Urinal,Functional_Urinal_Boy,Functional_Urinal_Girl,Handwash,Separate_Room_for_Headmaster,Incinerator,Internet,Kitchen_Garden,Land_Available,Librarian,Library_or_Reading_Corner_or_Book_Bank,Medical_Checkup,Newspaper,Playground,Rain_Water_Harvesting,Ramps,Solar_Panel,Furniture,Water_Purifier,Water_Tested
2018-19,29,Karnataka,2929,CHIKKABALLAPURA,292901,BAGEPALLY,5, HSS (VI-XII),2,Tribal Welfare Department,Rural,3,Co-educational,1,1,0,1,1,1,1,1,1,1,1,1,1,1,1,1,0,1,1,1,1,1,1,1,1,1,0,1,1,1,1
2018-19,29,Karnataka,2929,CHIKKABALLAPURA,292901,BAGEPALLY,11,HSS (XI-XII),1,Department of Education,Urban,1,Boys,1,1,0,1,1,1,1,1,0,1,0,0,0,0,1,0,0,0,0,1,0,1,0,1,1,0,0,0,1,0,0
2018-19,29,Karnataka,2929,CHIKKABALLAPURA,292901,BAGEPALLY,11,HSS (XI-XII),1,Department of Education,Rural,3,Co-educational,2,2,0,2,2,2,2,2,2,2,0,0,0,0,2,2,0,0,0,2,0,2,0,2,1,0,0,0,2,0,0
2018-19,29,Karnataka,2929,CHIKKABALLAPURA,292901,BAGEPALLY,11,HSS (XI-XII),5,Private Unaided (Recognized),Rural,3,Co-educational,4,4,0,4,4,4,4,4,4,4,2,2,2,2,4,4,0,0,0,3,0,4,0,4,4,0,0,0,4,0,0
2018-19,29,Karnataka,2929,CHIKKABALLAPURA,292901,BAGEPALLY,11,HSS (XI-XII),1,Department of Education,Urban,3,Co-educational,2,2,0,2,2,2,2,2,2,2,0,0,0,0,2,2,0,0,0,0,0,2,0,2,2,0,0,0,2,0,0
2018-19,29,Karnataka,2929,CHIKKABALLAPURA,292901,BAGEPALLY,11,HSS (XI-XII),5,Private Unaided (Recognized),Urban,3,Co-educational,10,10,0,10,10,10,9,9,9,9,2,2,2,2,10,9,0,0,0,7,0,9,0,9,9,0,0,0,10,0,0
2018-19,29,Karnataka,2929,CHIKKABALLAPURA,292901,BAGEPALLY,1,PS (I-V) ,1,Department of Education,Rural,3,Co-educational,194,194,127,171,194,194,179,187,188,188,33,35,32,28,191,11,171,0,150,95,87,179,180,151,164,100,80,110,192,103,128
2018-19,29,Karnataka,2929,CHIKKABALLAPURA,292901,BAGEPALLY,1,PS (I-V) ,2,Tribal Welfare Department,Rural,3,Co-educational,1,1,0,1,1,1,1,1,1,1,0,0,0,0,1,1,1,0,1,1,1,1,1,1,1,1,0,1,1,1,1
2018-19,29,Karnataka,2929,CHIKKABALLAPURA,292901,BAGEPALLY,1,PS (I-V) ,5,Private Unaided (Recognized),Rural,3,Co-educational,2,2,0,1,2,2,2,2,2,2,1,1,1,1,2,2,1,0,1,2,0,2,1,2,2,0,0,1,2,1,1
2018-19,29,Karnataka,2929,CHIKKABALLAPURA,292901,BAGEPALLY,1,PS (I-V) ,1,Department of Education,Urban,3,Co-educational,2,2,2,2,2,2,2,2,2,2,0,0,0,0,2,0,1,0,1,0,1,2,2,1,1,1,0,1,2,1,1
2018-19,29,Karnataka,2929,CHIKKABALLAPURA,292901,BAGEPALLY,1,PS (I-V) ,5,Private Unaided (Recognized),Urban,3,Co-educational,1,1,1,1,1,1,1,1,1,1,0,0,0,0,1,1,1,0,1,0,1,1,1,1,1,1,0,1,1,1,1
2018-19,29,Karnataka,2929,CHIKKABALLAPURA,292901,BAGEPALLY,6, SS (I-X) ,5,Private Unaided (Recognized),Rural,3,Co-educational,4,4,0,4,4,4,4,4,4,4,2,2,2,2,4,4,4,2,4,3,3,4,4,4,4,3,0,3,4,3,4
2018-19,29,Karnataka,2929,CHIKKABALLAPURA,292901,BAGEPALLY,6, SS (I-X) ,5,Private Unaided (Recognized),Urban,3,Co-educational,5,5,2,4,5,5,4,5,5,5,4,4,4,3,5,5,4,1,4,4,3,4,4,4,4,2,0,4,5,4,5
2018-19,29,Karnataka,2929,CHIKKABALLAPURA,292901,BAGEPALLY,8,SS (IX-X),1,Department of Education,Urban,1,Boys,1,1,1,1,1,1,0,1,0,1,0,0,0,0,1,0,1,0,1,1,1,0,1,1,1,0,0,1,1,0,0
2018-19,29,Karnataka,2929,CHIKKABALLAPURA,292901,BAGEPALLY,8,SS (IX-X),1,Department of Education,Urban,2,Girls,1,1,1,1,1,1,1,0,1,1,1,1,0,1,1,1,1,0,1,1,1,1,1,1,1,1,1,1,1,1,1
2018-19,29,Karnataka,2929,CHIKKABALLAPURA,292901,BAGEPALLY,8,SS (IX-X),1,Department of Education,Rural,3,Co-educational,17,17,9,17,17,17,17,16,17,17,10,10,10,10,17,10,15,0,14,14,3,16,17,16,16,8,11,11,17,15,12
2018-19,29,Karnataka,2929,CHIKKABALLAPURA,292901,BAGEPALLY,8,SS (IX-X),4,Government Aided,Rural,3,Co-educational,4,4,2,4,4,4,4,4,4,4,1,1,1,1,4,4,3,0,3,4,4,4,4,4,4,2,0,2,4,3,3
2018-19,29,Karnataka,2929,CHIKKABALLAPURA,292901,BAGEPALLY,8,SS (IX-X),5,Private Unaided (Recognized),Rural,3,Co-educational,9,9,3,9,9,9,9,9,9,9,2,2,2,2,9,8,8,1,6,8,5,9,8,8,9,6,2,6,9,7,6
2018-19,29,Karnataka,2929,CHIKKABALLAPURA,292901,BAGEPALLY,8,SS (IX-X),1,Department of Education,Urban,3,Co-educational,1,1,1,1,1,1,1,1,1,1,0,0,0,0,1,1,1,0,1,0,0,1,1,1,1,0,1,1,1,1,1
2018-19,29,Karnataka,2929,CHIKKABALLAPURA,292901,BAGEPALLY,8,SS (IX-X),5,Private Unaided (Recognized),Urban,3,Co-educational,4,4,2,3,4,4,4,4,4,4,2,2,2,2,4,4,4,1,4,3,4,4,4,3,3,3,0,4,4,4,4
2018-19,29,Karnataka,2929,CHIKKABALLAPURA,292901,BAGEPALLY,7,SS (VI-X),2,Tribal Welfare Department,Rural,2,Girls,1,1,1,1,1,1,1,0,1,1,0,0,0,0,1,1,1,1,1,0,1,1,1,1,1,1,0,1,1,1,1
2018-19,29,Karnataka,2929,CHIKKABALLAPURA,292901,BAGEPALLY,7,SS (VI-X),1,Department of Education,Rural,3,Co-educational,1,1,1,0,1,1,1,1,1,1,1,1,1,1,1,0,1,0,0,0,0,1,1,1,1,0,0,0,1,1,1
2018-19,29,Karnataka,2929,CHIKKABALLAPURA,292901,BAGEPALLY,7,SS (VI-X),2,Tribal Welfare Department,Rural,3,Co-educational,1,1,1,1,0,0,0,0,0,0,0,0,0,0,1,0,1,0,1,0,0,0,1,1,1,1,0,1,1,0,1
2018-19,29,Karnataka,2929,CHIKKABALLAPURA,292901,BAGEPALLY,2,UPS (I-VIII) ,1,Department of Education,Urban,2,Girls,1,1,1,1,1,1,1,0,1,1,1,1,0,1,1,1,1,0,1,0,1,1,1,1,1,1,1,1,1,1,1
2018-19,29,Karnataka,2929,CHIKKABALLAPURA,292901,BAGEPALLY,2,UPS (I-VIII) ,1,Department of Education,Rural,3,Co-educational,67,67,53,53,67,67,65,63,63,63,25,28,26,25,67,19,62,0,51,44,30,65,64,66,61,40,40,38,67,35,47
2018-19,29,Karnataka,2929,CHIKKABALLAPURA,292901,BAGEPALLY,2,UPS (I-VIII) ,4,Government Aided,Rural,3,Co-educational,3,3,2,3,3,3,3,3,3,3,3,3,3,3,3,3,3,0,3,3,2,3,3,3,3,2,0,2,3,3,2
2018-19,29,Karnataka,2929,CHIKKABALLAPURA,292901,BAGEPALLY,2,UPS (I-VIII) ,5,Private Unaided (Recognized),Rural,3,Co-educational,20,20,6,18,20,20,16,16,16,16,9,12,12,10,18,17,17,4,12,14,9,15,14,16,17,12,4,14,19,13,18
2018-19,29,Karnataka,2929,CHIKKABALLAPURA,292901,BAGEPALLY,2,UPS (I-VIII) ,1,Department of Education,Urban,3,Co-educational,2,2,1,2,2,2,2,2,1,2,0,0,0,0,2,2,1,0,1,1,0,2,2,2,2,1,1,1,2,1,1
2018-19,29,Karnataka,2929,CHIKKABALLAPURA,292901,BAGEPALLY,2,UPS (I-VIII) ,5,Private Unaided (Recognized),Urban,3,Co-educational,12,12,7,12,12,12,11,12,12,12,6,6,6,5,12,12,12,4,12,12,12,11,12,9,12,11,2,12,12,12,12
2018-19,29,Karnataka,2929,CHIKKABALLAPURA,292901,BAGEPALLY,4,UPS (VI-VIII) ,1,Department of Education,Rural,2,Girls,1,1,1,1,1,1,1,0,1,1,0,0,0,0,1,1,1,1,1,1,0,1,1,1,1,0,1,1,1,1,1
2018-19,29,Karnataka,2929,CHIKKABALLAPURA,292901,BAGEPALLY,4,UPS (VI-VIII) ,1,Department of Education,Rural,3,Co-educational,1,1,1,1,1,1,1,1,1,1,1,1,1,1,1,0,1,0,1,1,1,1,1,1,1,1,1,0,1,1,1
2018-19,29,Karnataka,2929,CHIKKABALLAPURA,292903,CHIKKABALLAPUR,10,HSS (IX-XII),1,Department of Education,Rural,3,Co-educational,2,2,1,2,2,2,2,2,2,2,1,1,1,0,2,1,2,0,1,2,0,2,2,2,2,1,1,2,2,2,2
2018-19,29,Karnataka,2929,CHIKKABALLAPURA,292903,CHIKKABALLAPUR,10,HSS (IX-XII),1,Department of Education,Urban,3,Co-educational,1,1,1,1,1,1,1,1,1,1,1,1,1,1,1,1,1,1,0,1,0,1,1,1,1,0,1,1,1,1,0
2018-19,29,Karnataka,2929,CHIKKABALLAPURA,292903,CHIKKABALLAPUR,11,HSS (XI-XII),5,Private Unaided (Recognized),Urban,2,Girls,2,2,0,2,2,2,2,0,2,2,2,2,0,2,2,2,0,0,0,0,0,2,0,2,2,0,1,0,2,0,0
2018-19,29,Karnataka,2929,CHIKKABALLAPURA,292903,CHIKKABALLAPUR,11,HSS (XI-XII),1,Department of Education,Rural,3,Co-educational,1,1,0,1,1,1,1,1,1,1,0,0,0,0,1,1,1,0,1,1,0,0,0,0,1,1,0,1,1,0,1
2018-19,29,Karnataka,2929,CHIKKABALLAPURA,292903,CHIKKABALLAPUR,11,HSS (XI-XII),2,Tribal Welfare Department,Rural,3,Co-educational,1,1,0,1,1,1,1,1,1,1,1,1,1,1,1,1,0,0,0,1,0,1,0,1,0,0,1,0,1,0,0
2018-19,29,Karnataka,2929,CHIKKABALLAPURA,292903,CHIKKABALLAPUR,11,HSS (XI-XII),5,Private Unaided (Recognized),Rural,3,Co-educational,7,7,0,7,7,7,7,7,7,7,6,6,6,6,7,7,1,1,0,2,1,7,1,7,7,1,1,0,7,1,1
2018-19,29,Karnataka,2929,CHIKKABALLAPURA,292903,CHIKKABALLAPUR,11,HSS (XI-XII),5,Private Unaided (Recognized),Urban,3,Co-educational,17,17,0,17,17,17,17,17,17,17,14,14,14,14,17,17,0,0,0,2,0,17,0,17,15,0,12,0,17,0,0
2018-19,29,Karnataka,2929,CHIKKABALLAPURA,292903,CHIKKABALLAPUR,1,PS (I-V) ,1,Department of Education,Rural,3,Co-educational,144,144,120,99,144,144,142,131,130,134,51,54,52,48,142,4,106,0,117,69,42,143,143,136,132,56,63,92,144,96,114
2018-19,29,Karnataka,2929,CHIKKABALLAPURA,292903,CHIKKABALLAPUR,1,PS (I-V) ,5,Private Unaided (Recognized),Rural,3,Co-educational,3,3,1,3,3,3,3,3,3,3,0,0,0,0,3,2,3,0,3,2,2,3,3,2,3,2,0,3,3,2,3
2018-19,29,Karnataka,2929,CHIKKABALLAPURA,292903,CHIKKABALLAPUR,1,PS (I-V) ,1,Department of Education,Urban,3,Co-educational,6,6,5,6,6,6,6,6,6,6,1,1,0,1,6,0,5,0,5,1,3,6,6,5,5,2,3,4,6,4,5
2018-19,29,Karnataka,2929,CHIKKABALLAPURA,292903,CHIKKABALLAPUR,1,PS (I-V) ,5,Private Unaided (Recognized),Urban,3,Co-educational,2,2,0,2,1,1,1,2,2,2,0,0,0,0,1,2,1,0,1,2,1,1,0,1,1,1,0,1,2,1,2
2018-19,29,Karnataka,2929,CHIKKABALLAPURA,292903,CHIKKABALLAPUR,6, SS (I-X) ,1,Department of Education,Rural,3,Co-educational,1,1,1,1,1,1,1,1,1,1,1,1,1,1,1,0,1,0,1,1,0,1,1,1,1,0,1,1,1,0,1
2018-19,29,Karnataka,2929,CHIKKABALLAPURA,292903,CHIKKABALLAPUR,6, SS (I-X) ,5,Private Unaided (Recognized),Rural,3,Co-educational,13,13,5,8,13,13,13,12,12,12,11,11,11,10,13,13,12,2,12,11,6,13,12,13,13,7,2,11,13,11,12
2018-19,29,Karnataka,2929,CHIKKABALLAPURA,292903,CHIKKABALLAPUR,6, SS (I-X) ,5,Private Unaided (Recognized),Urban,3,Co-educational,10,10,5,7,10,10,10,10,10,10,7,7,7,7,10,10,10,1,7,10,7,9,10,10,10,8,1,7,10,10,10
2018-19,29,Karnataka,2929,CHIKKABALLAPURA,292903,CHIKKABALLAPUR,8,SS (IX-X),4,Government Aided,Rural,1,Boys,1,1,0,1,1,1,1,1,0,1,1,1,1,0,1,1,1,0,1,0,1,1,1,1,1,1,0,1,1,1,1
2018-19,29,Karnataka,2929,CHIKKABALLAPURA,292903,CHIKKABALLAPUR,8,SS (IX-X),1,Department of Education,Urban,2,Girls,1,1,0,0,1,1,1,0,1,1,1,1,0,1,1,0,1,0,1,0,0,1,1,1,1,0,1,1,1,1,1
2018-19,29,Karnataka,2929,CHIKKABALLAPURA,292903,CHIKKABALLAPUR,8,SS (IX-X),4,Government Aided,Urban,2,Girls,1,1,1,1,1,1,1,0,1,1,0,0,0,0,1,1,1,0,1,0,1,1,1,1,1,1,0,1,1,1,1
2018-19,29,Karnataka,2929,CHIKKABALLAPURA,292903,CHIKKABALLAPUR,8,SS (IX-X),5,Private Unaided (Recognized),Urban,2,Girls,1,1,1,1,1,1,1,0,1,1,0,0,0,0,1,1,1,0,1,0,1,1,1,1,1,1,0,1,1,1,1
2018-19,29,Karnataka,2929,CHIKKABALLAPURA,292903,CHIKKABALLAPUR,8,SS (IX-X),1,Department of Education,Rural,3,Co-educational,9,9,7,5,9,9,9,8,9,9,4,4,4,3,9,4,9,0,4,9,2,8,9,9,9,3,4,4,9,8,7
2018-19,29,Karnataka,2929,CHIKKABALLAPURA,292903,CHIKKABALLAPUR,8,SS (IX-X),4,Government Aided,Rural,3,Co-educational,3,3,3,3,3,3,3,3,3,3,1,1,1,1,3,3,3,0,2,3,2,3,3,3,3,3,1,3,3,3,3
2018-19,29,Karnataka,2929,CHIKKABALLAPURA,292903,CHIKKABALLAPUR,8,SS (IX-X),5,Private Unaided (Recognized),Rural,3,Co-educational,6,6,2,6,6,6,5,6,6,6,3,3,3,3,5,5,4,1,4,5,1,5,4,5,5,2,1,4,6,4,5
2018-19,29,Karnataka,2929,CHIKKABALLAPURA,292903,CHIKKABALLAPUR,8,SS (IX-X),4,Government Aided,Urban,3,Co-educational,3,3,2,2,3,3,3,3,3,3,3,3,3,3,3,3,3,1,3,2,1,3,3,2,3,1,0,3,3,1,3
2018-19,29,Karnataka,2929,CHIKKABALLAPURA,292903,CHIKKABALLAPUR,8,SS (IX-X),5,Private Unaided (Recognized),Urban,3,Co-educational,3,3,1,2,3,3,3,3,3,3,2,2,2,2,3,3,3,0,3,3,2,3,3,3,2,2,0,3,3,3,3
2018-19,29,Karnataka,2929,CHIKKABALLAPURA,292903,CHIKKABALLAPUR,7,SS (VI-X),5,Private Unaided (Recognized),Rural,1,Boys,1,1,1,1,1,1,1,1,0,1,1,1,1,0,1,1,1,0,1,1,1,1,1,1,1,1,0,1,1,1,1
2018-19,29,Karnataka,2929,CHIKKABALLAPURA,292903,CHIKKABALLAPUR,7,SS (VI-X),2,Tribal Welfare Department,Rural,3,Co-educational,4,4,3,3,4,4,4,3,3,3,3,4,4,4,4,3,4,2,4,2,2,4,4,4,4,3,0,4,4,3,4
2018-19,29,Karnataka,2929,CHIKKABALLAPURA,292903,CHIKKABALLAPUR,7,SS (VI-X),2,Tribal Welfare Department,Urban,3,Co-educational,1,1,0,1,1,1,0,0,0,0,0,0,0,0,0,0,1,0,0,0,0,0,0,0,0,1,0,0,1,1,1
2018-19,29,Karnataka,2929,CHIKKABALLAPURA,292903,CHIKKABALLAPUR,2,UPS (I-VIII) ,1,Department of Education,Rural,3,Co-educational,71,71,60,51,71,71,70,69,71,71,38,38,38,34,69,23,59,0,66,45,23,69,71,65,66,30,45,49,71,55,67
2018-19,29,Karnataka,2929,CHIKKABALLAPURA,292903,CHIKKABALLAPUR,2,UPS (I-VIII) ,5,Private Unaided (Recognized),Rural,3,Co-educational,12,12,8,9,11,11,11,11,11,11,5,6,6,5,12,10,10,2,9,9,9,11,11,11,11,11,0,11,12,11,12
2018-19,29,Karnataka,2929,CHIKKABALLAPURA,292903,CHIKKABALLAPUR,2,UPS (I-VIII) ,1,Department of Education,Urban,3,Co-educational,11,11,7,7,11,11,11,10,11,11,3,3,3,3,11,5,11,0,11,4,3,11,10,11,11,6,5,11,11,8,11
2018-19,29,Karnataka,2929,CHIKKABALLAPURA,292903,CHIKKABALLAPUR,2,UPS (I-VIII) ,4,Government Aided,Urban,3,Co-educational,7,7,3,4,7,7,6,7,7,7,3,3,3,2,7,5,6,0,6,3,1,7,6,7,7,1,1,6,7,3,6
2018-19,29,Karnataka,2929,CHIKKABALLAPURA,292903,CHIKKABALLAPUR,2,UPS (I-VIII) ,5,Private Unaided (Recognized),Urban,3,Co-educational,10,10,3,7,10,10,10,9,9,9,7,8,8,7,10,10,10,3,6,7,8,10,9,9,10,7,1,9,10,9,10
2018-19,29,Karnataka,2929,CHIKKABALLAPURA,292903,CHIKKABALLAPUR,4,UPS (VI-VIII) ,4,Government Aided,Rural,1,Boys,1,1,0,0,1,1,1,1,0,1,1,1,1,0,1,1,1,0,1,0,1,1,1,1,1,1,0,1,1,1,1
2018-19,29,Karnataka,2929,CHIKKABALLAPURA,292903,CHIKKABALLAPUR,4,UPS (VI-VIII) ,5,Private Unaided (Recognized),Urban,2,Girls,1,1,0,0,1,1,1,0,1,1,0,0,0,0,0,1,0,0,0,0,1,1,0,1,1,1,0,0,1,1,0
2018-19,29,Karnataka,2929,CHIKKABALLAPURA,292903,CHIKKABALLAPUR,4,UPS (VI-VIII) ,1,Department of Education,Rural,3,Co-educational,1,1,1,1,1,1,1,1,0,1,1,1,1,1,1,0,1,0,1,1,0,1,1,1,1,0,1,1,1,0,0
2018-19,29,Karnataka,2929,CHIKKABALLAPURA,292904,CHINTAMANI,5, HSS (VI-XII),5,Private Unaided (Recognized),Rural,3,Co-educational,1,1,0,1,1,1,1,1,1,1,1,1,1,1,1,1,1,0,1,1,1,1,1,1,1,1,1,1,1,1,1
2018-19,29,Karnataka,2929,CHIKKABALLAPURA,292904,CHINTAMANI,5, HSS (VI-XII),93,Jawahar Navodaya Vidyalaya,Rural,3,Co-educational,1,1,0,0,1,1,1,1,1,1,1,1,1,1,1,1,1,0,0,1,1,1,1,1,1,0,0,1,1,1,1
2018-19,29,Karnataka,2929,CHIKKABALLAPURA,292904,CHINTAMANI,11,HSS (XI-XII),1,Department of Education,Urban,1,Boys,1,1,0,1,1,1,1,1,0,1,1,1,1,0,1,1,0,0,0,0,0,1,0,1,1,0,1,0,1,0,0
2018-19,29,Karnataka,2929,CHIKKABALLAPURA,292904,CHINTAMANI,11,HSS (XI-XII),2,Tribal Welfare Department,Rural,2,Girls,1,1,0,1,1,1,1,0,1,1,0,0,0,0,1,1,0,0,0,0,0,1,0,1,1,0,0,0,1,0,0
2018-19,29,Karnataka,2929,CHIKKABALLAPURA,292904,CHINTAMANI,11,HSS (XI-XII),1,Department of Education,Urban,2,Girls,1,1,0,1,1,1,1,0,1,1,1,1,0,1,1,1,0,0,0,0,0,1,0,1,1,0,0,0,1,0,0
2018-19,29,Karnataka,2929,CHIKKABALLAPURA,292904,CHINTAMANI,11,HSS (XI-XII),1,Department of Education,Rural,3,Co-educational,4,4,0,4,4,4,4,4,4,4,4,4,4,4,4,2,0,0,0,0,0,4,0,4,3,0,2,0,4,0,0
2018-19,29,Karnataka,2929,CHIKKABALLAPURA,292904,CHINTAMANI,11,HSS (XI-XII),5,Private Unaided (Recognized),Rural,3,Co-educational,2,2,0,2,2,2,2,2,2,2,0,0,0,0,2,2,0,0,0,0,0,2,0,2,2,0,0,0,2,0,0
2018-19,29,Karnataka,2929,CHIKKABALLAPURA,292904,CHINTAMANI,11,HSS (XI-XII),5,Private Unaided (Recognized),Urban,3,Co-educational,20,19,2,20,20,20,19,20,20,20,16,16,16,16,20,20,0,0,0,0,2,20,2,20,14,2,2,0,20,2,0
2018-19,29,Karnataka,2929,CHIKKABALLAPURA,292904,CHINTAMANI,1,PS (I-V) ,97,Madarsa recognized (by Wakf board/Madarsa Board) ,Rural,1,Boys,1,1,0,1,1,1,1,1,0,1,0,0,0,0,1,1,1,0,1,1,1,1,0,1,1,1,0,0,1,0,0
2018-19,29,Karnataka,2929,CHIKKABALLAPURA,292904,CHINTAMANI,1,PS (I-V) ,1,Department of Education,Rural,3,Co-educational,191,191,153,182,191,191,170,125,143,144,49,65,62,60,183,14,154,0,154,108,116,186,189,99,170,73,72,106,189,73,111
2018-19,29,Karnataka,2929,CHIKKABALLAPURA,292904,CHINTAMANI,1,PS (I-V) ,2,Tribal Welfare Department,Rural,3,Co-educational,1,1,0,1,1,1,1,1,1,1,0,0,0,0,1,1,1,0,1,1,0,1,1,1,1,1,0,1,1,1,1
2018-19,29,Karnataka,2929,CHIKKABALLAPURA,292904,CHINTAMANI,1,PS (I-V) ,5,Private Unaided (Recognized),Rural,3,Co-educational,3,3,1,2,2,2,2,2,2,2,1,1,1,1,2,2,2,0,1,1,1,2,2,2,2,1,2,1,3,0,2
2018-19,29,Karnataka,2929,CHIKKABALLAPURA,292904,CHINTAMANI,1,PS (I-V) ,1,Department of Education,Urban,3,Co-educational,7,7,4,6,7,7,7,4,7,7,0,0,0,0,7,0,7,0,4,5,4,7,7,4,3,5,2,5,7,6,5
2018-19,29,Karnataka,2929,CHIKKABALLAPURA,292904,CHINTAMANI,1,PS (I-V) ,5,Private Unaided (Recognized),Urban,3,Co-educational,4,4,1,3,2,2,3,3,3,2,0,2,2,2,2,2,2,0,1,1,1,2,2,3,3,4,1,1,4,4,4
2018-19,29,Karnataka,2929,CHIKKABALLAPURA,292904,CHINTAMANI,6, SS (I-X) ,5,Private Unaided (Recognized),Rural,3,Co-educational,10,10,6,8,10,10,10,10,10,10,6,6,6,6,10,10,10,5,9,10,7,10,9,9,10,8,0,9,10,9,10
2018-19,29,Karnataka,2929,CHIKKABALLAPURA,292904,CHINTAMANI,6, SS (I-X) ,4,Government Aided,Urban,3,Co-educational,1,1,0,1,1,1,1,1,1,1,1,1,1,0,1,1,1,0,1,1,0,1,1,0,1,1,0,1,1,1,1
2018-19,29,Karnataka,2929,CHIKKABALLAPURA,292904,CHINTAMANI,6, SS (I-X) ,5,Private Unaided (Recognized),Urban,3,Co-educational,4,4,0,4,4,4,4,4,4,4,4,4,4,4,4,4,4,4,3,3,4,4,4,3,4,3,2,4,4,4,4
2018-19,29,Karnataka,2929,CHIKKABALLAPURA,292904,CHINTAMANI,8,SS (IX-X),1,Department of Education,Urban,1,Boys,1,1,0,1,1,1,1,1,0,1,1,1,1,0,1,0,1,0,1,1,0,1,1,1,1,0,1,1,1,1,1
2018-19,29,Karnataka,2929,CHIKKABALLAPURA,292904,CHINTAMANI,8,SS (IX-X),1,Department of Education,Urban,2,Girls,1,1,1,1,1,1,1,0,1,1,1,1,0,1,1,0,1,0,1,0,0,1,1,1,1,0,1,1,1,0,1
2018-19,29,Karnataka,2929,CHIKKABALLAPURA,292904,CHINTAMANI,8,SS (IX-X),1,Department of Education,Rural,3,Co-educational,19,19,11,19,19,19,19,18,19,19,10,10,10,8,19,13,15,1,14,17,5,19,19,19,18,12,6,15,19,10,12
2018-19,29,Karnataka,2929,CHIKKABALLAPURA,292904,CHINTAMANI,8,SS (IX-X),4,Government Aided,Rural,3,Co-educational,10,10,4,9,9,9,8,10,10,10,9,9,9,9,9,8,7,1,8,9,3,7,8,9,9,5,3,8,10,4,9
2018-19,29,Karnataka,2929,CHIKKABALLAPURA,292904,CHINTAMANI,8,SS (IX-X),5,Private Unaided (Recognized),Rural,3,Co-educational,9,9,3,9,9,9,9,8,8,8,4,5,5,5,9,7,9,6,7,8,6,9,9,8,9,9,3,9,9,8,9
2018-19,29,Karnataka,2929,CHIKKABALLAPURA,292904,CHINTAMANI,8,SS (IX-X),1,Department of Education,Urban,3,Co-educational,2,2,2,1,2,2,2,2,2,2,1,1,1,1,2,0,2,0,2,2,1,2,2,2,2,1,1,1,2,1,2
2018-19,29,Karnataka,2929,CHIKKABALLAPURA,292904,CHINTAMANI,8,SS (IX-X),4,Government Aided,Urban,3,Co-educational,2,2,2,2,2,2,2,2,2,2,1,1,1,1,2,2,2,0,2,1,2,2,2,1,2,2,0,2,2,2,2
2018-19,29,Karnataka,2929,CHIKKABALLAPURA,292904,CHINTAMANI,8,SS (IX-X),5,Private Unaided (Recognized),Urban,3,Co-educational,20,20,11,20,20,20,20,18,18,17,13,16,16,15,20,19,19,10,16,13,16,20,19,18,20,16,9,16,19,17,18
2018-19,29,Karnataka,2929,CHIKKABALLAPURA,292904,CHINTAMANI,7,SS (VI-X),2,Tribal Welfare Department,Rural,2,Girls,1,1,0,1,1,1,1,0,1,1,1,1,0,1,1,1,1,0,1,1,1,1,0,1,1,1,0,1,1,1,1
2018-19,29,Karnataka,2929,CHIKKABALLAPURA,292904,CHINTAMANI,7,SS (VI-X),2,Tribal Welfare Department,Rural,3,Co-educational,4,4,1,4,2,2,2,2,2,2,2,3,3,2,2,2,2,0,2,2,0,2,2,2,2,1,1,2,4,2,4
2018-19,29,Karnataka,2929,CHIKKABALLAPURA,292904,CHINTAMANI,7,SS (VI-X),1,Department of Education,Urban,3,Co-educational,1,0,1,1,1,1,1,1,1,1,0,0,0,0,1,1,1,0,1,0,1,1,1,1,1,1,0,1,1,1,1
2018-19,29,Karnataka,2929,CHIKKABALLAPURA,292904,CHINTAMANI,7,SS (VI-X),2,Tribal Welfare Department,Urban,3,Co-educational,1,1,1,1,1,1,0,0,0,0,0,0,0,0,0,0,1,0,0,0,0,0,1,0,1,0,0,0,1,0,0
2018-19,29,Karnataka,2929,CHIKKABALLAPURA,292904,CHINTAMANI,2,UPS (I-VIII) ,1,Department of Education,Rural,3,Co-educational,110,110,87,106,110,110,102,88,92,94,42,48,47,43,105,31,91,1,94,73,55,107,107,83,96,60,61,68,110,67,77
2018-19,29,Karnataka,2929,CHIKKABALLAPURA,292904,CHINTAMANI,2,UPS (I-VIII) ,4,Government Aided,Rural,3,Co-educational,14,14,11,13,14,14,13,13,13,13,7,8,7,8,13,11,14,1,12,14,6,13,14,13,14,6,0,8,14,6,10
2018-19,29,Karnataka,2929,CHIKKABALLAPURA,292904,CHINTAMANI,2,UPS (I-VIII) ,5,Private Unaided (Recognized),Rural,3,Co-educational,16,16,7,13,15,15,15,15,15,15,7,8,8,8,15,14,12,4,10,13,10,12,14,14,15,13,1,10,16,13,12
2018-19,29,Karnataka,2929,CHIKKABALLAPURA,292904,CHINTAMANI,2,UPS (I-VIII) ,1,Department of Education,Urban,3,Co-educational,13,13,11,11,13,13,13,13,13,13,3,3,2,3,13,8,11,0,8,5,5,13,13,6,12,9,8,9,13,10,12
2018-19,29,Karnataka,2929,CHIKKABALLAPURA,292904,CHINTAMANI,2,UPS (I-VIII) ,4,Government Aided,Urban,3,Co-educational,6,6,3,5,6,6,5,6,6,6,3,3,3,3,6,5,6,1,6,2,5,6,6,4,6,5,0,5,6,4,5
2018-19,29,Karnataka,2929,CHIKKABALLAPURA,292904,CHINTAMANI,2,UPS (I-VIII) ,5,Private Unaided (Recognized),Urban,3,Co-educational,19,19,9,13,19,19,19,16,16,16,12,14,14,13,19,16,18,8,14,12,18,19,19,19,18,17,7,15,19,17,18
2018-19,29,Karnataka,2929,CHIKKABALLAPURA,292904,CHINTAMANI,4,UPS (VI-VIII) ,1,Department of Education,Rural,2,Girls,1,1,1,1,1,1,1,0,1,1,1,1,0,1,1,0,1,1,1,0,0,1,1,1,1,0,1,1,1,0,1
2018-19,29,Karnataka,2929,CHIKKABALLAPURA,292904,CHINTAMANI,4,UPS (VI-VIII) ,5,Private Unaided (Recognized),Urban,3,Co-educational,1,1,0,1,1,1,1,1,1,1,1,1,1,1,1,1,1,1,1,1,1,1,1,1,1,1,1,1,1,1,1
2018-19,29,Karnataka,2929,CHIKKABALLAPURA,292905,GOWRIBIDANUR,3,HSS (I-XII),5,Private Unaided (Recognized),Rural,3,Co-educational,1,1,0,1,1,1,1,1,1,1,1,1,1,1,1,1,1,1,1,1,1,1,1,1,1,0,0,1,1,1,1
2018-19,29,Karnataka,2929,CHIKKABALLAPURA,292905,GOWRIBIDANUR,10,HSS (IX-XII),1,Department of Education,Rural,3,Co-educational,1,1,1,1,1,1,1,1,1,1,0,0,0,0,1,1,1,0,1,1,0,1,1,1,1,1,0,1,1,1,1
2018-19,29,Karnataka,2929,CHIKKABALLAPURA,292905,GOWRIBIDANUR,10,HSS (IX-XII),1,Department of Education,Urban,3,Co-educational,1,1,1,1,1,1,1,1,1,1,1,1,1,1,1,0,1,1,0,1,0,1,1,1,1,1,1,0,1,1,1
2018-19,29,Karnataka,2929,CHIKKABALLAPURA,292905,GOWRIBIDANUR,11,HSS (XI-XII),5,Private Unaided (Recognized),Rural,2,Girls,1,1,0,1,1,1,1,0,1,1,1,1,0,1,1,1,0,0,0,0,0,1,0,1,1,0,1,0,1,0,0
2018-19,29,Karnataka,2929,CHIKKABALLAPURA,292905,GOWRIBIDANUR,11,HSS (XI-XII),1,Department of Education,Rural,3,Co-educational,2,2,0,2,2,2,2,2,2,2,1,1,1,1,2,2,0,0,0,0,0,2,0,1,1,0,0,0,2,0,0
2018-19,29,Karnataka,2929,CHIKKABALLAPURA,292905,GOWRIBIDANUR,11,HSS (XI-XII),4,Government Aided,Rural,3,Co-educational,3,3,0,3,3,3,3,3,3,3,3,3,3,3,3,2,1,1,0,0,0,3,1,3,3,1,1,1,3,1,1
2018-19,29,Karnataka,2929,CHIKKABALLAPURA,292905,GOWRIBIDANUR,11,HSS (XI-XII),5,Private Unaided (Recognized),Rural,3,Co-educational,3,3,0,3,3,3,3,3,3,3,3,3,3,2,3,3,0,0,0,0,0,3,0,3,3,0,2,0,3,0,0
2018-19,29,Karnataka,2929,CHIKKABALLAPURA,292905,GOWRIBIDANUR,11,HSS (XI-XII),4,Government Aided,Urban,3,Co-educational,2,2,0,2,2,2,2,2,2,2,1,1,1,1,2,0,0,0,0,0,0,2,0,2,2,0,1,0,2,0,0
2018-19,29,Karnataka,2929,CHIKKABALLAPURA,292905,GOWRIBIDANUR,11,HSS (XI-XII),5,Private Unaided (Recognized),Urban,3,Co-educational,6,6,0,6,6,6,6,6,6,6,1,1,1,1,6,6,0,0,0,0,0,6,0,6,5,0,1,0,6,0,0
2018-19,29,Karnataka,2929,CHIKKABALLAPURA,292905,GOWRIBIDANUR,1,PS (I-V) ,1,Department of Education,Rural,3,Co-educational,159,159,125,152,159,159,145,146,146,150,66,66,64,59,153,1,110,0,121,67,51,150,155,81,134,54,40,67,156,59,87
2018-19,29,Karnataka,2929,CHIKKABALLAPURA,292905,GOWRIBIDANUR,1,PS (I-V) ,4,Government Aided,Rural,3,Co-educational,1,1,0,1,1,1,1,1,1,1,0,0,0,0,1,0,1,0,1,0,1,1,1,1,1,1,0,1,1,1,1
2018-19,29,Karnataka,2929,CHIKKABALLAPURA,292905,GOWRIBIDANUR,1,PS (I-V) ,5,Private Unaided (Recognized),Rural,3,Co-educational,8,8,5,8,7,7,8,6,6,5,4,6,6,6,8,2,6,3,7,2,4,8,7,6,8,4,2,4,7,5,5
2018-19,29,Karnataka,2929,CHIKKABALLAPURA,292905,GOWRIBIDANUR,1,PS (I-V) ,1,Department of Education,Urban,3,Co-educational,7,7,7,7,7,7,6,7,7,7,3,3,3,3,7,0,5,0,3,3,0,7,7,5,7,1,2,4,7,0,4
2018-19,29,Karnataka,2929,CHIKKABALLAPURA,292905,GOWRIBIDANUR,1,PS (I-V) ,2,Tribal Welfare Department,Urban,3,Co-educational,1,1,1,1,1,1,1,1,1,1,0,0,0,0,1,1,0,0,0,1,0,1,1,1,0,1,0,1,1,0,0
2018-19,29,Karnataka,2929,CHIKKABALLAPURA,292905,GOWRIBIDANUR,1,PS (I-V) ,5,Private Unaided (Recognized),Urban,3,Co-educational,1,1,1,1,1,1,1,1,1,1,0,0,0,0,1,1,1,0,0,1,0,1,1,1,1,0,0,0,1,1,0
2018-19,29,Karnataka,2929,CHIKKABALLAPURA,292905,GOWRIBIDANUR,6, SS (I-X) ,1,Department of Education,Rural,3,Co-educational,1,1,1,1,1,1,1,1,1,1,1,1,1,1,1,1,1,0,1,1,0,1,1,0,1,0,1,1,1,0,1
2018-19,29,Karnataka,2929,CHIKKABALLAPURA,292905,GOWRIBIDANUR,6, SS (I-X) ,5,Private Unaided (Recognized),Rural,3,Co-educational,6,6,3,6,6,6,6,6,6,6,3,3,3,3,6,6,6,3,4,6,4,6,6,6,6,4,1,5,6,5,6
2018-19,29,Karnataka,2929,CHIKKABALLAPURA,292905,GOWRIBIDANUR,6, SS (I-X) ,5,Private Unaided (Recognized),Urban,3,Co-educational,3,3,0,3,3,3,3,3,3,3,3,3,3,3,3,3,3,3,2,3,2,3,3,3,3,3,2,3,3,3,3
2018-19,29,Karnataka,2929,CHIKKABALLAPURA,292905,GOWRIBIDANUR,8,SS (IX-X),5,Private Unaided (Recognized),Rural,2,Girls,1,1,0,1,1,1,1,0,1,1,1,1,0,1,1,1,1,1,1,1,1,1,1,1,1,1,0,1,1,1,1
2018-19,29,Karnataka,2929,CHIKKABALLAPURA,292905,GOWRIBIDANUR,8,SS (IX-X),1,Department of Education,Urban,2,Girls,1,1,1,1,1,1,1,0,1,1,1,1,0,1,1,1,1,0,1,1,0,1,1,1,1,1,0,1,1,1,1
2018-19,29,Karnataka,2929,CHIKKABALLAPURA,292905,GOWRIBIDANUR,8,SS (IX-X),1,Department of Education,Rural,3,Co-educational,18,18,15,17,18,18,16,18,18,18,9,9,8,8,18,10,14,0,15,18,0,18,17,18,18,8,6,9,18,9,9
2018-19,29,Karnataka,2929,CHIKKABALLAPURA,292905,GOWRIBIDANUR,8,SS (IX-X),4,Government Aided,Rural,3,Co-educational,10,10,4,9,10,10,10,10,10,10,8,8,8,8,10,9,9,1,9,10,1,10,9,10,10,4,0,6,10,5,6
2018-19,29,Karnataka,2929,CHIKKABALLAPURA,292905,GOWRIBIDANUR,8,SS (IX-X),5,Private Unaided (Recognized),Rural,3,Co-educational,6,6,4,5,6,6,6,6,6,6,5,5,5,5,5,6,6,2,5,6,2,6,6,6,6,1,1,5,6,4,6
2018-19,29,Karnataka,2929,CHIKKABALLAPURA,292905,GOWRIBIDANUR,8,SS (IX-X),4,Government Aided,Urban,3,Co-educational,3,3,3,3,3,3,3,3,3,3,3,3,3,3,3,3,2,1,1,3,2,3,3,3,3,1,0,0,3,0,0
2018-19,29,Karnataka,2929,CHIKKABALLAPURA,292905,GOWRIBIDANUR,8,SS (IX-X),5,Private Unaided (Recognized),Urban,3,Co-educational,6,6,2,6,6,6,6,6,6,6,5,5,5,5,6,6,3,3,2,5,4,6,5,6,6,4,1,3,5,5,4
2018-19,29,Karnataka,2929,CHIKKABALLAPURA,292905,GOWRIBIDANUR,7,SS (VI-X),2,Tribal Welfare Department,Rural,2,Girls,2,2,1,2,2,2,2,0,1,1,1,2,0,2,2,1,1,0,1,1,0,1,2,2,2,0,0,0,2,2,2
2018-19,29,Karnataka,2929,CHIKKABALLAPURA,292905,GOWRIBIDANUR,7,SS (VI-X),2,Tribal Welfare Department,Urban,2,Girls,2,2,0,2,1,1,2,0,2,2,2,2,0,2,2,2,1,0,2,2,0,2,2,2,2,0,0,1,2,1,1
2018-19,29,Karnataka,2929,CHIKKABALLAPURA,292905,GOWRIBIDANUR,7,SS (VI-X),1,Department of Education,Urban,3,Co-educational,1,1,0,1,1,1,1,1,1,1,1,1,1,1,1,1,1,0,1,1,0,1,1,1,1,1,1,1,1,1,1
2018-19,29,Karnataka,2929,CHIKKABALLAPURA,292905,GOWRIBIDANUR,7,SS (VI-X),2,Tribal Welfare Department,Urban,3,Co-educational,1,1,1,1,1,1,1,1,1,1,0,0,0,0,1,1,1,1,1,1,1,1,1,1,1,1,0,1,1,1,1
2018-19,29,Karnataka,2929,CHIKKABALLAPURA,292905,GOWRIBIDANUR,2,UPS (I-VIII) ,1,Department of Education,Rural,1,Boys,1,1,1,1,1,1,1,1,0,1,0,0,0,0,1,0,1,0,1,1,0,1,1,1,0,0,0,0,1,1,0
2018-19,29,Karnataka,2929,CHIKKABALLAPURA,292905,GOWRIBIDANUR,2,UPS (I-VIII) ,98,Madarsa unrecognized,Rural,1,Boys,1,1,0,1,1,1,1,1,0,1,1,1,1,0,1,0,0,0,0,1,0,1,0,0,1,0,0,0,1,0,0
2018-19,29,Karnataka,2929,CHIKKABALLAPURA,292905,GOWRIBIDANUR,2,UPS (I-VIII) ,1,Department of Education,Rural,2,Girls,1,1,1,1,1,1,1,0,1,1,0,0,0,0,1,0,0,0,0,0,0,1,1,1,1,0,0,0,1,1,0
2018-19,29,Karnataka,2929,CHIKKABALLAPURA,292905,GOWRIBIDANUR,2,UPS (I-VIII) ,5,Private Unaided (Recognized),Rural,2,Girls,1,1,1,1,1,1,1,0,1,1,0,0,0,0,1,1,1,1,1,0,0,1,1,1,1,1,0,1,1,1,1
2018-19,29,Karnataka,2929,CHIKKABALLAPURA,292905,GOWRIBIDANUR,2,UPS (I-VIII) ,1,Department of Education,Rural,3,Co-educational,107,107,80,100,107,107,105,102,103,103,50,53,53,52,107,22,75,0,87,81,38,102,105,87,97,35,62,42,107,47,59
2018-19,29,Karnataka,2929,CHIKKABALLAPURA,292905,GOWRIBIDANUR,2,UPS (I-VIII) ,4,Government Aided,Rural,3,Co-educational,3,3,3,3,3,3,3,2,2,2,1,1,1,1,3,1,2,1,2,2,2,3,3,3,3,1,1,2,3,2,2
2018-19,29,Karnataka,2929,CHIKKABALLAPURA,292905,GOWRIBIDANUR,2,UPS (I-VIII) ,5,Private Unaided (Recognized),Rural,3,Co-educational,16,16,12,14,15,15,14,15,15,14,9,11,10,10,16,14,13,7,14,13,11,16,16,15,16,7,2,9,16,10,12
2018-19,29,Karnataka,2929,CHIKKABALLAPURA,292905,GOWRIBIDANUR,2,UPS (I-VIII) ,92,Kendriya Vidyalaya / Central School,Rural,3,Co-educational,1,1,0,1,0,0,1,0,0,0,0,1,1,1,1,0,0,1,0,0,0,1,0,1,0,0,0,0,0,0,0
2018-19,29,Karnataka,2929,CHIKKABALLAPURA,292905,GOWRIBIDANUR,2,UPS (I-VIII) ,1,Department of Education,Urban,3,Co-educational,9,9,7,9,9,9,7,9,9,9,5,5,4,5,9,3,1,0,4,3,4,9,8,7,8,1,5,1,9,4,2
2018-19,29,Karnataka,2929,CHIKKABALLAPURA,292905,GOWRIBIDANUR,2,UPS (I-VIII) ,4,Government Aided,Urban,3,Co-educational,4,4,4,4,4,4,4,3,3,3,3,3,3,3,4,4,1,0,1,1,2,4,4,2,3,3,0,1,4,1,2
2018-19,29,Karnataka,2929,CHIKKABALLAPURA,292905,GOWRIBIDANUR,2,UPS (I-VIII) ,5,Private Unaided (Recognized),Urban,3,Co-educational,11,11,3,11,11,11,11,11,11,11,10,10,10,10,11,10,9,6,8,10,7,11,10,11,11,10,3,6,11,8,7
2018-19,29,Karnataka,2929,CHIKKABALLAPURA,292905,GOWRIBIDANUR,4,UPS (VI-VIII) ,1,Department of Education,Rural,2,Girls,1,1,1,1,1,1,1,0,1,1,0,0,0,0,1,1,1,1,1,1,0,1,1,1,1,0,0,1,1,1,1
2018-19,29,Karnataka,2929,CHIKKABALLAPURA,292905,GOWRIBIDANUR,4,UPS (VI-VIII) ,5,Private Unaided (Recognized),Rural,3,Co-educational,1,1,1,1,1,1,1,1,1,1,1,1,1,1,1,1,1,0,1,0,1,1,1,1,1,1,0,1,1,1,1
2018-19,29,Karnataka,2929,CHIKKABALLAPURA,292905,GOWRIBIDANUR,4,UPS (VI-VIII) ,2,Tribal Welfare Department,Urban,3,Co-educational,1,1,0,1,1,1,1,0,0,0,0,0,0,0,1,0,0,0,0,0,0,1,1,1,1,1,0,0,1,1,1
2018-19,29,Karnataka,2929,CHIKKABALLAPURA,292906,GUDIBANDA,11,HSS (XI-XII),1,Department of Education,Urban,3,Co-educational,1,1,0,1,1,1,1,1,1,1,1,1,1,1,1,1,0,0,0,0,0,1,0,0,1,0,0,0,1,0,0
2018-19,29,Karnataka,2929,CHIKKABALLAPURA,292906,GUDIBANDA,1,PS (I-V) ,1,Department of Education,Rural,3,Co-educational,68,68,36,60,68,68,62,63,64,65,29,30,29,28,66,4,57,0,57,24,11,67,66,52,62,39,28,51,67,43,56
2018-19,29,Karnataka,2929,CHIKKABALLAPURA,292906,GUDIBANDA,1,PS (I-V) ,5,Private Unaided (Recognized),Rural,3,Co-educational,2,2,2,2,2,2,2,2,2,2,2,2,2,2,2,2,2,1,1,1,0,2,2,2,2,2,0,2,2,2,2
2018-19,29,Karnataka,2929,CHIKKABALLAPURA,292906,GUDIBANDA,1,PS (I-V) ,1,Department of Education,Urban,3,Co-educational,1,1,0,1,1,1,1,1,1,1,1,1,1,1,1,1,1,0,1,1,1,1,1,0,1,1,0,1,1,1,1
2018-19,29,Karnataka,2929,CHIKKABALLAPURA,292906,GUDIBANDA,1,PS (I-V) ,5,Private Unaided (Recognized),Urban,3,Co-educational,1,1,0,1,1,1,1,1,1,1,0,0,0,0,1,1,0,0,0,0,0,1,0,1,1,0,0,0,1,0,0
2018-19,29,Karnataka,2929,CHIKKABALLAPURA,292906,GUDIBANDA,8,SS (IX-X),1,Department of Education,Urban,1,Boys,1,1,1,1,1,1,1,1,0,1,1,1,1,0,1,1,0,0,0,0,0,1,1,1,1,0,0,0,1,0,0
2018-19,29,Karnataka,2929,CHIKKABALLAPURA,292906,GUDIBANDA,8,SS (IX-X),1,Department of Education,Urban,2,Girls,1,1,0,1,1,1,1,0,1,1,0,0,0,0,1,1,1,0,1,0,0,1,1,0,1,1,1,1,1,1,1
2018-19,29,Karnataka,2929,CHIKKABALLAPURA,292906,GUDIBANDA,8,SS (IX-X),1,Department of Education,Rural,3,Co-educational,9,9,6,9,9,9,9,9,9,9,7,7,7,6,9,6,8,1,6,9,1,9,9,9,9,5,6,6,9,6,8
2018-19,29,Karnataka,2929,CHIKKABALLAPURA,292906,GUDIBANDA,8,SS (IX-X),4,Government Aided,Urban,3,Co-educational,1,1,0,1,1,1,1,1,1,1,1,1,1,1,1,1,1,0,1,1,0,1,1,1,1,1,0,1,1,1,1
2018-19,29,Karnataka,2929,CHIKKABALLAPURA,292906,GUDIBANDA,7,SS (VI-X),90,Social welfare Department,Rural,2,Girls,1,1,1,1,1,1,1,0,1,1,1,1,0,1,1,0,1,1,1,1,1,1,1,1,1,1,1,1,1,1,1
2018-19,29,Karnataka,2929,CHIKKABALLAPURA,292906,GUDIBANDA,7,SS (VI-X),1,Department of Education,Rural,3,Co-educational,1,1,0,1,1,1,1,1,1,1,1,1,1,1,1,0,0,1,0,0,1,1,1,1,1,0,1,0,1,1,1
2018-19,29,Karnataka,2929,CHIKKABALLAPURA,292906,GUDIBANDA,7,SS (VI-X),2,Tribal Welfare Department,Rural,3,Co-educational,1,1,1,1,1,1,1,0,0,0,0,0,0,0,1,0,1,1,1,0,1,1,1,1,1,1,1,0,1,1,1
2018-19,29,Karnataka,2929,CHIKKABALLAPURA,292906,GUDIBANDA,2,UPS (I-VIII) ,1,Department of Education,Urban,1,Boys,1,1,1,1,1,1,1,1,0,1,1,1,1,0,1,0,1,0,1,0,1,1,1,1,1,1,1,1,1,1,1
2018-19,29,Karnataka,2929,CHIKKABALLAPURA,292906,GUDIBANDA,2,UPS (I-VIII) ,1,Department of Education,Urban,2,Girls,1,1,1,1,1,1,1,0,1,1,1,1,0,1,1,1,1,0,1,0,0,1,1,1,1,0,0,1,1,0,1
2018-19,29,Karnataka,2929,CHIKKABALLAPURA,292906,GUDIBANDA,2,UPS (I-VIII) ,1,Department of Education,Rural,3,Co-educational,23,23,15,21,23,23,22,19,22,22,15,16,15,15,23,9,19,0,16,13,6,23,23,22,21,14,11,14,23,19,17
2018-19,29,Karnataka,2929,CHIKKABALLAPURA,292906,GUDIBANDA,2,UPS (I-VIII) ,5,Private Unaided (Recognized),Rural,3,Co-educational,4,4,1,4,3,3,4,2,2,2,2,3,3,2,4,2,4,2,1,1,1,4,3,4,4,4,0,2,4,4,4
2018-19,29,Karnataka,2929,CHIKKABALLAPURA,292906,GUDIBANDA,2,UPS (I-VIII) ,1,Department of Education,Urban,3,Co-educational,2,2,2,2,2,2,2,2,2,2,2,2,2,2,2,0,2,0,2,1,0,2,2,2,2,1,1,1,2,1,2
2018-19,29,Karnataka,2929,CHIKKABALLAPURA,292906,GUDIBANDA,2,UPS (I-VIII) ,5,Private Unaided (Recognized),Urban,3,Co-educational,5,5,3,5,5,5,5,5,5,5,4,4,4,4,5,4,4,2,4,2,3,5,4,4,5,3,0,4,5,4,4
2018-19,29,Karnataka,2929,CHIKKABALLAPURA,292906,GUDIBANDA,4,UPS (VI-VIII) ,1,Department of Education,Rural,2,Girls,1,1,1,1,1,1,1,0,1,1,1,1,0,1,1,1,1,0,1,1,0,1,1,1,1,1,0,1,1,1,1
2018-19,29,Karnataka,2929,CHIKKABALLAPURA,292911,SIDLAGHATTA,3,HSS (I-XII),1,Department of Education,Rural,3,Co-educational,1,1,0,1,1,1,1,1,1,1,0,0,0,0,1,0,1,0,1,0,1,1,1,0,1,1,0,1,1,1,1
2018-19,29,Karnataka,2929,CHIKKABALLAPURA,292911,SIDLAGHATTA,10,HSS (IX-XII),1,Department of Education,Rural,3,Co-educational,2,2,0,2,2,2,1,2,2,2,1,1,1,1,2,1,1,0,1,2,1,2,2,2,2,1,1,2,2,1,1
2018-19,29,Karnataka,2929,CHIKKABALLAPURA,292911,SIDLAGHATTA,10,HSS (IX-XII),5,Private Unaided (Recognized),Rural,3,Co-educational,1,1,0,1,1,1,1,1,1,1,0,0,0,0,1,1,1,0,1,1,1,1,1,0,1,1,0,1,1,1,1
2018-19,29,Karnataka,2929,CHIKKABALLAPURA,292911,SIDLAGHATTA,11,HSS (XI-XII),1,Department of Education,Rural,3,Co-educational,1,1,0,1,1,1,1,1,1,1,0,0,0,0,1,1,0,0,0,0,0,1,0,1,0,0,1,0,1,0,0
2018-19,29,Karnataka,2929,CHIKKABALLAPURA,292911,SIDLAGHATTA,11,HSS (XI-XII),2,Tribal Welfare Department,Rural,3,Co-educational,1,1,0,1,1,1,1,1,1,1,0,0,0,0,1,1,0,0,0,1,0,1,0,0,0,0,1,0,1,0,0
2018-19,29,Karnataka,2929,CHIKKABALLAPURA,292911,SIDLAGHATTA,11,HSS (XI-XII),5,Private Unaided (Recognized),Rural,3,Co-educational,11,11,2,11,11,11,11,11,11,9,3,5,5,4,11,7,3,3,3,3,2,10,3,10,7,3,8,0,10,3,3
2018-19,29,Karnataka,2929,CHIKKABALLAPURA,292911,SIDLAGHATTA,11,HSS (XI-XII),1,Department of Education,Urban,3,Co-educational,1,1,0,1,1,1,0,1,1,1,0,0,0,0,1,1,0,0,0,0,0,1,0,0,0,0,0,0,1,0,0
2018-19,29,Karnataka,2929,CHIKKABALLAPURA,292911,SIDLAGHATTA,11,HSS (XI-XII),5,Private Unaided (Recognized),Urban,3,Co-educational,4,4,0,4,4,4,4,4,4,4,0,0,0,0,4,4,2,2,2,2,2,4,1,3,3,2,1,2,4,2,2
2018-19,29,Karnataka,2929,CHIKKABALLAPURA,292911,SIDLAGHATTA,1,PS (I-V) ,1,Department of Education,Rural,3,Co-educational,147,147,98,118,147,147,143,138,144,144,23,25,24,17,143,9,116,0,108,107,63,142,142,67,137,85,54,81,145,83,96
2018-19,29,Karnataka,2929,CHIKKABALLAPURA,292911,SIDLAGHATTA,1,PS (I-V) ,2,Tribal Welfare Department,Rural,3,Co-educational,1,1,1,1,1,1,1,1,1,1,1,1,1,1,1,1,1,0,1,1,1,1,1,0,1,1,0,1,1,1,1
2018-19,29,Karnataka,2929,CHIKKABALLAPURA,292911,SIDLAGHATTA,1,PS (I-V) ,5,Private Unaided (Recognized),Rural,3,Co-educational,3,3,1,2,3,3,3,3,3,3,2,2,2,2,3,3,3,2,2,3,3,3,3,3,3,3,2,2,3,3,3
2018-19,29,Karnataka,2929,CHIKKABALLAPURA,292911,SIDLAGHATTA,1,PS (I-V) ,1,Department of Education,Urban,3,Co-educational,9,9,7,9,9,9,9,6,8,8,1,1,0,1,9,0,6,0,4,2,1,9,9,4,8,3,3,5,9,3,6
2018-19,29,Karnataka,2929,CHIKKABALLAPURA,292911,SIDLAGHATTA,1,PS (I-V) ,5,Private Unaided (Recognized),Urban,3,Co-educational,2,2,1,2,2,2,1,1,1,1,1,1,1,1,2,1,1,0,1,0,1,2,1,0,2,2,0,0,2,1,1
2018-19,29,Karnataka,2929,CHIKKABALLAPURA,292911,SIDLAGHATTA,6, SS (I-X) ,1,Department of Education,Rural,3,Co-educational,1,1,1,1,1,1,1,1,1,1,1,1,1,1,1,1,0,0,0,1,0,1,1,0,1,0,1,0,1,0,0
2018-19,29,Karnataka,2929,CHIKKABALLAPURA,292911,SIDLAGHATTA,6, SS (I-X) ,5,Private Unaided (Recognized),Rural,3,Co-educational,10,10,3,10,10,10,9,8,8,8,4,5,5,2,10,9,10,6,7,7,8,8,9,9,10,9,3,8,10,10,10
2018-19,29,Karnataka,2929,CHIKKABALLAPURA,292911,SIDLAGHATTA,6, SS (I-X) ,5,Private Unaided (Recognized),Urban,3,Co-educational,7,7,3,7,7,7,7,7,7,7,7,7,7,7,7,7,7,6,5,7,4,7,7,6,7,5,2,5,7,7,7
2018-19,29,Karnataka,2929,CHIKKABALLAPURA,292911,SIDLAGHATTA,8,SS (IX-X),1,Department of Education,Rural,3,Co-educational,12,12,10,8,12,12,11,12,12,12,6,6,6,6,12,8,9,0,9,12,5,12,12,12,12,7,6,9,12,7,10
2018-19,29,Karnataka,2929,CHIKKABALLAPURA,292911,SIDLAGHATTA,8,SS (IX-X),4,Government Aided,Rural,3,Co-educational,5,5,2,5,5,5,4,5,5,5,2,2,2,2,5,5,4,0,4,5,1,4,4,4,5,4,2,3,5,4,4
2018-19,29,Karnataka,2929,CHIKKABALLAPURA,292911,SIDLAGHATTA,8,SS (IX-X),5,Private Unaided (Recognized),Rural,3,Co-educational,9,9,3,9,8,8,8,8,8,8,6,6,6,6,9,8,8,4,6,8,8,8,8,8,8,8,2,7,8,8,9
2018-19,29,Karnataka,2929,CHIKKABALLAPURA,292911,SIDLAGHATTA,8,SS (IX-X),1,Department of Education,Urban,3,Co-educational,2,2,2,1,2,2,2,2,2,2,2,2,2,2,2,2,2,0,2,1,0,2,2,2,2,0,2,0,2,1,0
2018-19,29,Karnataka,2929,CHIKKABALLAPURA,292911,SIDLAGHATTA,8,SS (IX-X),4,Government Aided,Urban,3,Co-educational,2,2,1,2,2,2,2,2,2,2,1,1,1,1,2,2,2,1,2,2,1,2,2,1,2,1,2,2,2,2,2
2018-19,29,Karnataka,2929,CHIKKABALLAPURA,292911,SIDLAGHATTA,8,SS (IX-X),5,Private Unaided (Recognized),Urban,3,Co-educational,1,1,0,1,1,1,1,1,1,1,1,1,1,1,1,1,1,1,1,1,1,1,1,1,1,1,1,1,1,1,1
2018-19,29,Karnataka,2929,CHIKKABALLAPURA,292911,SIDLAGHATTA,7,SS (VI-X),2,Tribal Welfare Department,Rural,2,Girls,1,1,1,1,1,1,1,0,1,1,0,0,0,0,1,1,1,0,1,1,0,1,1,1,1,0,0,1,1,1,1
2018-19,29,Karnataka,2929,CHIKKABALLAPURA,292911,SIDLAGHATTA,7,SS (VI-X),2,Tribal Welfare Department,Rural,3,Co-educational,3,3,1,3,2,2,2,3,3,3,1,1,1,1,3,2,3,2,2,2,0,1,2,2,3,1,1,3,3,2,3
2018-19,29,Karnataka,2929,CHIKKABALLAPURA,292911,SIDLAGHATTA,2,UPS (I-VIII) ,1,Department of Education,Rural,3,Co-educational,85,85,53,77,85,85,84,84,84,85,23,23,23,19,85,30,72,1,70,58,43,84,83,72,81,43,49,55,85,57,68
2018-19,29,Karnataka,2929,CHIKKABALLAPURA,292911,SIDLAGHATTA,2,UPS (I-VIII) ,4,Government Aided,Rural,3,Co-educational,9,9,3,9,9,9,9,8,8,8,5,5,5,4,9,9,9,1,8,8,3,9,9,9,9,7,2,7,9,7,7
2018-19,29,Karnataka,2929,CHIKKABALLAPURA,292911,SIDLAGHATTA,2,UPS (I-VIII) ,5,Private Unaided (Recognized),Rural,3,Co-educational,14,14,4,12,14,14,14,13,13,13,8,9,9,8,14,14,14,4,13,12,10,14,11,13,14,9,3,12,14,12,14
2018-19,29,Karnataka,2929,CHIKKABALLAPURA,292911,SIDLAGHATTA,2,UPS (I-VIII) ,1,Department of Education,Urban,3,Co-educational,8,8,8,8,8,8,8,8,7,8,1,1,1,1,8,4,8,0,6,3,2,8,8,8,8,1,5,8,8,4,8
2018-19,29,Karnataka,2929,CHIKKABALLAPURA,292911,SIDLAGHATTA,2,UPS (I-VIII) ,4,Government Aided,Urban,3,Co-educational,2,2,2,2,2,2,2,1,1,1,1,2,2,2,2,2,2,1,2,1,0,2,2,1,2,0,0,1,2,1,2
2018-19,29,Karnataka,2929,CHIKKABALLAPURA,292911,SIDLAGHATTA,2,UPS (I-VIII) ,5,Private Unaided (Recognized),Urban,3,Co-educational,6,5,3,6,6,6,6,6,6,6,5,5,5,4,6,4,4,4,3,3,3,6,6,6,6,3,1,2,6,5,5
2018-19,29,Karnataka,2929,CHIKKABALLAPURA,292911,SIDLAGHATTA,4,UPS (VI-VIII) ,2,Tribal Welfare Department,Rural,3,Co-educational,1,0,0,1,1,1,1,1,1,0,0,1,1,1,1,0,1,0,1,1,0,0,1,1,1,0,0,1,1,1,1
