Academic_Year,State_Code,State_Name,District_Code,District_Name,Block_Code,Udise_Block_Name,School_Category_Id,School_Category_Name,School_Management_Id,School_Management_Name,Location,School_Type_Id,School_Type,Total_Number_of_Schools,Building,Complete_Medical_Checkup,Computer_Available,Functional_Drinking_Water,Drinking_Water,Functional_Electricity,Functional_Boy_Toilet,Functional_Girl_Toilet,Functional_Toilet_Facility,Functional_Toilet_and_Urinal,Functional_Urinal,Functional_Urinal_Boy,Functional_Urinal_Girl,Handwash,Separate_Room_for_Headmaster,Incinerator,Internet,Kitchen_Garden,Land_Available,Librarian,Library_or_Reading_Corner_or_Book_Bank,Medical_Checkup,Newspaper,Playground,Rain_Water_Harvesting,Ramps,Solar_Panel,Furniture,Water_Purifier,Water_Tested
2018-19,29,Karnataka,2921,BENGALURU RURAL,292101,NELAMANGALA,3,HSS (I-XII),5,Private Unaided (Recognized),Rural,3,Co-educational,2,2,0,2,2,2,2,2,2,2,2,2,2,2,2,2,1,1,1,1,2,2,2,2,2,1,1,1,2,2,2
2018-19,29,Karnataka,2921,BENGALURU RURAL,292101,NELAMANGALA,10,HSS (IX-XII),1,Department of Education,Rural,3,Co-educational,1,1,1,1,1,1,1,1,1,1,0,0,0,0,1,0,1,1,1,1,1,1,1,0,1,1,0,1,1,1,1
2018-19,29,Karnataka,2921,BENGALURU RURAL,292101,NELAMANGALA,10,HSS (IX-XII),4,Government Aided,Rural,3,Co-educational,1,1,1,1,1,1,1,1,1,1,1,1,1,1,1,1,1,0,1,1,0,1,1,1,1,0,0,1,1,1,1
2018-19,29,Karnataka,2921,BENGALURU RURAL,292101,NELAMANGALA,10,HSS (IX-XII),1,Department of Education,Urban,3,Co-educational,1,1,0,1,1,1,1,1,1,1,0,0,0,0,1,1,1,0,0,1,1,1,1,0,1,1,0,1,1,1,0
2018-19,29,Karnataka,2921,BENGALURU RURAL,292101,NELAMANGALA,11,HSS (XI-XII),5,Private Unaided (Recognized),Urban,2,Girls,1,1,0,1,1,1,1,0,1,1,0,0,0,0,1,1,0,0,0,0,0,1,0,1,1,0,1,0,1,0,0
2018-19,29,Karnataka,2921,BENGALURU RURAL,292101,NELAMANGALA,11,HSS (XI-XII),1,Department of Education,Rural,3,Co-educational,1,1,0,1,1,1,1,1,1,1,1,1,0,1,1,0,0,0,0,0,0,1,0,1,0,0,1,0,1,0,0
2018-19,29,Karnataka,2921,BENGALURU RURAL,292101,NELAMANGALA,11,HSS (XI-XII),4,Government Aided,Rural,3,Co-educational,2,2,0,2,2,2,2,2,2,2,2,2,2,2,2,2,0,0,0,2,0,2,1,2,2,1,1,0,2,1,1
2018-19,29,Karnataka,2921,BENGALURU RURAL,292101,NELAMANGALA,11,HSS (XI-XII),5,Private Unaided (Recognized),Rural,3,Co-educational,5,5,1,5,5,5,5,4,4,4,2,3,3,2,4,4,0,0,0,2,1,5,1,5,5,1,2,0,5,1,0
2018-19,29,Karnataka,2921,BENGALURU RURAL,292101,NELAMANGALA,11,HSS (XI-XII),1,Department of Education,Urban,3,Co-educational,1,1,0,1,1,1,1,1,1,1,0,0,0,0,1,1,0,0,0,0,0,1,0,1,1,0,0,0,1,0,0
2018-19,29,Karnataka,2921,BENGALURU RURAL,292101,NELAMANGALA,11,HSS (XI-XII),4,Government Aided,Urban,3,Co-educational,2,2,0,2,2,2,2,2,2,2,2,2,2,0,2,2,0,0,0,2,0,2,0,2,2,0,2,0,2,0,0
2018-19,29,Karnataka,2921,BENGALURU RURAL,292101,NELAMANGALA,11,HSS (XI-XII),5,Private Unaided (Recognized),Urban,3,Co-educational,4,4,0,4,4,4,4,4,4,4,1,1,1,0,4,4,0,0,0,1,0,4,0,4,4,0,2,0,4,0,0
2018-19,29,Karnataka,2921,BENGALURU RURAL,292101,NELAMANGALA,1,PS (I-V) ,1,Department of Education,Rural,3,Co-educational,180,180,110,137,180,180,178,161,173,176,69,70,62,60,179,6,148,0,153,75,90,176,175,176,151,94,122,121,176,136,145
2018-19,29,Karnataka,2921,BENGALURU RURAL,292101,NELAMANGALA,1,PS (I-V) ,5,Private Unaided (Recognized),Rural,3,Co-educational,2,2,0,2,2,2,1,2,2,1,1,2,2,2,1,1,1,1,0,1,1,1,1,1,1,2,1,1,2,2,2
2018-19,29,Karnataka,2921,BENGALURU RURAL,292101,NELAMANGALA,1,PS (I-V) ,1,Department of Education,Urban,3,Co-educational,1,1,1,1,1,1,1,1,1,1,0,0,0,0,1,0,1,0,1,1,1,1,1,1,1,1,1,1,1,1,1
2018-19,29,Karnataka,2921,BENGALURU RURAL,292101,NELAMANGALA,6, SS (I-X) ,5,Private Unaided (Recognized),Rural,3,Co-educational,21,21,9,17,21,21,21,21,21,21,16,16,16,13,21,21,20,9,18,20,15,20,18,20,21,19,9,16,21,20,19
2018-19,29,Karnataka,2921,BENGALURU RURAL,292101,NELAMANGALA,6, SS (I-X) ,5,Private Unaided (Recognized),Urban,3,Co-educational,5,5,2,4,5,5,5,5,5,5,4,4,2,4,5,5,5,3,5,3,5,5,5,5,5,4,3,5,5,5,5
2018-19,29,Karnataka,2921,BENGALURU RURAL,292101,NELAMANGALA,8,SS (IX-X),1,Department of Education,Rural,3,Co-educational,9,9,5,9,9,9,9,9,9,9,9,9,7,8,9,9,8,4,8,9,2,9,8,7,9,5,4,4,9,7,7
2018-19,29,Karnataka,2921,BENGALURU RURAL,292101,NELAMANGALA,8,SS (IX-X),4,Government Aided,Rural,3,Co-educational,16,16,10,16,16,16,16,16,16,16,9,9,6,9,16,14,16,2,16,14,8,16,15,15,16,13,7,15,16,16,14
2018-19,29,Karnataka,2921,BENGALURU RURAL,292101,NELAMANGALA,8,SS (IX-X),5,Private Unaided (Recognized),Rural,3,Co-educational,1,1,0,1,1,1,1,1,1,1,1,1,1,1,1,0,1,1,0,0,1,1,1,1,1,1,0,0,1,1,0
2018-19,29,Karnataka,2921,BENGALURU RURAL,292101,NELAMANGALA,8,SS (IX-X),4,Government Aided,Urban,3,Co-educational,2,2,1,2,2,2,2,1,2,2,2,2,1,2,2,2,2,1,1,1,1,2,2,2,2,0,2,0,2,1,2
2018-19,29,Karnataka,2921,BENGALURU RURAL,292101,NELAMANGALA,8,SS (IX-X),5,Private Unaided (Recognized),Urban,3,Co-educational,3,3,1,3,3,3,3,3,3,3,2,2,2,2,3,3,2,3,1,2,3,3,3,3,3,1,2,3,3,3,3
2018-19,29,Karnataka,2921,BENGALURU RURAL,292101,NELAMANGALA,7,SS (VI-X),90,Social welfare Department,Rural,2,Girls,1,1,1,1,1,1,1,0,0,0,0,1,0,1,1,0,1,1,1,0,0,0,1,1,0,1,0,0,1,1,1
2018-19,29,Karnataka,2921,BENGALURU RURAL,292101,NELAMANGALA,7,SS (VI-X),90,Social welfare Department,Rural,3,Co-educational,2,2,1,2,1,1,1,1,1,1,1,1,1,1,1,1,0,1,0,1,0,0,2,1,1,0,0,0,2,1,1
2018-19,29,Karnataka,2921,BENGALURU RURAL,292101,NELAMANGALA,2,UPS (I-VIII) ,1,Department of Education,Rural,3,Co-educational,96,96,63,82,96,96,95,91,91,91,48,50,49,43,96,39,73,1,84,62,40,95,91,93,86,55,79,79,96,81,81
2018-19,29,Karnataka,2921,BENGALURU RURAL,292101,NELAMANGALA,2,UPS (I-VIII) ,4,Government Aided,Rural,3,Co-educational,3,3,2,3,3,3,3,3,3,3,3,3,3,3,3,3,3,1,2,2,3,3,3,3,3,3,1,2,3,3,2
2018-19,29,Karnataka,2921,BENGALURU RURAL,292101,NELAMANGALA,2,UPS (I-VIII) ,5,Private Unaided (Recognized),Rural,3,Co-educational,6,6,2,5,5,5,5,5,5,5,4,4,4,4,5,4,5,4,5,5,3,5,5,5,5,4,3,5,6,5,6
2018-19,29,Karnataka,2921,BENGALURU RURAL,292101,NELAMANGALA,2,UPS (I-VIII) ,1,Department of Education,Urban,3,Co-educational,3,3,1,1,3,3,3,3,3,3,2,2,2,2,3,1,3,0,3,2,1,3,3,3,2,1,3,2,3,2,2
2018-19,29,Karnataka,2921,BENGALURU RURAL,292101,NELAMANGALA,2,UPS (I-VIII) ,5,Private Unaided (Recognized),Urban,3,Co-educational,3,3,0,2,3,3,3,3,3,3,2,2,2,1,3,3,2,2,2,3,3,3,3,3,3,1,3,3,3,3,3
2018-19,29,Karnataka,2921,BENGALURU RURAL,292102,DODDABALLAPURA,10,HSS (IX-XII),1,Department of Education,Rural,3,Co-educational,2,2,1,2,2,2,2,2,2,2,2,2,2,1,2,2,1,1,1,2,0,2,2,2,2,1,2,1,2,1,2
2018-19,29,Karnataka,2921,BENGALURU RURAL,292102,DODDABALLAPURA,10,HSS (IX-XII),1,Department of Education,Urban,3,Co-educational,1,1,1,1,1,1,1,1,1,1,1,1,1,0,1,1,1,1,0,1,0,1,1,1,1,1,0,0,1,1,0
2018-19,29,Karnataka,2921,BENGALURU RURAL,292102,DODDABALLAPURA,5, HSS (VI-XII),2,Tribal Welfare Department,Rural,3,Co-educational,1,1,1,1,1,1,1,1,1,1,1,1,1,1,1,1,0,1,0,1,0,1,1,1,1,0,0,1,1,1,1
2018-19,29,Karnataka,2921,BENGALURU RURAL,292102,DODDABALLAPURA,5, HSS (VI-XII),93,Jawahar Navodaya Vidyalaya,Rural,3,Co-educational,1,1,0,1,0,0,0,1,1,1,1,1,1,1,1,0,1,0,1,0,0,0,0,0,1,0,0,1,1,0,1
2018-19,29,Karnataka,2921,BENGALURU RURAL,292102,DODDABALLAPURA,11,HSS (XI-XII),1,Department of Education,Rural,3,Co-educational,1,1,0,1,1,1,1,1,1,1,1,1,0,1,1,1,0,0,0,0,0,1,0,0,0,0,0,0,1,0,0
2018-19,29,Karnataka,2921,BENGALURU RURAL,292102,DODDABALLAPURA,11,HSS (XI-XII),5,Private Unaided (Recognized),Rural,3,Co-educational,2,2,0,2,2,2,2,1,1,1,0,1,1,1,2,0,0,0,0,0,0,1,0,2,1,0,0,0,2,0,0
2018-19,29,Karnataka,2921,BENGALURU RURAL,292102,DODDABALLAPURA,11,HSS (XI-XII),4,Government Aided,Urban,3,Co-educational,1,1,0,1,1,1,1,1,1,1,1,1,0,1,1,1,0,0,0,1,0,1,0,1,1,0,1,0,1,0,0
2018-19,29,Karnataka,2921,BENGALURU RURAL,292102,DODDABALLAPURA,11,HSS (XI-XII),5,Private Unaided (Recognized),Urban,3,Co-educational,5,5,0,5,5,5,5,5,5,5,2,2,1,2,5,5,0,0,0,3,0,5,0,5,4,0,2,0,5,0,0
2018-19,29,Karnataka,2921,BENGALURU RURAL,292102,DODDABALLAPURA,1,PS (I-V) ,1,Department of Education,Rural,3,Co-educational,199,199,109,179,199,199,188,175,177,178,97,105,98,98,196,8,183,0,174,82,125,189,188,185,163,133,106,149,196,144,164
2018-19,29,Karnataka,2921,BENGALURU RURAL,292102,DODDABALLAPURA,1,PS (I-V) ,5,Private Unaided (Recognized),Rural,3,Co-educational,5,5,2,5,4,4,5,4,3,3,2,3,3,3,5,2,4,2,3,1,3,5,4,5,5,5,3,3,5,5,5
2018-19,29,Karnataka,2921,BENGALURU RURAL,292102,DODDABALLAPURA,1,PS (I-V) ,1,Department of Education,Urban,3,Co-educational,15,15,10,14,15,15,13,14,14,14,8,9,9,9,14,2,14,0,14,5,13,13,14,12,14,13,4,13,15,10,15
2018-19,29,Karnataka,2921,BENGALURU RURAL,292102,DODDABALLAPURA,1,PS (I-V) ,5,Private Unaided (Recognized),Urban,3,Co-educational,1,1,0,1,1,1,1,0,0,0,0,1,1,1,1,0,1,1,1,0,0,1,1,1,1,1,0,0,1,1,1
2018-19,29,Karnataka,2921,BENGALURU RURAL,292102,DODDABALLAPURA,6, SS (I-X) ,1,Department of Education,Rural,3,Co-educational,1,1,0,1,1,1,1,1,0,1,1,1,1,0,1,1,1,0,0,1,0,1,1,1,1,1,1,0,1,0,1
2018-19,29,Karnataka,2921,BENGALURU RURAL,292102,DODDABALLAPURA,6, SS (I-X) ,5,Private Unaided (Recognized),Rural,3,Co-educational,15,15,2,13,15,15,15,14,14,14,10,11,11,9,15,13,14,9,13,10,10,15,14,14,15,14,6,9,14,14,14
2018-19,29,Karnataka,2921,BENGALURU RURAL,292102,DODDABALLAPURA,6, SS (I-X) ,5,Private Unaided (Recognized),Urban,3,Co-educational,8,8,2,8,8,8,8,8,8,8,6,6,6,5,8,8,8,5,6,6,4,8,8,8,8,8,1,7,8,8,8
2018-19,29,Karnataka,2921,BENGALURU RURAL,292102,DODDABALLAPURA,8,SS (IX-X),1,Department of Education,Rural,3,Co-educational,10,10,5,9,10,10,9,10,10,10,9,9,9,5,9,9,9,0,8,8,2,10,8,9,8,6,7,7,10,7,8
2018-19,29,Karnataka,2921,BENGALURU RURAL,292102,DODDABALLAPURA,8,SS (IX-X),4,Government Aided,Rural,3,Co-educational,10,10,4,10,10,10,9,10,10,10,9,9,9,8,10,10,8,0,8,8,4,9,9,10,10,8,2,5,10,8,8
2018-19,29,Karnataka,2921,BENGALURU RURAL,292102,DODDABALLAPURA,8,SS (IX-X),5,Private Unaided (Recognized),Rural,3,Co-educational,3,3,1,3,3,3,3,3,3,3,3,3,3,2,3,3,3,3,2,3,3,3,3,3,3,2,0,2,3,3,3
2018-19,29,Karnataka,2921,BENGALURU RURAL,292102,DODDABALLAPURA,8,SS (IX-X),1,Department of Education,Urban,3,Co-educational,2,2,1,1,2,2,2,2,2,2,1,1,1,1,2,2,2,0,2,1,1,2,2,2,2,2,1,2,2,1,2
2018-19,29,Karnataka,2921,BENGALURU RURAL,292102,DODDABALLAPURA,8,SS (IX-X),4,Government Aided,Urban,3,Co-educational,3,3,1,3,3,3,3,3,3,3,0,0,0,0,3,2,3,1,3,3,3,2,3,3,3,3,1,3,3,3,3
2018-19,29,Karnataka,2921,BENGALURU RURAL,292102,DODDABALLAPURA,8,SS (IX-X),5,Private Unaided (Recognized),Urban,3,Co-educational,4,4,2,4,4,4,4,4,4,4,4,4,4,3,4,4,4,2,2,2,2,4,4,4,4,4,0,4,4,4,4
2018-19,29,Karnataka,2921,BENGALURU RURAL,292102,DODDABALLAPURA,7,SS (VI-X),2,Tribal Welfare Department,Rural,2,Girls,2,2,1,1,1,1,1,0,0,0,0,2,0,2,1,0,0,1,1,0,0,0,1,1,1,1,0,1,2,1,2
2018-19,29,Karnataka,2921,BENGALURU RURAL,292102,DODDABALLAPURA,7,SS (VI-X),2,Tribal Welfare Department,Rural,3,Co-educational,1,1,0,1,0,0,0,0,0,0,0,0,0,0,0,0,0,0,1,0,0,0,1,0,1,0,0,0,1,0,0
2018-19,29,Karnataka,2921,BENGALURU RURAL,292102,DODDABALLAPURA,2,UPS (I-VIII) ,1,Department of Education,Rural,3,Co-educational,112,112,76,102,112,112,110,110,109,111,80,81,79,77,111,32,103,3,97,72,61,110,109,107,98,74,79,103,112,84,91
2018-19,29,Karnataka,2921,BENGALURU RURAL,292102,DODDABALLAPURA,2,UPS (I-VIII) ,5,Private Unaided (Recognized),Rural,3,Co-educational,17,17,7,15,16,16,17,16,16,13,10,13,13,11,17,12,15,9,8,11,9,15,13,16,17,14,5,10,17,15,13
2018-19,29,Karnataka,2921,BENGALURU RURAL,292102,DODDABALLAPURA,2,UPS (I-VIII) ,1,Department of Education,Urban,3,Co-educational,13,13,9,10,13,13,13,13,13,13,8,8,8,7,13,4,13,0,13,5,9,13,13,13,12,11,9,13,13,10,13
2018-19,29,Karnataka,2921,BENGALURU RURAL,292102,DODDABALLAPURA,2,UPS (I-VIII) ,4,Government Aided,Urban,3,Co-educational,6,6,6,6,6,6,5,6,6,6,2,2,2,2,6,4,6,1,6,3,5,6,6,4,6,6,2,6,6,5,6
2018-19,29,Karnataka,2921,BENGALURU RURAL,292102,DODDABALLAPURA,2,UPS (I-VIII) ,5,Private Unaided (Recognized),Urban,3,Co-educational,8,8,1,8,8,8,7,8,8,8,7,7,7,7,8,8,7,7,3,5,7,8,8,8,8,7,1,7,8,8,7
2018-19,29,Karnataka,2921,BENGALURU RURAL,292102,DODDABALLAPURA,4,UPS (VI-VIII) ,1,Department of Education,Urban,3,Co-educational,1,1,0,1,1,1,1,1,1,1,1,1,1,1,1,1,1,0,1,0,0,1,1,1,1,1,1,1,1,0,1
2018-19,29,Karnataka,2921,BENGALURU RURAL,292103,DEVANAHALLI,3,HSS (I-XII),5,Private Unaided (Recognized),Rural,3,Co-educational,3,3,0,3,3,3,3,3,3,3,3,3,3,3,3,3,1,1,1,2,0,3,2,3,3,3,2,0,3,2,2
2018-19,29,Karnataka,2921,BENGALURU RURAL,292103,DEVANAHALLI,10,HSS (IX-XII),1,Department of Education,Rural,3,Co-educational,1,1,0,0,1,1,1,1,1,1,0,0,0,0,1,1,1,0,1,1,1,1,1,1,1,1,0,1,1,1,1
2018-19,29,Karnataka,2921,BENGALURU RURAL,292103,DEVANAHALLI,10,HSS (IX-XII),5,Private Unaided (Recognized),Rural,3,Co-educational,1,1,0,1,1,1,0,1,1,1,1,1,1,1,1,1,0,0,0,1,0,0,0,0,0,0,0,0,1,0,1
2018-19,29,Karnataka,2921,BENGALURU RURAL,292103,DEVANAHALLI,10,HSS (IX-XII),1,Department of Education,Urban,3,Co-educational,2,2,0,2,2,2,2,2,1,2,1,1,1,1,2,2,1,1,1,2,1,2,2,2,2,1,1,1,2,1,1
2018-19,29,Karnataka,2921,BENGALURU RURAL,292103,DEVANAHALLI,11,HSS (XI-XII),5,Private Unaided (Recognized),Rural,2,Girls,1,1,1,1,1,1,1,0,1,1,1,1,0,1,1,1,1,0,0,1,1,1,1,1,1,1,0,1,1,1,1
2018-19,29,Karnataka,2921,BENGALURU RURAL,292103,DEVANAHALLI,11,HSS (XI-XII),4,Government Aided,Rural,3,Co-educational,1,1,0,1,1,1,1,1,1,1,0,0,0,0,1,1,0,0,0,0,0,1,0,1,1,0,0,0,1,0,0
2018-19,29,Karnataka,2921,BENGALURU RURAL,292103,DEVANAHALLI,11,HSS (XI-XII),5,Private Unaided (Recognized),Rural,3,Co-educational,2,2,0,2,2,2,2,2,2,2,0,0,0,0,2,2,0,0,0,0,0,2,0,2,2,0,0,0,2,0,0
2018-19,29,Karnataka,2921,BENGALURU RURAL,292103,DEVANAHALLI,11,HSS (XI-XII),1,Department of Education,Urban,3,Co-educational,1,1,0,1,1,1,1,1,1,1,0,0,0,0,1,1,0,0,0,0,0,1,0,1,1,0,0,0,1,0,0
2018-19,29,Karnataka,2921,BENGALURU RURAL,292103,DEVANAHALLI,11,HSS (XI-XII),5,Private Unaided (Recognized),Urban,3,Co-educational,9,9,0,9,9,9,9,9,9,9,2,2,2,2,9,9,0,0,0,1,0,9,0,8,8,0,2,0,9,0,0
2018-19,29,Karnataka,2921,BENGALURU RURAL,292103,DEVANAHALLI,1,PS (I-V) ,1,Department of Education,Rural,3,Co-educational,110,110,39,103,110,110,106,105,106,109,49,50,45,47,109,12,94,0,87,68,67,107,106,100,92,88,57,64,107,85,86
2018-19,29,Karnataka,2921,BENGALURU RURAL,292103,DEVANAHALLI,1,PS (I-V) ,5,Private Unaided (Recognized),Rural,3,Co-educational,6,5,0,6,6,6,6,6,6,6,3,3,3,3,6,6,3,3,2,3,3,5,4,5,5,4,1,2,6,3,3
2018-19,29,Karnataka,2921,BENGALURU RURAL,292103,DEVANAHALLI,1,PS (I-V) ,1,Department of Education,Urban,3,Co-educational,9,9,6,9,9,9,8,9,9,9,5,5,5,5,9,0,7,0,7,1,5,9,9,9,2,5,5,5,9,3,5
2018-19,29,Karnataka,2921,BENGALURU RURAL,292103,DEVANAHALLI,1,PS (I-V) ,5,Private Unaided (Recognized),Urban,3,Co-educational,2,2,1,2,2,2,2,1,1,1,1,2,2,2,1,1,1,1,1,1,1,1,1,2,2,2,1,1,2,2,2
2018-19,29,Karnataka,2921,BENGALURU RURAL,292103,DEVANAHALLI,6, SS (I-X) ,1,Department of Education,Rural,3,Co-educational,3,3,2,3,3,3,3,3,3,3,3,3,3,3,3,2,3,0,3,2,0,3,3,1,3,2,3,2,3,2,2
2018-19,29,Karnataka,2921,BENGALURU RURAL,292103,DEVANAHALLI,6, SS (I-X) ,5,Private Unaided (Recognized),Rural,3,Co-educational,15,15,5,13,15,15,14,15,15,14,10,11,11,11,15,14,12,9,11,13,10,14,14,15,15,13,7,11,15,14,14
2018-19,29,Karnataka,2921,BENGALURU RURAL,292103,DEVANAHALLI,6, SS (I-X) ,5,Private Unaided (Recognized),Urban,3,Co-educational,11,11,7,11,11,11,11,11,11,11,8,8,8,7,11,11,10,7,6,8,7,11,11,11,11,10,4,6,11,11,10
2018-19,29,Karnataka,2921,BENGALURU RURAL,292103,DEVANAHALLI,8,SS (IX-X),1,Department of Education,Urban,2,Girls,2,2,1,2,2,2,2,0,2,2,1,1,0,1,2,2,2,0,1,2,1,2,2,2,2,2,1,1,2,2,2
2018-19,29,Karnataka,2921,BENGALURU RURAL,292103,DEVANAHALLI,8,SS (IX-X),1,Department of Education,Rural,3,Co-educational,8,8,3,8,8,8,8,8,8,8,6,6,6,6,8,6,7,1,5,8,1,8,8,7,8,7,3,6,8,6,7
2018-19,29,Karnataka,2921,BENGALURU RURAL,292103,DEVANAHALLI,8,SS (IX-X),4,Government Aided,Rural,3,Co-educational,9,9,6,9,9,9,9,9,9,9,5,5,5,5,9,9,7,1,6,8,0,7,8,9,9,8,5,7,9,7,7
2018-19,29,Karnataka,2921,BENGALURU RURAL,292103,DEVANAHALLI,8,SS (IX-X),5,Private Unaided (Recognized),Rural,3,Co-educational,4,4,0,4,3,3,4,3,3,3,3,4,4,4,4,3,3,2,3,2,2,4,4,4,4,2,0,2,4,4,4
2018-19,29,Karnataka,2921,BENGALURU RURAL,292103,DEVANAHALLI,8,SS (IX-X),1,Department of Education,Urban,3,Co-educational,1,1,0,1,1,1,1,1,1,1,0,0,0,0,1,1,1,0,1,0,1,1,1,1,0,1,0,0,1,1,1
2018-19,29,Karnataka,2921,BENGALURU RURAL,292103,DEVANAHALLI,8,SS (IX-X),4,Government Aided,Urban,3,Co-educational,2,2,1,2,2,2,2,2,2,2,1,1,1,1,2,2,2,0,2,1,1,2,2,2,2,1,1,2,2,2,2
2018-19,29,Karnataka,2921,BENGALURU RURAL,292103,DEVANAHALLI,8,SS (IX-X),5,Private Unaided (Recognized),Urban,3,Co-educational,5,5,2,5,5,5,4,5,5,4,3,4,4,4,4,4,4,4,2,3,4,4,5,5,5,5,2,2,5,5,5
2018-19,29,Karnataka,2921,BENGALURU RURAL,292103,DEVANAHALLI,7,SS (VI-X),90,Social welfare Department,Rural,3,Co-educational,5,5,0,4,4,4,4,2,2,2,1,3,3,2,4,1,3,0,3,2,0,4,4,3,3,2,0,2,5,4,5
2018-19,29,Karnataka,2921,BENGALURU RURAL,292103,DEVANAHALLI,7,SS (VI-X),90,Social welfare Department,Urban,3,Co-educational,1,1,0,1,0,0,0,0,0,0,0,0,0,0,0,0,0,0,0,0,0,0,0,0,0,0,0,0,1,0,1
2018-19,29,Karnataka,2921,BENGALURU RURAL,292103,DEVANAHALLI,2,UPS (I-VIII) ,1,Department of Education,Urban,1,Boys,2,2,1,2,2,2,2,2,0,2,2,2,2,0,2,2,1,0,1,1,0,2,2,2,2,2,1,1,2,1,1
2018-19,29,Karnataka,2921,BENGALURU RURAL,292103,DEVANAHALLI,2,UPS (I-VIII) ,1,Department of Education,Urban,2,Girls,2,2,1,2,2,2,2,0,2,2,0,0,0,0,2,1,1,1,1,1,0,2,2,2,2,2,1,2,2,2,1
2018-19,29,Karnataka,2921,BENGALURU RURAL,292103,DEVANAHALLI,2,UPS (I-VIII) ,1,Department of Education,Rural,3,Co-educational,73,73,32,69,73,73,71,73,73,73,55,55,52,50,72,24,61,0,54,54,48,71,71,69,64,53,39,54,73,64,62
2018-19,29,Karnataka,2921,BENGALURU RURAL,292103,DEVANAHALLI,2,UPS (I-VIII) ,4,Government Aided,Rural,3,Co-educational,1,1,1,1,1,1,1,1,1,1,1,1,0,1,1,0,1,0,1,1,0,1,1,1,1,1,0,1,1,1,1
2018-19,29,Karnataka,2921,BENGALURU RURAL,292103,DEVANAHALLI,2,UPS (I-VIII) ,5,Private Unaided (Recognized),Rural,3,Co-educational,18,18,5,16,18,18,18,17,17,15,10,13,13,11,17,14,14,11,11,13,12,18,13,18,18,16,9,10,18,16,15
2018-19,29,Karnataka,2921,BENGALURU RURAL,292103,DEVANAHALLI,2,UPS (I-VIII) ,1,Department of Education,Urban,3,Co-educational,12,12,6,12,12,12,12,12,12,12,4,4,4,3,11,4,11,0,8,5,6,12,12,12,6,11,10,8,12,8,9
2018-19,29,Karnataka,2921,BENGALURU RURAL,292103,DEVANAHALLI,2,UPS (I-VIII) ,4,Government Aided,Urban,3,Co-educational,2,2,0,2,2,2,1,2,2,2,1,1,1,1,1,1,1,0,1,1,1,1,1,1,1,1,0,1,2,1,2
2018-19,29,Karnataka,2921,BENGALURU RURAL,292103,DEVANAHALLI,2,UPS (I-VIII) ,5,Private Unaided (Recognized),Urban,3,Co-educational,9,9,3,6,9,9,9,8,8,8,4,5,5,4,9,9,8,3,6,7,8,8,9,9,9,8,5,7,9,9,8
2018-19,29,Karnataka,2921,BENGALURU RURAL,292104,HOSAKOTE,3,HSS (I-XII),5,Private Unaided (Recognized),Rural,3,Co-educational,1,1,1,1,1,1,1,1,1,1,1,1,1,1,1,1,1,1,1,1,1,1,1,1,1,1,0,1,1,1,1
2018-19,29,Karnataka,2921,BENGALURU RURAL,292104,HOSAKOTE,10,HSS (IX-XII),1,Department of Education,Rural,3,Co-educational,1,1,0,1,1,1,1,1,1,1,1,1,1,0,1,1,1,0,1,1,0,1,1,1,1,1,1,1,1,1,1
2018-19,29,Karnataka,2921,BENGALURU RURAL,292104,HOSAKOTE,11,HSS (XI-XII),1,Department of Education,Urban,2,Girls,1,1,0,1,1,1,1,0,1,1,1,1,0,1,1,1,0,0,0,1,0,1,0,0,0,0,1,0,1,0,0
2018-19,29,Karnataka,2921,BENGALURU RURAL,292104,HOSAKOTE,11,HSS (XI-XII),5,Private Unaided (Recognized),Urban,2,Girls,1,1,0,1,1,1,1,0,1,1,1,1,0,1,1,1,0,0,0,1,0,1,0,1,1,0,1,0,1,0,0
2018-19,29,Karnataka,2921,BENGALURU RURAL,292104,HOSAKOTE,11,HSS (XI-XII),1,Department of Education,Rural,3,Co-educational,2,2,0,2,2,2,2,2,2,2,1,1,1,1,2,2,0,0,0,1,0,1,0,1,1,0,2,0,2,0,0
2018-19,29,Karnataka,2921,BENGALURU RURAL,292104,HOSAKOTE,11,HSS (XI-XII),2,Tribal Welfare Department,Rural,3,Co-educational,1,1,0,1,1,1,1,1,1,1,1,1,1,1,1,1,0,0,0,0,0,1,0,1,1,0,1,0,1,0,0
2018-19,29,Karnataka,2921,BENGALURU RURAL,292104,HOSAKOTE,11,HSS (XI-XII),5,Private Unaided (Recognized),Rural,3,Co-educational,5,5,0,5,5,5,5,5,5,5,1,1,1,1,5,5,0,0,0,1,0,5,0,5,4,0,1,0,5,0,0
2018-19,29,Karnataka,2921,BENGALURU RURAL,292104,HOSAKOTE,11,HSS (XI-XII),1,Department of Education,Urban,3,Co-educational,1,1,0,1,1,1,1,1,1,1,1,1,1,1,1,1,0,0,0,0,0,1,0,1,1,0,1,0,1,0,0
2018-19,29,Karnataka,2921,BENGALURU RURAL,292104,HOSAKOTE,11,HSS (XI-XII),5,Private Unaided (Recognized),Urban,3,Co-educational,10,10,0,10,10,10,9,9,9,9,6,7,7,6,10,9,0,1,0,5,1,10,0,9,6,0,4,0,10,0,0
2018-19,29,Karnataka,2921,BENGALURU RURAL,292104,HOSAKOTE,1,PS (I-V) ,1,Department of Education,Rural,3,Co-educational,131,131,90,121,131,131,128,128,131,131,81,81,79,72,128,7,102,0,92,79,9,126,129,123,97,83,59,75,131,95,97
2018-19,29,Karnataka,2921,BENGALURU RURAL,292104,HOSAKOTE,1,PS (I-V) ,5,Private Unaided (Recognized),Rural,3,Co-educational,2,2,0,1,2,2,2,2,2,1,1,2,2,2,2,1,1,1,2,1,2,2,2,2,2,2,1,2,2,2,2
2018-19,29,Karnataka,2921,BENGALURU RURAL,292104,HOSAKOTE,1,PS (I-V) ,1,Department of Education,Urban,3,Co-educational,4,4,3,4,4,4,4,4,4,4,1,1,1,1,4,0,2,0,1,2,0,4,4,3,2,1,1,1,4,1,1
2018-19,29,Karnataka,2921,BENGALURU RURAL,292104,HOSAKOTE,1,PS (I-V) ,5,Private Unaided (Recognized),Urban,3,Co-educational,1,1,0,1,1,1,1,1,1,1,1,1,1,1,1,1,1,0,0,1,0,1,1,1,1,1,0,0,1,1,1
2018-19,29,Karnataka,2921,BENGALURU RURAL,292104,HOSAKOTE,6, SS (I-X) ,1,Department of Education,Rural,3,Co-educational,2,2,2,2,2,2,2,2,2,2,0,0,0,0,2,1,2,0,2,2,0,1,2,2,2,2,1,2,2,1,2
2018-19,29,Karnataka,2921,BENGALURU RURAL,292104,HOSAKOTE,6, SS (I-X) ,5,Private Unaided (Recognized),Rural,3,Co-educational,27,27,12,26,26,26,26,26,26,24,21,23,22,18,26,24,21,18,14,22,19,25,27,27,25,24,9,12,27,24,24
2018-19,29,Karnataka,2921,BENGALURU RURAL,292104,HOSAKOTE,6, SS (I-X) ,5,Private Unaided (Recognized),Urban,3,Co-educational,14,14,4,14,14,14,13,14,14,14,13,13,13,12,14,13,11,12,5,13,8,14,11,14,14,11,4,6,14,11,12
2018-19,29,Karnataka,2921,BENGALURU RURAL,292104,HOSAKOTE,8,SS (IX-X),1,Department of Education,Urban,1,Boys,1,1,1,1,1,1,1,1,0,1,1,1,1,0,1,1,0,0,1,1,0,1,1,1,1,1,0,1,1,1,1
2018-19,29,Karnataka,2921,BENGALURU RURAL,292104,HOSAKOTE,8,SS (IX-X),1,Department of Education,Rural,3,Co-educational,14,14,9,12,14,14,14,14,14,14,9,9,9,8,14,11,11,1,11,13,0,14,13,13,14,8,7,8,14,9,10
2018-19,29,Karnataka,2921,BENGALURU RURAL,292104,HOSAKOTE,8,SS (IX-X),4,Government Aided,Rural,3,Co-educational,6,6,3,6,6,6,6,6,6,6,4,4,4,4,4,5,4,1,3,6,2,6,6,6,6,4,1,3,6,5,5
2018-19,29,Karnataka,2921,BENGALURU RURAL,292104,HOSAKOTE,8,SS (IX-X),5,Private Unaided (Recognized),Rural,3,Co-educational,7,7,2,6,7,7,7,7,7,7,6,6,6,6,7,7,6,4,5,6,3,7,6,7,7,5,1,3,7,6,6
2018-19,29,Karnataka,2921,BENGALURU RURAL,292104,HOSAKOTE,8,SS (IX-X),1,Department of Education,Urban,3,Co-educational,1,1,1,1,1,1,1,1,1,1,1,1,0,1,1,1,1,0,0,1,0,1,1,0,1,0,1,0,1,1,1
2018-19,29,Karnataka,2921,BENGALURU RURAL,292104,HOSAKOTE,8,SS (IX-X),4,Government Aided,Urban,3,Co-educational,1,1,0,1,1,1,1,1,1,1,1,1,1,1,1,1,1,1,1,1,0,1,1,1,1,1,1,1,1,1,1
2018-19,29,Karnataka,2921,BENGALURU RURAL,292104,HOSAKOTE,8,SS (IX-X),5,Private Unaided (Recognized),Urban,3,Co-educational,3,3,0,3,3,3,3,2,2,2,2,3,3,3,3,1,3,2,3,2,3,3,3,3,2,3,3,2,3,3,3
2018-19,29,Karnataka,2921,BENGALURU RURAL,292104,HOSAKOTE,7,SS (VI-X),2,Tribal Welfare Department,Rural,2,Girls,1,1,0,1,1,1,1,0,1,1,0,0,0,0,1,1,1,1,1,1,0,1,1,1,1,1,0,1,1,1,1
2018-19,29,Karnataka,2921,BENGALURU RURAL,292104,HOSAKOTE,7,SS (VI-X),2,Tribal Welfare Department,Rural,3,Co-educational,1,1,0,1,1,1,1,1,1,1,0,0,0,0,1,1,1,0,1,1,0,1,1,1,1,1,0,1,1,1,1
2018-19,29,Karnataka,2921,BENGALURU RURAL,292104,HOSAKOTE,7,SS (VI-X),2,Tribal Welfare Department,Urban,3,Co-educational,1,1,1,1,1,1,1,1,1,0,0,1,1,1,0,0,1,1,0,0,0,1,1,1,1,0,0,1,1,1,1
2018-19,29,Karnataka,2921,BENGALURU RURAL,292104,HOSAKOTE,2,UPS (I-VIII) ,1,Department of Education,Rural,3,Co-educational,107,107,68,101,107,107,105,106,107,107,68,68,65,56,106,28,78,0,76,83,11,105,106,101,82,65,63,78,107,86,85
2018-19,29,Karnataka,2921,BENGALURU RURAL,292104,HOSAKOTE,2,UPS (I-VIII) ,4,Government Aided,Rural,3,Co-educational,3,3,0,3,3,3,3,3,3,3,2,2,2,2,3,3,3,0,2,3,1,3,2,2,2,2,1,2,3,3,3
2018-19,29,Karnataka,2921,BENGALURU RURAL,292104,HOSAKOTE,2,UPS (I-VIII) ,5,Private Unaided (Recognized),Rural,3,Co-educational,26,26,8,25,25,25,26,22,22,20,16,22,22,17,26,19,17,14,13,14,14,26,18,26,23,17,8,11,26,18,19
2018-19,29,Karnataka,2921,BENGALURU RURAL,292104,HOSAKOTE,2,UPS (I-VIII) ,1,Department of Education,Urban,3,Co-educational,8,8,2,8,8,8,7,7,7,7,7,8,8,7,8,3,5,0,3,7,1,7,7,7,6,3,4,5,8,6,4
2018-19,29,Karnataka,2921,BENGALURU RURAL,292104,HOSAKOTE,2,UPS (I-VIII) ,5,Private Unaided (Recognized),Urban,3,Co-educational,5,5,3,5,5,5,3,5,5,5,3,3,3,2,5,5,5,1,1,1,1,3,4,3,4,4,1,2,5,4,5
2018-19,29,Karnataka,2921,BENGALURU RURAL,292104,HOSAKOTE,4,UPS (VI-VIII) ,1,Department of Education,Rural,3,Co-educational,1,1,0,1,1,1,1,1,1,1,0,0,0,0,1,0,1,0,1,1,0,1,1,1,1,1,1,1,1,1,1
