Academic_Year,State_Code,State_Name,District_Code,District_Name,Block_Code,Udise_Block_Name,School_Category_Id,School_Category_Name,School_Management_Id,School_Management_Name,Location,School_Type_Id,School_Type,Total_Number_of_Schools,Building,Complete_Medical_Checkup,Computer_Available,Functional_Drinking_Water,Drinking_Water,Functional_Electricity,Functional_Boy_Toilet,Functional_Girl_Toilet,Functional_Toilet_Facility,Functional_Toilet_and_Urinal,Functional_Urinal,Functional_Urinal_Boy,Functional_Urinal_Girl,Handwash,Separate_Room_for_Headmaster,Incinerator,Internet,Kitchen_Garden,Land_Available,Librarian,Library_or_Reading_Corner_or_Book_Bank,Medical_Checkup,Newspaper,Playground,Rain_Water_Harvesting,Ramps,Solar_Panel,Furniture,Water_Purifier,Water_Tested
2018-19,29,Karnataka,2933,YADAGIRI,293307,SHAHAPUR,10,HSS (IX-XII),1,Department of Education,Urban,1,Boys,1,1,0,1,1,1,1,1,0,1,1,1,1,0,1,1,1,1,1,1,0,1,1,1,1,1,1,1,1,1,1
2018-19,29,Karnataka,2933,YADAGIRI,293307,SHAHAPUR,10,HSS (IX-XII),1,Department of Education,Rural,3,Co-educational,1,1,1,1,1,1,1,1,1,1,0,0,0,0,1,1,1,0,1,1,0,1,1,1,1,1,1,1,1,1,1
2018-19,29,Karnataka,2933,YADAGIRI,293307,SHAHAPUR,10,HSS (IX-XII),1,Department of Education,Urban,3,Co-educational,1,1,1,1,1,1,1,1,1,1,1,1,1,1,1,1,1,0,0,0,0,1,1,1,1,0,1,0,1,0,0
2018-19,29,Karnataka,2933,YADAGIRI,293307,SHAHAPUR,5, HSS (VI-XII),90,Social welfare Department,Rural,3,Co-educational,1,1,1,1,1,1,1,1,1,1,0,0,0,0,1,1,1,0,1,1,1,1,1,1,1,1,1,1,1,1,1
2018-19,29,Karnataka,2933,YADAGIRI,293307,SHAHAPUR,5, HSS (VI-XII),93,Jawahar Navodaya Vidyalaya,Rural,3,Co-educational,1,1,0,1,1,1,1,1,1,1,1,1,1,1,1,1,0,0,0,1,0,1,1,1,1,1,1,0,1,1,0
2018-19,29,Karnataka,2933,YADAGIRI,293307,SHAHAPUR,11,HSS (XI-XII),1,Department of Education,Urban,2,Girls,1,1,0,1,1,1,1,0,1,1,1,1,0,1,1,1,0,0,0,1,0,0,0,1,1,0,0,0,1,0,0
2018-19,29,Karnataka,2933,YADAGIRI,293307,SHAHAPUR,11,HSS (XI-XII),4,Government Aided,Urban,2,Girls,1,1,0,1,1,1,1,0,1,1,1,1,0,1,1,0,0,0,0,0,0,1,0,1,0,0,1,0,1,0,0
2018-19,29,Karnataka,2933,YADAGIRI,293307,SHAHAPUR,11,HSS (XI-XII),1,Department of Education,Rural,3,Co-educational,3,3,0,3,3,3,2,2,2,2,0,0,0,0,3,2,0,0,0,1,0,1,0,1,0,0,2,0,3,0,0
2018-19,29,Karnataka,2933,YADAGIRI,293307,SHAHAPUR,11,HSS (XI-XII),5,Private Unaided (Recognized),Rural,3,Co-educational,4,4,0,4,4,4,3,4,4,4,2,2,2,2,4,3,0,0,0,0,0,3,0,1,2,0,3,0,4,0,0
2018-19,29,Karnataka,2933,YADAGIRI,293307,SHAHAPUR,11,HSS (XI-XII),1,Department of Education,Urban,3,Co-educational,2,2,0,2,2,2,2,2,2,2,0,0,0,0,2,2,0,0,0,0,0,2,0,2,2,0,0,0,2,0,0
2018-19,29,Karnataka,2933,YADAGIRI,293307,SHAHAPUR,11,HSS (XI-XII),5,Private Unaided (Recognized),Urban,3,Co-educational,15,15,0,15,14,14,8,10,10,10,2,2,2,2,14,8,0,0,0,0,0,8,0,7,8,0,3,0,14,0,1
2018-19,29,Karnataka,2933,YADAGIRI,293307,SHAHAPUR,1,PS (I-V) ,1,Department of Education,Rural,2,Girls,1,1,0,1,1,1,1,0,1,1,0,0,0,0,1,0,1,0,1,1,0,1,1,1,1,0,1,1,1,0,1
2018-19,29,Karnataka,2933,YADAGIRI,293307,SHAHAPUR,1,PS (I-V) ,1,Department of Education,Rural,3,Co-educational,138,137,76,135,138,138,116,101,117,120,29,32,31,25,131,33,113,0,109,53,9,128,131,105,130,48,124,79,138,55,95
2018-19,29,Karnataka,2933,YADAGIRI,293307,SHAHAPUR,1,PS (I-V) ,5,Private Unaided (Recognized),Rural,3,Co-educational,20,20,6,19,20,20,17,17,17,17,4,6,5,6,20,14,12,2,15,8,2,15,11,15,15,10,13,12,20,10,15
2018-19,29,Karnataka,2933,YADAGIRI,293307,SHAHAPUR,1,PS (I-V) ,1,Department of Education,Urban,3,Co-educational,11,11,5,11,11,11,10,10,10,11,2,2,1,2,10,2,10,0,10,3,1,9,10,7,10,5,8,8,11,5,10
2018-19,29,Karnataka,2933,YADAGIRI,293307,SHAHAPUR,1,PS (I-V) ,5,Private Unaided (Recognized),Urban,3,Co-educational,11,11,2,11,10,10,10,10,10,10,3,3,3,3,10,6,10,0,10,2,4,7,4,7,8,10,8,10,11,10,11
2018-19,29,Karnataka,2933,YADAGIRI,293307,SHAHAPUR,6, SS (I-X) ,1,Department of Education,Rural,3,Co-educational,2,2,1,2,2,2,1,2,2,2,1,1,1,1,2,2,2,0,1,2,2,2,2,2,2,0,2,1,2,0,2
2018-19,29,Karnataka,2933,YADAGIRI,293307,SHAHAPUR,6, SS (I-X) ,5,Private Unaided (Recognized),Urban,3,Co-educational,4,4,3,4,4,4,4,4,4,4,4,4,4,4,4,4,4,4,4,2,1,4,4,4,4,4,3,4,4,4,4
2018-19,29,Karnataka,2933,YADAGIRI,293307,SHAHAPUR,8,SS (IX-X),1,Department of Education,Urban,2,Girls,1,1,1,1,1,1,0,0,1,1,1,1,0,1,0,0,0,0,0,0,0,0,1,1,1,0,0,0,1,0,1
2018-19,29,Karnataka,2933,YADAGIRI,293307,SHAHAPUR,8,SS (IX-X),1,Department of Education,Rural,3,Co-educational,31,31,15,30,31,31,27,15,28,28,18,20,10,20,29,17,26,0,19,30,2,29,30,24,29,7,20,18,31,11,25
2018-19,29,Karnataka,2933,YADAGIRI,293307,SHAHAPUR,8,SS (IX-X),4,Government Aided,Rural,3,Co-educational,2,2,0,2,2,2,2,2,2,2,2,2,2,2,2,2,2,0,2,1,1,2,2,2,2,1,2,2,2,1,2
2018-19,29,Karnataka,2933,YADAGIRI,293307,SHAHAPUR,8,SS (IX-X),5,Private Unaided (Recognized),Rural,3,Co-educational,4,4,1,4,4,4,3,2,2,2,0,1,1,1,4,2,3,0,3,2,0,2,1,2,2,3,2,2,4,4,4
2018-19,29,Karnataka,2933,YADAGIRI,293307,SHAHAPUR,8,SS (IX-X),4,Government Aided,Urban,3,Co-educational,1,1,1,1,1,1,1,1,1,1,1,1,1,1,1,1,1,1,1,1,0,1,1,1,1,0,0,0,1,1,1
2018-19,29,Karnataka,2933,YADAGIRI,293307,SHAHAPUR,8,SS (IX-X),5,Private Unaided (Recognized),Urban,3,Co-educational,15,14,9,15,15,15,13,15,15,15,4,4,4,4,14,14,13,1,13,9,4,13,13,11,12,11,8,13,15,13,15
2018-19,29,Karnataka,2933,YADAGIRI,293307,SHAHAPUR,7,SS (VI-X),90,Social welfare Department,Rural,2,Girls,1,1,1,1,1,1,1,0,1,1,0,0,0,0,1,1,1,0,1,1,1,1,1,1,1,1,1,1,1,1,1
2018-19,29,Karnataka,2933,YADAGIRI,293307,SHAHAPUR,7,SS (VI-X),90,Social welfare Department,Rural,3,Co-educational,5,5,0,5,4,4,3,3,3,3,3,3,3,2,4,2,4,0,4,3,0,2,3,2,3,3,3,4,5,4,5
2018-19,29,Karnataka,2933,YADAGIRI,293307,SHAHAPUR,7,SS (VI-X),1,Department of Education,Urban,3,Co-educational,1,1,0,1,1,1,1,1,1,1,1,1,1,0,1,0,1,0,1,0,0,1,0,1,1,1,1,1,1,1,1
2018-19,29,Karnataka,2933,YADAGIRI,293307,SHAHAPUR,7,SS (VI-X),5,Private Unaided (Recognized),Urban,3,Co-educational,1,1,0,1,1,1,1,1,1,1,0,0,0,0,1,0,1,0,1,0,1,1,1,1,1,1,1,1,1,1,1
2018-19,29,Karnataka,2933,YADAGIRI,293307,SHAHAPUR,7,SS (VI-X),6,Other Govt. managed schools,Urban,3,Co-educational,2,2,0,2,0,0,0,0,0,0,0,0,0,0,0,0,0,0,0,0,0,0,0,0,0,0,0,0,2,0,2
2018-19,29,Karnataka,2933,YADAGIRI,293307,SHAHAPUR,7,SS (VI-X),90,Social welfare Department,Urban,3,Co-educational,1,1,1,1,1,1,1,0,0,0,0,1,0,1,1,0,0,1,1,0,0,1,1,1,1,1,1,0,1,1,1
2018-19,29,Karnataka,2933,YADAGIRI,293307,SHAHAPUR,2,UPS (I-VIII) ,1,Department of Education,Rural,1,Boys,3,3,1,3,3,3,3,3,0,3,2,2,2,0,3,3,3,0,3,0,0,3,3,3,3,1,3,3,3,1,3
2018-19,29,Karnataka,2933,YADAGIRI,293307,SHAHAPUR,2,UPS (I-VIII) ,1,Department of Education,Rural,2,Girls,3,3,1,3,3,3,3,0,3,3,2,2,0,2,3,3,2,0,2,1,0,3,2,2,3,0,3,2,3,1,2
2018-19,29,Karnataka,2933,YADAGIRI,293307,SHAHAPUR,2,UPS (I-VIII) ,1,Department of Education,Rural,3,Co-educational,112,112,68,109,112,112,108,95,98,100,44,48,45,43,108,57,76,2,90,64,6,108,108,94,102,27,106,76,112,40,74
2018-19,29,Karnataka,2933,YADAGIRI,293307,SHAHAPUR,2,UPS (I-VIII) ,4,Government Aided,Rural,3,Co-educational,4,4,2,4,4,4,4,4,4,4,1,1,1,1,4,4,3,0,4,1,0,4,3,4,4,2,4,3,4,3,3
2018-19,29,Karnataka,2933,YADAGIRI,293307,SHAHAPUR,2,UPS (I-VIII) ,5,Private Unaided (Recognized),Rural,3,Co-educational,29,29,8,29,28,28,26,27,27,27,10,10,10,9,27,21,25,6,26,15,5,24,22,24,26,19,23,19,28,22,27
2018-19,29,Karnataka,2933,YADAGIRI,293307,SHAHAPUR,2,UPS (I-VIII) ,1,Department of Education,Urban,3,Co-educational,15,15,8,15,15,15,15,15,14,14,6,7,7,6,15,8,14,0,14,8,0,15,14,13,15,6,14,13,15,8,15
2018-19,29,Karnataka,2933,YADAGIRI,293307,SHAHAPUR,2,UPS (I-VIII) ,4,Government Aided,Urban,3,Co-educational,6,6,3,6,6,6,5,6,6,6,3,3,3,3,5,4,3,1,5,2,1,5,4,5,5,3,5,2,6,2,5
2018-19,29,Karnataka,2933,YADAGIRI,293307,SHAHAPUR,2,UPS (I-VIII) ,5,Private Unaided (Recognized),Urban,3,Co-educational,34,34,6,34,33,33,29,33,33,33,16,17,17,17,31,23,28,7,26,17,7,27,22,26,28,23,20,23,34,27,33
2018-19,29,Karnataka,2933,YADAGIRI,293307,SHAHAPUR,4,UPS (VI-VIII) ,1,Department of Education,Rural,2,Girls,1,1,1,1,1,1,0,0,1,1,0,0,0,0,1,1,1,0,1,1,0,1,1,1,1,0,1,1,1,1,1
2018-19,29,Karnataka,2933,YADAGIRI,293308,SHORAPUR,3,HSS (I-XII),5,Private Unaided (Recognized),Rural,3,Co-educational,1,1,0,1,1,1,0,0,0,0,0,0,0,0,1,0,1,0,1,1,0,0,0,1,1,0,0,1,1,1,1
2018-19,29,Karnataka,2933,YADAGIRI,293308,SHORAPUR,10,HSS (IX-XII),1,Department of Education,Rural,3,Co-educational,1,1,1,1,1,1,1,1,0,1,1,1,1,0,1,1,1,0,1,1,0,1,1,1,1,1,0,1,1,1,1
2018-19,29,Karnataka,2933,YADAGIRI,293308,SHORAPUR,10,HSS (IX-XII),1,Department of Education,Urban,3,Co-educational,1,1,0,1,1,1,1,1,1,1,0,0,0,0,0,1,0,0,1,0,0,1,1,1,1,0,1,1,1,0,0
2018-19,29,Karnataka,2933,YADAGIRI,293308,SHORAPUR,11,HSS (XI-XII),1,Department of Education,Urban,1,Boys,1,1,0,1,1,1,1,1,0,1,0,0,0,0,1,1,0,0,0,0,0,1,0,0,1,0,1,0,1,0,0
2018-19,29,Karnataka,2933,YADAGIRI,293308,SHORAPUR,11,HSS (XI-XII),1,Department of Education,Rural,3,Co-educational,6,6,0,6,6,6,6,6,6,6,2,2,2,2,6,4,0,0,0,1,0,6,0,1,4,0,3,0,6,0,0
2018-19,29,Karnataka,2933,YADAGIRI,293308,SHORAPUR,11,HSS (XI-XII),5,Private Unaided (Recognized),Rural,3,Co-educational,5,5,0,5,5,5,5,5,5,5,2,2,2,2,5,4,0,0,0,1,0,4,0,4,3,0,0,0,5,1,0
2018-19,29,Karnataka,2933,YADAGIRI,293308,SHORAPUR,11,HSS (XI-XII),1,Department of Education,Urban,3,Co-educational,2,2,0,2,2,2,2,2,2,2,0,0,0,0,2,2,0,0,0,0,0,2,0,2,2,0,0,0,2,0,0
2018-19,29,Karnataka,2933,YADAGIRI,293308,SHORAPUR,11,HSS (XI-XII),4,Government Aided,Urban,3,Co-educational,2,2,0,2,2,2,0,0,0,0,0,0,0,0,2,0,0,0,0,0,0,0,0,0,0,0,0,0,2,0,0
2018-19,29,Karnataka,2933,YADAGIRI,293308,SHORAPUR,11,HSS (XI-XII),5,Private Unaided (Recognized),Urban,3,Co-educational,9,9,0,9,9,9,7,7,7,7,1,1,1,1,9,7,0,0,0,0,0,7,0,6,6,0,0,0,9,0,0
2018-19,29,Karnataka,2933,YADAGIRI,293308,SHORAPUR,1,PS (I-V) ,1,Department of Education,Rural,3,Co-educational,148,148,78,136,148,148,101,64,109,113,34,37,23,33,138,17,91,0,103,96,7,128,116,112,131,22,101,73,148,23,80
2018-19,29,Karnataka,2933,YADAGIRI,293308,SHORAPUR,1,PS (I-V) ,4,Government Aided,Rural,3,Co-educational,2,2,0,2,2,2,1,2,1,2,0,0,0,0,2,0,0,0,0,1,0,2,1,1,0,0,1,0,2,0,0
2018-19,29,Karnataka,2933,YADAGIRI,293308,SHORAPUR,1,PS (I-V) ,5,Private Unaided (Recognized),Rural,3,Co-educational,39,39,24,35,36,36,32,35,35,35,26,27,26,26,37,30,33,2,32,29,11,35,35,33,37,11,15,26,38,17,32
2018-19,29,Karnataka,2933,YADAGIRI,293308,SHORAPUR,1,PS (I-V) ,1,Department of Education,Urban,3,Co-educational,34,34,14,34,34,34,25,25,27,31,19,19,14,19,29,2,21,0,24,20,3,31,31,29,30,3,27,15,34,4,12
2018-19,29,Karnataka,2933,YADAGIRI,293308,SHORAPUR,1,PS (I-V) ,2,Tribal Welfare Department,Urban,3,Co-educational,1,1,0,1,1,1,0,1,1,1,0,0,0,0,0,0,0,0,0,0,1,1,1,1,1,0,0,0,1,0,0
2018-19,29,Karnataka,2933,YADAGIRI,293308,SHORAPUR,1,PS (I-V) ,5,Private Unaided (Recognized),Urban,3,Co-educational,24,24,7,24,22,22,20,21,22,21,14,17,16,17,22,18,16,3,14,16,2,20,14,20,21,8,5,15,23,12,15
2018-19,29,Karnataka,2933,YADAGIRI,293308,SHORAPUR,6, SS (I-X) ,1,Department of Education,Rural,3,Co-educational,4,4,3,4,4,4,3,4,4,4,1,1,1,1,4,3,4,0,4,3,1,4,4,3,4,1,4,3,4,1,3
2018-19,29,Karnataka,2933,YADAGIRI,293308,SHORAPUR,6, SS (I-X) ,5,Private Unaided (Recognized),Urban,3,Co-educational,3,3,2,3,3,3,3,2,2,2,2,3,3,3,3,3,3,0,3,3,0,3,3,3,3,1,2,3,3,3,3
2018-19,29,Karnataka,2933,YADAGIRI,293308,SHORAPUR,8,SS (IX-X),1,Department of Education,Rural,1,Boys,1,1,1,1,1,1,1,1,0,1,1,1,1,0,1,1,1,0,1,1,0,1,1,1,1,0,1,1,1,1,1
2018-19,29,Karnataka,2933,YADAGIRI,293308,SHORAPUR,8,SS (IX-X),1,Department of Education,Rural,2,Girls,2,2,1,2,2,2,2,0,1,1,0,0,0,0,2,2,2,0,2,2,0,2,2,2,2,0,2,2,2,1,2
2018-19,29,Karnataka,2933,YADAGIRI,293308,SHORAPUR,8,SS (IX-X),1,Department of Education,Urban,2,Girls,1,1,0,1,1,1,1,0,1,1,1,1,0,1,1,1,0,0,1,0,0,1,1,1,1,0,1,1,1,0,1
2018-19,29,Karnataka,2933,YADAGIRI,293308,SHORAPUR,8,SS (IX-X),1,Department of Education,Rural,3,Co-educational,31,31,16,30,31,31,25,22,24,24,14,15,15,14,29,17,23,1,20,26,1,31,27,29,31,3,21,13,31,6,17
2018-19,29,Karnataka,2933,YADAGIRI,293308,SHORAPUR,8,SS (IX-X),4,Government Aided,Rural,3,Co-educational,3,3,2,3,3,3,2,3,3,3,2,2,2,2,3,3,3,0,3,3,0,3,3,3,3,1,2,3,3,1,3
2018-19,29,Karnataka,2933,YADAGIRI,293308,SHORAPUR,8,SS (IX-X),5,Private Unaided (Recognized),Rural,3,Co-educational,11,11,6,11,11,11,11,8,8,8,7,7,7,7,11,9,11,3,11,9,5,11,9,9,11,5,4,11,11,8,11
2018-19,29,Karnataka,2933,YADAGIRI,293308,SHORAPUR,8,SS (IX-X),1,Department of Education,Urban,3,Co-educational,3,3,1,3,3,3,3,2,2,2,1,1,1,1,3,2,3,0,2,0,0,3,3,3,3,1,2,2,3,1,2
2018-19,29,Karnataka,2933,YADAGIRI,293308,SHORAPUR,8,SS (IX-X),4,Government Aided,Urban,3,Co-educational,4,4,1,4,4,4,4,3,3,3,3,3,3,3,4,4,2,1,3,3,0,4,4,3,3,2,2,3,4,2,3
2018-19,29,Karnataka,2933,YADAGIRI,293308,SHORAPUR,8,SS (IX-X),5,Private Unaided (Recognized),Urban,3,Co-educational,12,12,4,12,12,12,11,9,9,9,7,9,9,9,12,8,11,6,11,8,4,11,10,11,10,7,6,7,12,7,9
2018-19,29,Karnataka,2933,YADAGIRI,293308,SHORAPUR,7,SS (VI-X),90,Social welfare Department,Rural,2,Girls,1,1,0,1,0,0,1,0,1,1,1,1,0,1,1,0,1,0,1,0,1,1,1,1,1,0,0,1,1,0,1
2018-19,29,Karnataka,2933,YADAGIRI,293308,SHORAPUR,7,SS (VI-X),1,Department of Education,Rural,3,Co-educational,1,1,0,0,1,1,1,1,1,1,1,1,1,1,1,1,1,0,1,1,1,1,1,1,1,0,0,1,1,1,1
2018-19,29,Karnataka,2933,YADAGIRI,293308,SHORAPUR,7,SS (VI-X),2,Tribal Welfare Department,Rural,3,Co-educational,1,1,0,1,0,0,1,0,0,0,0,0,0,0,1,0,0,0,0,0,0,0,0,0,0,0,0,0,1,0,0
2018-19,29,Karnataka,2933,YADAGIRI,293308,SHORAPUR,7,SS (VI-X),6,Other Govt. managed schools,Rural,3,Co-educational,1,1,0,1,0,0,0,0,0,0,0,0,0,0,0,0,0,0,0,0,0,0,0,0,0,0,0,0,1,0,1
2018-19,29,Karnataka,2933,YADAGIRI,293308,SHORAPUR,7,SS (VI-X),90,Social welfare Department,Rural,3,Co-educational,2,2,1,1,2,2,2,2,2,2,1,1,1,1,2,1,2,1,2,1,0,2,2,2,2,1,1,2,2,1,2
2018-19,29,Karnataka,2933,YADAGIRI,293308,SHORAPUR,7,SS (VI-X),6,Other Govt. managed schools,Urban,3,Co-educational,1,1,1,1,0,0,1,0,0,0,0,0,0,0,1,0,1,0,0,0,0,1,1,0,1,1,0,0,1,1,1
2018-19,29,Karnataka,2933,YADAGIRI,293308,SHORAPUR,7,SS (VI-X),90,Social welfare Department,Urban,3,Co-educational,2,2,0,2,2,2,2,1,1,1,1,2,2,2,2,1,2,0,2,1,0,1,2,2,2,0,2,2,2,1,2
2018-19,29,Karnataka,2933,YADAGIRI,293308,SHORAPUR,2,UPS (I-VIII) ,1,Department of Education,Rural,3,Co-educational,136,136,82,129,136,136,113,88,101,105,42,47,37,44,125,66,95,1,97,88,7,117,112,121,123,20,104,71,136,27,69
2018-19,29,Karnataka,2933,YADAGIRI,293308,SHORAPUR,2,UPS (I-VIII) ,4,Government Aided,Rural,3,Co-educational,3,3,3,3,3,3,3,2,2,2,1,1,1,1,3,3,2,1,2,1,0,3,3,3,3,1,1,2,3,1,2
2018-19,29,Karnataka,2933,YADAGIRI,293308,SHORAPUR,2,UPS (I-VIII) ,5,Private Unaided (Recognized),Rural,3,Co-educational,42,42,26,38,42,42,38,35,35,35,21,23,23,21,41,36,41,11,39,34,12,33,36,41,41,19,19,37,42,30,39
2018-19,29,Karnataka,2933,YADAGIRI,293308,SHORAPUR,2,UPS (I-VIII) ,1,Department of Education,Urban,3,Co-educational,24,24,11,23,24,24,20,21,23,23,13,13,11,13,21,10,21,0,17,11,4,24,23,24,24,5,18,15,24,9,15
2018-19,29,Karnataka,2933,YADAGIRI,293308,SHORAPUR,2,UPS (I-VIII) ,4,Government Aided,Urban,3,Co-educational,9,9,4,9,9,9,9,8,8,8,7,7,7,7,9,9,9,0,9,8,0,8,9,9,8,3,5,8,9,5,7
2018-19,29,Karnataka,2933,YADAGIRI,293308,SHORAPUR,2,UPS (I-VIII) ,5,Private Unaided (Recognized),Urban,3,Co-educational,15,15,6,15,14,14,13,14,14,14,13,14,14,14,12,14,13,6,10,5,5,13,13,12,12,5,10,8,15,8,9
2018-19,29,Karnataka,2933,YADAGIRI,293308,SHORAPUR,4,UPS (VI-VIII) ,1,Department of Education,Rural,3,Co-educational,1,1,1,1,1,1,1,0,1,1,0,0,0,0,1,1,1,0,1,0,0,1,1,1,1,1,0,1,1,1,1
2018-19,29,Karnataka,2933,YADAGIRI,293308,SHORAPUR,4,UPS (VI-VIII) ,5,Private Unaided (Recognized),Rural,3,Co-educational,2,2,1,1,1,1,2,1,1,1,1,2,2,2,2,2,2,1,2,2,0,2,2,1,2,1,0,2,2,1,2
2018-19,29,Karnataka,2933,YADAGIRI,293310,YADGIR,3,HSS (I-XII),1,Department of Education,Urban,3,Co-educational,1,1,0,1,1,1,1,1,1,1,1,1,1,1,1,0,1,0,1,1,0,1,1,1,1,1,1,1,1,0,1
2018-19,29,Karnataka,2933,YADAGIRI,293310,YADGIR,3,HSS (I-XII),5,Private Unaided (Recognized),Urban,3,Co-educational,1,1,0,1,1,1,1,1,1,1,1,1,1,0,1,1,1,1,1,1,1,1,1,1,1,1,0,1,1,1,1
2018-19,29,Karnataka,2933,YADAGIRI,293310,YADGIR,10,HSS (IX-XII),1,Department of Education,Rural,3,Co-educational,2,2,0,2,2,2,2,1,1,1,1,1,1,1,2,2,2,0,2,1,1,2,2,1,2,0,1,2,2,0,2
2018-19,29,Karnataka,2933,YADAGIRI,293310,YADGIR,10,HSS (IX-XII),1,Department of Education,Urban,3,Co-educational,1,1,0,1,1,1,1,0,1,1,1,1,0,1,1,1,0,0,0,0,0,1,1,1,1,0,1,0,1,0,0
2018-19,29,Karnataka,2933,YADAGIRI,293310,YADGIR,10,HSS (IX-XII),5,Private Unaided (Recognized),Urban,3,Co-educational,2,2,0,2,2,2,2,2,2,2,2,2,2,2,2,2,2,2,1,2,0,2,2,2,2,1,2,2,2,2,2
2018-19,29,Karnataka,2933,YADAGIRI,293310,YADGIR,11,HSS (XI-XII),1,Department of Education,Urban,2,Girls,1,1,0,1,1,1,1,0,1,1,1,1,0,1,1,1,0,0,0,0,0,1,0,1,1,0,1,0,1,0,0
2018-19,29,Karnataka,2933,YADAGIRI,293310,YADGIR,11,HSS (XI-XII),5,Private Unaided (Recognized),Urban,2,Girls,2,2,0,2,2,2,2,0,2,2,1,1,0,1,2,2,0,0,0,0,0,2,0,1,1,0,2,0,2,0,0
2018-19,29,Karnataka,2933,YADAGIRI,293310,YADGIR,11,HSS (XI-XII),1,Department of Education,Rural,3,Co-educational,3,2,0,3,3,3,1,3,3,3,1,1,1,1,3,3,0,0,0,1,0,2,0,1,2,1,2,0,3,0,0
2018-19,29,Karnataka,2933,YADAGIRI,293310,YADGIR,11,HSS (XI-XII),5,Private Unaided (Recognized),Rural,3,Co-educational,3,3,0,3,3,3,3,3,3,3,1,1,1,1,3,3,0,0,0,0,0,3,0,3,3,0,1,0,3,0,0
2018-19,29,Karnataka,2933,YADAGIRI,293310,YADGIR,11,HSS (XI-XII),1,Department of Education,Urban,3,Co-educational,4,4,0,4,4,4,4,3,4,4,3,3,2,3,4,4,0,0,0,2,0,3,0,2,4,0,0,0,4,0,0
2018-19,29,Karnataka,2933,YADAGIRI,293310,YADGIR,11,HSS (XI-XII),4,Government Aided,Urban,3,Co-educational,2,2,0,2,2,2,2,2,2,2,2,2,2,2,2,2,0,0,0,0,0,2,0,2,2,0,1,0,2,0,0
2018-19,29,Karnataka,2933,YADAGIRI,293310,YADGIR,11,HSS (XI-XII),5,Private Unaided (Recognized),Urban,3,Co-educational,18,18,0,18,18,18,16,17,17,17,8,8,5,8,18,17,0,0,0,1,0,16,0,14,14,0,5,0,18,0,0
2018-19,29,Karnataka,2933,YADAGIRI,293310,YADGIR,1,PS (I-V) ,1,Department of Education,Rural,3,Co-educational,114,114,18,111,114,114,79,101,107,108,36,40,40,35,108,14,106,0,92,57,39,108,109,82,98,58,81,83,114,66,95
2018-19,29,Karnataka,2933,YADAGIRI,293310,YADGIR,1,PS (I-V) ,5,Private Unaided (Recognized),Rural,3,Co-educational,13,13,3,13,11,11,12,10,10,10,7,9,9,9,13,9,12,1,12,8,7,12,12,12,12,10,7,10,13,11,10
2018-19,29,Karnataka,2933,YADAGIRI,293310,YADGIR,1,PS (I-V) ,1,Department of Education,Urban,3,Co-educational,16,16,0,16,16,16,13,13,14,14,7,7,5,7,16,3,13,0,10,6,3,16,15,10,13,7,10,9,16,6,10
2018-19,29,Karnataka,2933,YADAGIRI,293310,YADGIR,1,PS (I-V) ,5,Private Unaided (Recognized),Urban,3,Co-educational,15,15,1,13,15,15,14,14,13,11,6,9,9,9,14,8,13,4,8,8,5,13,11,13,14,12,7,9,14,14,14
2018-19,29,Karnataka,2933,YADAGIRI,293310,YADGIR,6, SS (I-X) ,1,Department of Education,Rural,3,Co-educational,3,3,0,3,3,3,3,3,3,3,2,2,2,2,3,3,3,0,3,2,0,3,3,3,3,2,3,3,3,3,3
2018-19,29,Karnataka,2933,YADAGIRI,293310,YADGIR,6, SS (I-X) ,5,Private Unaided (Recognized),Rural,3,Co-educational,2,2,0,2,1,1,2,2,2,1,1,2,2,2,2,1,2,0,2,1,2,2,2,2,2,2,2,2,2,2,2
2018-19,29,Karnataka,2933,YADAGIRI,293310,YADGIR,6, SS (I-X) ,4,Government Aided,Urban,3,Co-educational,1,1,0,1,1,1,1,1,1,1,0,0,0,0,1,0,0,0,0,0,0,1,0,1,1,0,0,0,1,0,0
2018-19,29,Karnataka,2933,YADAGIRI,293310,YADGIR,6, SS (I-X) ,5,Private Unaided (Recognized),Urban,3,Co-educational,6,6,2,6,6,6,6,6,6,6,5,5,5,5,6,5,5,2,6,4,5,5,6,6,6,5,5,5,6,5,6
2018-19,29,Karnataka,2933,YADAGIRI,293310,YADGIR,8,SS (IX-X),1,Department of Education,Urban,2,Girls,2,2,1,2,2,2,2,0,1,1,1,1,0,1,2,1,2,0,2,0,0,2,2,2,2,1,1,1,2,1,2
2018-19,29,Karnataka,2933,YADAGIRI,293310,YADGIR,8,SS (IX-X),4,Government Aided,Urban,2,Girls,1,1,0,1,1,1,1,0,1,1,1,1,0,1,1,1,1,0,1,1,0,1,1,1,1,1,1,1,1,1,1
2018-19,29,Karnataka,2933,YADAGIRI,293310,YADGIR,8,SS (IX-X),5,Private Unaided (Recognized),Urban,2,Girls,1,1,0,1,1,1,1,0,1,1,1,1,0,1,1,0,1,0,1,1,0,1,1,1,1,1,1,1,1,1,1
2018-19,29,Karnataka,2933,YADAGIRI,293310,YADGIR,8,SS (IX-X),1,Department of Education,Rural,3,Co-educational,25,25,7,23,25,25,21,25,25,25,15,15,15,15,23,16,24,0,18,21,10,22,23,21,22,16,18,11,25,11,17
2018-19,29,Karnataka,2933,YADAGIRI,293310,YADGIR,8,SS (IX-X),4,Government Aided,Rural,3,Co-educational,1,1,1,1,1,1,1,0,1,1,1,1,1,1,1,1,1,1,1,1,1,1,1,1,1,1,0,0,1,1,1
2018-19,29,Karnataka,2933,YADAGIRI,293310,YADGIR,8,SS (IX-X),5,Private Unaided (Recognized),Rural,3,Co-educational,6,6,0,6,6,6,6,6,6,6,5,5,5,5,6,6,6,1,6,6,1,5,6,6,6,6,5,6,6,6,6
2018-19,29,Karnataka,2933,YADAGIRI,293310,YADGIR,8,SS (IX-X),1,Department of Education,Urban,3,Co-educational,5,5,2,5,5,5,5,5,5,5,4,4,4,4,4,3,5,0,3,4,1,4,5,5,5,1,4,3,5,1,4
2018-19,29,Karnataka,2933,YADAGIRI,293310,YADGIR,8,SS (IX-X),4,Government Aided,Urban,3,Co-educational,5,5,1,5,5,5,5,5,5,5,4,4,4,4,5,5,4,1,3,3,0,5,4,5,5,3,4,4,5,3,5
2018-19,29,Karnataka,2933,YADAGIRI,293310,YADGIR,8,SS (IX-X),5,Private Unaided (Recognized),Urban,3,Co-educational,12,12,2,11,12,12,12,12,12,12,6,6,6,4,12,10,10,2,8,7,7,12,9,12,11,9,3,9,12,10,10
2018-19,29,Karnataka,2933,YADAGIRI,293310,YADGIR,7,SS (VI-X),90,Social welfare Department,Rural,2,Girls,2,2,0,2,2,2,2,0,2,2,2,2,0,2,2,2,1,1,1,1,0,2,2,2,1,1,1,1,2,2,1
2018-19,29,Karnataka,2933,YADAGIRI,293310,YADGIR,7,SS (VI-X),2,Tribal Welfare Department,Rural,3,Co-educational,1,1,1,1,1,1,1,1,1,1,0,0,0,0,1,1,1,0,1,0,0,0,1,1,1,0,0,1,1,1,1
2018-19,29,Karnataka,2933,YADAGIRI,293310,YADGIR,7,SS (VI-X),6,Other Govt. managed schools,Rural,3,Co-educational,1,1,1,1,1,1,1,0,0,0,0,1,1,0,1,1,1,0,1,1,0,1,1,1,1,0,0,1,1,1,1
2018-19,29,Karnataka,2933,YADAGIRI,293310,YADGIR,7,SS (VI-X),90,Social welfare Department,Rural,3,Co-educational,4,4,1,4,4,4,4,4,4,4,3,3,3,3,4,4,4,0,4,4,2,4,4,4,4,2,2,3,4,4,4
2018-19,29,Karnataka,2933,YADAGIRI,293310,YADGIR,7,SS (VI-X),1,Department of Education,Urban,3,Co-educational,1,1,0,1,1,1,1,1,1,1,1,1,1,1,1,0,1,0,0,1,1,1,0,1,1,1,1,0,1,1,0
2018-19,29,Karnataka,2933,YADAGIRI,293310,YADGIR,7,SS (VI-X),6,Other Govt. managed schools,Urban,3,Co-educational,2,2,0,2,0,0,1,0,0,0,0,0,0,0,1,0,1,0,0,0,0,1,1,1,1,0,0,0,2,0,2
2018-19,29,Karnataka,2933,YADAGIRI,293310,YADGIR,2,UPS (I-VIII) ,1,Department of Education,Rural,3,Co-educational,141,141,26,135,141,141,125,124,136,136,70,72,68,65,139,68,131,0,123,81,48,138,138,128,126,81,112,106,141,81,117
2018-19,29,Karnataka,2933,YADAGIRI,293310,YADGIR,2,UPS (I-VIII) ,4,Government Aided,Rural,3,Co-educational,3,3,1,3,3,3,3,3,3,3,2,2,2,1,3,3,2,0,1,2,0,3,3,3,2,1,1,1,3,2,2
2018-19,29,Karnataka,2933,YADAGIRI,293310,YADGIR,2,UPS (I-VIII) ,5,Private Unaided (Recognized),Rural,3,Co-educational,27,27,6,25,26,26,27,27,27,27,21,21,21,20,27,25,26,3,25,22,10,26,23,26,27,23,21,25,27,24,26
2018-19,29,Karnataka,2933,YADAGIRI,293310,YADGIR,2,UPS (I-VIII) ,1,Department of Education,Urban,3,Co-educational,19,19,4,19,19,19,17,18,18,18,8,8,7,6,19,7,16,0,13,5,7,19,19,16,13,9,14,6,19,8,12
2018-19,29,Karnataka,2933,YADAGIRI,293310,YADGIR,2,UPS (I-VIII) ,4,Government Aided,Urban,3,Co-educational,12,12,3,12,12,12,12,11,11,11,3,4,4,3,12,11,10,0,9,4,2,11,12,12,12,5,8,4,12,3,10
2018-19,29,Karnataka,2933,YADAGIRI,293310,YADGIR,2,UPS (I-VIII) ,5,Private Unaided (Recognized),Urban,3,Co-educational,30,30,8,29,30,30,27,28,28,28,22,23,23,19,27,27,25,6,19,22,10,25,24,27,27,23,16,18,30,24,28
2018-19,29,Karnataka,2933,YADAGIRI,293310,YADGIR,4,UPS (VI-VIII) ,1,Department of Education,Rural,2,Girls,1,1,0,1,1,1,0,0,1,1,1,1,0,1,0,1,1,0,0,1,0,0,0,0,0,1,0,0,1,1,1
2018-19,29,Karnataka,2933,YADAGIRI,293310,YADGIR,4,UPS (VI-VIII) ,5,Private Unaided (Recognized),Rural,3,Co-educational,1,1,1,1,1,1,1,1,1,1,0,0,0,0,1,1,1,1,1,1,1,1,1,1,1,1,1,0,1,1,1
2018-19,29,Karnataka,2933,YADAGIRI,293310,YADGIR,4,UPS (VI-VIII) ,5,Private Unaided (Recognized),Urban,3,Co-educational,1,1,0,1,1,1,1,1,1,1,1,1,1,0,1,1,1,1,1,1,0,1,1,1,1,0,0,1,1,0,1
