Academic_Year,State_Code,State_Name,District_Code,District_Name,Block_Code,Udise_Block_Name,School_Category_Id,School_Category_Name,School_Management_Id,School_Management_Name,Location,School_Type_Id,School_Type,Total_Number_of_Schools,Building,Complete_Medical_Checkup,Computer_Available,Functional_Drinking_Water,Drinking_Water,Functional_Electricity,Functional_Boy_Toilet,Functional_Girl_Toilet,Functional_Toilet_Facility,Functional_Toilet_and_Urinal,Functional_Urinal,Functional_Urinal_Boy,Functional_Urinal_Girl,Handwash,Separate_Room_for_Headmaster,Incinerator,Internet,Kitchen_Garden,Land_Available,Librarian,Library_or_Reading_Corner_or_Book_Bank,Medical_Checkup,Newspaper,Playground,Rain_Water_Harvesting,Ramps,Solar_Panel,Furniture,Water_Purifier,Water_Tested
2017-18,29,Karnataka,2932,RAMANAGARA,293205,MAGADI,3,HSS (I-XII),1,Department of Education,Rural,3,Co-Ed,1,1,0,1,0,1,1,1,1,1,0,0,0,0,0,1,0,0,0,0,1,1,1,1,0,0,1,0,1,0,0
2017-18,29,Karnataka,2932,RAMANAGARA,293205,MAGADI,3,HSS (I-XII),5,Private Unaided (Recognized),Rural,3,Co-Ed,1,1,0,1,0,1,1,1,1,1,0,0,0,0,1,1,0,0,0,1,1,1,1,1,1,0,0,0,1,0,0
2017-18,29,Karnataka,2932,RAMANAGARA,293205,MAGADI,5,HSS (VI-XII),1,Department of Education,Rural,3,Co-Ed,2,2,0,2,0,2,2,2,2,2,0,0,0,0,0,2,0,1,0,2,1,2,1,2,2,0,0,0,2,0,0
2017-18,29,Karnataka,2932,RAMANAGARA,293205,MAGADI,5,HSS (VI-XII),4,Government Aided,Rural,3,Co-Ed,1,1,0,0,0,1,1,1,1,1,0,0,0,0,1,1,0,0,0,1,1,1,1,1,1,0,0,0,1,0,0
2017-18,29,Karnataka,2932,RAMANAGARA,293205,MAGADI,5,HSS (VI-XII),1,Department of Education,Urban,3,Co-Ed,1,1,0,1,0,1,1,1,1,1,0,0,0,0,1,1,0,0,0,1,1,1,1,1,1,0,1,0,1,0,0
2017-18,29,Karnataka,2932,RAMANAGARA,293205,MAGADI,11,HSS (XI-XII),5,Private Unaided (Recognized),Rural,2,Girls,1,1,0,1,0,1,1,0,1,1,0,0,0,0,1,1,0,0,0,1,0,1,0,1,1,0,0,0,0,0,0
2017-18,29,Karnataka,2932,RAMANAGARA,293205,MAGADI,11,HSS (XI-XII),1,Department of Education,Rural,3,Co-Ed,5,5,0,3,0,3,5,4,4,4,0,0,0,0,4,4,0,0,0,1,2,4,2,3,1,0,2,0,3,0,0
2017-18,29,Karnataka,2932,RAMANAGARA,293205,MAGADI,11,HSS (XI-XII),4,Government Aided,Rural,3,Co-Ed,2,2,0,2,0,2,2,2,2,2,0,0,0,0,2,2,0,0,0,2,1,2,2,2,2,0,2,0,2,0,0
2017-18,29,Karnataka,2932,RAMANAGARA,293205,MAGADI,11,HSS (XI-XII),5,Private Unaided (Recognized),Rural,3,Co-Ed,2,1,0,1,0,0,2,2,2,2,0,0,0,0,1,2,0,0,0,0,0,2,0,0,1,0,1,0,0,0,0
2017-18,29,Karnataka,2932,RAMANAGARA,293205,MAGADI,11,HSS (XI-XII),5,Private Unaided (Recognized),Urban,3,Co-Ed,1,1,0,0,0,0,1,1,1,1,0,0,0,0,0,1,0,0,0,0,0,1,0,0,1,0,0,0,0,0,0
2017-18,29,Karnataka,2932,RAMANAGARA,293205,MAGADI,1,PS (I-V),1,Department of Education,Rural,3,Co-Ed,246,246,0,24,0,240,242,243,242,243,0,0,0,0,201,9,0,0,0,93,233,243,231,168,101,0,24,0,243,0,0
2017-18,29,Karnataka,2932,RAMANAGARA,293205,MAGADI,1,PS (I-V),5,Private Unaided (Recognized),Rural,3,Co-Ed,5,5,0,2,0,3,3,3,3,3,0,0,0,0,1,3,0,0,0,3,3,3,3,1,1,0,3,0,3,0,0
2017-18,29,Karnataka,2932,RAMANAGARA,293205,MAGADI,1,PS (I-V),90,Social welfare Department,Rural,3,Co-Ed,1,1,0,1,0,1,1,1,1,1,0,0,0,0,1,0,0,0,0,0,1,1,1,0,0,0,0,0,1,0,0
2017-18,29,Karnataka,2932,RAMANAGARA,293205,MAGADI,1,PS (I-V),1,Department of Education,Urban,3,Co-Ed,2,2,0,0,0,2,2,2,2,2,0,0,0,0,1,0,0,0,0,1,2,2,1,0,1,0,0,0,2,0,0
2017-18,29,Karnataka,2932,RAMANAGARA,293205,MAGADI,1,PS (I-V),5,Private Unaided (Recognized),Urban,3,Co-Ed,1,1,0,0,0,1,1,1,1,1,0,0,0,0,0,1,0,0,0,1,0,1,0,1,1,0,0,0,1,0,0
2017-18,29,Karnataka,2932,RAMANAGARA,293205,MAGADI,6,SS (I-X),1,Department of Education,Rural,3,Co-Ed,11,11,0,7,0,11,11,11,11,11,0,0,0,0,7,6,0,0,0,6,11,11,10,11,7,0,4,0,11,0,0
2017-18,29,Karnataka,2932,RAMANAGARA,293205,MAGADI,6,SS (I-X),5,Private Unaided (Recognized),Rural,3,Co-Ed,2,2,0,2,0,2,2,2,2,2,0,0,0,0,2,2,0,1,0,2,2,2,1,1,2,1,0,0,2,0,0
2017-18,29,Karnataka,2932,RAMANAGARA,293205,MAGADI,6,SS (I-X),1,Department of Education,Urban,3,Co-Ed,1,1,0,0,0,1,1,1,1,1,0,0,0,0,1,1,0,0,0,1,1,1,1,1,1,0,0,0,1,0,0
2017-18,29,Karnataka,2932,RAMANAGARA,293205,MAGADI,6,SS (I-X),5,Private Unaided (Recognized),Urban,3,Co-Ed,2,2,0,2,0,2,2,2,2,2,0,0,0,0,2,2,0,0,0,2,2,2,2,2,1,0,1,0,2,0,0
2017-18,29,Karnataka,2932,RAMANAGARA,293205,MAGADI,8,SS (IX-X),1,Department of Education,Urban,2,Girls,1,1,0,0,0,1,1,0,1,1,0,0,0,0,1,1,0,0,0,0,1,1,1,1,0,0,0,0,1,0,0
2017-18,29,Karnataka,2932,RAMANAGARA,293205,MAGADI,8,SS (IX-X),4,Government Aided,Urban,2,Girls,1,1,0,0,0,1,1,0,1,1,0,0,0,0,1,0,0,0,0,1,1,1,1,1,1,0,0,0,1,0,0
2017-18,29,Karnataka,2932,RAMANAGARA,293205,MAGADI,8,SS (IX-X),1,Department of Education,Rural,3,Co-Ed,16,16,0,9,0,16,16,16,16,16,0,0,0,0,8,7,0,0,0,15,10,16,14,16,14,0,2,0,16,0,0
2017-18,29,Karnataka,2932,RAMANAGARA,293205,MAGADI,8,SS (IX-X),4,Government Aided,Rural,3,Co-Ed,24,24,0,9,0,24,24,24,24,24,0,0,0,0,16,20,0,2,0,23,17,24,24,23,24,1,3,0,24,0,0
2017-18,29,Karnataka,2932,RAMANAGARA,293205,MAGADI,8,SS (IX-X),5,Private Unaided (Recognized),Rural,3,Co-Ed,6,6,0,5,0,6,6,6,6,6,0,0,0,0,2,6,0,3,0,5,4,6,6,6,6,0,0,0,6,0,0
2017-18,29,Karnataka,2932,RAMANAGARA,293205,MAGADI,8,SS (IX-X),1,Department of Education,Urban,3,Co-Ed,1,1,0,0,0,1,1,1,1,1,0,0,0,0,0,1,0,0,0,0,1,1,1,1,0,0,0,0,1,0,0
2017-18,29,Karnataka,2932,RAMANAGARA,293205,MAGADI,8,SS (IX-X),4,Government Aided,Urban,3,Co-Ed,1,1,0,0,0,1,1,1,1,1,0,0,0,0,1,1,0,0,0,1,1,1,1,0,1,0,0,0,1,0,0
2017-18,29,Karnataka,2932,RAMANAGARA,293205,MAGADI,8,SS (IX-X),5,Private Unaided (Recognized),Urban,3,Co-Ed,6,6,0,5,0,6,6,6,6,6,0,0,0,0,6,6,0,2,0,5,5,6,5,6,6,0,1,0,6,0,0
2017-18,29,Karnataka,2932,RAMANAGARA,293205,MAGADI,7,SS (VI-X),90,Social welfare Department,Rural,2,Girls,2,2,0,0,0,1,1,0,1,1,0,0,0,0,1,1,0,0,0,0,1,1,1,1,1,0,0,0,1,0,0
2017-18,29,Karnataka,2932,RAMANAGARA,293205,MAGADI,7,SS (VI-X),90,Social welfare Department,Rural,3,Co-Ed,3,3,0,1,0,1,1,1,1,1,0,0,0,0,1,1,0,0,0,1,1,1,1,1,1,0,0,0,1,0,0
2017-18,29,Karnataka,2932,RAMANAGARA,293205,MAGADI,7,SS (VI-X),6,Other Govt. managed schools,Urban,3,Co-Ed,1,1,0,1,0,1,1,1,1,1,0,0,0,0,1,1,0,0,0,0,1,1,1,1,0,0,0,0,1,0,0
2017-18,29,Karnataka,2932,RAMANAGARA,293205,MAGADI,2,UPS (I-VIII),1,Department of Education,Rural,3,Co-Ed,91,91,0,39,0,91,91,91,91,91,0,0,0,0,74,28,0,0,0,52,90,91,88,80,65,0,6,0,91,0,0
2017-18,29,Karnataka,2932,RAMANAGARA,293205,MAGADI,2,UPS (I-VIII),4,Government Aided,Rural,3,Co-Ed,1,1,0,1,0,1,1,1,1,1,0,0,0,0,1,1,0,0,0,1,1,1,1,1,1,0,1,0,1,0,0
2017-18,29,Karnataka,2932,RAMANAGARA,293205,MAGADI,2,UPS (I-VIII),5,Private Unaided (Recognized),Rural,3,Co-Ed,11,11,0,8,0,8,8,8,8,8,0,0,0,0,6,7,0,0,0,6,8,8,8,7,6,0,1,0,8,0,0
2017-18,29,Karnataka,2932,RAMANAGARA,293205,MAGADI,2,UPS (I-VIII),1,Department of Education,Urban,3,Co-Ed,8,8,0,5,0,8,8,8,8,8,0,0,0,0,6,5,0,0,0,4,8,8,8,7,4,0,1,0,8,0,0
2017-18,29,Karnataka,2932,RAMANAGARA,293205,MAGADI,2,UPS (I-VIII),4,Government Aided,Urban,3,Co-Ed,4,4,0,1,0,4,4,4,4,4,0,0,0,0,3,3,0,0,0,3,4,4,4,3,4,0,0,0,4,0,0
2017-18,29,Karnataka,2932,RAMANAGARA,293205,MAGADI,2,UPS (I-VIII),5,Private Unaided (Recognized),Urban,3,Co-Ed,5,5,0,3,0,4,4,4,4,4,0,0,0,0,4,4,0,0,0,3,4,4,2,4,4,0,0,0,4,0,0
2017-18,29,Karnataka,2932,RAMANAGARA,293205,MAGADI,4,UPS (VI-VIII),4,Government Aided,Rural,3,Co-Ed,1,1,0,1,0,1,1,1,1,1,0,0,0,0,1,1,0,0,0,1,1,1,1,1,1,0,0,0,1,0,0
2017-18,29,Karnataka,2932,RAMANAGARA,293206,RAMANAGARA,3,HSS (I-XII),5,Private Unaided (Recognized),Rural,3,Co-Ed,1,1,0,1,0,1,1,1,1,1,0,0,0,0,1,1,0,1,0,1,0,1,1,1,1,0,0,0,1,0,0
2017-18,29,Karnataka,2932,RAMANAGARA,293206,RAMANAGARA,5,HSS (VI-XII),5,Private Unaided (Recognized),Rural,1,Boys,1,1,0,1,0,1,1,1,0,1,0,0,0,0,0,1,0,0,0,0,0,1,1,1,1,0,0,0,1,0,0
2017-18,29,Karnataka,2932,RAMANAGARA,293206,RAMANAGARA,5,HSS (VI-XII),4,Government Aided,Urban,2,Girls,1,1,0,1,0,1,1,0,1,1,0,0,0,0,1,1,0,1,0,1,0,1,1,1,1,1,0,0,1,0,0
2017-18,29,Karnataka,2932,RAMANAGARA,293206,RAMANAGARA,5,HSS (VI-XII),4,Government Aided,Rural,3,Co-Ed,1,1,0,0,0,1,1,1,1,1,0,0,0,0,1,1,0,1,0,1,0,1,1,1,1,1,0,0,1,0,0
2017-18,29,Karnataka,2932,RAMANAGARA,293206,RAMANAGARA,5,HSS (VI-XII),5,Private Unaided (Recognized),Urban,3,Co-Ed,1,1,0,1,0,1,1,1,1,1,0,0,0,0,1,1,0,0,0,1,1,1,1,1,1,0,0,0,1,0,0
2017-18,29,Karnataka,2932,RAMANAGARA,293206,RAMANAGARA,11,HSS (XI-XII),1,Department of Education,Urban,1,Boys,1,1,0,0,0,1,1,1,0,1,0,0,0,0,1,1,0,1,0,0,1,1,1,1,1,0,0,0,1,0,0
2017-18,29,Karnataka,2932,RAMANAGARA,293206,RAMANAGARA,11,HSS (XI-XII),1,Department of Education,Urban,2,Girls,1,1,0,0,0,1,1,0,1,1,0,0,0,0,1,1,0,0,0,0,1,1,0,1,0,0,0,0,1,0,0
2017-18,29,Karnataka,2932,RAMANAGARA,293206,RAMANAGARA,11,HSS (XI-XII),5,Private Unaided (Recognized),Urban,2,Girls,1,1,0,0,0,1,1,0,1,1,0,0,0,0,0,1,0,0,0,0,0,1,0,1,0,0,0,0,1,0,0
2017-18,29,Karnataka,2932,RAMANAGARA,293206,RAMANAGARA,11,HSS (XI-XII),1,Department of Education,Rural,3,Co-Ed,10,10,0,1,0,8,9,9,9,9,0,0,0,0,8,9,0,0,0,2,4,10,5,6,6,0,2,0,8,0,0
2017-18,29,Karnataka,2932,RAMANAGARA,293206,RAMANAGARA,11,HSS (XI-XII),4,Government Aided,Rural,3,Co-Ed,1,1,0,0,0,1,1,1,1,1,0,0,0,0,1,1,0,0,0,1,0,1,1,1,1,0,0,0,1,0,0
2017-18,29,Karnataka,2932,RAMANAGARA,293206,RAMANAGARA,11,HSS (XI-XII),1,Department of Education,Urban,3,Co-Ed,1,1,0,0,0,1,1,1,1,1,0,0,0,0,1,1,0,0,0,0,1,1,0,1,0,0,0,0,1,0,0
2017-18,29,Karnataka,2932,RAMANAGARA,293206,RAMANAGARA,11,HSS (XI-XII),4,Government Aided,Urban,3,Co-Ed,1,1,0,0,0,1,1,1,1,1,0,0,0,0,1,1,0,1,0,0,1,1,1,1,1,0,0,0,1,0,0
2017-18,29,Karnataka,2932,RAMANAGARA,293206,RAMANAGARA,11,HSS (XI-XII),5,Private Unaided (Recognized),Urban,3,Co-Ed,3,3,0,0,0,1,1,1,1,1,0,0,0,0,1,1,0,1,0,1,1,1,1,1,1,1,0,0,1,0,0
2017-18,29,Karnataka,2932,RAMANAGARA,293206,RAMANAGARA,11,HSS (XI-XII),90,Social welfare Department,Urban,3,Co-Ed,1,1,0,0,0,1,1,1,1,1,0,0,0,0,1,1,0,0,0,0,0,1,0,1,1,0,0,0,1,0,0
2017-18,29,Karnataka,2932,RAMANAGARA,293206,RAMANAGARA,1,PS (I-V),1,Department of Education,Rural,3,Co-Ed,147,147,0,5,0,146,147,144,146,146,0,0,0,0,54,9,0,0,0,61,0,146,145,135,28,0,25,0,147,0,0
2017-18,29,Karnataka,2932,RAMANAGARA,293206,RAMANAGARA,1,PS (I-V),5,Private Unaided (Recognized),Rural,3,Co-Ed,5,5,0,1,0,3,3,3,3,3,0,0,0,0,2,1,0,0,0,1,0,2,3,2,2,0,0,0,3,0,0
2017-18,29,Karnataka,2932,RAMANAGARA,293206,RAMANAGARA,1,PS (I-V),90,Social welfare Department,Rural,3,Co-Ed,3,3,0,0,0,3,3,3,3,3,0,0,0,0,1,2,0,0,0,2,0,3,3,2,2,0,0,0,3,0,0
2017-18,29,Karnataka,2932,RAMANAGARA,293206,RAMANAGARA,1,PS (I-V),1,Department of Education,Urban,3,Co-Ed,15,15,0,0,0,15,15,15,15,15,0,0,0,0,5,1,0,0,0,4,0,15,15,8,2,0,1,0,15,0,0
2017-18,29,Karnataka,2932,RAMANAGARA,293206,RAMANAGARA,1,PS (I-V),5,Private Unaided (Recognized),Urban,3,Co-Ed,3,3,0,2,0,2,2,2,2,2,0,0,0,0,2,2,0,0,0,1,2,2,2,2,2,0,0,0,2,0,0
2017-18,29,Karnataka,2932,RAMANAGARA,293206,RAMANAGARA,6,SS (I-X),1,Department of Education,Rural,3,Co-Ed,9,9,0,7,0,9,9,9,9,9,0,0,0,0,6,6,0,0,0,5,0,9,9,9,6,0,4,0,9,0,0
2017-18,29,Karnataka,2932,RAMANAGARA,293206,RAMANAGARA,6,SS (I-X),5,Private Unaided (Recognized),Rural,3,Co-Ed,15,15,0,14,0,15,15,15,15,15,0,0,0,0,11,13,0,6,0,13,5,15,14,14,15,2,2,0,15,0,0
2017-18,29,Karnataka,2932,RAMANAGARA,293206,RAMANAGARA,6,SS (I-X),1,Department of Education,Urban,3,Co-Ed,7,7,0,5,0,7,7,7,7,7,0,0,0,0,2,4,0,0,0,3,1,7,6,5,3,0,0,0,7,0,0
2017-18,29,Karnataka,2932,RAMANAGARA,293206,RAMANAGARA,6,SS (I-X),5,Private Unaided (Recognized),Urban,3,Co-Ed,12,12,0,10,0,12,12,12,12,12,0,0,0,0,12,12,0,5,0,11,7,12,11,10,11,2,0,0,12,0,0
2017-18,29,Karnataka,2932,RAMANAGARA,293206,RAMANAGARA,8,SS (IX-X),1,Department of Education,Urban,1,Boys,1,1,0,0,0,1,1,1,0,1,0,0,0,0,0,1,0,0,0,1,0,1,1,1,1,0,1,0,1,0,0
2017-18,29,Karnataka,2932,RAMANAGARA,293206,RAMANAGARA,8,SS (IX-X),5,Private Unaided (Recognized),Urban,1,Boys,1,1,0,1,0,1,1,1,0,1,0,0,0,0,0,1,0,0,0,1,0,1,0,1,0,1,0,0,1,0,0
2017-18,29,Karnataka,2932,RAMANAGARA,293206,RAMANAGARA,8,SS (IX-X),1,Department of Education,Urban,2,Girls,1,1,0,1,0,1,1,0,1,1,0,0,0,0,1,0,0,0,0,1,0,1,1,1,1,1,0,0,1,0,0
2017-18,29,Karnataka,2932,RAMANAGARA,293206,RAMANAGARA,8,SS (IX-X),4,Government Aided,Urban,2,Girls,1,1,0,1,0,1,1,0,1,1,0,0,0,0,1,1,0,0,0,1,0,1,1,1,1,0,0,0,1,0,0
2017-18,29,Karnataka,2932,RAMANAGARA,293206,RAMANAGARA,8,SS (IX-X),5,Private Unaided (Recognized),Urban,2,Girls,1,1,0,1,0,1,1,0,1,1,0,0,0,0,1,1,0,0,0,1,1,1,0,0,1,1,0,0,1,0,0
2017-18,29,Karnataka,2932,RAMANAGARA,293206,RAMANAGARA,8,SS (IX-X),1,Department of Education,Rural,3,Co-Ed,20,20,0,9,0,20,20,20,20,20,0,0,0,0,11,13,0,1,0,18,2,20,20,20,18,0,1,0,20,0,0
2017-18,29,Karnataka,2932,RAMANAGARA,293206,RAMANAGARA,8,SS (IX-X),4,Government Aided,Rural,3,Co-Ed,13,13,0,5,0,13,13,13,13,13,0,0,0,0,6,12,0,0,0,13,0,13,13,13,13,3,2,0,13,0,0
2017-18,29,Karnataka,2932,RAMANAGARA,293206,RAMANAGARA,8,SS (IX-X),5,Private Unaided (Recognized),Rural,3,Co-Ed,7,7,0,7,0,7,7,7,7,7,0,0,0,0,5,7,0,4,0,6,2,7,7,7,7,1,0,0,7,0,0
2017-18,29,Karnataka,2932,RAMANAGARA,293206,RAMANAGARA,8,SS (IX-X),1,Department of Education,Urban,3,Co-Ed,3,3,0,2,0,3,3,3,3,3,0,0,0,0,3,3,0,0,0,2,0,3,3,2,2,0,0,0,3,0,0
2017-18,29,Karnataka,2932,RAMANAGARA,293206,RAMANAGARA,8,SS (IX-X),4,Government Aided,Urban,3,Co-Ed,1,1,0,0,0,1,1,1,1,1,0,0,0,0,1,1,0,0,0,1,0,1,1,1,1,0,0,0,1,0,0
2017-18,29,Karnataka,2932,RAMANAGARA,293206,RAMANAGARA,8,SS (IX-X),5,Private Unaided (Recognized),Urban,3,Co-Ed,11,11,0,11,0,11,11,11,11,11,0,0,0,0,7,11,0,6,0,7,3,11,10,11,11,2,0,0,11,0,0
2017-18,29,Karnataka,2932,RAMANAGARA,293206,RAMANAGARA,7,SS (VI-X),90,Social welfare Department,Rural,3,Co-Ed,4,4,0,3,0,3,3,3,3,3,0,0,0,0,3,3,0,1,0,3,0,3,3,3,3,1,2,0,3,0,0
2017-18,29,Karnataka,2932,RAMANAGARA,293206,RAMANAGARA,7,SS (VI-X),5,Private Unaided (Recognized),Urban,3,Co-Ed,1,1,0,0,0,0,0,0,0,0,0,0,0,0,0,0,0,0,0,0,0,0,0,0,0,0,0,0,0,0,0
2017-18,29,Karnataka,2932,RAMANAGARA,293206,RAMANAGARA,7,SS (VI-X),6,Other Govt. managed schools,Urban,3,Co-Ed,1,1,0,1,0,1,1,1,1,1,0,0,0,0,1,1,0,1,0,0,0,1,1,1,1,0,0,0,1,0,0
2017-18,29,Karnataka,2932,RAMANAGARA,293206,RAMANAGARA,7,SS (VI-X),90,Social welfare Department,Urban,3,Co-Ed,3,3,0,2,0,2,2,2,2,2,0,0,0,0,1,2,0,1,0,1,0,2,2,2,2,0,0,0,2,0,0
2017-18,29,Karnataka,2932,RAMANAGARA,293206,RAMANAGARA,2,UPS (I-VIII),5,Private Unaided (Recognized),Rural,1,Boys,1,1,0,1,0,1,1,1,0,1,0,0,0,0,0,1,0,0,0,0,0,1,1,1,1,0,0,0,1,0,0
2017-18,29,Karnataka,2932,RAMANAGARA,293206,RAMANAGARA,2,UPS (I-VIII),1,Department of Education,Rural,3,Co-Ed,74,74,0,31,0,74,74,74,73,74,0,0,0,0,31,24,0,0,0,50,2,74,74,71,29,0,20,0,74,0,0
2017-18,29,Karnataka,2932,RAMANAGARA,293206,RAMANAGARA,2,UPS (I-VIII),4,Government Aided,Rural,3,Co-Ed,3,3,0,2,0,3,3,3,3,3,0,0,0,0,2,3,0,0,0,3,1,3,3,3,3,0,0,0,3,0,0
2017-18,29,Karnataka,2932,RAMANAGARA,293206,RAMANAGARA,2,UPS (I-VIII),5,Private Unaided (Recognized),Rural,3,Co-Ed,11,11,0,10,0,11,11,11,11,11,0,0,0,0,7,11,0,0,0,8,2,9,8,10,10,0,0,0,11,0,0
2017-18,29,Karnataka,2932,RAMANAGARA,293206,RAMANAGARA,2,UPS (I-VIII),8,Unrecognized,Rural,3,Co-Ed,1,1,0,1,0,1,1,1,1,1,0,0,0,0,0,1,0,0,0,1,0,1,0,1,1,0,0,0,1,0,0
2017-18,29,Karnataka,2932,RAMANAGARA,293206,RAMANAGARA,2,UPS (I-VIII),1,Department of Education,Urban,3,Co-Ed,12,12,0,5,0,12,12,12,12,12,0,0,0,0,4,7,0,0,0,6,0,12,12,11,4,0,2,0,12,0,0
2017-18,29,Karnataka,2932,RAMANAGARA,293206,RAMANAGARA,2,UPS (I-VIII),4,Government Aided,Urban,3,Co-Ed,3,3,0,2,0,3,3,3,3,3,0,0,0,0,1,3,0,0,0,1,0,3,3,3,3,0,0,0,3,0,0
2017-18,29,Karnataka,2932,RAMANAGARA,293206,RAMANAGARA,2,UPS (I-VIII),5,Private Unaided (Recognized),Urban,3,Co-Ed,20,20,0,20,0,20,20,20,20,20,0,0,0,0,13,20,0,0,0,14,3,20,17,19,19,0,1,0,20,0,0
2017-18,29,Karnataka,2932,RAMANAGARA,293207,CHANNAPATNA,10,HSS (IX-XII),1,Department of Education,Rural,3,Co-Ed,1,1,0,1,0,1,1,1,1,1,0,0,0,0,1,0,0,0,0,1,0,1,1,1,1,0,0,0,1,0,0
2017-18,29,Karnataka,2932,RAMANAGARA,293207,CHANNAPATNA,5,HSS (VI-XII),1,Department of Education,Urban,1,Boys,1,1,0,1,0,1,1,1,0,1,0,0,0,0,0,1,0,1,0,1,0,1,1,1,1,0,0,0,1,0,0
2017-18,29,Karnataka,2932,RAMANAGARA,293207,CHANNAPATNA,5,HSS (VI-XII),1,Department of Education,Urban,2,Girls,1,1,0,1,0,1,1,0,1,1,0,0,0,0,1,1,0,0,0,0,0,1,1,1,1,0,0,0,1,0,0
2017-18,29,Karnataka,2932,RAMANAGARA,293207,CHANNAPATNA,5,HSS (VI-XII),4,Government Aided,Urban,2,Girls,1,1,0,1,0,1,1,0,1,1,0,0,0,0,1,1,0,0,0,1,1,1,1,1,1,0,0,0,1,0,0
2017-18,29,Karnataka,2932,RAMANAGARA,293207,CHANNAPATNA,5,HSS (VI-XII),1,Department of Education,Rural,3,Co-Ed,5,5,0,3,0,4,5,5,5,5,0,0,0,0,0,3,0,0,0,5,0,5,5,5,5,0,0,0,5,0,0
2017-18,29,Karnataka,2932,RAMANAGARA,293207,CHANNAPATNA,5,HSS (VI-XII),4,Government Aided,Rural,3,Co-Ed,2,2,0,2,0,2,2,2,2,2,0,0,0,0,1,1,0,1,0,1,0,2,2,2,2,0,0,0,2,0,0
2017-18,29,Karnataka,2932,RAMANAGARA,293207,CHANNAPATNA,5,HSS (VI-XII),5,Private Unaided (Recognized),Rural,3,Co-Ed,1,1,0,1,0,1,1,1,1,1,0,0,0,0,1,1,0,1,0,1,0,1,1,1,1,0,0,0,1,0,0
2017-18,29,Karnataka,2932,RAMANAGARA,293207,CHANNAPATNA,5,HSS (VI-XII),4,Government Aided,Urban,3,Co-Ed,1,1,0,1,0,1,1,1,1,1,0,0,0,0,0,1,0,0,0,1,0,1,1,1,1,0,0,0,1,0,0
2017-18,29,Karnataka,2932,RAMANAGARA,293207,CHANNAPATNA,5,HSS (VI-XII),5,Private Unaided (Recognized),Urban,3,Co-Ed,1,1,0,1,0,1,1,1,1,1,0,0,0,0,0,1,0,1,0,1,0,1,1,1,1,0,0,0,1,0,0
2017-18,29,Karnataka,2932,RAMANAGARA,293207,CHANNAPATNA,11,HSS (XI-XII),5,Private Unaided (Recognized),Rural,2,Girls,1,1,0,1,0,1,1,0,1,1,0,0,0,0,1,1,0,1,0,1,1,1,0,1,1,0,0,0,1,0,0
2017-18,29,Karnataka,2932,RAMANAGARA,293207,CHANNAPATNA,11,HSS (XI-XII),4,Government Aided,Rural,3,Co-Ed,1,1,0,0,0,1,1,1,1,1,0,0,0,0,1,1,0,0,0,1,1,1,1,1,1,0,0,0,1,0,0
2017-18,29,Karnataka,2932,RAMANAGARA,293207,CHANNAPATNA,11,HSS (XI-XII),5,Private Unaided (Recognized),Rural,3,Co-Ed,4,4,0,1,0,4,4,4,4,4,0,0,0,0,4,4,0,2,0,3,3,4,4,4,4,3,0,0,3,0,0
2017-18,29,Karnataka,2932,RAMANAGARA,293207,CHANNAPATNA,11,HSS (XI-XII),5,Private Unaided (Recognized),Urban,3,Co-Ed,2,2,0,1,0,2,2,2,2,2,0,0,0,0,1,2,0,1,0,2,1,2,2,1,2,0,0,0,2,0,0
2017-18,29,Karnataka,2932,RAMANAGARA,293207,CHANNAPATNA,1,PS (I-V),1,Department of Education,Rural,3,Co-Ed,108,107,0,10,0,107,108,107,107,107,0,0,0,0,34,6,0,0,0,43,1,108,108,100,34,0,13,0,108,0,0
2017-18,29,Karnataka,2932,RAMANAGARA,293207,CHANNAPATNA,1,PS (I-V),5,Private Unaided (Recognized),Rural,3,Co-Ed,3,3,0,0,0,1,1,1,1,1,0,0,0,0,1,0,0,0,0,1,1,0,1,1,1,0,0,0,1,0,0
2017-18,29,Karnataka,2932,RAMANAGARA,293207,CHANNAPATNA,1,PS (I-V),1,Department of Education,Urban,3,Co-Ed,20,20,0,0,0,20,19,20,20,20,0,0,0,0,3,4,0,0,0,6,0,20,20,10,4,0,2,0,20,0,0
2017-18,29,Karnataka,2932,RAMANAGARA,293207,CHANNAPATNA,1,PS (I-V),5,Private Unaided (Recognized),Urban,3,Co-Ed,1,1,0,0,0,0,0,0,0,0,0,0,0,0,0,0,0,0,0,0,0,0,0,0,0,0,0,0,0,0,0
2017-18,29,Karnataka,2932,RAMANAGARA,293207,CHANNAPATNA,6,SS (I-X),1,Department of Education,Rural,3,Co-Ed,18,18,0,11,0,17,18,18,18,18,0,0,0,0,11,7,0,0,0,14,0,18,18,18,8,0,3,0,18,0,0
2017-18,29,Karnataka,2932,RAMANAGARA,293207,CHANNAPATNA,6,SS (I-X),5,Private Unaided (Recognized),Rural,3,Co-Ed,9,8,0,8,0,9,9,9,9,9,0,0,0,0,6,9,0,1,0,8,3,9,9,9,8,1,1,0,9,0,0
2017-18,29,Karnataka,2932,RAMANAGARA,293207,CHANNAPATNA,6,SS (I-X),1,Department of Education,Urban,3,Co-Ed,2,2,0,1,0,2,2,2,2,2,0,0,0,0,1,1,0,0,0,1,0,2,2,2,1,0,0,0,2,0,0
2017-18,29,Karnataka,2932,RAMANAGARA,293207,CHANNAPATNA,6,SS (I-X),5,Private Unaided (Recognized),Urban,3,Co-Ed,8,8,0,6,0,7,7,7,7,7,0,0,0,0,5,7,0,0,0,4,0,7,7,7,7,0,0,0,7,0,0
2017-18,29,Karnataka,2932,RAMANAGARA,293207,CHANNAPATNA,8,SS (IX-X),4,Government Aided,Rural,2,Girls,1,1,0,1,0,1,1,0,1,1,0,0,0,0,1,1,0,0,0,0,0,1,1,1,1,0,0,0,1,0,0
2017-18,29,Karnataka,2932,RAMANAGARA,293207,CHANNAPATNA,8,SS (IX-X),5,Private Unaided (Recognized),Rural,2,Girls,1,1,0,1,0,1,1,0,1,1,0,0,0,0,1,1,0,1,0,0,0,1,1,1,1,0,0,0,1,0,0
2017-18,29,Karnataka,2932,RAMANAGARA,293207,CHANNAPATNA,8,SS (IX-X),1,Department of Education,Urban,2,Girls,1,1,0,0,0,1,1,0,1,1,0,0,0,0,0,0,0,0,0,0,0,1,1,1,0,0,0,0,1,0,0
2017-18,29,Karnataka,2932,RAMANAGARA,293207,CHANNAPATNA,8,SS (IX-X),1,Department of Education,Rural,3,Co-Ed,12,12,0,9,0,12,12,12,12,12,0,0,0,0,7,8,0,1,0,10,0,12,12,12,9,2,2,0,12,0,0
2017-18,29,Karnataka,2932,RAMANAGARA,293207,CHANNAPATNA,8,SS (IX-X),4,Government Aided,Rural,3,Co-Ed,7,7,0,2,0,7,7,7,7,7,0,0,0,0,2,6,0,1,0,6,0,7,7,7,6,0,0,0,7,0,0
2017-18,29,Karnataka,2932,RAMANAGARA,293207,CHANNAPATNA,8,SS (IX-X),5,Private Unaided (Recognized),Rural,3,Co-Ed,3,3,0,3,0,3,3,3,3,3,0,0,0,0,1,2,0,0,0,3,0,3,3,3,3,0,0,0,3,0,0
2017-18,29,Karnataka,2932,RAMANAGARA,293207,CHANNAPATNA,8,SS (IX-X),1,Department of Education,Urban,3,Co-Ed,1,1,0,1,0,1,1,1,1,1,0,0,0,0,1,0,0,0,0,0,0,1,1,1,0,0,0,0,1,0,0
2017-18,29,Karnataka,2932,RAMANAGARA,293207,CHANNAPATNA,8,SS (IX-X),4,Government Aided,Urban,3,Co-Ed,1,1,0,1,0,1,1,1,1,1,0,0,0,0,0,1,0,0,0,0,0,1,1,1,1,0,0,0,1,0,0
2017-18,29,Karnataka,2932,RAMANAGARA,293207,CHANNAPATNA,8,SS (IX-X),5,Private Unaided (Recognized),Urban,3,Co-Ed,11,11,0,10,0,11,11,11,11,11,0,0,0,0,8,11,0,5,0,7,0,11,11,11,11,0,0,0,11,0,0
2017-18,29,Karnataka,2932,RAMANAGARA,293207,CHANNAPATNA,7,SS (VI-X),1,Department of Education,Urban,1,Boys,1,1,0,1,0,1,1,1,0,1,0,0,0,0,1,0,0,0,0,1,0,1,1,1,1,0,0,0,1,0,0
2017-18,29,Karnataka,2932,RAMANAGARA,293207,CHANNAPATNA,7,SS (VI-X),1,Department of Education,Rural,2,Girls,1,1,0,1,0,1,1,0,1,1,0,0,0,0,1,1,0,0,0,0,0,1,1,1,1,0,0,0,1,0,0
2017-18,29,Karnataka,2932,RAMANAGARA,293207,CHANNAPATNA,7,SS (VI-X),90,Social welfare Department,Rural,2,Girls,1,1,0,0,0,0,0,0,0,0,0,0,0,0,0,0,0,0,0,0,0,0,0,0,0,0,0,0,0,0,0
2017-18,29,Karnataka,2932,RAMANAGARA,293207,CHANNAPATNA,7,SS (VI-X),90,Social welfare Department,Urban,2,Girls,1,1,0,1,0,1,1,0,1,1,0,0,0,0,1,1,0,1,0,1,0,1,1,1,1,0,0,0,1,0,0
2017-18,29,Karnataka,2932,RAMANAGARA,293207,CHANNAPATNA,7,SS (VI-X),1,Department of Education,Rural,3,Co-Ed,1,0,0,1,0,1,1,1,1,1,0,0,0,0,1,1,0,0,0,1,0,1,0,1,1,1,0,0,0,0,0
2017-18,29,Karnataka,2932,RAMANAGARA,293207,CHANNAPATNA,7,SS (VI-X),90,Social welfare Department,Rural,3,Co-Ed,1,1,0,1,0,1,1,1,1,1,0,0,0,0,1,1,0,0,0,1,0,1,1,1,1,0,0,0,1,0,0
2017-18,29,Karnataka,2932,RAMANAGARA,293207,CHANNAPATNA,7,SS (VI-X),6,Other Govt. managed schools,Urban,3,Co-Ed,1,1,0,1,0,1,1,1,1,1,0,0,0,0,1,0,0,0,0,0,0,1,1,1,0,0,0,0,1,0,0
2017-18,29,Karnataka,2932,RAMANAGARA,293207,CHANNAPATNA,7,SS (VI-X),90,Social welfare Department,Urban,3,Co-Ed,1,1,0,1,0,1,1,1,1,1,0,0,0,0,1,0,0,0,0,0,0,1,1,1,0,0,0,0,1,0,0
2017-18,29,Karnataka,2932,RAMANAGARA,293207,CHANNAPATNA,2,UPS (I-VIII),1,Department of Education,Rural,3,Co-Ed,68,68,0,25,0,68,68,68,68,68,0,0,0,0,20,10,0,0,0,45,0,68,68,64,45,0,6,0,68,0,0
2017-18,29,Karnataka,2932,RAMANAGARA,293207,CHANNAPATNA,2,UPS (I-VIII),5,Private Unaided (Recognized),Rural,3,Co-Ed,9,9,0,5,0,9,9,9,9,9,0,0,0,0,4,6,0,0,0,7,0,7,9,9,7,0,0,0,9,0,0
2017-18,29,Karnataka,2932,RAMANAGARA,293207,CHANNAPATNA,2,UPS (I-VIII),1,Department of Education,Urban,3,Co-Ed,9,9,0,4,0,8,9,9,9,9,0,0,0,0,1,5,0,0,0,3,1,9,9,6,4,0,2,0,9,0,0
2017-18,29,Karnataka,2932,RAMANAGARA,293207,CHANNAPATNA,2,UPS (I-VIII),4,Government Aided,Urban,3,Co-Ed,4,4,0,2,0,4,4,4,4,4,0,0,0,0,3,4,0,0,0,3,0,4,4,4,4,0,2,0,4,0,0
2017-18,29,Karnataka,2932,RAMANAGARA,293207,CHANNAPATNA,2,UPS (I-VIII),5,Private Unaided (Recognized),Urban,3,Co-Ed,14,14,0,11,0,14,14,14,14,14,0,0,0,0,7,12,0,0,0,6,2,14,14,13,14,0,1,0,14,0,0
2017-18,29,Karnataka,2932,RAMANAGARA,293207,CHANNAPATNA,4,UPS (VI-VIII),1,Department of Education,Urban,2,Girls,1,1,0,0,0,1,1,0,1,1,0,0,0,0,0,1,0,0,0,0,0,1,1,0,1,0,0,0,1,0,0
2017-18,29,Karnataka,2932,RAMANAGARA,293207,CHANNAPATNA,4,UPS (VI-VIII),1,Department of Education,Urban,3,Co-Ed,1,1,0,0,0,1,1,1,1,1,0,0,0,0,0,0,0,0,0,1,0,1,1,1,1,0,0,0,1,0,0
2017-18,29,Karnataka,2932,RAMANAGARA,293208,KANAKAPURA,3,HSS (I-XII),5,Private Unaided (Recognized),Rural,3,Co-Ed,1,1,0,1,0,1,1,1,1,1,0,0,0,0,1,1,0,1,0,1,0,1,1,1,1,1,1,0,1,0,0
2017-18,29,Karnataka,2932,RAMANAGARA,293208,KANAKAPURA,5,HSS (VI-XII),1,Department of Education,Rural,3,Co-Ed,3,3,0,3,0,3,3,3,3,3,0,0,0,0,1,1,0,0,0,3,0,3,3,3,3,0,0,0,3,0,0
2017-18,29,Karnataka,2932,RAMANAGARA,293208,KANAKAPURA,5,HSS (VI-XII),5,Private Unaided (Recognized),Rural,3,Co-Ed,1,1,0,1,0,1,1,1,1,1,0,0,0,0,1,1,0,1,0,1,1,1,1,1,1,0,0,0,1,0,0
2017-18,29,Karnataka,2932,RAMANAGARA,293208,KANAKAPURA,5,HSS (VI-XII),90,Social welfare Department,Rural,3,Co-Ed,1,1,0,1,0,1,1,1,1,1,0,0,0,0,0,1,0,0,0,1,0,1,1,1,1,0,0,0,1,0,0
2017-18,29,Karnataka,2932,RAMANAGARA,293208,KANAKAPURA,5,HSS (VI-XII),1,Department of Education,Urban,3,Co-Ed,1,1,0,0,0,1,1,1,1,1,0,0,0,0,1,1,0,0,0,1,0,1,1,1,1,0,0,0,1,0,0
2017-18,29,Karnataka,2932,RAMANAGARA,293208,KANAKAPURA,11,HSS (XI-XII),1,Department of Education,Rural,3,Co-Ed,2,2,0,1,0,2,2,2,2,2,0,0,0,0,2,2,0,1,0,1,2,2,0,2,2,1,1,0,2,0,0
2017-18,29,Karnataka,2932,RAMANAGARA,293208,KANAKAPURA,11,HSS (XI-XII),5,Private Unaided (Recognized),Rural,3,Co-Ed,3,3,0,2,0,2,2,1,1,1,0,0,0,0,2,2,0,1,0,1,1,2,2,2,2,0,1,0,2,0,0
2017-18,29,Karnataka,2932,RAMANAGARA,293208,KANAKAPURA,11,HSS (XI-XII),4,Government Aided,Urban,3,Co-Ed,1,1,0,1,0,1,1,1,1,1,0,0,0,0,1,1,0,1,0,1,1,1,1,1,1,0,0,0,0,0,0
2017-18,29,Karnataka,2932,RAMANAGARA,293208,KANAKAPURA,11,HSS (XI-XII),5,Private Unaided (Recognized),Urban,3,Co-Ed,3,3,0,3,0,3,3,3,3,3,0,0,0,0,3,2,0,3,0,2,2,3,3,2,3,0,0,0,3,0,0
2017-18,29,Karnataka,2932,RAMANAGARA,293208,KANAKAPURA,1,PS (I-V),1,Department of Education,Rural,3,Co-Ed,278,278,0,20,0,275,276,268,272,273,0,0,0,0,101,20,0,0,0,129,3,278,269,264,87,0,47,0,275,0,0
2017-18,29,Karnataka,2932,RAMANAGARA,293208,KANAKAPURA,1,PS (I-V),4,Government Aided,Rural,3,Co-Ed,1,1,0,1,0,1,1,1,1,1,0,0,0,0,0,1,0,0,0,1,0,1,1,1,1,0,0,0,1,0,0
2017-18,29,Karnataka,2932,RAMANAGARA,293208,KANAKAPURA,1,PS (I-V),5,Private Unaided (Recognized),Rural,3,Co-Ed,11,11,0,3,0,7,7,6,6,6,0,0,0,0,5,7,0,0,0,5,2,7,4,7,6,0,4,0,7,0,0
2017-18,29,Karnataka,2932,RAMANAGARA,293208,KANAKAPURA,1,PS (I-V),90,Social welfare Department,Rural,3,Co-Ed,1,1,0,0,0,1,1,1,1,1,0,0,0,0,0,0,0,0,0,0,0,1,1,1,1,0,0,0,1,0,0
2017-18,29,Karnataka,2932,RAMANAGARA,293208,KANAKAPURA,1,PS (I-V),1,Department of Education,Urban,3,Co-Ed,2,2,0,0,0,2,2,2,2,2,0,0,0,0,0,0,0,0,0,1,0,2,2,2,2,0,0,0,2,0,0
2017-18,29,Karnataka,2932,RAMANAGARA,293208,KANAKAPURA,1,PS (I-V),5,Private Unaided (Recognized),Urban,3,Co-Ed,2,2,0,1,0,1,1,1,1,1,0,0,0,0,1,1,0,0,0,1,1,1,0,0,1,0,0,0,1,0,0
2017-18,29,Karnataka,2932,RAMANAGARA,293208,KANAKAPURA,6,SS (I-X),1,Department of Education,Rural,3,Co-Ed,24,24,0,19,0,24,24,24,24,24,0,0,0,0,12,5,0,0,0,14,0,24,23,23,14,0,5,0,24,0,0
2017-18,29,Karnataka,2932,RAMANAGARA,293208,KANAKAPURA,6,SS (I-X),5,Private Unaided (Recognized),Rural,3,Co-Ed,10,10,0,10,0,10,10,10,10,10,0,0,0,0,6,10,0,2,0,9,2,10,10,10,10,1,1,0,10,0,0
2017-18,29,Karnataka,2932,RAMANAGARA,293208,KANAKAPURA,6,SS (I-X),1,Department of Education,Urban,3,Co-Ed,2,2,0,2,0,2,2,2,2,2,0,0,0,0,2,1,0,0,0,1,0,2,2,2,2,0,0,0,2,0,0
2017-18,29,Karnataka,2932,RAMANAGARA,293208,KANAKAPURA,6,SS (I-X),5,Private Unaided (Recognized),Urban,3,Co-Ed,2,2,0,2,0,2,2,2,2,2,0,0,0,0,1,2,0,0,0,2,0,2,2,2,2,0,0,0,2,0,0
2017-18,29,Karnataka,2932,RAMANAGARA,293208,KANAKAPURA,8,SS (IX-X),4,Government Aided,Urban,1,Boys,1,1,0,1,0,1,1,1,0,1,0,0,0,0,1,1,0,1,0,1,1,1,1,1,1,0,0,0,1,0,0
2017-18,29,Karnataka,2932,RAMANAGARA,293208,KANAKAPURA,8,SS (IX-X),1,Department of Education,Urban,2,Girls,1,1,0,1,0,1,1,0,1,1,0,0,0,0,0,1,0,0,0,1,0,1,1,1,1,0,0,0,1,0,0
2017-18,29,Karnataka,2932,RAMANAGARA,293208,KANAKAPURA,8,SS (IX-X),4,Government Aided,Urban,2,Girls,1,1,0,1,0,1,1,0,1,1,0,0,0,0,1,1,0,1,0,1,0,1,1,1,1,0,0,0,1,0,0
2017-18,29,Karnataka,2932,RAMANAGARA,293208,KANAKAPURA,8,SS (IX-X),5,Private Unaided (Recognized),Urban,2,Girls,1,1,0,1,0,1,1,0,1,1,0,0,0,0,1,0,0,1,0,1,0,1,1,1,1,0,0,0,1,0,0
2017-18,29,Karnataka,2932,RAMANAGARA,293208,KANAKAPURA,8,SS (IX-X),1,Department of Education,Rural,3,Co-Ed,28,28,0,21,0,26,26,28,28,28,0,0,0,0,16,18,0,0,0,26,2,28,28,28,22,2,3,0,28,0,0
2017-18,29,Karnataka,2932,RAMANAGARA,293208,KANAKAPURA,8,SS (IX-X),4,Government Aided,Rural,3,Co-Ed,14,14,0,9,0,14,14,14,14,14,0,0,0,0,7,13,0,2,0,14,1,14,14,14,13,1,2,0,14,0,0
2017-18,29,Karnataka,2932,RAMANAGARA,293208,KANAKAPURA,8,SS (IX-X),5,Private Unaided (Recognized),Rural,3,Co-Ed,8,8,0,8,0,8,8,8,8,8,0,0,0,0,7,8,0,4,0,8,3,8,8,8,8,1,1,0,8,0,0
2017-18,29,Karnataka,2932,RAMANAGARA,293208,KANAKAPURA,8,SS (IX-X),1,Department of Education,Urban,3,Co-Ed,1,1,0,1,0,1,1,1,1,1,0,0,0,0,0,1,0,0,0,1,0,1,1,1,1,0,0,0,1,0,0
2017-18,29,Karnataka,2932,RAMANAGARA,293208,KANAKAPURA,8,SS (IX-X),4,Government Aided,Urban,3,Co-Ed,1,1,0,0,0,1,1,1,1,1,0,0,0,0,0,0,0,0,0,1,0,1,1,1,1,0,0,0,1,0,0
2017-18,29,Karnataka,2932,RAMANAGARA,293208,KANAKAPURA,8,SS (IX-X),5,Private Unaided (Recognized),Urban,3,Co-Ed,7,7,0,7,0,7,7,7,7,7,0,0,0,0,6,7,0,3,0,5,2,7,7,7,7,2,1,0,7,0,0
2017-18,29,Karnataka,2932,RAMANAGARA,293208,KANAKAPURA,7,SS (VI-X),90,Social welfare Department,Rural,2,Girls,2,2,0,1,0,1,1,0,1,1,0,0,0,0,0,1,0,1,0,0,0,1,1,1,1,0,0,0,1,0,0
2017-18,29,Karnataka,2932,RAMANAGARA,293208,KANAKAPURA,7,SS (VI-X),1,Department of Education,Rural,3,Co-Ed,1,0,0,0,0,1,1,1,1,1,0,0,0,0,1,1,0,0,0,1,0,1,1,0,1,0,0,0,1,0,0
2017-18,29,Karnataka,2932,RAMANAGARA,293208,KANAKAPURA,7,SS (VI-X),90,Social welfare Department,Rural,3,Co-Ed,6,6,0,5,0,5,5,5,5,5,0,0,0,0,2,5,0,3,0,3,0,5,5,5,5,1,0,0,5,0,0
2017-18,29,Karnataka,2932,RAMANAGARA,293208,KANAKAPURA,2,UPS (I-VIII),1,Department of Education,Urban,1,Boys,1,1,0,1,0,1,1,1,0,1,0,0,0,0,0,1,0,0,0,0,0,1,1,1,0,0,0,0,1,0,0
2017-18,29,Karnataka,2932,RAMANAGARA,293208,KANAKAPURA,2,UPS (I-VIII),5,Private Unaided (Recognized),Urban,1,Boys,1,0,0,1,0,1,1,1,0,1,0,0,0,0,0,0,0,0,0,1,0,1,1,1,1,0,0,0,1,0,0
2017-18,29,Karnataka,2932,RAMANAGARA,293208,KANAKAPURA,2,UPS (I-VIII),1,Department of Education,Urban,2,Girls,1,1,0,1,0,1,1,0,1,1,0,0,0,0,1,1,0,0,0,1,0,1,1,1,1,0,0,0,1,0,0
2017-18,29,Karnataka,2932,RAMANAGARA,293208,KANAKAPURA,2,UPS (I-VIII),1,Department of Education,Rural,3,Co-Ed,102,102,0,45,0,99,101,101,101,101,0,0,0,0,54,31,0,0,0,73,2,102,100,102,47,0,17,0,102,0,0
2017-18,29,Karnataka,2932,RAMANAGARA,293208,KANAKAPURA,2,UPS (I-VIII),4,Government Aided,Rural,3,Co-Ed,4,4,0,4,0,4,4,4,4,4,0,0,0,0,2,4,0,0,0,4,0,4,4,4,4,0,1,0,4,0,0
2017-18,29,Karnataka,2932,RAMANAGARA,293208,KANAKAPURA,2,UPS (I-VIII),5,Private Unaided (Recognized),Rural,3,Co-Ed,11,11,0,8,0,11,11,11,11,11,0,0,0,0,4,9,0,0,0,9,3,10,8,10,11,0,3,0,11,0,0
2017-18,29,Karnataka,2932,RAMANAGARA,293208,KANAKAPURA,2,UPS (I-VIII),1,Department of Education,Urban,3,Co-Ed,6,6,0,5,0,5,5,5,5,5,0,0,0,0,3,0,0,0,0,4,0,6,5,6,4,0,0,0,6,0,0
2017-18,29,Karnataka,2932,RAMANAGARA,293208,KANAKAPURA,2,UPS (I-VIII),4,Government Aided,Urban,3,Co-Ed,4,4,0,2,0,4,4,4,4,4,0,0,0,0,2,4,0,0,0,3,0,4,4,4,4,0,0,0,4,0,0
2017-18,29,Karnataka,2932,RAMANAGARA,293208,KANAKAPURA,2,UPS (I-VIII),5,Private Unaided (Recognized),Urban,3,Co-Ed,17,16,0,17,0,17,17,17,17,17,0,0,0,0,9,17,0,1,0,10,1,17,17,17,17,0,1,0,17,0,0
2017-18,29,Karnataka,2932,RAMANAGARA,293208,KANAKAPURA,4,UPS (VI-VIII),4,Government Aided,Rural,3,Co-Ed,1,1,0,1,0,1,1,1,1,1,0,0,0,0,0,1,0,0,0,1,0,1,1,1,1,0,0,0,1,0,0
2017-18,29,Karnataka,2932,RAMANAGARA,293208,KANAKAPURA,4,UPS (VI-VIII),5,Private Unaided (Recognized),Rural,3,Co-Ed,2,2,0,0,0,1,1,1,1,1,0,0,0,0,0,1,0,0,0,1,0,1,1,0,1,0,0,0,1,0,0
