Academic_Year,State_Code,State_Name,District_Code,District_Name,Block_Code,Udise_Block_Name,School_Category_Id,School_Category_Name,School_Management_Id,School_Management_Name,Location,School_Type_Id,School_Type,Total_Number_of_Schools,Building,Complete_Medical_Checkup,Computer_Available,Functional_Drinking_Water,Drinking_Water,Functional_Electricity,Functional_Boy_Toilet,Functional_Girl_Toilet,Functional_Toilet_Facility,Functional_Toilet_and_Urinal,Functional_Urinal,Functional_Urinal_Boy,Functional_Urinal_Girl,Handwash,Separate_Room_for_Headmaster,Incinerator,Internet,Kitchen_Garden,Land_Available,Librarian,Library_or_Reading_Corner_or_Book_Bank,Medical_Checkup,Newspaper,Playground,Rain_Water_Harvesting,Ramps,Solar_Panel,Furniture,Water_Purifier,Water_Tested
2017-18,29,Karnataka,2905,BIDAR,290501,AURAD,8,SS (IX-X),1,Department of Education,Rural,1,Boys,1,1,0,1,0,1,1,1,0,1,0,0,0,0,1,1,0,0,0,0,1,1,1,1,1,0,1,0,1,0,0
2017-18,29,Karnataka,2905,BIDAR,290501,AURAD,11,HSS (XI-XII),5,Private Unaided (Recognized),Urban,2,Girls,1,1,0,0,0,1,1,0,1,1,0,0,0,0,1,1,0,0,0,1,0,1,1,0,1,0,1,0,1,0,0
2017-18,29,Karnataka,2905,BIDAR,290501,AURAD,11,HSS (XI-XII),1,Department of Education,Rural,3,Co-Ed,1,1,0,0,0,1,1,1,1,1,0,0,0,0,1,0,0,1,0,1,0,1,1,1,1,0,1,0,1,0,0
2017-18,29,Karnataka,2905,BIDAR,290501,AURAD,11,HSS (XI-XII),4,Government Aided,Rural,3,Co-Ed,3,3,0,0,0,3,2,3,3,3,0,0,0,0,2,3,0,0,0,3,1,2,2,2,2,0,3,0,3,0,0
2017-18,29,Karnataka,2905,BIDAR,290501,AURAD,11,HSS (XI-XII),5,Private Unaided (Recognized),Rural,3,Co-Ed,6,6,0,0,0,5,5,5,5,5,0,0,0,0,5,5,0,0,0,5,2,5,5,5,5,0,5,0,5,0,0
2017-18,29,Karnataka,2905,BIDAR,290501,AURAD,11,HSS (XI-XII),1,Department of Education,Urban,3,Co-Ed,1,1,0,0,0,1,1,1,1,1,0,0,0,0,0,0,0,0,0,0,0,0,0,0,1,0,1,0,1,0,0
2017-18,29,Karnataka,2905,BIDAR,290501,AURAD,11,HSS (XI-XII),4,Government Aided,Urban,3,Co-Ed,2,2,0,0,0,2,2,2,2,2,0,0,0,0,2,2,0,1,0,2,1,2,1,2,2,0,2,0,2,0,0
2017-18,29,Karnataka,2905,BIDAR,290501,AURAD,11,HSS (XI-XII),5,Private Unaided (Recognized),Urban,3,Co-Ed,3,3,0,0,0,0,0,0,0,0,0,0,0,0,0,0,0,0,0,0,0,0,0,0,0,0,0,0,0,0,0
2017-18,29,Karnataka,2905,BIDAR,290501,AURAD,1,PS (I-V),1,Department of Education,Rural,3,Co-Ed,155,155,0,4,0,154,153,154,154,154,0,0,0,0,142,37,0,0,0,119,0,154,155,20,152,0,152,0,144,0,0
2017-18,29,Karnataka,2905,BIDAR,290501,AURAD,1,PS (I-V),4,Government Aided,Rural,3,Co-Ed,2,2,0,0,0,2,1,2,2,2,0,0,0,0,2,2,0,0,0,2,0,0,1,2,2,0,2,0,2,0,0
2017-18,29,Karnataka,2905,BIDAR,290501,AURAD,1,PS (I-V),5,Private Unaided (Recognized),Rural,3,Co-Ed,23,23,0,3,0,21,21,21,21,21,0,0,0,0,16,12,0,0,0,14,14,17,15,14,16,0,17,0,21,0,0
2017-18,29,Karnataka,2905,BIDAR,290501,AURAD,1,PS (I-V),97,Madarsa recognized (by Wakf board/Madarsa Board) ,Rural,3,Co-Ed,1,1,0,0,0,0,0,0,0,0,0,0,0,0,0,0,0,0,0,0,0,0,0,0,0,0,0,0,0,0,0
2017-18,29,Karnataka,2905,BIDAR,290501,AURAD,1,PS (I-V),1,Department of Education,Urban,3,Co-Ed,6,6,0,0,0,6,6,6,6,6,0,0,0,0,6,1,0,0,0,4,0,6,6,0,4,0,6,0,6,0,0
2017-18,29,Karnataka,2905,BIDAR,290501,AURAD,1,PS (I-V),5,Private Unaided (Recognized),Urban,3,Co-Ed,7,7,0,2,0,5,5,5,5,5,0,0,0,0,4,3,0,0,0,3,3,4,3,3,3,0,4,0,4,0,0
2017-18,29,Karnataka,2905,BIDAR,290501,AURAD,6,SS (I-X),1,Department of Education,Rural,3,Co-Ed,60,60,0,15,0,60,60,60,60,60,0,0,0,0,60,32,0,0,0,45,0,60,60,21,58,0,60,0,60,0,0
2017-18,29,Karnataka,2905,BIDAR,290501,AURAD,6,SS (I-X),4,Government Aided,Rural,3,Co-Ed,1,1,0,0,0,1,0,1,1,1,0,0,0,0,1,1,0,0,0,1,0,1,1,1,1,0,1,0,1,0,0
2017-18,29,Karnataka,2905,BIDAR,290501,AURAD,6,SS (I-X),5,Private Unaided (Recognized),Rural,3,Co-Ed,7,6,0,5,0,7,7,7,7,7,0,0,0,0,6,6,0,0,0,5,1,7,7,5,7,0,2,0,7,0,0
2017-18,29,Karnataka,2905,BIDAR,290501,AURAD,6,SS (I-X),1,Department of Education,Urban,3,Co-Ed,1,1,0,1,0,1,1,1,1,1,0,0,0,0,1,1,0,0,0,1,0,1,1,0,1,0,0,0,1,0,0
2017-18,29,Karnataka,2905,BIDAR,290501,AURAD,6,SS (I-X),5,Private Unaided (Recognized),Urban,3,Co-Ed,3,3,0,2,0,3,3,3,3,3,0,0,0,0,2,2,0,0,0,1,1,3,1,3,3,0,1,0,3,0,0
2017-18,29,Karnataka,2905,BIDAR,290501,AURAD,8,SS (IX-X),1,Department of Education,Rural,2,Girls,2,2,0,1,0,2,2,0,2,2,0,0,0,0,2,2,0,0,0,1,1,2,2,2,2,0,2,0,2,0,0
2017-18,29,Karnataka,2905,BIDAR,290501,AURAD,8,SS (IX-X),4,Government Aided,Rural,2,Girls,1,1,0,0,0,1,1,0,1,1,0,0,0,0,1,0,0,0,0,0,0,1,1,1,1,0,1,0,1,0,0
2017-18,29,Karnataka,2905,BIDAR,290501,AURAD,8,SS (IX-X),4,Government Aided,Urban,2,Girls,1,1,0,1,0,1,1,0,1,1,0,0,0,0,1,0,0,0,0,1,0,1,1,1,1,0,1,0,1,0,0
2017-18,29,Karnataka,2905,BIDAR,290501,AURAD,8,SS (IX-X),1,Department of Education,Rural,3,Co-Ed,23,23,0,17,0,23,23,23,23,23,0,0,0,0,23,15,0,6,0,20,0,23,23,15,23,1,23,0,23,0,0
2017-18,29,Karnataka,2905,BIDAR,290501,AURAD,8,SS (IX-X),4,Government Aided,Rural,3,Co-Ed,15,15,0,5,0,15,15,15,15,15,0,0,0,0,13,11,0,0,0,15,1,15,13,10,15,0,14,0,15,0,0
2017-18,29,Karnataka,2905,BIDAR,290501,AURAD,8,SS (IX-X),5,Private Unaided (Recognized),Rural,3,Co-Ed,6,6,0,2,0,6,6,6,6,6,0,0,0,0,4,3,0,1,0,5,1,5,3,4,6,1,0,0,6,0,0
2017-18,29,Karnataka,2905,BIDAR,290501,AURAD,8,SS (IX-X),1,Department of Education,Urban,3,Co-Ed,1,1,0,1,0,1,1,1,1,1,0,0,0,0,1,1,0,0,0,1,0,1,1,1,1,0,1,0,1,0,0
2017-18,29,Karnataka,2905,BIDAR,290501,AURAD,8,SS (IX-X),4,Government Aided,Urban,3,Co-Ed,3,3,0,1,0,3,3,3,3,3,0,0,0,0,3,2,0,1,0,3,1,3,3,3,3,0,3,0,3,0,0
2017-18,29,Karnataka,2905,BIDAR,290501,AURAD,8,SS (IX-X),5,Private Unaided (Recognized),Urban,3,Co-Ed,3,3,0,1,0,3,3,3,3,3,0,0,0,0,2,2,0,0,0,3,0,3,3,3,3,0,1,0,3,0,0
2017-18,29,Karnataka,2905,BIDAR,290501,AURAD,7,SS (VI-X),90,Social welfare Department,Rural,2,Girls,2,2,0,0,0,0,0,0,0,0,0,0,0,0,0,0,0,0,0,0,0,0,0,0,0,0,0,0,0,0,0
2017-18,29,Karnataka,2905,BIDAR,290501,AURAD,7,SS (VI-X),1,Department of Education,Urban,2,Girls,1,1,0,1,0,1,1,0,1,1,0,0,0,0,1,1,0,0,0,1,0,1,1,1,1,0,1,0,1,0,0
2017-18,29,Karnataka,2905,BIDAR,290501,AURAD,7,SS (VI-X),90,Social welfare Department,Urban,2,Girls,1,1,0,0,0,1,1,0,1,1,0,0,0,0,1,0,0,0,0,1,0,0,1,0,1,0,1,0,1,0,0
2017-18,29,Karnataka,2905,BIDAR,290501,AURAD,7,SS (VI-X),90,Social welfare Department,Rural,3,Co-Ed,3,3,0,1,0,1,1,1,1,1,0,0,0,0,1,1,0,0,0,1,0,1,1,1,1,0,1,0,1,0,0
2017-18,29,Karnataka,2905,BIDAR,290501,AURAD,7,SS (VI-X),1,Department of Education,Urban,3,Co-Ed,1,1,0,0,0,1,1,1,1,1,0,0,0,0,1,0,0,0,0,1,0,1,1,0,1,0,1,0,1,0,0
2017-18,29,Karnataka,2905,BIDAR,290501,AURAD,7,SS (VI-X),90,Social welfare Department,Urban,3,Co-Ed,1,1,0,0,0,1,1,1,1,1,0,0,0,0,1,1,0,0,0,0,0,0,1,0,1,0,1,0,1,0,0
2017-18,29,Karnataka,2905,BIDAR,290501,AURAD,2,UPS (I-VIII),1,Department of Education,Rural,1,Boys,1,1,0,1,0,1,1,1,0,1,0,0,0,0,1,1,0,0,0,0,0,1,1,0,1,0,1,0,1,0,0
2017-18,29,Karnataka,2905,BIDAR,290501,AURAD,2,UPS (I-VIII),1,Department of Education,Rural,2,Girls,1,1,0,0,0,1,1,0,1,1,0,0,0,0,1,0,0,0,0,0,0,1,1,0,1,0,1,0,1,0,0
2017-18,29,Karnataka,2905,BIDAR,290501,AURAD,2,UPS (I-VIII),1,Department of Education,Rural,3,Co-Ed,64,64,0,11,0,63,64,64,64,64,0,0,0,0,63,16,0,0,0,42,0,64,64,12,61,0,62,0,64,0,0
2017-18,29,Karnataka,2905,BIDAR,290501,AURAD,2,UPS (I-VIII),4,Government Aided,Rural,3,Co-Ed,14,14,0,0,0,14,13,14,14,14,0,0,0,0,14,7,0,0,0,13,0,14,12,7,14,0,14,0,13,0,0
2017-18,29,Karnataka,2905,BIDAR,290501,AURAD,2,UPS (I-VIII),5,Private Unaided (Recognized),Rural,3,Co-Ed,15,15,0,3,0,15,11,15,15,15,0,0,0,0,8,13,0,0,0,10,0,11,14,11,12,0,5,0,15,0,0
2017-18,29,Karnataka,2905,BIDAR,290501,AURAD,2,UPS (I-VIII),1,Department of Education,Urban,3,Co-Ed,3,3,0,2,0,3,3,3,3,3,0,0,0,0,3,2,0,0,0,2,0,3,3,1,3,0,3,0,3,0,0
2017-18,29,Karnataka,2905,BIDAR,290501,AURAD,2,UPS (I-VIII),4,Government Aided,Urban,3,Co-Ed,6,6,0,2,0,6,6,6,6,6,0,0,0,0,6,5,0,0,0,2,0,6,5,1,6,0,6,0,6,0,0
2017-18,29,Karnataka,2905,BIDAR,290501,AURAD,2,UPS (I-VIII),5,Private Unaided (Recognized),Urban,3,Co-Ed,5,5,0,3,0,5,4,5,5,5,0,0,0,0,2,4,0,0,0,3,1,5,4,3,4,0,0,0,5,0,0
2017-18,29,Karnataka,2905,BIDAR,290502,BASAVAKALYAN,3,HSS (I-XII),5,Private Unaided (Recognized),Rural,3,Co-Ed,1,1,0,1,0,1,1,1,1,1,0,0,0,0,0,1,0,0,0,1,0,1,1,1,1,0,1,0,1,0,0
2017-18,29,Karnataka,2905,BIDAR,290502,BASAVAKALYAN,10,HSS (IX-XII),5,Private Unaided (Recognized),Urban,3,Co-Ed,1,1,0,1,0,0,1,1,1,1,0,0,0,0,0,0,0,0,0,0,0,0,0,0,0,0,1,0,1,0,0
2017-18,29,Karnataka,2905,BIDAR,290502,BASAVAKALYAN,5,HSS (VI-XII),4,Government Aided,Rural,3,Co-Ed,1,1,0,0,0,1,1,1,1,1,0,0,0,0,1,1,0,0,0,1,1,1,1,1,1,0,0,0,1,0,0
2017-18,29,Karnataka,2905,BIDAR,290502,BASAVAKALYAN,5,HSS (VI-XII),90,Social welfare Department,Urban,3,Co-Ed,1,1,0,0,0,0,0,0,0,0,0,0,0,0,0,0,0,0,0,0,0,0,0,0,0,0,0,0,0,0,0
2017-18,29,Karnataka,2905,BIDAR,290502,BASAVAKALYAN,11,HSS (XI-XII),1,Department of Education,Urban,1,Boys,1,1,0,0,0,1,1,1,0,1,0,0,0,0,1,1,0,0,0,1,1,1,1,1,1,0,1,0,1,0,0
2017-18,29,Karnataka,2905,BIDAR,290502,BASAVAKALYAN,11,HSS (XI-XII),1,Department of Education,Urban,2,Girls,1,1,0,0,0,1,1,0,1,1,0,0,0,0,1,1,0,1,0,1,1,1,1,1,1,0,1,0,1,0,0
2017-18,29,Karnataka,2905,BIDAR,290502,BASAVAKALYAN,11,HSS (XI-XII),5,Private Unaided (Recognized),Urban,2,Girls,1,1,0,0,0,1,1,0,1,1,0,0,0,0,1,0,0,0,0,0,0,1,0,0,1,0,1,0,1,0,0
2017-18,29,Karnataka,2905,BIDAR,290502,BASAVAKALYAN,11,HSS (XI-XII),1,Department of Education,Rural,3,Co-Ed,1,1,0,0,0,1,1,1,1,1,0,0,0,0,1,0,0,0,0,1,0,0,1,1,0,0,1,0,1,0,0
2017-18,29,Karnataka,2905,BIDAR,290502,BASAVAKALYAN,11,HSS (XI-XII),4,Government Aided,Rural,3,Co-Ed,2,2,0,0,0,2,2,2,2,2,0,0,0,0,1,1,0,0,0,1,1,2,1,1,2,0,2,0,2,0,0
2017-18,29,Karnataka,2905,BIDAR,290502,BASAVAKALYAN,11,HSS (XI-XII),5,Private Unaided (Recognized),Rural,3,Co-Ed,3,3,0,1,0,2,2,2,2,2,0,0,0,0,2,2,0,0,0,1,1,2,1,1,1,0,2,0,2,0,0
2017-18,29,Karnataka,2905,BIDAR,290502,BASAVAKALYAN,11,HSS (XI-XII),1,Department of Education,Urban,3,Co-Ed,1,1,0,0,0,1,0,1,1,1,0,0,0,0,1,1,0,0,0,0,0,0,0,1,1,0,1,0,1,0,0
2017-18,29,Karnataka,2905,BIDAR,290502,BASAVAKALYAN,11,HSS (XI-XII),4,Government Aided,Urban,3,Co-Ed,1,1,0,0,0,1,1,1,1,1,0,0,0,0,1,1,0,1,0,1,1,1,1,1,1,0,1,0,1,0,0
2017-18,29,Karnataka,2905,BIDAR,290502,BASAVAKALYAN,11,HSS (XI-XII),5,Private Unaided (Recognized),Urban,3,Co-Ed,18,18,0,3,0,11,8,11,11,11,0,0,0,0,10,8,0,3,0,8,6,10,8,8,8,1,11,0,11,0,0
2017-18,29,Karnataka,2905,BIDAR,290502,BASAVAKALYAN,1,PS (I-V),1,Department of Education,Rural,3,Co-Ed,74,74,0,0,0,74,74,74,74,74,0,0,0,0,69,34,0,0,0,44,0,74,74,11,34,0,39,0,52,0,0
2017-18,29,Karnataka,2905,BIDAR,290502,BASAVAKALYAN,1,PS (I-V),5,Private Unaided (Recognized),Rural,3,Co-Ed,21,21,0,7,0,17,10,17,17,17,0,0,0,0,10,11,0,0,0,10,3,8,6,9,9,0,13,0,16,0,0
2017-18,29,Karnataka,2905,BIDAR,290502,BASAVAKALYAN,1,PS (I-V),1,Department of Education,Urban,3,Co-Ed,2,2,0,0,0,2,2,2,2,2,0,0,0,0,2,2,0,0,0,1,0,2,2,0,1,0,2,0,1,0,0
2017-18,29,Karnataka,2905,BIDAR,290502,BASAVAKALYAN,1,PS (I-V),5,Private Unaided (Recognized),Urban,3,Co-Ed,32,32,0,11,0,21,18,28,28,28,0,0,0,0,16,13,0,0,0,15,4,15,8,13,12,0,24,0,28,0,0
2017-18,29,Karnataka,2905,BIDAR,290502,BASAVAKALYAN,6,SS (I-X),1,Department of Education,Rural,3,Co-Ed,75,75,0,20,0,75,75,75,75,75,0,0,0,0,73,44,0,3,0,56,1,75,73,12,53,3,40,0,75,0,0
2017-18,29,Karnataka,2905,BIDAR,290502,BASAVAKALYAN,6,SS (I-X),5,Private Unaided (Recognized),Rural,3,Co-Ed,10,10,0,5,0,10,9,10,10,10,0,0,0,0,0,9,0,0,0,6,0,8,7,6,7,0,1,0,10,0,0
2017-18,29,Karnataka,2905,BIDAR,290502,BASAVAKALYAN,6,SS (I-X),5,Private Unaided (Recognized),Urban,3,Co-Ed,8,8,0,2,0,6,6,6,6,6,0,0,0,0,0,5,0,0,0,1,0,5,4,3,4,0,0,0,6,0,0
2017-18,29,Karnataka,2905,BIDAR,290502,BASAVAKALYAN,8,SS (IX-X),1,Department of Education,Rural,2,Girls,1,1,0,1,0,1,1,0,1,1,0,0,0,0,1,1,0,0,0,0,0,1,0,1,0,0,0,0,1,0,0
2017-18,29,Karnataka,2905,BIDAR,290502,BASAVAKALYAN,8,SS (IX-X),1,Department of Education,Urban,2,Girls,1,1,0,1,0,1,1,0,1,1,0,0,0,0,1,1,0,0,0,1,0,1,1,1,0,0,1,0,1,0,0
2017-18,29,Karnataka,2905,BIDAR,290502,BASAVAKALYAN,8,SS (IX-X),4,Government Aided,Urban,2,Girls,3,3,0,1,0,3,3,0,3,3,0,0,0,0,2,3,0,1,0,2,0,3,2,2,2,0,0,0,3,0,0
2017-18,29,Karnataka,2905,BIDAR,290502,BASAVAKALYAN,8,SS (IX-X),5,Private Unaided (Recognized),Urban,2,Girls,1,1,0,0,0,1,1,0,1,1,0,0,0,0,0,1,0,0,0,0,0,1,1,0,1,0,0,0,1,0,0
2017-18,29,Karnataka,2905,BIDAR,290502,BASAVAKALYAN,8,SS (IX-X),1,Department of Education,Rural,3,Co-Ed,27,27,0,21,0,26,27,27,27,27,0,0,0,0,25,17,0,4,0,25,1,27,26,20,18,1,13,0,27,0,0
2017-18,29,Karnataka,2905,BIDAR,290502,BASAVAKALYAN,8,SS (IX-X),4,Government Aided,Rural,3,Co-Ed,13,13,0,1,0,13,13,13,13,13,0,0,0,0,9,11,0,1,0,11,0,12,11,11,12,1,5,0,13,0,0
2017-18,29,Karnataka,2905,BIDAR,290502,BASAVAKALYAN,8,SS (IX-X),5,Private Unaided (Recognized),Rural,3,Co-Ed,13,13,0,5,0,7,10,10,10,10,0,0,0,0,3,7,0,2,0,4,4,8,8,6,7,3,4,0,10,0,0
2017-18,29,Karnataka,2905,BIDAR,290502,BASAVAKALYAN,8,SS (IX-X),1,Department of Education,Urban,3,Co-Ed,1,1,0,1,0,1,1,1,1,1,0,0,0,0,0,0,0,0,0,1,0,1,1,1,1,0,1,0,1,0,0
2017-18,29,Karnataka,2905,BIDAR,290502,BASAVAKALYAN,8,SS (IX-X),4,Government Aided,Urban,3,Co-Ed,4,4,0,3,0,4,4,4,4,4,0,0,0,0,3,4,0,1,0,2,0,4,3,2,3,1,0,0,4,0,0
2017-18,29,Karnataka,2905,BIDAR,290502,BASAVAKALYAN,8,SS (IX-X),5,Private Unaided (Recognized),Urban,3,Co-Ed,21,21,0,12,0,16,19,19,19,19,0,0,0,0,6,12,0,5,0,9,2,15,10,13,14,1,10,0,19,0,0
2017-18,29,Karnataka,2905,BIDAR,290502,BASAVAKALYAN,7,SS (VI-X),1,Department of Education,Rural,2,Girls,1,1,0,0,0,1,1,0,1,1,0,0,0,0,1,0,0,0,0,1,0,1,1,1,0,0,1,0,1,0,0
2017-18,29,Karnataka,2905,BIDAR,290502,BASAVAKALYAN,7,SS (VI-X),90,Social welfare Department,Rural,2,Girls,1,1,0,1,0,1,1,0,1,1,0,0,0,0,1,1,0,0,0,1,1,1,0,0,0,0,1,0,1,0,0
2017-18,29,Karnataka,2905,BIDAR,290502,BASAVAKALYAN,7,SS (VI-X),1,Department of Education,Rural,3,Co-Ed,1,1,0,0,0,1,1,1,1,1,0,0,0,0,1,1,0,0,0,1,0,1,1,1,0,0,1,0,1,0,0
2017-18,29,Karnataka,2905,BIDAR,290502,BASAVAKALYAN,7,SS (VI-X),90,Social welfare Department,Rural,3,Co-Ed,6,6,0,3,0,3,3,3,3,3,0,0,0,0,2,3,0,0,0,2,1,3,3,3,2,0,1,0,3,0,0
2017-18,29,Karnataka,2905,BIDAR,290502,BASAVAKALYAN,7,SS (VI-X),5,Private Unaided (Recognized),Urban,3,Co-Ed,1,1,0,1,0,1,1,1,1,1,0,0,0,0,0,1,0,0,0,1,0,1,1,1,1,0,1,0,1,0,0
2017-18,29,Karnataka,2905,BIDAR,290502,BASAVAKALYAN,2,UPS (I-VIII),1,Department of Education,Rural,1,Boys,1,1,0,0,0,1,1,1,0,1,0,0,0,0,1,1,0,0,0,1,0,1,1,0,0,0,0,0,1,0,0
2017-18,29,Karnataka,2905,BIDAR,290502,BASAVAKALYAN,2,UPS (I-VIII),1,Department of Education,Rural,2,Girls,1,1,0,1,0,1,1,0,1,1,0,0,0,0,1,1,0,0,0,1,0,1,1,1,1,0,0,0,1,0,0
2017-18,29,Karnataka,2905,BIDAR,290502,BASAVAKALYAN,2,UPS (I-VIII),1,Department of Education,Rural,3,Co-Ed,70,70,0,11,0,70,70,70,70,70,0,0,0,0,70,33,0,0,0,52,2,70,69,14,44,0,44,0,70,0,0
2017-18,29,Karnataka,2905,BIDAR,290502,BASAVAKALYAN,2,UPS (I-VIII),4,Government Aided,Rural,3,Co-Ed,13,13,0,2,0,13,12,13,13,13,0,0,0,0,8,12,0,1,0,11,0,12,10,8,13,1,3,0,13,0,0
2017-18,29,Karnataka,2905,BIDAR,290502,BASAVAKALYAN,2,UPS (I-VIII),5,Private Unaided (Recognized),Rural,3,Co-Ed,25,25,0,6,0,23,15,23,23,23,0,0,0,0,7,16,0,0,0,14,0,17,13,11,15,0,9,0,21,0,0
2017-18,29,Karnataka,2905,BIDAR,290502,BASAVAKALYAN,2,UPS (I-VIII),1,Department of Education,Urban,3,Co-Ed,9,9,0,5,0,9,9,9,9,9,0,0,0,0,9,4,0,0,0,2,0,9,9,3,1,0,9,0,9,0,0
2017-18,29,Karnataka,2905,BIDAR,290502,BASAVAKALYAN,2,UPS (I-VIII),4,Government Aided,Urban,3,Co-Ed,14,14,0,2,0,14,11,14,14,14,0,0,0,0,11,14,0,0,0,9,0,14,14,9,14,0,6,0,14,0,0
2017-18,29,Karnataka,2905,BIDAR,290502,BASAVAKALYAN,2,UPS (I-VIII),5,Private Unaided (Recognized),Urban,3,Co-Ed,28,28,0,13,0,24,21,28,28,28,0,0,0,0,7,18,0,0,0,7,2,22,18,13,18,0,14,0,27,0,0
2017-18,29,Karnataka,2905,BIDAR,290503,BHALKI,11,HSS (XI-XII),4,Government Aided,Urban,2,Girls,1,1,0,0,0,1,1,0,1,1,0,0,0,0,1,0,0,1,0,0,0,1,0,0,1,0,0,0,1,0,0
2017-18,29,Karnataka,2905,BIDAR,290503,BHALKI,11,HSS (XI-XII),1,Department of Education,Rural,3,Co-Ed,3,3,0,0,0,3,3,3,3,3,0,0,0,0,1,3,0,0,0,3,2,2,2,3,3,0,3,0,3,0,0
2017-18,29,Karnataka,2905,BIDAR,290503,BHALKI,11,HSS (XI-XII),4,Government Aided,Rural,3,Co-Ed,1,1,0,0,0,1,1,1,1,1,0,0,0,0,1,0,0,1,0,0,1,1,1,1,1,1,1,0,1,0,0
2017-18,29,Karnataka,2905,BIDAR,290503,BHALKI,11,HSS (XI-XII),5,Private Unaided (Recognized),Rural,3,Co-Ed,7,7,0,1,0,7,6,7,7,7,0,0,0,0,6,6,0,2,0,6,4,5,6,5,5,1,7,0,7,0,0
2017-18,29,Karnataka,2905,BIDAR,290503,BHALKI,11,HSS (XI-XII),1,Department of Education,Urban,3,Co-Ed,1,1,0,1,0,1,0,1,1,1,0,0,0,0,1,1,0,1,0,1,0,1,0,1,1,0,1,0,1,0,0
2017-18,29,Karnataka,2905,BIDAR,290503,BHALKI,11,HSS (XI-XII),4,Government Aided,Urban,3,Co-Ed,3,3,0,0,0,3,1,3,3,3,0,0,0,0,2,1,0,1,0,1,1,2,1,2,1,0,3,0,3,0,0
2017-18,29,Karnataka,2905,BIDAR,290503,BHALKI,11,HSS (XI-XII),5,Private Unaided (Recognized),Urban,3,Co-Ed,9,9,0,1,0,7,6,7,7,7,0,0,0,0,6,6,0,4,0,6,2,6,4,5,5,2,6,0,7,0,0
2017-18,29,Karnataka,2905,BIDAR,290503,BHALKI,1,PS (I-V),5,Private Unaided (Recognized),Urban,1,Boys,1,1,0,0,0,1,1,1,0,1,0,0,0,0,1,0,0,0,0,1,1,0,0,0,1,0,1,0,1,0,0
2017-18,29,Karnataka,2905,BIDAR,290503,BHALKI,1,PS (I-V),1,Department of Education,Rural,3,Co-Ed,91,91,0,2,0,90,90,91,91,91,0,0,0,0,32,50,0,0,0,58,0,91,85,8,49,0,67,0,72,0,0
2017-18,29,Karnataka,2905,BIDAR,290503,BHALKI,1,PS (I-V),4,Government Aided,Rural,3,Co-Ed,3,2,0,0,0,3,3,3,3,3,0,0,0,0,1,3,0,0,0,3,0,2,2,1,2,0,0,0,3,0,0
2017-18,29,Karnataka,2905,BIDAR,290503,BHALKI,1,PS (I-V),5,Private Unaided (Recognized),Rural,3,Co-Ed,20,20,0,3,0,19,12,19,19,19,0,0,0,0,9,10,0,0,0,11,6,10,7,10,13,0,13,0,19,0,0
2017-18,29,Karnataka,2905,BIDAR,290503,BHALKI,1,PS (I-V),1,Department of Education,Urban,3,Co-Ed,3,3,0,0,0,3,3,3,3,3,0,0,0,0,1,3,0,0,0,2,0,3,2,0,1,0,3,0,1,0,0
2017-18,29,Karnataka,2905,BIDAR,290503,BHALKI,1,PS (I-V),4,Government Aided,Urban,3,Co-Ed,3,3,0,0,0,3,2,3,3,3,0,0,0,0,1,1,0,0,0,2,0,2,2,1,3,0,0,0,3,0,0
2017-18,29,Karnataka,2905,BIDAR,290503,BHALKI,1,PS (I-V),5,Private Unaided (Recognized),Urban,3,Co-Ed,13,13,0,7,0,9,9,9,9,9,0,0,0,0,4,8,0,0,0,5,1,9,6,7,6,0,3,0,9,0,0
2017-18,29,Karnataka,2905,BIDAR,290503,BHALKI,6,SS (I-X),1,Department of Education,Rural,3,Co-Ed,52,52,0,13,0,52,52,52,52,52,0,0,0,0,27,35,0,0,0,39,2,52,51,16,43,0,43,0,52,0,0
2017-18,29,Karnataka,2905,BIDAR,290503,BHALKI,6,SS (I-X),5,Private Unaided (Recognized),Rural,3,Co-Ed,4,4,0,2,0,4,3,4,4,4,0,0,0,0,1,4,0,0,0,2,0,2,3,3,3,0,1,0,4,0,0
2017-18,29,Karnataka,2905,BIDAR,290503,BHALKI,6,SS (I-X),1,Department of Education,Urban,3,Co-Ed,1,1,0,0,0,1,1,1,1,1,0,0,0,0,1,0,0,0,0,1,0,1,1,1,1,0,1,0,1,0,0
2017-18,29,Karnataka,2905,BIDAR,290503,BHALKI,6,SS (I-X),5,Private Unaided (Recognized),Urban,3,Co-Ed,4,4,0,2,0,4,3,4,4,4,0,0,0,0,1,4,0,0,0,4,0,2,3,3,4,0,0,0,4,0,0
2017-18,29,Karnataka,2905,BIDAR,290503,BHALKI,8,SS (IX-X),4,Government Aided,Urban,2,Girls,1,1,0,1,0,1,1,0,1,1,0,0,0,0,0,1,0,0,0,1,0,1,1,1,1,0,0,0,1,0,0
2017-18,29,Karnataka,2905,BIDAR,290503,BHALKI,8,SS (IX-X),1,Department of Education,Rural,3,Co-Ed,25,25,0,18,0,25,25,24,25,25,0,0,0,0,13,16,0,5,0,23,1,25,25,23,22,3,19,0,25,0,0
2017-18,29,Karnataka,2905,BIDAR,290503,BHALKI,8,SS (IX-X),4,Government Aided,Rural,3,Co-Ed,13,13,0,3,0,13,11,13,13,13,0,0,0,0,4,13,0,2,0,12,1,13,11,12,13,0,1,0,13,0,0
2017-18,29,Karnataka,2905,BIDAR,290503,BHALKI,8,SS (IX-X),5,Private Unaided (Recognized),Rural,3,Co-Ed,11,11,0,6,0,11,11,11,11,11,0,0,0,0,3,9,0,1,0,10,0,10,7,8,11,0,3,0,11,0,0
2017-18,29,Karnataka,2905,BIDAR,290503,BHALKI,8,SS (IX-X),1,Department of Education,Urban,3,Co-Ed,1,1,0,1,0,1,1,1,1,1,0,0,0,0,0,1,0,0,0,1,0,1,1,1,1,0,1,0,1,0,0
2017-18,29,Karnataka,2905,BIDAR,290503,BHALKI,8,SS (IX-X),4,Government Aided,Urban,3,Co-Ed,6,6,0,4,0,6,6,6,6,6,0,0,0,0,2,6,0,1,0,5,1,5,5,5,5,0,1,0,6,0,0
2017-18,29,Karnataka,2905,BIDAR,290503,BHALKI,8,SS (IX-X),5,Private Unaided (Recognized),Urban,3,Co-Ed,18,18,0,12,0,18,18,18,18,18,0,0,0,0,8,16,0,5,0,14,5,17,12,15,17,1,7,0,17,0,0
2017-18,29,Karnataka,2905,BIDAR,290503,BHALKI,7,SS (VI-X),90,Social welfare Department,Rural,2,Girls,1,1,0,0,0,0,0,0,0,0,0,0,0,0,0,0,0,0,0,0,0,0,0,0,0,0,0,0,0,0,0
2017-18,29,Karnataka,2905,BIDAR,290503,BHALKI,7,SS (VI-X),90,Social welfare Department,Urban,2,Girls,1,1,0,1,0,1,1,0,1,1,0,0,0,0,1,1,0,0,0,0,0,1,1,0,1,0,0,0,1,0,0
2017-18,29,Karnataka,2905,BIDAR,290503,BHALKI,7,SS (VI-X),90,Social welfare Department,Rural,3,Co-Ed,1,1,0,0,0,1,1,1,1,1,0,0,0,0,0,0,0,0,0,0,0,1,0,1,1,0,1,0,1,0,0
2017-18,29,Karnataka,2905,BIDAR,290503,BHALKI,7,SS (VI-X),90,Social welfare Department,Urban,3,Co-Ed,1,1,0,0,0,1,1,1,1,1,0,0,0,0,0,1,0,0,0,0,0,0,1,1,0,0,0,0,1,0,0
2017-18,29,Karnataka,2905,BIDAR,290503,BHALKI,2,UPS (I-VIII),5,Private Unaided (Recognized),Urban,2,Girls,1,1,0,0,0,1,1,0,1,1,0,0,0,0,1,1,0,0,0,1,0,0,0,1,1,0,0,0,1,0,0
2017-18,29,Karnataka,2905,BIDAR,290503,BHALKI,2,UPS (I-VIII),1,Department of Education,Rural,3,Co-Ed,78,78,0,11,0,78,77,78,78,78,0,0,0,0,27,34,0,0,0,46,2,78,75,13,39,0,55,0,78,0,0
2017-18,29,Karnataka,2905,BIDAR,290503,BHALKI,2,UPS (I-VIII),4,Government Aided,Rural,3,Co-Ed,19,19,0,7,0,19,11,19,19,19,0,0,0,0,3,14,0,0,0,16,0,19,14,11,19,0,2,0,19,0,0
2017-18,29,Karnataka,2905,BIDAR,290503,BHALKI,2,UPS (I-VIII),5,Private Unaided (Recognized),Rural,3,Co-Ed,11,11,0,7,0,11,9,11,11,11,0,0,0,0,3,9,0,0,0,10,0,10,9,8,10,0,3,0,10,0,0
2017-18,29,Karnataka,2905,BIDAR,290503,BHALKI,2,UPS (I-VIII),1,Department of Education,Urban,3,Co-Ed,8,8,0,1,0,8,8,8,8,8,0,0,0,0,2,7,0,0,0,6,0,8,8,3,3,0,7,0,8,0,0
2017-18,29,Karnataka,2905,BIDAR,290503,BHALKI,2,UPS (I-VIII),4,Government Aided,Urban,3,Co-Ed,16,16,0,5,0,16,12,16,16,16,0,0,0,0,4,14,0,0,0,12,0,16,11,7,13,0,4,0,15,0,0
2017-18,29,Karnataka,2905,BIDAR,290503,BHALKI,2,UPS (I-VIII),5,Private Unaided (Recognized),Urban,3,Co-Ed,14,14,0,11,0,14,14,14,14,14,0,0,0,0,3,14,0,0,0,10,0,12,9,13,13,0,3,0,14,0,0
2017-18,29,Karnataka,2905,BIDAR,290503,BHALKI,4,UPS (VI-VIII),5,Private Unaided (Recognized),Urban,3,Co-Ed,3,3,0,2,0,2,2,2,2,2,0,0,0,0,1,2,0,0,0,2,0,2,1,2,2,0,1,0,2,0,0
2017-18,29,Karnataka,2905,BIDAR,290504,BIDAR,3,HSS (I-XII),5,Private Unaided (Recognized),Rural,3,Co-Ed,1,1,0,0,0,1,0,1,1,1,0,0,0,0,1,1,0,0,0,0,0,0,1,0,1,0,1,0,1,0,0
2017-18,29,Karnataka,2905,BIDAR,290504,BIDAR,5,HSS (VI-XII),90,Social welfare Department,Rural,3,Co-Ed,2,2,0,2,0,2,1,2,2,2,0,0,0,0,1,2,0,0,0,2,0,2,2,1,2,0,1,0,2,0,0
2017-18,29,Karnataka,2905,BIDAR,290504,BIDAR,11,HSS (XI-XII),1,Department of Education,Urban,1,Boys,1,1,0,0,0,1,1,1,0,1,0,0,0,0,1,1,0,0,0,1,1,1,1,1,1,0,1,0,1,0,0
2017-18,29,Karnataka,2905,BIDAR,290504,BIDAR,11,HSS (XI-XII),1,Department of Education,Urban,2,Girls,1,1,0,1,0,1,1,0,1,1,0,0,0,0,1,1,0,0,0,1,0,1,1,1,1,0,1,0,1,0,0
2017-18,29,Karnataka,2905,BIDAR,290504,BIDAR,11,HSS (XI-XII),4,Government Aided,Urban,2,Girls,2,2,0,1,0,2,2,0,2,2,0,0,0,0,2,2,0,1,0,2,2,2,2,2,2,1,2,0,2,0,0
2017-18,29,Karnataka,2905,BIDAR,290504,BIDAR,11,HSS (XI-XII),1,Department of Education,Rural,3,Co-Ed,3,3,0,0,0,3,3,3,3,3,0,0,0,0,2,2,0,0,0,3,1,3,2,2,1,0,3,0,3,0,0
2017-18,29,Karnataka,2905,BIDAR,290504,BIDAR,11,HSS (XI-XII),5,Private Unaided (Recognized),Rural,3,Co-Ed,8,8,0,1,0,6,5,6,6,6,0,0,0,0,6,5,0,2,0,5,5,6,5,5,5,1,6,0,6,0,0
2017-18,29,Karnataka,2905,BIDAR,290504,BIDAR,11,HSS (XI-XII),4,Government Aided,Urban,3,Co-Ed,11,11,0,2,0,11,8,11,11,11,0,0,0,0,11,11,0,5,0,11,6,10,10,10,11,3,10,0,11,0,0
2017-18,29,Karnataka,2905,BIDAR,290504,BIDAR,11,HSS (XI-XII),5,Private Unaided (Recognized),Urban,3,Co-Ed,39,39,0,13,0,27,22,27,27,27,0,0,0,0,27,26,0,14,0,26,21,26,24,20,24,4,26,0,27,0,0
2017-18,29,Karnataka,2905,BIDAR,290504,BIDAR,11,HSS (XI-XII),90,Social welfare Department,Urban,3,Co-Ed,1,1,0,1,0,1,1,1,1,1,0,0,0,0,1,0,0,0,0,0,0,1,1,1,0,0,1,0,1,0,0
2017-18,29,Karnataka,2905,BIDAR,290504,BIDAR,1,PS (I-V),1,Department of Education,Rural,3,Co-Ed,92,92,0,0,0,88,83,91,92,92,0,0,0,0,74,40,0,0,0,74,7,90,86,66,87,0,86,0,70,0,0
2017-18,29,Karnataka,2905,BIDAR,290504,BIDAR,1,PS (I-V),5,Private Unaided (Recognized),Rural,3,Co-Ed,48,48,0,8,0,41,31,42,42,42,0,0,0,0,13,27,0,0,0,23,3,19,14,13,22,0,21,0,41,0,0
2017-18,29,Karnataka,2905,BIDAR,290504,BIDAR,1,PS (I-V),1,Department of Education,Urban,3,Co-Ed,17,17,0,0,0,17,17,17,17,17,0,0,0,0,16,4,0,0,0,16,1,17,17,15,17,0,17,0,12,0,0
2017-18,29,Karnataka,2905,BIDAR,290504,BIDAR,1,PS (I-V),5,Private Unaided (Recognized),Urban,3,Co-Ed,53,53,0,11,0,48,38,48,48,48,0,0,0,0,23,27,0,0,0,24,9,24,17,12,21,0,37,0,47,0,0
2017-18,29,Karnataka,2905,BIDAR,290504,BIDAR,1,PS (I-V),97,Madarsa recognized (by Wakf board/Madarsa Board) ,Urban,3,Co-Ed,3,3,0,0,0,0,0,0,0,0,0,0,0,0,0,0,0,0,0,0,0,0,0,0,0,0,0,0,0,0,0
2017-18,29,Karnataka,2905,BIDAR,290504,BIDAR,6,SS (I-X),1,Department of Education,Rural,3,Co-Ed,73,73,0,18,0,72,72,73,73,73,0,0,0,0,60,42,0,1,0,54,6,73,72,53,61,0,69,0,73,0,0
2017-18,29,Karnataka,2905,BIDAR,290504,BIDAR,6,SS (I-X),4,Government Aided,Rural,3,Co-Ed,1,1,0,0,0,1,1,1,1,1,0,0,0,0,0,1,0,1,0,1,0,0,1,1,1,0,1,0,1,0,0
2017-18,29,Karnataka,2905,BIDAR,290504,BIDAR,6,SS (I-X),5,Private Unaided (Recognized),Rural,3,Co-Ed,7,7,0,4,0,7,5,7,7,7,0,0,0,0,2,5,0,1,0,5,0,5,5,5,5,1,1,0,7,0,0
2017-18,29,Karnataka,2905,BIDAR,290504,BIDAR,6,SS (I-X),1,Department of Education,Urban,3,Co-Ed,11,11,0,4,0,11,11,11,11,11,0,0,0,0,9,8,0,0,0,7,0,11,11,10,10,0,11,0,11,0,0
2017-18,29,Karnataka,2905,BIDAR,290504,BIDAR,6,SS (I-X),4,Government Aided,Urban,3,Co-Ed,1,1,0,1,0,1,1,1,1,1,0,0,0,0,0,1,0,0,0,1,0,1,1,0,1,0,0,0,1,0,0
2017-18,29,Karnataka,2905,BIDAR,290504,BIDAR,6,SS (I-X),5,Private Unaided (Recognized),Urban,3,Co-Ed,44,44,0,37,0,44,44,44,44,44,0,0,0,0,19,42,0,13,0,33,9,41,41,39,43,2,16,0,44,0,0
2017-18,29,Karnataka,2905,BIDAR,290504,BIDAR,6,SS (I-X),92,Kendriya Vidyalaya / Central School,Urban,3,Co-Ed,1,1,0,1,0,1,1,1,1,1,0,0,0,0,0,1,0,0,0,1,0,1,1,0,1,0,0,0,1,0,0
2017-18,29,Karnataka,2905,BIDAR,290504,BIDAR,8,SS (IX-X),4,Government Aided,Urban,1,Boys,1,1,0,0,0,1,1,1,0,1,0,0,0,0,1,1,0,0,0,1,0,1,1,1,1,0,0,0,1,0,0
2017-18,29,Karnataka,2905,BIDAR,290504,BIDAR,8,SS (IX-X),5,Private Unaided (Recognized),Urban,1,Boys,1,1,0,1,0,1,1,1,0,1,0,0,0,0,0,0,0,0,0,0,0,1,0,0,0,0,1,0,1,0,0
2017-18,29,Karnataka,2905,BIDAR,290504,BIDAR,8,SS (IX-X),5,Private Unaided (Recognized),Rural,2,Girls,1,1,0,0,0,1,1,0,1,1,0,0,0,0,1,0,0,0,0,1,0,0,0,0,1,0,1,0,1,0,0
2017-18,29,Karnataka,2905,BIDAR,290504,BIDAR,8,SS (IX-X),1,Department of Education,Urban,2,Girls,2,2,0,2,0,2,2,0,2,2,0,0,0,0,0,0,0,0,0,2,0,2,2,1,2,1,2,0,2,0,0
2017-18,29,Karnataka,2905,BIDAR,290504,BIDAR,8,SS (IX-X),4,Government Aided,Urban,2,Girls,5,5,0,2,0,5,5,0,5,5,0,0,0,0,2,5,0,3,0,5,0,5,5,5,5,0,2,0,5,0,0
2017-18,29,Karnataka,2905,BIDAR,290504,BIDAR,8,SS (IX-X),5,Private Unaided (Recognized),Urban,2,Girls,1,1,0,1,0,1,1,0,1,1,0,0,0,0,0,1,0,0,0,1,0,0,1,1,1,1,0,0,1,0,0
2017-18,29,Karnataka,2905,BIDAR,290504,BIDAR,8,SS (IX-X),1,Department of Education,Rural,3,Co-Ed,22,22,0,12,0,22,22,22,22,22,0,0,0,0,18,16,0,1,0,19,0,22,22,22,19,1,22,0,22,0,0
2017-18,29,Karnataka,2905,BIDAR,290504,BIDAR,8,SS (IX-X),4,Government Aided,Rural,3,Co-Ed,12,12,0,5,0,12,12,12,12,12,0,0,0,0,2,9,0,1,0,11,1,12,11,10,12,0,3,0,12,0,0
2017-18,29,Karnataka,2905,BIDAR,290504,BIDAR,8,SS (IX-X),5,Private Unaided (Recognized),Rural,3,Co-Ed,14,14,0,4,0,10,11,11,11,11,0,0,0,0,8,8,0,2,0,8,2,5,7,5,5,0,9,0,11,0,0
2017-18,29,Karnataka,2905,BIDAR,290504,BIDAR,8,SS (IX-X),1,Department of Education,Urban,3,Co-Ed,2,2,0,1,0,2,2,2,2,2,0,0,0,0,2,1,0,0,0,2,0,2,2,2,2,0,2,0,2,0,0
2017-18,29,Karnataka,2905,BIDAR,290504,BIDAR,8,SS (IX-X),4,Government Aided,Urban,3,Co-Ed,30,30,0,13,0,30,30,30,30,30,0,0,0,0,3,27,0,5,0,18,1,29,26,21,25,1,8,0,30,0,0
2017-18,29,Karnataka,2905,BIDAR,290504,BIDAR,8,SS (IX-X),5,Private Unaided (Recognized),Urban,3,Co-Ed,35,35,0,18,0,33,33,33,33,33,0,0,0,0,14,28,0,9,0,21,7,24,26,20,25,3,14,0,33,0,0
2017-18,29,Karnataka,2905,BIDAR,290504,BIDAR,7,SS (VI-X),1,Department of Education,Rural,2,Girls,1,1,0,0,0,1,1,0,1,1,0,0,0,0,1,1,0,0,0,1,0,1,1,1,1,0,1,0,1,0,0
2017-18,29,Karnataka,2905,BIDAR,290504,BIDAR,7,SS (VI-X),90,Social welfare Department,Rural,2,Girls,1,1,0,0,0,0,0,0,0,0,0,0,0,0,0,0,0,0,0,0,0,0,0,0,0,0,0,0,0,0,0
2017-18,29,Karnataka,2905,BIDAR,290504,BIDAR,7,SS (VI-X),1,Department of Education,Rural,3,Co-Ed,1,1,0,1,0,1,1,1,1,1,0,0,0,0,1,0,0,0,0,0,1,1,1,1,1,0,0,0,1,0,0
2017-18,29,Karnataka,2905,BIDAR,290504,BIDAR,7,SS (VI-X),90,Social welfare Department,Rural,3,Co-Ed,2,2,0,2,0,2,2,2,2,2,0,0,0,0,0,1,0,0,0,1,0,2,2,2,1,0,0,0,2,0,0
2017-18,29,Karnataka,2905,BIDAR,290504,BIDAR,7,SS (VI-X),5,Private Unaided (Recognized),Urban,3,Co-Ed,3,3,0,0,0,2,2,2,2,2,0,0,0,0,2,1,0,1,0,1,0,1,1,1,0,0,0,0,2,0,0
2017-18,29,Karnataka,2905,BIDAR,290504,BIDAR,7,SS (VI-X),6,Other Govt. managed schools,Urban,3,Co-Ed,1,1,0,0,0,0,0,0,0,0,0,0,0,0,0,0,0,0,0,0,0,0,0,0,0,0,0,0,0,0,0
2017-18,29,Karnataka,2905,BIDAR,290504,BIDAR,7,SS (VI-X),90,Social welfare Department,Urban,3,Co-Ed,3,3,0,1,0,1,1,1,1,1,0,0,0,0,0,1,0,0,0,0,0,1,1,1,0,0,0,0,1,0,0
2017-18,29,Karnataka,2905,BIDAR,290504,BIDAR,2,UPS (I-VIII),1,Department of Education,Rural,2,Girls,1,1,0,0,0,1,1,0,1,1,0,0,0,0,1,1,0,0,0,1,0,1,1,0,0,0,1,0,1,0,0
2017-18,29,Karnataka,2905,BIDAR,290504,BIDAR,2,UPS (I-VIII),1,Department of Education,Rural,3,Co-Ed,66,66,0,11,0,66,65,65,66,66,0,0,0,0,56,33,0,0,0,44,1,66,65,49,58,0,66,0,66,0,0
2017-18,29,Karnataka,2905,BIDAR,290504,BIDAR,2,UPS (I-VIII),4,Government Aided,Rural,3,Co-Ed,17,17,0,1,0,17,11,17,17,17,0,0,0,0,3,17,0,0,0,13,0,15,15,9,16,0,3,0,17,0,0
2017-18,29,Karnataka,2905,BIDAR,290504,BIDAR,2,UPS (I-VIII),5,Private Unaided (Recognized),Rural,3,Co-Ed,38,38,0,16,0,38,20,38,38,38,0,0,0,0,6,23,0,0,0,24,2,28,27,16,25,0,13,0,34,0,0
2017-18,29,Karnataka,2905,BIDAR,290504,BIDAR,2,UPS (I-VIII),1,Department of Education,Urban,3,Co-Ed,21,21,0,2,0,21,21,21,21,21,0,0,0,0,16,14,0,0,0,9,3,21,21,11,19,0,21,0,21,0,0
2017-18,29,Karnataka,2905,BIDAR,290504,BIDAR,2,UPS (I-VIII),3,Local body,Urban,3,Co-Ed,1,1,0,0,0,1,0,1,1,1,0,0,0,0,0,0,0,0,0,1,0,1,0,0,1,0,1,0,1,0,0
2017-18,29,Karnataka,2905,BIDAR,290504,BIDAR,2,UPS (I-VIII),4,Government Aided,Urban,3,Co-Ed,61,61,0,14,0,61,57,61,61,61,0,0,0,0,14,59,0,1,0,35,6,60,54,39,54,0,18,0,61,0,0
2017-18,29,Karnataka,2905,BIDAR,290504,BIDAR,2,UPS (I-VIII),5,Private Unaided (Recognized),Urban,3,Co-Ed,40,40,0,27,0,38,33,38,38,38,0,0,0,0,14,33,0,1,0,24,8,33,30,30,33,1,20,0,38,0,0
2017-18,29,Karnataka,2905,BIDAR,290504,BIDAR,2,UPS (I-VIII),97,Madarsa recognized (by Wakf board/Madarsa Board) ,Urban,3,Co-Ed,1,1,0,1,0,1,1,1,1,1,0,0,0,0,1,0,0,0,0,0,1,1,1,1,1,0,1,0,1,0,0
2017-18,29,Karnataka,2905,BIDAR,290504,BIDAR,4,UPS (VI-VIII),5,Private Unaided (Recognized),Rural,3,Co-Ed,1,1,0,0,0,0,0,0,0,0,0,0,0,0,0,0,0,0,0,0,0,0,0,0,0,0,0,0,0,0,0
2017-18,29,Karnataka,2905,BIDAR,290505,HUMNABAD,5,HSS (VI-XII),1,Department of Education,Urban,3,Co-Ed,1,1,0,0,0,1,1,1,1,1,0,0,0,0,0,1,0,0,0,1,0,1,1,1,1,0,1,0,1,0,0
2017-18,29,Karnataka,2905,BIDAR,290505,HUMNABAD,11,HSS (XI-XII),1,Department of Education,Urban,2,Girls,2,2,0,0,0,2,0,0,2,2,0,0,0,0,0,1,0,1,0,2,0,1,0,1,1,0,2,0,2,0,0
2017-18,29,Karnataka,2905,BIDAR,290505,HUMNABAD,11,HSS (XI-XII),4,Government Aided,Urban,2,Girls,1,1,0,0,0,1,1,0,1,1,0,0,0,0,1,1,0,0,0,1,1,1,0,1,1,1,1,0,1,0,0
2017-18,29,Karnataka,2905,BIDAR,290505,HUMNABAD,11,HSS (XI-XII),5,Private Unaided (Recognized),Urban,2,Girls,1,1,0,0,0,1,1,0,1,1,0,0,0,0,1,1,0,0,0,1,1,1,0,1,0,1,1,0,1,0,0
2017-18,29,Karnataka,2905,BIDAR,290505,HUMNABAD,11,HSS (XI-XII),1,Department of Education,Rural,3,Co-Ed,4,4,0,0,0,4,0,4,4,4,0,0,0,0,0,0,0,1,0,4,0,1,0,1,1,0,4,0,4,0,0
2017-18,29,Karnataka,2905,BIDAR,290505,HUMNABAD,11,HSS (XI-XII),4,Government Aided,Rural,3,Co-Ed,2,2,0,0,0,2,2,2,2,2,0,0,0,0,2,2,0,1,0,2,2,2,0,2,2,1,2,0,2,0,0
2017-18,29,Karnataka,2905,BIDAR,290505,HUMNABAD,11,HSS (XI-XII),5,Private Unaided (Recognized),Rural,3,Co-Ed,5,5,0,0,0,4,1,4,4,4,0,0,0,0,1,1,0,3,0,3,1,1,0,1,1,2,4,0,4,0,0
2017-18,29,Karnataka,2905,BIDAR,290505,HUMNABAD,11,HSS (XI-XII),1,Department of Education,Urban,3,Co-Ed,3,3,0,0,0,3,1,3,3,3,0,0,0,0,1,2,0,1,0,3,1,1,0,1,1,0,3,0,3,0,0
2017-18,29,Karnataka,2905,BIDAR,290505,HUMNABAD,11,HSS (XI-XII),4,Government Aided,Urban,3,Co-Ed,4,4,0,0,0,4,3,4,4,4,0,0,0,0,3,3,0,1,0,3,3,3,0,3,3,1,1,0,4,0,0
2017-18,29,Karnataka,2905,BIDAR,290505,HUMNABAD,11,HSS (XI-XII),5,Private Unaided (Recognized),Urban,3,Co-Ed,15,15,0,0,0,9,3,9,9,9,0,0,0,0,3,4,0,1,0,4,2,2,0,2,2,0,1,0,9,0,0
2017-18,29,Karnataka,2905,BIDAR,290505,HUMNABAD,1,PS (I-V),1,Department of Education,Rural,3,Co-Ed,65,65,0,0,0,65,62,65,65,65,0,0,0,0,18,41,0,0,0,45,0,65,65,7,35,0,56,0,49,0,0
2017-18,29,Karnataka,2905,BIDAR,290505,HUMNABAD,1,PS (I-V),5,Private Unaided (Recognized),Rural,3,Co-Ed,37,36,0,5,0,29,23,29,29,29,0,0,0,0,7,16,0,0,0,12,2,14,11,11,15,0,4,0,28,0,0
2017-18,29,Karnataka,2905,BIDAR,290505,HUMNABAD,1,PS (I-V),1,Department of Education,Urban,3,Co-Ed,7,7,0,0,0,7,7,7,7,7,0,0,0,0,0,4,0,0,0,5,0,7,7,1,4,0,7,0,4,0,0
2017-18,29,Karnataka,2905,BIDAR,290505,HUMNABAD,1,PS (I-V),5,Private Unaided (Recognized),Urban,3,Co-Ed,21,21,0,3,0,19,14,19,19,19,0,0,0,0,6,7,0,0,0,3,0,7,5,5,4,0,2,0,19,0,0
2017-18,29,Karnataka,2905,BIDAR,290505,HUMNABAD,6,SS (I-X),1,Department of Education,Rural,2,Girls,1,1,0,1,0,1,1,0,1,1,0,0,0,0,0,0,0,0,0,0,0,1,1,1,1,0,1,0,1,0,0
2017-18,29,Karnataka,2905,BIDAR,290505,HUMNABAD,6,SS (I-X),1,Department of Education,Rural,3,Co-Ed,54,54,0,17,0,54,54,54,54,54,0,0,0,0,18,43,0,0,0,36,0,54,54,12,37,0,45,0,54,0,0
2017-18,29,Karnataka,2905,BIDAR,290505,HUMNABAD,6,SS (I-X),4,Government Aided,Rural,3,Co-Ed,1,1,0,0,0,1,1,1,1,1,0,0,0,0,0,1,0,0,0,1,0,1,1,1,1,0,0,0,1,0,0
2017-18,29,Karnataka,2905,BIDAR,290505,HUMNABAD,6,SS (I-X),5,Private Unaided (Recognized),Rural,3,Co-Ed,21,21,0,8,0,21,18,21,21,21,0,0,0,0,6,18,0,2,0,12,1,19,16,20,16,0,2,0,21,0,0
2017-18,29,Karnataka,2905,BIDAR,290505,HUMNABAD,6,SS (I-X),1,Department of Education,Urban,3,Co-Ed,2,2,0,1,0,2,2,2,2,2,0,0,0,0,1,0,0,0,0,2,0,2,2,0,1,0,2,0,2,0,0
2017-18,29,Karnataka,2905,BIDAR,290505,HUMNABAD,6,SS (I-X),5,Private Unaided (Recognized),Urban,3,Co-Ed,11,11,0,7,0,11,9,11,11,11,0,0,0,0,1,11,0,0,0,10,0,9,9,9,11,0,2,0,11,0,0
2017-18,29,Karnataka,2905,BIDAR,290505,HUMNABAD,8,SS (IX-X),1,Department of Education,Rural,1,Boys,1,1,0,1,0,1,1,1,0,1,0,0,0,0,0,1,0,0,0,1,0,1,1,1,1,0,1,0,1,0,0
2017-18,29,Karnataka,2905,BIDAR,290505,HUMNABAD,8,SS (IX-X),1,Department of Education,Urban,1,Boys,1,1,0,1,0,1,1,1,0,1,0,0,0,0,0,0,0,0,0,1,0,1,1,1,1,0,1,0,1,0,0
2017-18,29,Karnataka,2905,BIDAR,290505,HUMNABAD,8,SS (IX-X),4,Government Aided,Urban,1,Boys,1,1,0,0,0,1,1,1,0,1,0,0,0,0,0,1,0,0,0,1,0,1,1,1,1,1,0,0,1,0,0
2017-18,29,Karnataka,2905,BIDAR,290505,HUMNABAD,8,SS (IX-X),1,Department of Education,Rural,2,Girls,1,1,0,1,0,1,1,0,1,1,0,0,0,0,0,0,0,1,0,1,0,1,1,1,0,0,1,0,1,0,0
2017-18,29,Karnataka,2905,BIDAR,290505,HUMNABAD,8,SS (IX-X),4,Government Aided,Rural,2,Girls,2,2,0,2,0,2,2,0,2,2,0,0,0,0,2,2,0,0,0,2,0,2,1,2,2,0,1,0,2,0,0
2017-18,29,Karnataka,2905,BIDAR,290505,HUMNABAD,8,SS (IX-X),1,Department of Education,Urban,2,Girls,2,2,0,2,0,2,2,0,2,2,0,0,0,0,0,2,0,0,0,2,0,2,2,1,2,0,2,0,2,0,0
2017-18,29,Karnataka,2905,BIDAR,290505,HUMNABAD,8,SS (IX-X),4,Government Aided,Urban,2,Girls,1,1,0,1,0,1,1,0,1,1,0,0,0,0,0,1,0,0,0,1,0,1,1,1,1,0,0,0,1,0,0
2017-18,29,Karnataka,2905,BIDAR,290505,HUMNABAD,8,SS (IX-X),1,Department of Education,Rural,3,Co-Ed,28,28,0,24,0,28,28,28,28,28,0,0,0,0,4,19,0,7,0,23,0,28,28,21,21,1,24,0,28,0,0
2017-18,29,Karnataka,2905,BIDAR,290505,HUMNABAD,8,SS (IX-X),4,Government Aided,Rural,3,Co-Ed,16,16,0,8,0,16,16,16,16,16,0,0,0,0,4,16,0,4,0,14,0,15,16,14,15,1,4,0,16,0,0
2017-18,29,Karnataka,2905,BIDAR,290505,HUMNABAD,8,SS (IX-X),5,Private Unaided (Recognized),Rural,3,Co-Ed,25,25,0,16,0,24,24,24,24,24,0,0,0,0,7,16,0,5,0,14,1,17,9,14,15,1,4,0,24,0,0
2017-18,29,Karnataka,2905,BIDAR,290505,HUMNABAD,8,SS (IX-X),4,Government Aided,Urban,3,Co-Ed,7,7,0,5,0,7,7,7,7,7,0,0,0,0,2,5,0,2,0,6,0,7,7,7,6,1,4,0,7,0,0
2017-18,29,Karnataka,2905,BIDAR,290505,HUMNABAD,8,SS (IX-X),5,Private Unaided (Recognized),Urban,3,Co-Ed,24,24,0,12,0,23,23,23,23,23,0,0,0,0,1,21,0,8,0,15,1,19,18,19,20,0,3,0,23,0,0
2017-18,29,Karnataka,2905,BIDAR,290505,HUMNABAD,7,SS (VI-X),1,Department of Education,Rural,2,Girls,1,1,0,1,0,1,1,0,1,1,0,0,0,0,1,0,0,0,0,0,0,1,1,1,0,0,1,0,1,0,0
2017-18,29,Karnataka,2905,BIDAR,290505,HUMNABAD,7,SS (VI-X),90,Social welfare Department,Rural,2,Girls,2,2,0,0,0,1,1,0,1,1,0,0,0,0,0,1,0,0,0,0,0,1,0,0,1,0,0,0,1,0,0
2017-18,29,Karnataka,2905,BIDAR,290505,HUMNABAD,7,SS (VI-X),1,Department of Education,Rural,3,Co-Ed,1,1,0,0,0,1,1,1,1,1,0,0,0,0,0,0,0,0,0,1,0,1,1,1,0,1,1,0,1,0,0
2017-18,29,Karnataka,2905,BIDAR,290505,HUMNABAD,7,SS (VI-X),5,Private Unaided (Recognized),Rural,3,Co-Ed,1,1,0,1,0,1,0,1,1,1,0,0,0,0,0,0,0,0,0,0,0,0,0,0,0,0,0,0,1,0,0
2017-18,29,Karnataka,2905,BIDAR,290505,HUMNABAD,7,SS (VI-X),90,Social welfare Department,Rural,3,Co-Ed,4,4,0,1,0,2,2,2,2,2,0,0,0,0,2,1,0,0,0,1,1,2,1,0,2,0,2,0,2,0,0
2017-18,29,Karnataka,2905,BIDAR,290505,HUMNABAD,7,SS (VI-X),5,Private Unaided (Recognized),Urban,3,Co-Ed,1,1,0,0,0,0,0,0,0,0,0,0,0,0,0,0,0,0,0,0,0,0,0,0,0,0,0,0,0,0,0
2017-18,29,Karnataka,2905,BIDAR,290505,HUMNABAD,2,UPS (I-VIII),1,Department of Education,Rural,1,Boys,2,2,0,0,0,2,2,2,0,2,0,0,0,0,0,2,0,0,0,1,0,2,2,1,2,0,2,0,2,0,0
2017-18,29,Karnataka,2905,BIDAR,290505,HUMNABAD,2,UPS (I-VIII),1,Department of Education,Rural,2,Girls,2,2,0,1,0,2,2,0,2,2,0,0,0,0,0,2,0,0,0,1,0,2,2,1,1,0,2,0,2,0,0
2017-18,29,Karnataka,2905,BIDAR,290505,HUMNABAD,2,UPS (I-VIII),1,Department of Education,Urban,2,Girls,2,2,0,1,0,2,2,0,2,2,0,0,0,0,0,1,0,0,0,2,0,2,2,0,2,0,2,0,2,0,0
2017-18,29,Karnataka,2905,BIDAR,290505,HUMNABAD,2,UPS (I-VIII),1,Department of Education,Rural,3,Co-Ed,61,61,0,14,0,61,60,61,61,61,0,0,0,0,25,40,0,0,0,40,0,61,61,19,35,0,52,0,61,0,0
2017-18,29,Karnataka,2905,BIDAR,290505,HUMNABAD,2,UPS (I-VIII),4,Government Aided,Rural,3,Co-Ed,19,19,0,4,0,19,12,19,19,19,0,0,0,0,6,19,0,0,0,13,0,18,18,14,16,0,3,0,18,0,0
2017-18,29,Karnataka,2905,BIDAR,290505,HUMNABAD,2,UPS (I-VIII),5,Private Unaided (Recognized),Rural,3,Co-Ed,29,29,0,10,0,29,23,29,29,29,0,0,0,0,6,24,0,0,0,22,2,21,14,25,22,0,1,0,28,0,0
2017-18,29,Karnataka,2905,BIDAR,290505,HUMNABAD,2,UPS (I-VIII),1,Department of Education,Urban,3,Co-Ed,10,10,0,2,0,10,10,10,10,10,0,0,0,0,2,7,0,0,0,5,0,10,10,0,7,0,10,0,10,0,0
2017-18,29,Karnataka,2905,BIDAR,290505,HUMNABAD,2,UPS (I-VIII),4,Government Aided,Urban,3,Co-Ed,16,16,0,7,0,16,14,16,16,16,0,0,0,0,7,16,0,0,0,12,0,15,14,12,14,0,6,0,15,0,0
2017-18,29,Karnataka,2905,BIDAR,290505,HUMNABAD,2,UPS (I-VIII),5,Private Unaided (Recognized),Urban,3,Co-Ed,19,19,0,11,0,19,15,19,19,19,0,0,0,0,2,15,0,0,0,9,0,15,12,11,14,0,2,0,19,0,0
