Academic_Year,State_Code,State_Name,District_Code,District_Name,Block_Code,Udise_Block_Name,School_Category_Id,School_Category_Name,School_Management_Id,School_Management_Name,Location,School_Type_Id,School_Type,Total_Number_of_Schools,Building,Complete_Medical_Checkup,Computer_Available,Functional_Drinking_Water,Drinking_Water,Functional_Electricity,Functional_Boy_Toilet,Functional_Girl_Toilet,Functional_Toilet_Facility,Functional_Toilet_and_Urinal,Functional_Urinal,Functional_Urinal_Boy,Functional_Urinal_Girl,Handwash,Separate_Room_for_Headmaster,Incinerator,Internet,Kitchen_Garden,Land_Available,Librarian,Library_or_Reading_Corner_or_Book_Bank,Medical_Checkup,Newspaper,Playground,Rain_Water_Harvesting,Ramps,Solar_Panel,Furniture,Water_Purifier,Water_Tested
2017-18,29,Karnataka,2930,BELAGAVI CHIKKODI,293001,ATHANI,3,HSS (I-XII),5,Private Unaided (Recognized),Rural,3,Co-Ed,2,2,0,0,0,0,0,0,0,0,0,0,0,0,0,0,0,0,0,0,0,0,0,0,0,0,0,0,0,0,0
2017-18,29,Karnataka,2930,BELAGAVI CHIKKODI,293001,ATHANI,5,HSS (VI-XII),1,Department of Education,Rural,3,Co-Ed,3,3,0,2,0,3,3,3,3,3,0,0,0,0,0,2,0,0,0,3,0,3,3,3,3,0,0,0,3,0,0
2017-18,29,Karnataka,2930,BELAGAVI CHIKKODI,293001,ATHANI,5,HSS (VI-XII),4,Government Aided,Rural,3,Co-Ed,2,2,0,1,0,2,2,2,2,2,0,0,0,0,0,2,0,1,0,2,0,2,2,2,2,0,1,0,2,0,0
2017-18,29,Karnataka,2930,BELAGAVI CHIKKODI,293001,ATHANI,11,HSS (XI-XII),5,Private Unaided (Recognized),Urban,2,Girls,1,1,0,1,0,1,1,0,1,1,0,0,0,0,1,1,0,0,0,0,1,1,1,1,1,0,1,0,1,0,0
2017-18,29,Karnataka,2930,BELAGAVI CHIKKODI,293001,ATHANI,11,HSS (XI-XII),4,Government Aided,Rural,3,Co-Ed,3,3,0,2,0,3,3,3,3,3,0,0,0,0,3,3,0,2,0,2,1,3,1,3,3,2,2,0,3,0,0
2017-18,29,Karnataka,2930,BELAGAVI CHIKKODI,293001,ATHANI,11,HSS (XI-XII),5,Private Unaided (Recognized),Rural,3,Co-Ed,9,9,0,5,0,9,8,9,9,9,0,0,0,0,8,9,0,2,0,9,3,8,2,8,8,3,4,0,9,0,0
2017-18,29,Karnataka,2930,BELAGAVI CHIKKODI,293001,ATHANI,11,HSS (XI-XII),1,Department of Education,Urban,3,Co-Ed,1,1,0,0,0,0,0,1,1,1,0,0,0,0,1,0,0,0,0,0,0,1,0,0,1,0,1,0,1,0,0
2017-18,29,Karnataka,2930,BELAGAVI CHIKKODI,293001,ATHANI,11,HSS (XI-XII),4,Government Aided,Urban,3,Co-Ed,1,1,0,0,0,1,1,1,1,1,0,0,0,0,1,1,0,1,0,1,1,1,1,1,1,0,1,0,1,0,0
2017-18,29,Karnataka,2930,BELAGAVI CHIKKODI,293001,ATHANI,11,HSS (XI-XII),5,Private Unaided (Recognized),Urban,3,Co-Ed,8,8,0,5,0,8,8,8,8,8,0,0,0,0,7,8,0,2,0,8,5,8,5,8,8,0,6,0,8,0,0
2017-18,29,Karnataka,2930,BELAGAVI CHIKKODI,293001,ATHANI,1,PS (I-V),1,Department of Education,Rural,3,Co-Ed,161,161,0,2,0,155,119,132,144,146,0,0,0,0,58,46,0,0,0,126,3,159,149,110,149,0,61,0,156,0,0
2017-18,29,Karnataka,2930,BELAGAVI CHIKKODI,293001,ATHANI,1,PS (I-V),5,Private Unaided (Recognized),Rural,3,Co-Ed,28,28,0,7,0,18,17,18,18,18,0,0,0,0,14,12,0,0,0,14,3,18,16,16,18,0,6,0,17,0,0
2017-18,29,Karnataka,2930,BELAGAVI CHIKKODI,293001,ATHANI,1,PS (I-V),90,Social welfare Department,Rural,3,Co-Ed,1,1,0,1,0,1,1,1,1,1,0,0,0,0,0,1,0,0,0,1,0,1,1,1,1,0,0,0,1,0,0
2017-18,29,Karnataka,2930,BELAGAVI CHIKKODI,293001,ATHANI,1,PS (I-V),1,Department of Education,Urban,3,Co-Ed,2,2,0,0,0,1,2,2,2,2,0,0,0,0,0,1,0,0,0,2,0,2,2,1,2,0,0,0,2,0,0
2017-18,29,Karnataka,2930,BELAGAVI CHIKKODI,293001,ATHANI,1,PS (I-V),4,Government Aided,Urban,3,Co-Ed,1,1,0,1,0,1,1,1,1,1,0,0,0,0,0,1,0,0,0,1,0,1,1,1,1,0,0,0,1,0,0
2017-18,29,Karnataka,2930,BELAGAVI CHIKKODI,293001,ATHANI,1,PS (I-V),5,Private Unaided (Recognized),Urban,3,Co-Ed,7,7,0,3,0,5,5,5,5,5,0,0,0,0,3,5,0,0,0,5,3,5,4,5,4,0,3,0,5,0,0
2017-18,29,Karnataka,2930,BELAGAVI CHIKKODI,293001,ATHANI,6,SS (I-X),1,Department of Education,Rural,2,Girls,1,1,0,0,0,1,1,0,1,1,0,0,0,0,1,0,0,0,0,0,0,1,1,1,1,0,0,0,1,0,0
2017-18,29,Karnataka,2930,BELAGAVI CHIKKODI,293001,ATHANI,6,SS (I-X),1,Department of Education,Rural,3,Co-Ed,62,62,0,13,0,62,61,62,62,62,0,0,0,0,34,20,0,0,0,53,1,62,62,56,62,1,28,0,60,0,0
2017-18,29,Karnataka,2930,BELAGAVI CHIKKODI,293001,ATHANI,6,SS (I-X),5,Private Unaided (Recognized),Rural,3,Co-Ed,8,8,0,6,0,8,8,8,8,8,0,0,0,0,6,6,0,3,0,8,1,8,8,8,7,2,4,0,7,0,0
2017-18,29,Karnataka,2930,BELAGAVI CHIKKODI,293001,ATHANI,6,SS (I-X),1,Department of Education,Urban,3,Co-Ed,4,4,0,1,0,4,4,4,4,4,0,0,0,0,1,4,0,0,0,1,0,4,4,4,4,0,2,0,4,0,0
2017-18,29,Karnataka,2930,BELAGAVI CHIKKODI,293001,ATHANI,6,SS (I-X),5,Private Unaided (Recognized),Urban,3,Co-Ed,11,11,0,9,0,11,11,11,11,11,0,0,0,0,5,11,0,5,0,9,0,11,10,11,10,2,1,0,11,0,0
2017-18,29,Karnataka,2930,BELAGAVI CHIKKODI,293001,ATHANI,8,SS (IX-X),4,Government Aided,Rural,2,Girls,1,1,0,0,0,1,1,0,1,1,0,0,0,0,0,1,0,0,0,1,0,1,1,1,1,0,0,0,1,0,0
2017-18,29,Karnataka,2930,BELAGAVI CHIKKODI,293001,ATHANI,8,SS (IX-X),4,Government Aided,Urban,2,Girls,1,1,0,1,0,1,1,0,1,1,0,0,0,0,0,1,0,0,0,1,0,1,1,1,1,0,0,0,1,0,0
2017-18,29,Karnataka,2930,BELAGAVI CHIKKODI,293001,ATHANI,8,SS (IX-X),1,Department of Education,Rural,3,Co-Ed,26,25,0,12,0,25,26,26,26,26,0,0,0,0,9,13,0,3,0,24,0,25,24,23,25,1,20,0,26,0,0
2017-18,29,Karnataka,2930,BELAGAVI CHIKKODI,293001,ATHANI,8,SS (IX-X),4,Government Aided,Rural,3,Co-Ed,15,15,0,10,0,15,15,15,15,15,0,0,0,0,7,13,0,7,0,15,0,15,15,15,15,4,2,0,15,0,0
2017-18,29,Karnataka,2930,BELAGAVI CHIKKODI,293001,ATHANI,8,SS (IX-X),5,Private Unaided (Recognized),Rural,3,Co-Ed,11,11,0,4,0,11,11,11,11,11,0,0,0,0,8,10,0,3,0,11,3,11,8,11,11,1,9,0,11,0,0
2017-18,29,Karnataka,2930,BELAGAVI CHIKKODI,293001,ATHANI,8,SS (IX-X),4,Government Aided,Urban,3,Co-Ed,2,2,0,2,0,2,2,2,2,2,0,0,0,0,1,2,0,2,0,2,0,2,2,2,2,0,1,0,2,0,0
2017-18,29,Karnataka,2930,BELAGAVI CHIKKODI,293001,ATHANI,8,SS (IX-X),5,Private Unaided (Recognized),Urban,3,Co-Ed,3,3,0,2,0,3,3,3,3,3,0,0,0,0,2,3,0,2,0,3,0,3,3,3,3,0,1,0,3,0,0
2017-18,29,Karnataka,2930,BELAGAVI CHIKKODI,293001,ATHANI,7,SS (VI-X),90,Social welfare Department,Rural,2,Girls,1,1,0,0,0,1,1,0,1,1,0,0,0,0,1,0,0,0,0,0,0,1,1,1,1,0,0,0,1,0,0
2017-18,29,Karnataka,2930,BELAGAVI CHIKKODI,293001,ATHANI,7,SS (VI-X),90,Social welfare Department,Rural,3,Co-Ed,4,4,0,2,0,2,2,2,2,2,0,0,0,0,1,1,0,0,0,1,0,2,2,2,2,1,1,0,2,0,0
2017-18,29,Karnataka,2930,BELAGAVI CHIKKODI,293001,ATHANI,7,SS (VI-X),4,Government Aided,Urban,3,Co-Ed,1,1,0,1,0,1,1,1,1,1,0,0,0,0,0,1,0,0,0,1,0,1,1,1,1,0,1,0,1,0,0
2017-18,29,Karnataka,2930,BELAGAVI CHIKKODI,293001,ATHANI,7,SS (VI-X),5,Private Unaided (Recognized),Urban,3,Co-Ed,1,1,0,1,0,1,1,1,1,1,0,0,0,0,0,0,0,0,0,1,0,1,0,1,1,0,0,0,1,0,0
2017-18,29,Karnataka,2930,BELAGAVI CHIKKODI,293001,ATHANI,2,UPS (I-VIII),1,Department of Education,Rural,3,Co-Ed,92,92,0,10,0,90,85,86,87,88,0,0,0,0,35,21,0,0,0,71,6,92,87,81,88,0,41,0,92,0,0
2017-18,29,Karnataka,2930,BELAGAVI CHIKKODI,293001,ATHANI,2,UPS (I-VIII),4,Government Aided,Rural,3,Co-Ed,13,13,0,5,0,13,10,12,12,12,0,0,0,0,9,8,0,0,0,13,0,13,13,13,13,0,1,0,13,0,0
2017-18,29,Karnataka,2930,BELAGAVI CHIKKODI,293001,ATHANI,2,UPS (I-VIII),5,Private Unaided (Recognized),Rural,3,Co-Ed,19,19,0,9,0,19,17,19,19,19,0,0,0,0,12,13,0,1,0,16,4,19,19,19,19,0,4,0,18,0,0
2017-18,29,Karnataka,2930,BELAGAVI CHIKKODI,293001,ATHANI,2,UPS (I-VIII),1,Department of Education,Urban,3,Co-Ed,7,7,0,0,0,7,6,6,6,6,0,0,0,0,3,3,0,0,0,4,0,7,6,4,5,0,2,0,7,0,0
2017-18,29,Karnataka,2930,BELAGAVI CHIKKODI,293001,ATHANI,2,UPS (I-VIII),4,Government Aided,Urban,3,Co-Ed,1,1,0,1,0,1,1,1,1,1,0,0,0,0,0,1,0,0,0,1,0,1,1,1,1,0,0,0,1,0,0
2017-18,29,Karnataka,2930,BELAGAVI CHIKKODI,293001,ATHANI,2,UPS (I-VIII),5,Private Unaided (Recognized),Urban,3,Co-Ed,7,7,0,7,0,7,7,6,6,6,0,0,0,0,4,6,0,0,0,5,1,6,3,6,6,0,2,0,7,0,0
2017-18,29,Karnataka,2930,BELAGAVI CHIKKODI,293001,ATHANI,4,UPS (VI-VIII),4,Government Aided,Rural,3,Co-Ed,1,1,0,0,0,1,1,1,1,1,0,0,0,0,1,1,0,0,0,1,0,1,1,1,1,0,0,0,1,0,0
2017-18,29,Karnataka,2930,BELAGAVI CHIKKODI,293005,CHIKODI,3,HSS (I-XII),1,Department of Education,Rural,3,Co-Ed,1,1,0,0,0,1,1,1,1,1,0,0,0,0,1,0,0,0,0,0,0,1,1,1,0,0,0,0,1,0,0
2017-18,29,Karnataka,2930,BELAGAVI CHIKKODI,293005,CHIKODI,5,HSS (VI-XII),1,Department of Education,Rural,3,Co-Ed,1,1,0,0,0,1,1,1,1,1,0,0,0,0,0,0,0,0,0,1,0,1,1,1,1,0,0,0,1,0,0
2017-18,29,Karnataka,2930,BELAGAVI CHIKKODI,293005,CHIKODI,5,HSS (VI-XII),93,Jawahar Navodaya Vidyalaya ,Rural,3,Co-Ed,1,1,0,1,0,1,1,1,1,1,0,0,0,0,1,1,0,1,0,1,0,1,1,1,1,1,0,0,1,0,0
2017-18,29,Karnataka,2930,BELAGAVI CHIKKODI,293005,CHIKODI,11,HSS (XI-XII),5,Private Unaided (Recognized),Urban,2,Girls,1,1,0,0,0,1,1,0,1,1,0,0,0,0,1,1,0,1,0,0,0,1,0,0,1,0,0,0,1,0,0
2017-18,29,Karnataka,2930,BELAGAVI CHIKKODI,293005,CHIKODI,11,HSS (XI-XII),1,Department of Education,Rural,3,Co-Ed,3,3,0,0,0,2,1,2,2,2,0,0,0,0,2,2,0,0,0,1,0,2,0,1,1,1,2,0,2,0,0
2017-18,29,Karnataka,2930,BELAGAVI CHIKKODI,293005,CHIKODI,11,HSS (XI-XII),4,Government Aided,Rural,3,Co-Ed,3,3,0,2,0,3,3,3,3,3,0,0,0,0,2,3,0,1,0,3,0,3,1,2,3,1,2,0,3,0,0
2017-18,29,Karnataka,2930,BELAGAVI CHIKKODI,293005,CHIKODI,11,HSS (XI-XII),5,Private Unaided (Recognized),Rural,3,Co-Ed,12,12,0,2,0,7,8,8,8,8,0,0,0,0,5,4,0,4,0,3,3,8,5,6,8,2,7,0,7,0,0
2017-18,29,Karnataka,2930,BELAGAVI CHIKKODI,293005,CHIKODI,11,HSS (XI-XII),1,Department of Education,Urban,3,Co-Ed,1,1,0,1,0,1,0,0,0,0,0,0,0,0,0,1,0,0,0,0,0,1,0,0,0,0,0,0,1,0,0
2017-18,29,Karnataka,2930,BELAGAVI CHIKKODI,293005,CHIKODI,11,HSS (XI-XII),4,Government Aided,Urban,3,Co-Ed,2,2,0,0,0,2,2,2,2,2,0,0,0,0,2,2,0,1,0,2,2,2,0,2,1,1,0,0,2,0,0
2017-18,29,Karnataka,2930,BELAGAVI CHIKKODI,293005,CHIKODI,11,HSS (XI-XII),5,Private Unaided (Recognized),Urban,3,Co-Ed,1,1,0,0,0,1,1,1,1,1,0,0,0,0,1,1,0,1,0,1,0,1,0,1,1,0,0,0,1,0,0
2017-18,29,Karnataka,2930,BELAGAVI CHIKKODI,293005,CHIKODI,1,PS (I-V),1,Department of Education,Rural,2,Girls,1,1,0,0,0,1,1,0,1,1,0,0,0,0,1,0,0,0,0,0,0,1,1,0,0,0,0,0,1,0,0
2017-18,29,Karnataka,2930,BELAGAVI CHIKKODI,293005,CHIKODI,1,PS (I-V),1,Department of Education,Rural,3,Co-Ed,80,80,0,6,0,75,73,77,78,79,0,0,0,0,33,19,0,0,0,59,3,79,80,38,46,0,29,0,80,0,0
2017-18,29,Karnataka,2930,BELAGAVI CHIKKODI,293005,CHIKODI,1,PS (I-V),5,Private Unaided (Recognized),Rural,3,Co-Ed,20,19,0,8,0,12,10,11,11,11,0,0,0,0,7,9,0,0,0,8,6,9,9,9,10,0,1,0,11,0,0
2017-18,29,Karnataka,2930,BELAGAVI CHIKKODI,293005,CHIKODI,1,PS (I-V),1,Department of Education,Urban,3,Co-Ed,7,7,0,0,0,7,6,6,6,6,0,0,0,0,0,0,0,0,0,4,0,7,7,3,3,0,5,0,6,0,0
2017-18,29,Karnataka,2930,BELAGAVI CHIKKODI,293005,CHIKODI,1,PS (I-V),4,Government Aided,Urban,3,Co-Ed,1,1,0,1,0,1,1,1,1,1,0,0,0,0,1,1,0,0,0,1,0,1,1,1,1,0,0,0,1,0,0
2017-18,29,Karnataka,2930,BELAGAVI CHIKKODI,293005,CHIKODI,6,SS (I-X),1,Department of Education,Rural,1,Boys,1,1,0,1,0,1,1,1,0,1,0,0,0,0,1,0,0,0,0,0,0,1,1,1,1,0,0,0,1,0,0
2017-18,29,Karnataka,2930,BELAGAVI CHIKKODI,293005,CHIKODI,6,SS (I-X),1,Department of Education,Rural,3,Co-Ed,45,45,0,22,0,44,45,44,44,44,0,0,0,0,16,19,0,0,0,35,0,45,45,34,37,0,18,0,45,0,0
2017-18,29,Karnataka,2930,BELAGAVI CHIKKODI,293005,CHIKODI,6,SS (I-X),5,Private Unaided (Recognized),Rural,3,Co-Ed,7,7,0,5,0,7,6,7,7,7,0,0,0,0,7,7,0,3,0,7,2,7,6,7,7,2,3,0,7,0,0
2017-18,29,Karnataka,2930,BELAGAVI CHIKKODI,293005,CHIKODI,6,SS (I-X),1,Department of Education,Urban,3,Co-Ed,1,1,0,1,0,1,1,1,1,1,0,0,0,0,1,1,0,0,0,1,0,1,1,1,1,0,0,0,1,0,0
2017-18,29,Karnataka,2930,BELAGAVI CHIKKODI,293005,CHIKODI,6,SS (I-X),5,Private Unaided (Recognized),Urban,3,Co-Ed,4,4,0,4,0,4,4,4,4,4,0,0,0,0,3,4,0,2,0,4,3,4,4,4,4,2,0,0,4,0,0
2017-18,29,Karnataka,2930,BELAGAVI CHIKKODI,293005,CHIKODI,8,SS (IX-X),4,Government Aided,Urban,2,Girls,1,1,0,1,0,1,1,0,1,1,0,0,0,0,0,1,0,0,0,1,0,1,1,1,1,0,0,0,1,0,0
2017-18,29,Karnataka,2930,BELAGAVI CHIKKODI,293005,CHIKODI,8,SS (IX-X),1,Department of Education,Rural,3,Co-Ed,13,13,0,8,0,13,13,13,13,13,0,0,0,0,6,6,0,0,0,11,0,13,13,12,10,0,4,0,13,0,0
2017-18,29,Karnataka,2930,BELAGAVI CHIKKODI,293005,CHIKODI,8,SS (IX-X),4,Government Aided,Rural,3,Co-Ed,13,13,0,11,0,13,13,13,13,13,0,0,0,0,7,13,0,2,0,12,0,13,13,12,13,1,1,0,13,0,0
2017-18,29,Karnataka,2930,BELAGAVI CHIKKODI,293005,CHIKODI,8,SS (IX-X),5,Private Unaided (Recognized),Rural,3,Co-Ed,13,13,0,10,0,12,12,12,12,12,0,0,0,0,4,11,0,2,0,12,4,12,11,10,12,0,1,0,12,0,0
2017-18,29,Karnataka,2930,BELAGAVI CHIKKODI,293005,CHIKODI,8,SS (IX-X),1,Department of Education,Urban,3,Co-Ed,2,2,0,0,0,2,2,1,2,2,0,0,0,0,0,0,0,0,0,0,0,2,2,2,0,0,1,0,2,0,0
2017-18,29,Karnataka,2930,BELAGAVI CHIKKODI,293005,CHIKODI,8,SS (IX-X),4,Government Aided,Urban,3,Co-Ed,1,1,0,1,0,1,1,1,1,1,0,0,0,0,0,1,0,0,0,1,0,1,1,1,1,0,1,0,1,0,0
2017-18,29,Karnataka,2930,BELAGAVI CHIKKODI,293005,CHIKODI,8,SS (IX-X),5,Private Unaided (Recognized),Urban,3,Co-Ed,5,5,0,4,0,4,4,4,4,4,0,0,0,0,2,4,0,3,0,4,0,4,4,4,4,1,0,0,4,0,0
2017-18,29,Karnataka,2930,BELAGAVI CHIKKODI,293005,CHIKODI,7,SS (VI-X),5,Private Unaided (Recognized),Rural,3,Co-Ed,1,1,0,1,0,1,1,1,1,1,0,0,0,0,1,1,0,0,0,1,0,1,1,1,1,1,0,0,1,0,0
2017-18,29,Karnataka,2930,BELAGAVI CHIKKODI,293005,CHIKODI,7,SS (VI-X),6,Other Govt. managed schools,Rural,3,Co-Ed,1,1,0,1,0,1,1,1,1,1,0,0,0,0,1,1,0,0,0,1,0,0,1,1,1,0,1,0,1,0,0
2017-18,29,Karnataka,2930,BELAGAVI CHIKKODI,293005,CHIKODI,7,SS (VI-X),90,Social welfare Department,Rural,3,Co-Ed,4,4,0,1,0,3,3,3,3,3,0,0,0,0,2,3,0,1,0,3,0,3,3,3,2,0,1,0,3,0,0
2017-18,29,Karnataka,2930,BELAGAVI CHIKKODI,293005,CHIKODI,7,SS (VI-X),4,Government Aided,Urban,3,Co-Ed,1,1,0,1,0,1,1,1,1,1,0,0,0,0,1,1,0,1,0,1,0,1,1,1,1,0,0,0,1,0,0
2017-18,29,Karnataka,2930,BELAGAVI CHIKKODI,293005,CHIKODI,2,UPS (I-VIII),1,Department of Education,Rural,1,Boys,4,4,0,1,0,4,4,4,0,4,0,0,0,0,2,2,0,0,0,3,0,4,4,4,2,0,2,0,4,0,0
2017-18,29,Karnataka,2930,BELAGAVI CHIKKODI,293005,CHIKODI,2,UPS (I-VIII),1,Department of Education,Rural,2,Girls,7,7,0,2,0,7,7,0,7,7,0,0,0,0,4,4,0,0,0,5,0,7,7,7,4,0,1,0,7,0,0
2017-18,29,Karnataka,2930,BELAGAVI CHIKKODI,293005,CHIKODI,2,UPS (I-VIII),1,Department of Education,Urban,2,Girls,2,2,0,0,0,2,2,0,2,2,0,0,0,0,1,0,0,0,0,1,0,2,2,2,2,0,2,0,2,0,0
2017-18,29,Karnataka,2930,BELAGAVI CHIKKODI,293005,CHIKODI,2,UPS (I-VIII),1,Department of Education,Rural,3,Co-Ed,85,85,0,19,0,83,83,83,83,84,0,0,0,0,36,19,0,0,0,60,3,85,85,66,65,0,33,0,85,0,0
2017-18,29,Karnataka,2930,BELAGAVI CHIKKODI,293005,CHIKODI,2,UPS (I-VIII),4,Government Aided,Rural,3,Co-Ed,9,9,0,7,0,9,9,9,9,9,0,0,0,0,4,9,0,0,0,8,0,9,9,9,9,0,3,0,9,0,0
2017-18,29,Karnataka,2930,BELAGAVI CHIKKODI,293005,CHIKODI,2,UPS (I-VIII),5,Private Unaided (Recognized),Rural,3,Co-Ed,19,19,0,11,0,19,16,19,19,19,0,0,0,0,6,16,0,0,0,15,0,18,17,16,17,0,2,0,18,0,0
2017-18,29,Karnataka,2930,BELAGAVI CHIKKODI,293005,CHIKODI,2,UPS (I-VIII),1,Department of Education,Urban,3,Co-Ed,12,12,0,1,0,12,11,12,12,12,0,0,0,0,6,5,0,0,0,6,1,12,12,7,7,0,3,0,12,0,0
2017-18,29,Karnataka,2930,BELAGAVI CHIKKODI,293005,CHIKODI,2,UPS (I-VIII),4,Government Aided,Urban,3,Co-Ed,3,3,0,3,0,3,3,3,3,3,0,0,0,0,3,3,0,0,0,3,0,3,3,3,3,0,2,0,3,0,0
2017-18,29,Karnataka,2930,BELAGAVI CHIKKODI,293005,CHIKODI,2,UPS (I-VIII),5,Private Unaided (Recognized),Urban,3,Co-Ed,4,4,0,3,0,4,4,4,4,4,0,0,0,0,3,4,0,0,0,4,0,4,4,4,4,0,0,0,4,0,0
2017-18,29,Karnataka,2930,BELAGAVI CHIKKODI,293005,CHIKODI,2,UPS (I-VIII),92,Kendriya Vidyalaya / Central School,Urban,3,Co-Ed,1,0,0,1,0,1,1,1,1,1,0,0,0,0,1,1,0,0,0,0,0,1,0,1,1,0,1,0,1,0,0
2017-18,29,Karnataka,2930,BELAGAVI CHIKKODI,293005,CHIKODI,4,UPS (VI-VIII),90,Social welfare Department,Rural,3,Co-Ed,1,1,0,0,0,0,0,0,0,0,0,0,0,0,0,0,0,0,0,0,0,0,0,0,0,0,0,0,0,0,0
2017-18,29,Karnataka,2930,BELAGAVI CHIKKODI,293005,CHIKODI,4,UPS (VI-VIII),5,Private Unaided (Recognized),Urban,3,Co-Ed,1,1,0,1,0,0,1,0,0,0,0,0,0,0,1,1,0,0,0,1,0,1,0,1,1,0,0,0,1,0,0
2017-18,29,Karnataka,2930,BELAGAVI CHIKKODI,293006,GOKAK,3,HSS (I-XII),5,Private Unaided (Recognized),Urban,3,Co-Ed,1,1,0,1,0,1,1,1,1,1,0,0,0,0,1,1,0,1,0,1,1,1,1,1,1,0,0,0,1,0,0
2017-18,29,Karnataka,2930,BELAGAVI CHIKKODI,293006,GOKAK,5,HSS (VI-XII),1,Department of Education,Rural,3,Co-Ed,1,1,0,1,0,1,1,1,1,1,0,0,0,0,0,0,0,1,0,1,0,1,1,1,1,1,0,0,1,0,0
2017-18,29,Karnataka,2930,BELAGAVI CHIKKODI,293006,GOKAK,5,HSS (VI-XII),4,Government Aided,Rural,3,Co-Ed,2,2,0,2,0,2,2,2,2,2,0,0,0,0,1,2,0,1,0,2,0,2,2,2,2,0,0,0,2,0,0
2017-18,29,Karnataka,2930,BELAGAVI CHIKKODI,293006,GOKAK,5,HSS (VI-XII),5,Private Unaided (Recognized),Rural,3,Co-Ed,1,1,0,1,0,1,1,1,1,1,0,0,0,0,0,1,0,0,0,1,0,1,1,1,1,0,0,0,1,0,0
2017-18,29,Karnataka,2930,BELAGAVI CHIKKODI,293006,GOKAK,5,HSS (VI-XII),1,Department of Education,Urban,3,Co-Ed,1,1,0,0,0,1,1,1,1,1,0,0,0,0,0,0,0,0,0,1,0,1,1,1,1,0,0,0,1,0,0
2017-18,29,Karnataka,2930,BELAGAVI CHIKKODI,293006,GOKAK,5,HSS (VI-XII),4,Government Aided,Urban,3,Co-Ed,1,1,0,1,0,1,1,1,1,1,0,0,0,0,0,1,0,1,0,1,0,1,1,1,1,1,1,0,1,0,0
2017-18,29,Karnataka,2930,BELAGAVI CHIKKODI,293006,GOKAK,11,HSS (XI-XII),1,Department of Education,Rural,3,Co-Ed,1,1,0,0,0,1,1,1,1,1,0,0,0,0,0,1,0,0,0,1,0,1,0,1,1,0,0,0,1,0,0
2017-18,29,Karnataka,2930,BELAGAVI CHIKKODI,293006,GOKAK,11,HSS (XI-XII),4,Government Aided,Rural,3,Co-Ed,1,1,0,0,0,1,0,1,1,1,0,0,0,0,1,1,0,1,0,1,1,1,0,1,1,0,1,0,1,0,0
2017-18,29,Karnataka,2930,BELAGAVI CHIKKODI,293006,GOKAK,11,HSS (XI-XII),5,Private Unaided (Recognized),Rural,3,Co-Ed,4,4,0,1,0,4,4,4,4,4,0,0,0,0,2,4,0,1,0,3,3,4,2,2,4,1,3,0,4,0,0
2017-18,29,Karnataka,2930,BELAGAVI CHIKKODI,293006,GOKAK,11,HSS (XI-XII),90,Social welfare Department,Rural,3,Co-Ed,1,1,0,0,0,1,1,1,1,1,0,0,0,0,1,1,0,1,0,1,1,1,0,0,1,0,1,0,1,0,0
2017-18,29,Karnataka,2930,BELAGAVI CHIKKODI,293006,GOKAK,11,HSS (XI-XII),4,Government Aided,Urban,3,Co-Ed,3,3,0,3,0,3,3,3,3,3,0,0,0,0,2,2,0,3,0,1,1,3,3,3,3,2,3,0,3,0,0
2017-18,29,Karnataka,2930,BELAGAVI CHIKKODI,293006,GOKAK,11,HSS (XI-XII),5,Private Unaided (Recognized),Urban,3,Co-Ed,3,3,0,0,0,2,2,2,2,2,0,0,0,0,1,2,0,2,0,0,0,2,2,0,2,1,2,0,2,0,0
2017-18,29,Karnataka,2930,BELAGAVI CHIKKODI,293006,GOKAK,1,PS (I-V),1,Department of Education,Rural,3,Co-Ed,47,46,0,1,0,46,47,46,47,47,0,0,0,0,8,9,0,0,0,33,0,46,45,23,37,0,11,0,46,0,0
2017-18,29,Karnataka,2930,BELAGAVI CHIKKODI,293006,GOKAK,1,PS (I-V),4,Government Aided,Rural,3,Co-Ed,2,2,0,0,0,2,1,2,2,2,0,0,0,0,0,1,0,0,0,1,0,2,2,0,2,0,0,0,2,0,0
2017-18,29,Karnataka,2930,BELAGAVI CHIKKODI,293006,GOKAK,1,PS (I-V),5,Private Unaided (Recognized),Rural,3,Co-Ed,7,7,0,1,0,5,4,5,5,5,0,0,0,0,1,2,0,0,0,4,1,4,4,2,2,0,0,0,4,0,0
2017-18,29,Karnataka,2930,BELAGAVI CHIKKODI,293006,GOKAK,1,PS (I-V),1,Department of Education,Urban,3,Co-Ed,8,8,0,1,0,8,8,8,8,8,0,0,0,0,1,3,0,0,0,3,0,8,7,2,5,0,0,0,8,0,0
2017-18,29,Karnataka,2930,BELAGAVI CHIKKODI,293006,GOKAK,1,PS (I-V),4,Government Aided,Urban,3,Co-Ed,1,1,0,0,0,1,0,1,1,1,0,0,0,0,0,0,0,0,0,1,0,1,1,0,1,0,0,0,1,0,0
2017-18,29,Karnataka,2930,BELAGAVI CHIKKODI,293006,GOKAK,1,PS (I-V),5,Private Unaided (Recognized),Urban,3,Co-Ed,9,9,0,2,0,6,6,6,6,6,0,0,0,0,4,4,0,0,0,5,1,5,4,6,4,0,4,0,6,0,0
2017-18,29,Karnataka,2930,BELAGAVI CHIKKODI,293006,GOKAK,1,PS (I-V),90,Social welfare Department,Urban,3,Co-Ed,1,1,0,0,0,1,1,1,1,1,0,0,0,0,0,1,0,0,0,1,1,1,1,1,0,0,1,0,1,0,0
2017-18,29,Karnataka,2930,BELAGAVI CHIKKODI,293006,GOKAK,6,SS (I-X),1,Department of Education,Rural,1,Boys,1,1,0,1,0,1,1,1,0,1,0,0,0,0,1,1,0,0,0,1,0,1,1,1,1,0,0,0,1,0,0
2017-18,29,Karnataka,2930,BELAGAVI CHIKKODI,293006,GOKAK,6,SS (I-X),1,Department of Education,Urban,1,Boys,2,2,0,0,0,2,2,2,0,2,0,0,0,0,1,2,0,0,0,2,0,2,2,2,2,0,1,0,2,0,0
2017-18,29,Karnataka,2930,BELAGAVI CHIKKODI,293006,GOKAK,6,SS (I-X),1,Department of Education,Rural,2,Girls,1,1,0,0,0,1,1,0,1,1,0,0,0,0,1,1,0,0,0,1,0,1,1,1,1,0,0,0,1,0,0
2017-18,29,Karnataka,2930,BELAGAVI CHIKKODI,293006,GOKAK,6,SS (I-X),1,Department of Education,Urban,2,Girls,2,2,0,1,0,2,2,0,2,2,0,0,0,0,1,0,0,0,0,0,0,2,2,2,2,0,1,0,2,0,0
2017-18,29,Karnataka,2930,BELAGAVI CHIKKODI,293006,GOKAK,6,SS (I-X),1,Department of Education,Rural,3,Co-Ed,20,20,0,8,0,20,19,20,19,20,0,0,0,0,5,7,0,0,0,17,0,20,19,20,20,0,6,0,20,0,0
2017-18,29,Karnataka,2930,BELAGAVI CHIKKODI,293006,GOKAK,6,SS (I-X),5,Private Unaided (Recognized),Rural,3,Co-Ed,3,3,0,1,0,2,2,2,2,2,0,0,0,0,0,2,0,0,0,1,0,2,2,2,2,0,0,0,2,0,0
2017-18,29,Karnataka,2930,BELAGAVI CHIKKODI,293006,GOKAK,6,SS (I-X),1,Department of Education,Urban,3,Co-Ed,1,1,0,1,0,1,1,1,1,1,0,0,0,0,1,1,0,0,0,0,0,1,1,1,1,0,1,0,1,0,0
2017-18,29,Karnataka,2930,BELAGAVI CHIKKODI,293006,GOKAK,6,SS (I-X),4,Government Aided,Urban,3,Co-Ed,1,1,0,0,0,1,1,1,1,1,0,0,0,0,1,1,0,1,0,1,0,1,1,1,1,0,0,0,1,0,0
2017-18,29,Karnataka,2930,BELAGAVI CHIKKODI,293006,GOKAK,6,SS (I-X),5,Private Unaided (Recognized),Urban,3,Co-Ed,7,7,0,6,0,7,7,7,7,7,0,0,0,0,4,7,0,2,0,6,0,7,7,5,7,1,3,0,7,0,0
2017-18,29,Karnataka,2930,BELAGAVI CHIKKODI,293006,GOKAK,8,SS (IX-X),4,Government Aided,Rural,1,Boys,1,1,0,1,0,1,1,1,0,1,0,0,0,0,0,1,0,0,0,1,1,1,1,1,1,0,0,0,1,0,0
2017-18,29,Karnataka,2930,BELAGAVI CHIKKODI,293006,GOKAK,8,SS (IX-X),4,Government Aided,Rural,2,Girls,1,1,0,1,0,1,1,0,1,1,0,0,0,0,0,1,0,0,0,1,0,1,1,1,1,0,0,0,1,0,0
2017-18,29,Karnataka,2930,BELAGAVI CHIKKODI,293006,GOKAK,8,SS (IX-X),4,Government Aided,Urban,2,Girls,1,1,0,0,0,1,1,0,1,1,0,0,0,0,0,1,0,1,0,0,0,1,1,1,1,0,0,0,1,0,0
2017-18,29,Karnataka,2930,BELAGAVI CHIKKODI,293006,GOKAK,8,SS (IX-X),1,Department of Education,Rural,3,Co-Ed,6,6,0,2,0,6,6,6,6,6,0,0,0,0,0,4,0,0,0,6,0,6,6,6,6,0,1,0,6,0,0
2017-18,29,Karnataka,2930,BELAGAVI CHIKKODI,293006,GOKAK,8,SS (IX-X),4,Government Aided,Rural,3,Co-Ed,6,6,0,5,0,6,6,6,6,6,0,0,0,0,1,3,0,0,0,6,0,6,6,6,6,1,2,0,6,0,0
2017-18,29,Karnataka,2930,BELAGAVI CHIKKODI,293006,GOKAK,8,SS (IX-X),5,Private Unaided (Recognized),Rural,3,Co-Ed,8,8,0,6,0,7,7,8,8,8,0,0,0,0,5,7,0,2,0,8,3,8,5,8,6,0,3,0,8,0,0
2017-18,29,Karnataka,2930,BELAGAVI CHIKKODI,293006,GOKAK,8,SS (IX-X),1,Department of Education,Urban,3,Co-Ed,1,1,0,1,0,1,1,1,1,1,0,0,0,0,0,1,0,0,0,0,0,1,1,1,1,0,0,0,1,0,0
2017-18,29,Karnataka,2930,BELAGAVI CHIKKODI,293006,GOKAK,8,SS (IX-X),4,Government Aided,Urban,3,Co-Ed,6,6,0,6,0,6,6,6,6,6,0,0,0,0,2,5,0,3,0,5,0,6,6,6,6,1,4,0,6,0,0
2017-18,29,Karnataka,2930,BELAGAVI CHIKKODI,293006,GOKAK,8,SS (IX-X),5,Private Unaided (Recognized),Urban,3,Co-Ed,8,8,0,6,0,7,7,7,7,7,0,0,0,0,4,7,0,3,0,5,2,7,7,6,6,1,3,0,7,0,0
2017-18,29,Karnataka,2930,BELAGAVI CHIKKODI,293006,GOKAK,7,SS (VI-X),90,Social welfare Department,Rural,2,Girls,1,1,0,0,0,1,1,0,1,1,0,0,0,0,0,0,0,0,0,1,0,0,1,1,0,0,0,0,1,0,0
2017-18,29,Karnataka,2930,BELAGAVI CHIKKODI,293006,GOKAK,7,SS (VI-X),1,Department of Education,Rural,3,Co-Ed,1,1,0,1,0,1,1,1,1,1,0,0,0,0,1,0,0,0,0,0,0,1,1,1,0,0,0,0,1,0,0
2017-18,29,Karnataka,2930,BELAGAVI CHIKKODI,293006,GOKAK,7,SS (VI-X),5,Private Unaided (Recognized),Rural,3,Co-Ed,1,1,0,1,0,1,1,1,1,1,0,0,0,0,0,1,0,0,0,0,0,1,1,1,1,0,0,0,1,0,0
2017-18,29,Karnataka,2930,BELAGAVI CHIKKODI,293006,GOKAK,7,SS (VI-X),90,Social welfare Department,Rural,3,Co-Ed,4,4,0,3,0,3,3,3,3,3,0,0,0,0,1,3,0,0,0,3,0,3,3,3,2,0,0,0,3,0,0
2017-18,29,Karnataka,2930,BELAGAVI CHIKKODI,293006,GOKAK,7,SS (VI-X),4,Government Aided,Urban,3,Co-Ed,1,1,0,1,0,1,1,1,1,1,0,0,0,0,0,1,0,1,0,1,0,1,1,1,1,0,1,0,1,0,0
2017-18,29,Karnataka,2930,BELAGAVI CHIKKODI,293006,GOKAK,7,SS (VI-X),90,Social welfare Department,Urban,3,Co-Ed,1,1,0,0,0,0,0,0,0,0,0,0,0,0,0,0,0,0,0,0,0,0,0,0,0,0,0,0,0,0,0
2017-18,29,Karnataka,2930,BELAGAVI CHIKKODI,293006,GOKAK,2,UPS (I-VIII),1,Department of Education,Rural,1,Boys,3,3,0,0,0,3,3,3,0,3,0,0,0,0,0,1,0,0,0,1,0,3,3,3,3,0,2,0,3,0,0
2017-18,29,Karnataka,2930,BELAGAVI CHIKKODI,293006,GOKAK,2,UPS (I-VIII),1,Department of Education,Urban,1,Boys,2,2,0,2,0,2,2,2,0,2,0,0,0,0,1,1,0,0,0,0,0,2,2,2,2,0,1,0,2,0,0
2017-18,29,Karnataka,2930,BELAGAVI CHIKKODI,293006,GOKAK,2,UPS (I-VIII),1,Department of Education,Rural,2,Girls,4,4,0,1,0,4,4,0,4,4,0,0,0,0,2,1,0,0,0,3,0,4,4,4,3,0,1,0,4,0,0
2017-18,29,Karnataka,2930,BELAGAVI CHIKKODI,293006,GOKAK,2,UPS (I-VIII),1,Department of Education,Urban,2,Girls,1,1,0,0,0,1,1,0,1,1,0,0,0,0,0,0,0,0,0,0,0,1,1,1,1,0,0,0,1,0,0
2017-18,29,Karnataka,2930,BELAGAVI CHIKKODI,293006,GOKAK,2,UPS (I-VIII),1,Department of Education,Rural,3,Co-Ed,46,46,0,3,0,46,45,42,44,44,0,0,0,0,14,15,0,0,0,27,0,46,46,41,37,0,9,0,45,0,0
2017-18,29,Karnataka,2930,BELAGAVI CHIKKODI,293006,GOKAK,2,UPS (I-VIII),4,Government Aided,Rural,3,Co-Ed,4,4,0,0,0,4,2,4,4,4,0,0,0,0,0,3,0,0,0,4,0,4,3,3,4,0,0,0,4,0,0
2017-18,29,Karnataka,2930,BELAGAVI CHIKKODI,293006,GOKAK,2,UPS (I-VIII),5,Private Unaided (Recognized),Rural,3,Co-Ed,21,21,0,8,0,21,18,21,21,21,0,0,0,0,6,17,0,1,0,16,2,19,18,21,20,0,2,0,21,0,0
2017-18,29,Karnataka,2930,BELAGAVI CHIKKODI,293006,GOKAK,2,UPS (I-VIII),1,Department of Education,Urban,3,Co-Ed,13,13,0,1,0,12,13,12,12,12,0,0,0,0,1,4,0,0,0,3,0,13,12,8,9,0,0,0,13,0,0
2017-18,29,Karnataka,2930,BELAGAVI CHIKKODI,293006,GOKAK,2,UPS (I-VIII),4,Government Aided,Urban,3,Co-Ed,7,7,0,6,0,7,7,7,7,7,0,0,0,0,4,7,0,1,0,3,0,7,7,6,6,0,4,0,7,0,0
2017-18,29,Karnataka,2930,BELAGAVI CHIKKODI,293006,GOKAK,2,UPS (I-VIII),5,Private Unaided (Recognized),Urban,3,Co-Ed,13,13,0,8,0,13,12,13,13,13,0,0,0,0,2,12,0,0,0,6,0,13,13,10,13,0,1,0,13,0,0
2017-18,29,Karnataka,2930,BELAGAVI CHIKKODI,293006,GOKAK,4,UPS (VI-VIII),5,Private Unaided (Recognized),Rural,3,Co-Ed,1,1,0,0,0,1,1,1,1,1,0,0,0,0,0,1,0,0,0,1,0,1,1,1,1,0,0,0,1,0,0
2017-18,29,Karnataka,2930,BELAGAVI CHIKKODI,293006,GOKAK,4,UPS (VI-VIII),5,Private Unaided (Recognized),Urban,3,Co-Ed,2,2,0,2,0,2,2,2,2,2,0,0,0,0,0,2,0,0,0,2,0,2,2,1,2,0,0,0,2,0,0
2017-18,29,Karnataka,2930,BELAGAVI CHIKKODI,293007,HUKKERI,5,HSS (VI-XII),1,Department of Education,Rural,3,Co-Ed,4,4,0,4,0,4,4,3,4,4,0,0,0,0,2,4,0,0,0,4,0,4,4,4,4,0,3,0,4,0,0
2017-18,29,Karnataka,2930,BELAGAVI CHIKKODI,293007,HUKKERI,11,HSS (XI-XII),1,Department of Education,Rural,3,Co-Ed,3,3,0,1,0,1,3,3,3,3,0,0,0,0,2,2,0,0,0,2,1,3,1,0,3,0,2,0,3,0,0
2017-18,29,Karnataka,2930,BELAGAVI CHIKKODI,293007,HUKKERI,11,HSS (XI-XII),4,Government Aided,Rural,3,Co-Ed,4,4,0,2,0,4,4,4,4,4,0,0,0,0,2,4,0,2,0,3,1,3,2,3,3,1,1,0,4,0,0
2017-18,29,Karnataka,2930,BELAGAVI CHIKKODI,293007,HUKKERI,11,HSS (XI-XII),5,Private Unaided (Recognized),Rural,3,Co-Ed,5,5,0,3,0,5,5,5,5,5,0,0,0,0,3,5,0,4,0,3,4,5,2,5,5,1,4,0,5,0,0
2017-18,29,Karnataka,2930,BELAGAVI CHIKKODI,293007,HUKKERI,11,HSS (XI-XII),4,Government Aided,Urban,3,Co-Ed,2,2,0,2,0,2,2,2,2,2,0,0,0,0,1,1,0,2,0,1,1,2,1,2,2,1,1,0,2,0,0
2017-18,29,Karnataka,2930,BELAGAVI CHIKKODI,293007,HUKKERI,11,HSS (XI-XII),5,Private Unaided (Recognized),Urban,3,Co-Ed,4,4,0,4,0,2,3,4,4,4,0,0,0,0,2,1,0,1,0,1,1,3,0,3,3,0,1,0,4,0,0
2017-18,29,Karnataka,2930,BELAGAVI CHIKKODI,293007,HUKKERI,1,PS (I-V),1,Department of Education,Rural,2,Girls,1,1,0,0,0,1,1,0,1,1,0,0,0,0,0,0,0,0,0,0,0,1,1,1,1,0,1,0,1,0,0
2017-18,29,Karnataka,2930,BELAGAVI CHIKKODI,293007,HUKKERI,1,PS (I-V),1,Department of Education,Rural,3,Co-Ed,78,78,0,8,0,72,73,71,70,73,0,0,0,0,22,24,0,0,0,59,4,77,75,42,56,0,32,0,77,0,0
2017-18,29,Karnataka,2930,BELAGAVI CHIKKODI,293007,HUKKERI,1,PS (I-V),4,Government Aided,Rural,3,Co-Ed,2,2,0,1,0,2,2,2,2,2,0,0,0,0,0,1,0,0,0,2,0,2,2,2,2,0,0,0,2,0,0
2017-18,29,Karnataka,2930,BELAGAVI CHIKKODI,293007,HUKKERI,1,PS (I-V),5,Private Unaided (Recognized),Rural,3,Co-Ed,12,12,0,6,0,8,8,8,8,8,0,0,0,0,6,7,0,0,0,5,3,8,7,6,6,0,3,0,8,0,0
2017-18,29,Karnataka,2930,BELAGAVI CHIKKODI,293007,HUKKERI,1,PS (I-V),1,Department of Education,Urban,3,Co-Ed,4,4,0,0,0,4,4,3,4,4,0,0,0,0,2,0,0,0,0,4,0,4,4,1,1,0,0,0,4,0,0
2017-18,29,Karnataka,2930,BELAGAVI CHIKKODI,293007,HUKKERI,6,SS (I-X),1,Department of Education,Rural,1,Boys,1,1,0,1,0,1,1,1,0,1,0,0,0,0,0,1,0,0,0,0,0,1,1,1,1,0,0,0,1,0,0
2017-18,29,Karnataka,2930,BELAGAVI CHIKKODI,293007,HUKKERI,6,SS (I-X),1,Department of Education,Urban,1,Boys,1,1,0,0,0,1,1,1,0,1,0,0,0,0,0,1,0,0,0,0,0,1,1,1,1,0,0,0,1,0,0
2017-18,29,Karnataka,2930,BELAGAVI CHIKKODI,293007,HUKKERI,6,SS (I-X),1,Department of Education,Rural,2,Girls,2,2,0,1,0,2,2,0,2,2,0,0,0,0,0,1,0,0,0,2,0,2,2,2,1,0,0,0,2,0,0
2017-18,29,Karnataka,2930,BELAGAVI CHIKKODI,293007,HUKKERI,6,SS (I-X),1,Department of Education,Rural,3,Co-Ed,41,41,0,20,0,40,40,39,39,39,0,0,0,0,13,16,0,0,0,35,0,41,41,37,38,0,17,0,41,0,0
2017-18,29,Karnataka,2930,BELAGAVI CHIKKODI,293007,HUKKERI,6,SS (I-X),5,Private Unaided (Recognized),Rural,3,Co-Ed,7,7,0,7,0,7,7,7,7,7,0,0,0,0,5,6,0,2,0,6,2,7,5,7,7,0,2,0,7,0,0
2017-18,29,Karnataka,2930,BELAGAVI CHIKKODI,293007,HUKKERI,6,SS (I-X),1,Department of Education,Urban,3,Co-Ed,3,3,0,2,0,3,3,3,3,3,0,0,0,0,2,1,0,0,0,1,0,3,3,1,1,0,2,0,3,0,0
2017-18,29,Karnataka,2930,BELAGAVI CHIKKODI,293007,HUKKERI,6,SS (I-X),4,Government Aided,Urban,3,Co-Ed,1,1,0,1,0,1,1,1,1,1,0,0,0,0,1,1,0,0,0,0,0,1,1,1,1,0,0,0,1,0,0
2017-18,29,Karnataka,2930,BELAGAVI CHIKKODI,293007,HUKKERI,6,SS (I-X),5,Private Unaided (Recognized),Urban,3,Co-Ed,7,7,0,6,0,6,6,6,6,6,0,0,0,0,5,6,0,3,0,6,1,6,4,6,6,0,1,0,6,0,0
2017-18,29,Karnataka,2930,BELAGAVI CHIKKODI,293007,HUKKERI,8,SS (IX-X),4,Government Aided,Urban,2,Girls,1,1,0,1,0,1,1,0,1,1,0,0,0,0,1,1,0,1,0,1,0,1,1,1,1,0,0,0,1,0,0
2017-18,29,Karnataka,2930,BELAGAVI CHIKKODI,293007,HUKKERI,8,SS (IX-X),1,Department of Education,Rural,3,Co-Ed,22,20,0,13,0,22,20,21,22,22,0,0,0,0,8,15,0,3,0,20,1,22,21,22,21,2,21,0,22,0,0
2017-18,29,Karnataka,2930,BELAGAVI CHIKKODI,293007,HUKKERI,8,SS (IX-X),4,Government Aided,Rural,3,Co-Ed,18,18,0,16,0,18,18,18,18,18,0,0,0,0,8,15,0,8,0,18,1,18,18,17,18,1,3,0,18,0,0
2017-18,29,Karnataka,2930,BELAGAVI CHIKKODI,293007,HUKKERI,8,SS (IX-X),5,Private Unaided (Recognized),Rural,3,Co-Ed,10,10,0,10,0,10,10,10,10,10,0,0,0,0,5,10,0,3,0,9,2,10,10,10,10,1,4,0,10,0,0
2017-18,29,Karnataka,2930,BELAGAVI CHIKKODI,293007,HUKKERI,8,SS (IX-X),1,Department of Education,Urban,3,Co-Ed,2,2,0,0,0,2,2,2,2,2,0,0,0,0,0,2,0,0,0,0,0,2,2,2,1,0,2,0,2,0,0
2017-18,29,Karnataka,2930,BELAGAVI CHIKKODI,293007,HUKKERI,8,SS (IX-X),4,Government Aided,Urban,3,Co-Ed,1,1,0,1,0,1,1,1,1,1,0,0,0,0,0,1,0,0,0,1,0,1,1,1,1,0,0,0,1,0,0
2017-18,29,Karnataka,2930,BELAGAVI CHIKKODI,293007,HUKKERI,8,SS (IX-X),5,Private Unaided (Recognized),Urban,3,Co-Ed,6,6,0,6,0,6,6,6,6,6,0,0,0,0,4,5,0,1,0,5,1,6,6,5,6,1,0,0,6,0,0
2017-18,29,Karnataka,2930,BELAGAVI CHIKKODI,293007,HUKKERI,7,SS (VI-X),90,Social welfare Department,Rural,1,Boys,1,1,0,1,0,1,1,1,0,1,0,0,0,0,0,1,0,0,0,1,0,1,1,1,1,0,1,0,1,0,0
2017-18,29,Karnataka,2930,BELAGAVI CHIKKODI,293007,HUKKERI,7,SS (VI-X),90,Social welfare Department,Rural,2,Girls,1,1,0,0,0,1,1,0,1,1,0,0,0,0,1,1,0,0,0,0,0,1,1,1,1,0,0,0,1,0,0
2017-18,29,Karnataka,2930,BELAGAVI CHIKKODI,293007,HUKKERI,7,SS (VI-X),5,Private Unaided (Recognized),Rural,3,Co-Ed,1,1,0,1,0,1,1,1,1,1,0,0,0,0,1,1,0,0,0,1,1,1,1,1,1,0,1,0,1,0,0
2017-18,29,Karnataka,2930,BELAGAVI CHIKKODI,293007,HUKKERI,7,SS (VI-X),90,Social welfare Department,Rural,3,Co-Ed,2,2,0,2,0,2,2,2,2,2,0,0,0,0,0,1,0,1,0,1,0,2,2,2,2,0,0,0,2,0,0
2017-18,29,Karnataka,2930,BELAGAVI CHIKKODI,293007,HUKKERI,7,SS (VI-X),4,Government Aided,Urban,3,Co-Ed,2,2,0,2,0,2,2,2,2,2,0,0,0,0,1,2,0,1,0,2,0,2,2,2,2,0,0,0,2,0,0
2017-18,29,Karnataka,2930,BELAGAVI CHIKKODI,293007,HUKKERI,7,SS (VI-X),90,Social welfare Department,Urban,3,Co-Ed,2,2,0,1,0,1,1,1,1,1,0,0,0,0,0,1,0,1,0,1,0,1,1,1,1,0,0,0,1,0,0
2017-18,29,Karnataka,2930,BELAGAVI CHIKKODI,293007,HUKKERI,2,UPS (I-VIII),1,Department of Education,Rural,1,Boys,10,10,0,4,0,10,10,10,0,10,0,0,0,0,2,8,0,0,0,8,0,10,10,10,10,0,3,0,10,0,0
2017-18,29,Karnataka,2930,BELAGAVI CHIKKODI,293007,HUKKERI,2,UPS (I-VIII),1,Department of Education,Rural,2,Girls,9,9,0,4,0,8,9,0,9,9,0,0,0,0,3,6,0,0,0,5,0,9,9,8,8,0,4,0,9,0,0
2017-18,29,Karnataka,2930,BELAGAVI CHIKKODI,293007,HUKKERI,2,UPS (I-VIII),1,Department of Education,Urban,2,Girls,1,1,0,0,0,1,1,0,1,1,0,0,0,0,0,0,0,0,0,0,0,1,1,1,1,0,0,0,1,0,0
2017-18,29,Karnataka,2930,BELAGAVI CHIKKODI,293007,HUKKERI,2,UPS (I-VIII),1,Department of Education,Rural,3,Co-Ed,97,97,0,32,0,96,97,96,95,96,0,0,0,0,34,34,0,0,0,72,2,97,96,78,75,0,39,0,96,0,0
2017-18,29,Karnataka,2930,BELAGAVI CHIKKODI,293007,HUKKERI,2,UPS (I-VIII),4,Government Aided,Rural,3,Co-Ed,12,12,0,8,0,11,12,12,12,12,0,0,0,0,4,12,0,0,0,10,0,12,11,11,12,0,1,0,12,0,0
2017-18,29,Karnataka,2930,BELAGAVI CHIKKODI,293007,HUKKERI,2,UPS (I-VIII),5,Private Unaided (Recognized),Rural,3,Co-Ed,27,27,0,15,0,26,26,26,26,26,0,0,0,0,11,20,0,1,0,21,3,26,23,22,23,1,5,0,26,0,0
2017-18,29,Karnataka,2930,BELAGAVI CHIKKODI,293007,HUKKERI,2,UPS (I-VIII),1,Department of Education,Urban,3,Co-Ed,12,12,0,8,0,12,11,12,12,12,0,0,0,0,7,7,0,0,0,11,1,12,12,7,7,0,2,0,12,0,0
2017-18,29,Karnataka,2930,BELAGAVI CHIKKODI,293007,HUKKERI,2,UPS (I-VIII),4,Government Aided,Urban,3,Co-Ed,2,2,0,2,0,2,2,2,2,2,0,0,0,0,0,2,0,0,0,2,0,1,2,2,2,0,0,0,2,0,0
2017-18,29,Karnataka,2930,BELAGAVI CHIKKODI,293007,HUKKERI,2,UPS (I-VIII),5,Private Unaided (Recognized),Urban,3,Co-Ed,10,10,0,9,0,10,10,10,10,10,0,0,0,0,5,8,0,0,0,7,1,9,10,9,8,0,2,0,10,0,0
2017-18,29,Karnataka,2930,BELAGAVI CHIKKODI,293009,NIPPANI,5,HSS (VI-XII),4,Government Aided,Rural,3,Co-Ed,2,2,0,2,0,2,2,2,2,2,0,0,0,0,2,2,0,1,0,2,0,2,2,2,2,0,0,0,2,0,0
2017-18,29,Karnataka,2930,BELAGAVI CHIKKODI,293009,NIPPANI,11,HSS (XI-XII),1,Department of Education,Rural,3,Co-Ed,2,2,0,2,0,2,2,2,2,2,0,0,0,0,0,2,0,1,0,2,0,2,1,2,2,0,1,0,2,0,0
2017-18,29,Karnataka,2930,BELAGAVI CHIKKODI,293009,NIPPANI,11,HSS (XI-XII),5,Private Unaided (Recognized),Rural,3,Co-Ed,3,3,0,3,0,3,3,3,3,3,0,0,0,0,3,3,0,2,0,3,3,3,1,3,3,0,2,0,3,0,0
2017-18,29,Karnataka,2930,BELAGAVI CHIKKODI,293009,NIPPANI,11,HSS (XI-XII),1,Department of Education,Urban,3,Co-Ed,1,1,0,1,0,1,1,1,1,1,0,0,0,0,1,1,0,1,0,1,0,1,0,1,1,0,0,0,1,0,0
2017-18,29,Karnataka,2930,BELAGAVI CHIKKODI,293009,NIPPANI,11,HSS (XI-XII),4,Government Aided,Urban,3,Co-Ed,1,1,0,1,0,1,1,1,1,1,0,0,0,0,1,1,0,0,0,1,0,1,1,1,1,0,0,0,1,0,0
2017-18,29,Karnataka,2930,BELAGAVI CHIKKODI,293009,NIPPANI,11,HSS (XI-XII),5,Private Unaided (Recognized),Urban,3,Co-Ed,3,3,0,2,0,2,2,2,2,2,0,0,0,0,2,1,0,2,0,2,2,2,2,2,2,1,2,0,2,0,0
2017-18,29,Karnataka,2930,BELAGAVI CHIKKODI,293009,NIPPANI,1,PS (I-V),5,Private Unaided (Recognized),Urban,1,Boys,1,1,0,0,0,0,0,0,0,0,0,0,0,0,0,0,0,0,0,0,0,0,0,0,0,0,0,0,0,0,0
2017-18,29,Karnataka,2930,BELAGAVI CHIKKODI,293009,NIPPANI,1,PS (I-V),5,Private Unaided (Recognized),Rural,2,Girls,1,1,0,1,0,1,1,0,1,1,0,0,0,0,1,1,0,0,0,1,0,1,1,1,1,0,0,0,1,0,0
2017-18,29,Karnataka,2930,BELAGAVI CHIKKODI,293009,NIPPANI,1,PS (I-V),5,Private Unaided (Recognized),Urban,2,Girls,1,1,0,1,0,1,1,0,1,1,0,0,0,0,1,1,0,0,0,1,0,1,1,1,1,0,1,0,1,0,0
2017-18,29,Karnataka,2930,BELAGAVI CHIKKODI,293009,NIPPANI,1,PS (I-V),1,Department of Education,Rural,3,Co-Ed,48,48,0,3,0,45,47,43,48,48,0,0,0,0,28,6,0,0,0,32,2,48,42,27,21,0,15,0,47,0,0
2017-18,29,Karnataka,2930,BELAGAVI CHIKKODI,293009,NIPPANI,1,PS (I-V),5,Private Unaided (Recognized),Rural,3,Co-Ed,7,7,0,5,0,5,5,5,5,5,0,0,0,0,3,5,0,0,0,5,1,5,4,4,5,0,1,0,5,0,0
2017-18,29,Karnataka,2930,BELAGAVI CHIKKODI,293009,NIPPANI,1,PS (I-V),1,Department of Education,Urban,3,Co-Ed,12,12,0,0,0,12,12,12,12,12,0,0,0,0,9,5,0,0,0,6,1,11,11,11,5,0,4,0,12,0,0
2017-18,29,Karnataka,2930,BELAGAVI CHIKKODI,293009,NIPPANI,1,PS (I-V),4,Government Aided,Urban,3,Co-Ed,2,2,0,0,0,2,2,2,2,2,0,0,0,0,2,2,0,0,0,1,0,2,2,2,2,0,0,0,2,0,0
2017-18,29,Karnataka,2930,BELAGAVI CHIKKODI,293009,NIPPANI,1,PS (I-V),5,Private Unaided (Recognized),Urban,3,Co-Ed,7,7,0,1,0,2,2,2,2,2,0,0,0,0,2,1,0,0,0,1,2,2,1,2,2,0,0,0,2,0,0
2017-18,29,Karnataka,2930,BELAGAVI CHIKKODI,293009,NIPPANI,6,SS (I-X),1,Department of Education,Rural,1,Boys,1,1,0,0,0,1,1,1,0,1,0,0,0,0,0,1,0,0,0,0,0,1,1,1,1,0,1,0,1,0,0
2017-18,29,Karnataka,2930,BELAGAVI CHIKKODI,293009,NIPPANI,6,SS (I-X),1,Department of Education,Rural,2,Girls,1,1,0,0,0,1,1,0,1,1,0,0,0,0,1,1,0,0,0,1,0,1,1,1,1,0,0,0,1,0,0
2017-18,29,Karnataka,2930,BELAGAVI CHIKKODI,293009,NIPPANI,6,SS (I-X),1,Department of Education,Rural,3,Co-Ed,14,14,0,8,0,13,14,14,14,14,0,0,0,0,9,3,0,0,0,10,0,14,13,10,9,0,3,0,14,0,0
2017-18,29,Karnataka,2930,BELAGAVI CHIKKODI,293009,NIPPANI,6,SS (I-X),5,Private Unaided (Recognized),Rural,3,Co-Ed,2,2,0,2,0,2,2,2,2,2,0,0,0,0,2,2,0,0,0,2,1,2,2,1,2,0,0,0,2,0,0
2017-18,29,Karnataka,2930,BELAGAVI CHIKKODI,293009,NIPPANI,6,SS (I-X),1,Department of Education,Urban,3,Co-Ed,4,4,0,3,0,4,4,4,4,4,0,0,0,0,3,4,0,0,0,3,0,4,4,3,3,0,2,0,4,0,0
2017-18,29,Karnataka,2930,BELAGAVI CHIKKODI,293009,NIPPANI,6,SS (I-X),5,Private Unaided (Recognized),Urban,3,Co-Ed,6,6,0,6,0,6,6,6,6,6,0,0,0,0,6,6,0,1,0,6,1,6,6,6,6,0,0,0,6,0,0
2017-18,29,Karnataka,2930,BELAGAVI CHIKKODI,293009,NIPPANI,8,SS (IX-X),5,Private Unaided (Recognized),Rural,1,Boys,1,1,0,1,0,1,1,1,0,1,0,0,0,0,1,1,0,1,0,1,0,1,1,1,1,0,1,0,1,0,0
2017-18,29,Karnataka,2930,BELAGAVI CHIKKODI,293009,NIPPANI,8,SS (IX-X),4,Government Aided,Rural,2,Girls,2,2,0,2,0,2,2,0,2,2,0,0,0,0,1,1,0,0,0,2,0,2,2,2,2,0,0,0,2,0,0
2017-18,29,Karnataka,2930,BELAGAVI CHIKKODI,293009,NIPPANI,8,SS (IX-X),5,Private Unaided (Recognized),Rural,2,Girls,1,0,0,1,0,1,1,0,1,1,0,0,0,0,1,1,0,1,0,0,0,1,1,0,1,0,0,0,1,0,0
2017-18,29,Karnataka,2930,BELAGAVI CHIKKODI,293009,NIPPANI,8,SS (IX-X),4,Government Aided,Urban,2,Girls,2,2,0,2,0,2,2,0,2,2,0,0,0,0,1,2,0,2,0,2,0,2,2,2,2,0,1,0,2,0,0
2017-18,29,Karnataka,2930,BELAGAVI CHIKKODI,293009,NIPPANI,8,SS (IX-X),1,Department of Education,Rural,3,Co-Ed,8,8,0,6,0,8,8,8,8,8,0,0,0,0,3,6,0,3,0,7,0,8,8,8,4,0,2,0,8,0,0
2017-18,29,Karnataka,2930,BELAGAVI CHIKKODI,293009,NIPPANI,8,SS (IX-X),4,Government Aided,Rural,3,Co-Ed,11,11,0,11,0,11,11,11,11,11,0,0,0,0,8,10,0,7,0,11,0,11,11,11,11,2,3,0,11,0,0
2017-18,29,Karnataka,2930,BELAGAVI CHIKKODI,293009,NIPPANI,8,SS (IX-X),5,Private Unaided (Recognized),Rural,3,Co-Ed,6,6,0,6,0,6,6,6,6,6,0,0,0,0,6,6,0,5,0,6,2,6,6,6,6,0,0,0,6,0,0
2017-18,29,Karnataka,2930,BELAGAVI CHIKKODI,293009,NIPPANI,8,SS (IX-X),1,Department of Education,Urban,3,Co-Ed,3,3,0,1,0,3,3,3,3,3,0,0,0,0,3,3,0,1,0,2,0,3,3,3,3,0,1,0,3,0,0
2017-18,29,Karnataka,2930,BELAGAVI CHIKKODI,293009,NIPPANI,8,SS (IX-X),3,Local body,Urban,3,Co-Ed,1,1,0,1,0,1,1,1,1,1,0,0,0,0,1,1,0,0,0,0,0,1,1,1,1,0,1,0,1,0,0
2017-18,29,Karnataka,2930,BELAGAVI CHIKKODI,293009,NIPPANI,8,SS (IX-X),4,Government Aided,Urban,3,Co-Ed,5,5,0,4,0,5,5,5,5,5,0,0,0,0,4,5,0,2,0,5,0,5,5,5,5,0,3,0,5,0,0
2017-18,29,Karnataka,2930,BELAGAVI CHIKKODI,293009,NIPPANI,8,SS (IX-X),5,Private Unaided (Recognized),Urban,3,Co-Ed,7,7,0,6,0,6,6,6,6,6,0,0,0,0,4,5,0,3,0,5,2,6,5,5,6,1,1,0,6,0,0
2017-18,29,Karnataka,2930,BELAGAVI CHIKKODI,293009,NIPPANI,7,SS (VI-X),90,Social welfare Department,Rural,2,Girls,2,2,0,0,0,0,0,0,0,0,0,0,0,0,0,0,0,0,0,0,0,0,0,0,0,0,0,0,0,0,0
2017-18,29,Karnataka,2930,BELAGAVI CHIKKODI,293009,NIPPANI,7,SS (VI-X),5,Private Unaided (Recognized),Rural,3,Co-Ed,2,2,0,2,0,2,2,2,2,2,0,0,0,0,2,2,0,0,0,2,1,2,1,2,2,0,1,0,2,0,0
2017-18,29,Karnataka,2930,BELAGAVI CHIKKODI,293009,NIPPANI,7,SS (VI-X),90,Social welfare Department,Urban,3,Co-Ed,1,1,0,1,0,1,1,1,1,1,0,0,0,0,1,1,0,0,0,1,0,1,1,1,1,0,0,0,1,0,0
2017-18,29,Karnataka,2930,BELAGAVI CHIKKODI,293009,NIPPANI,2,UPS (I-VIII),1,Department of Education,Rural,1,Boys,10,10,0,6,0,10,10,10,0,10,0,0,0,0,8,7,0,0,0,7,0,10,9,10,10,0,5,0,10,0,0
2017-18,29,Karnataka,2930,BELAGAVI CHIKKODI,293009,NIPPANI,2,UPS (I-VIII),1,Department of Education,Rural,2,Girls,11,11,0,5,0,11,11,0,11,11,0,0,0,0,8,5,0,0,0,7,0,11,11,10,9,0,7,0,11,0,0
2017-18,29,Karnataka,2930,BELAGAVI CHIKKODI,293009,NIPPANI,2,UPS (I-VIII),1,Department of Education,Rural,3,Co-Ed,59,59,0,16,0,59,59,59,58,59,0,0,0,0,37,14,0,0,0,38,0,59,59,45,36,0,17,0,59,0,0
2017-18,29,Karnataka,2930,BELAGAVI CHIKKODI,293009,NIPPANI,2,UPS (I-VIII),4,Government Aided,Rural,3,Co-Ed,4,4,0,4,0,4,4,4,4,4,0,0,0,0,3,4,0,0,0,4,0,4,4,4,4,0,2,0,4,0,0
2017-18,29,Karnataka,2930,BELAGAVI CHIKKODI,293009,NIPPANI,2,UPS (I-VIII),5,Private Unaided (Recognized),Rural,3,Co-Ed,18,18,0,15,0,18,17,17,18,18,0,0,0,0,15,15,0,0,0,18,1,17,16,16,17,0,2,0,18,0,0
2017-18,29,Karnataka,2930,BELAGAVI CHIKKODI,293009,NIPPANI,2,UPS (I-VIII),1,Department of Education,Urban,3,Co-Ed,20,20,0,2,0,20,20,18,18,18,0,0,0,0,16,7,0,0,0,8,0,20,19,17,7,0,11,0,20,0,0
2017-18,29,Karnataka,2930,BELAGAVI CHIKKODI,293009,NIPPANI,2,UPS (I-VIII),4,Government Aided,Urban,3,Co-Ed,5,5,0,2,0,5,5,5,5,5,0,0,0,0,2,4,0,0,0,4,0,5,5,4,5,0,2,0,5,0,0
2017-18,29,Karnataka,2930,BELAGAVI CHIKKODI,293009,NIPPANI,2,UPS (I-VIII),5,Private Unaided (Recognized),Urban,3,Co-Ed,6,6,0,5,0,6,6,6,6,6,0,0,0,0,4,6,0,0,0,4,0,6,5,5,6,0,0,0,6,0,0
2017-18,29,Karnataka,2930,BELAGAVI CHIKKODI,293009,NIPPANI,4,UPS (VI-VIII),4,Government Aided,Urban,2,Girls,1,1,0,1,0,1,1,0,1,1,0,0,0,0,1,1,0,0,0,1,0,1,1,1,1,0,1,0,1,0,0
2017-18,29,Karnataka,2930,BELAGAVI CHIKKODI,293009,NIPPANI,4,UPS (VI-VIII),5,Private Unaided (Recognized),Rural,3,Co-Ed,2,2,0,2,0,2,2,2,2,2,0,0,0,0,2,2,0,0,0,2,1,2,1,1,1,0,1,0,2,0,0
2017-18,29,Karnataka,2930,BELAGAVI CHIKKODI,293009,NIPPANI,4,UPS (VI-VIII),4,Government Aided,Urban,3,Co-Ed,1,1,0,1,0,1,1,1,1,1,0,0,0,0,1,1,0,0,0,1,0,1,1,1,1,0,1,0,1,0,0
2017-18,29,Karnataka,2930,BELAGAVI CHIKKODI,293010,RAIBAG,5,HSS (VI-XII),1,Department of Education,Rural,3,Co-Ed,1,1,0,1,0,1,1,1,1,1,0,0,0,0,0,1,0,1,0,1,0,1,1,1,1,1,0,0,1,0,0
2017-18,29,Karnataka,2930,BELAGAVI CHIKKODI,293010,RAIBAG,5,HSS (VI-XII),4,Government Aided,Rural,3,Co-Ed,1,1,0,1,0,1,1,1,1,1,0,0,0,0,1,1,0,1,0,0,0,1,1,1,1,0,1,0,1,0,0
2017-18,29,Karnataka,2930,BELAGAVI CHIKKODI,293010,RAIBAG,5,HSS (VI-XII),90,Social welfare Department,Rural,3,Co-Ed,1,1,0,1,0,1,1,1,1,1,0,0,0,0,1,0,0,1,0,0,0,1,1,1,0,0,0,0,1,0,0
2017-18,29,Karnataka,2930,BELAGAVI CHIKKODI,293010,RAIBAG,5,HSS (VI-XII),1,Department of Education,Urban,3,Co-Ed,1,1,0,0,0,1,1,1,1,1,0,0,0,0,0,0,0,0,0,1,0,1,1,1,0,0,0,0,1,0,0
2017-18,29,Karnataka,2930,BELAGAVI CHIKKODI,293010,RAIBAG,11,HSS (XI-XII),5,Private Unaided (Recognized),Rural,2,Girls,1,1,0,1,0,0,1,0,1,1,0,0,0,0,1,0,0,0,0,0,1,1,0,1,1,0,1,0,0,0,0
2017-18,29,Karnataka,2930,BELAGAVI CHIKKODI,293010,RAIBAG,11,HSS (XI-XII),1,Department of Education,Rural,3,Co-Ed,1,1,0,0,0,1,1,1,1,1,0,0,0,0,0,1,0,0,0,0,0,1,1,0,1,0,1,0,1,0,0
2017-18,29,Karnataka,2930,BELAGAVI CHIKKODI,293010,RAIBAG,11,HSS (XI-XII),4,Government Aided,Rural,3,Co-Ed,4,4,0,2,0,4,4,4,4,4,0,0,0,0,2,4,0,2,0,2,1,4,3,2,4,0,3,0,4,0,0
2017-18,29,Karnataka,2930,BELAGAVI CHIKKODI,293010,RAIBAG,11,HSS (XI-XII),5,Private Unaided (Recognized),Rural,3,Co-Ed,20,20,0,9,0,16,16,16,16,16,0,0,0,0,5,16,0,3,0,8,5,16,16,10,16,0,14,0,16,0,0
2017-18,29,Karnataka,2930,BELAGAVI CHIKKODI,293010,RAIBAG,11,HSS (XI-XII),4,Government Aided,Urban,3,Co-Ed,3,3,0,2,0,3,3,3,3,3,0,0,0,0,2,3,0,2,0,1,0,3,2,2,3,1,3,0,3,0,0
2017-18,29,Karnataka,2930,BELAGAVI CHIKKODI,293010,RAIBAG,11,HSS (XI-XII),5,Private Unaided (Recognized),Urban,3,Co-Ed,10,10,0,2,0,8,8,9,9,9,0,0,0,0,3,8,0,3,0,3,3,8,6,3,8,0,7,0,9,0,0
2017-18,29,Karnataka,2930,BELAGAVI CHIKKODI,293010,RAIBAG,1,PS (I-V),90,Social welfare Department,Urban,1,Boys,1,1,0,1,0,1,1,1,0,1,0,0,0,0,1,0,0,0,0,1,0,0,1,1,1,0,0,0,1,0,0
2017-18,29,Karnataka,2930,BELAGAVI CHIKKODI,293010,RAIBAG,1,PS (I-V),1,Department of Education,Rural,3,Co-Ed,140,140,0,5,0,132,20,131,134,137,0,0,0,0,32,38,0,0,0,99,2,136,128,84,96,0,38,0,136,0,0
2017-18,29,Karnataka,2930,BELAGAVI CHIKKODI,293010,RAIBAG,1,PS (I-V),5,Private Unaided (Recognized),Rural,3,Co-Ed,25,25,0,1,0,14,11,15,15,15,0,0,0,0,7,12,0,0,0,13,3,14,13,11,13,0,3,0,15,0,0
2017-18,29,Karnataka,2930,BELAGAVI CHIKKODI,293010,RAIBAG,1,PS (I-V),1,Department of Education,Urban,3,Co-Ed,18,18,0,0,0,17,3,16,17,17,0,0,0,0,3,3,0,0,0,11,0,17,17,9,14,0,3,0,16,0,0
2017-18,29,Karnataka,2930,BELAGAVI CHIKKODI,293010,RAIBAG,1,PS (I-V),4,Government Aided,Urban,3,Co-Ed,1,1,0,1,0,1,1,1,1,1,0,0,0,0,1,1,0,0,0,1,0,1,1,1,1,0,0,0,1,0,0
2017-18,29,Karnataka,2930,BELAGAVI CHIKKODI,293010,RAIBAG,1,PS (I-V),5,Private Unaided (Recognized),Urban,3,Co-Ed,11,11,0,3,0,5,5,5,5,5,0,0,0,0,5,4,0,0,0,4,1,3,2,5,5,0,3,0,5,0,0
2017-18,29,Karnataka,2930,BELAGAVI CHIKKODI,293010,RAIBAG,6,SS (I-X),1,Department of Education,Urban,1,Boys,2,2,0,2,0,2,2,2,0,2,0,0,0,0,1,2,0,0,0,2,0,2,2,2,2,0,2,0,2,0,0
2017-18,29,Karnataka,2930,BELAGAVI CHIKKODI,293010,RAIBAG,6,SS (I-X),1,Department of Education,Urban,2,Girls,2,2,0,0,0,2,2,0,2,2,0,0,0,0,0,0,0,0,0,2,0,2,2,2,2,0,2,0,2,0,0
2017-18,29,Karnataka,2930,BELAGAVI CHIKKODI,293010,RAIBAG,6,SS (I-X),1,Department of Education,Rural,3,Co-Ed,37,37,0,15,0,36,26,35,36,36,0,0,0,0,7,15,0,0,0,31,1,37,35,35,35,0,19,0,37,0,0
2017-18,29,Karnataka,2930,BELAGAVI CHIKKODI,293010,RAIBAG,6,SS (I-X),5,Private Unaided (Recognized),Rural,3,Co-Ed,18,18,0,11,0,18,17,18,18,18,0,0,0,0,11,18,0,1,0,17,0,18,18,14,18,0,4,0,18,0,0
2017-18,29,Karnataka,2930,BELAGAVI CHIKKODI,293010,RAIBAG,6,SS (I-X),1,Department of Education,Urban,3,Co-Ed,8,8,0,2,0,8,7,8,8,8,0,0,0,0,2,2,0,0,0,6,0,8,8,8,7,0,4,0,8,0,0
2017-18,29,Karnataka,2930,BELAGAVI CHIKKODI,293010,RAIBAG,6,SS (I-X),4,Government Aided,Urban,3,Co-Ed,1,1,0,1,0,1,1,1,1,1,0,0,0,0,0,1,0,1,0,1,0,1,1,0,1,0,0,0,1,0,0
2017-18,29,Karnataka,2930,BELAGAVI CHIKKODI,293010,RAIBAG,6,SS (I-X),5,Private Unaided (Recognized),Urban,3,Co-Ed,9,9,0,7,0,9,9,9,9,9,0,0,0,0,6,9,0,2,0,8,2,8,8,7,7,1,2,0,9,0,0
2017-18,29,Karnataka,2930,BELAGAVI CHIKKODI,293010,RAIBAG,8,SS (IX-X),5,Private Unaided (Recognized),Rural,2,Girls,1,1,0,0,0,1,1,0,1,1,0,0,0,0,0,0,0,0,0,1,0,1,1,0,1,0,1,0,1,0,0
2017-18,29,Karnataka,2930,BELAGAVI CHIKKODI,293010,RAIBAG,8,SS (IX-X),4,Government Aided,Urban,2,Girls,2,2,0,2,0,2,2,0,2,2,0,0,0,0,1,2,0,0,0,2,0,2,2,2,2,0,1,0,2,0,0
2017-18,29,Karnataka,2930,BELAGAVI CHIKKODI,293010,RAIBAG,8,SS (IX-X),5,Private Unaided (Recognized),Urban,2,Girls,1,1,0,1,0,1,1,0,1,1,0,0,0,0,0,1,0,1,0,1,0,1,1,1,1,0,0,0,1,0,0
2017-18,29,Karnataka,2930,BELAGAVI CHIKKODI,293010,RAIBAG,8,SS (IX-X),1,Department of Education,Rural,3,Co-Ed,17,17,0,9,0,14,17,17,17,17,0,0,0,0,5,7,0,0,0,15,0,17,16,17,15,2,8,0,17,0,0
2017-18,29,Karnataka,2930,BELAGAVI CHIKKODI,293010,RAIBAG,8,SS (IX-X),4,Government Aided,Rural,3,Co-Ed,14,13,0,12,0,14,14,14,14,14,0,0,0,0,8,11,0,9,0,14,0,14,10,13,14,1,2,0,14,0,0
2017-18,29,Karnataka,2930,BELAGAVI CHIKKODI,293010,RAIBAG,8,SS (IX-X),5,Private Unaided (Recognized),Rural,3,Co-Ed,22,22,0,15,0,22,22,22,22,22,0,0,0,0,12,21,0,7,0,22,7,20,17,16,21,1,13,0,20,0,0
2017-18,29,Karnataka,2930,BELAGAVI CHIKKODI,293010,RAIBAG,8,SS (IX-X),1,Department of Education,Urban,3,Co-Ed,2,2,0,1,0,0,2,2,2,2,0,0,0,0,0,0,0,0,0,1,0,2,0,0,0,0,0,0,2,0,0
2017-18,29,Karnataka,2930,BELAGAVI CHIKKODI,293010,RAIBAG,8,SS (IX-X),4,Government Aided,Urban,3,Co-Ed,6,6,0,6,0,6,6,6,6,6,0,0,0,0,5,6,0,5,0,6,0,6,6,6,6,1,2,0,6,0,0
2017-18,29,Karnataka,2930,BELAGAVI CHIKKODI,293010,RAIBAG,8,SS (IX-X),5,Private Unaided (Recognized),Urban,3,Co-Ed,9,9,0,5,0,6,7,7,7,7,0,0,0,0,2,6,0,3,0,6,0,6,4,3,6,1,2,0,7,0,0
2017-18,29,Karnataka,2930,BELAGAVI CHIKKODI,293010,RAIBAG,7,SS (VI-X),1,Department of Education,Rural,2,Girls,1,1,0,0,0,1,1,0,1,1,0,0,0,0,1,1,0,0,0,1,0,1,1,1,1,0,1,0,1,0,0
2017-18,29,Karnataka,2930,BELAGAVI CHIKKODI,293010,RAIBAG,7,SS (VI-X),90,Social welfare Department,Rural,2,Girls,2,2,0,1,0,1,1,0,1,1,0,0,0,0,1,1,0,0,0,1,0,1,0,1,1,0,0,0,1,0,0
2017-18,29,Karnataka,2930,BELAGAVI CHIKKODI,293010,RAIBAG,7,SS (VI-X),1,Department of Education,Rural,3,Co-Ed,1,1,0,1,0,1,1,1,1,1,0,0,0,0,1,0,0,0,0,1,1,1,1,1,1,0,0,0,1,0,0
2017-18,29,Karnataka,2930,BELAGAVI CHIKKODI,293010,RAIBAG,7,SS (VI-X),5,Private Unaided (Recognized),Rural,3,Co-Ed,2,2,0,2,0,2,2,2,2,2,0,0,0,0,2,2,0,0,0,2,1,2,2,2,2,0,0,0,2,0,0
2017-18,29,Karnataka,2930,BELAGAVI CHIKKODI,293010,RAIBAG,7,SS (VI-X),90,Social welfare Department,Rural,3,Co-Ed,2,2,0,1,0,1,1,1,1,1,0,0,0,0,1,1,0,1,0,1,0,1,1,1,1,0,0,0,1,0,0
2017-18,29,Karnataka,2930,BELAGAVI CHIKKODI,293010,RAIBAG,7,SS (VI-X),5,Private Unaided (Recognized),Urban,3,Co-Ed,2,2,0,1,0,2,2,2,2,2,0,0,0,0,1,2,0,0,0,2,0,2,2,1,2,0,1,0,2,0,0
2017-18,29,Karnataka,2930,BELAGAVI CHIKKODI,293010,RAIBAG,7,SS (VI-X),90,Social welfare Department,Urban,3,Co-Ed,1,1,0,0,0,0,0,0,0,0,0,0,0,0,0,0,0,0,0,0,0,0,0,0,0,0,0,0,0,0,0
2017-18,29,Karnataka,2930,BELAGAVI CHIKKODI,293010,RAIBAG,2,UPS (I-VIII),1,Department of Education,Rural,1,Boys,2,2,0,2,0,2,2,2,0,2,0,0,0,0,2,2,0,0,0,1,0,2,2,2,2,0,0,0,2,0,0
2017-18,29,Karnataka,2930,BELAGAVI CHIKKODI,293010,RAIBAG,2,UPS (I-VIII),1,Department of Education,Urban,1,Boys,2,2,0,1,0,2,2,2,0,2,0,0,0,0,1,2,0,0,0,1,0,2,2,2,2,0,1,0,2,0,0
2017-18,29,Karnataka,2930,BELAGAVI CHIKKODI,293010,RAIBAG,2,UPS (I-VIII),1,Department of Education,Rural,2,Girls,3,3,0,1,0,3,3,0,3,3,0,0,0,0,2,1,0,0,0,2,0,3,3,2,2,0,0,0,3,0,0
2017-18,29,Karnataka,2930,BELAGAVI CHIKKODI,293010,RAIBAG,2,UPS (I-VIII),1,Department of Education,Urban,2,Girls,2,2,0,2,0,2,2,0,2,2,0,0,0,0,2,2,0,0,0,0,0,2,2,2,2,0,1,0,2,0,0
2017-18,29,Karnataka,2930,BELAGAVI CHIKKODI,293010,RAIBAG,2,UPS (I-VIII),5,Private Unaided (Recognized),Urban,2,Girls,1,1,0,1,0,1,1,0,1,1,0,0,0,0,0,1,0,0,0,1,0,1,1,0,1,0,0,0,1,0,0
2017-18,29,Karnataka,2930,BELAGAVI CHIKKODI,293010,RAIBAG,2,UPS (I-VIII),1,Department of Education,Rural,3,Co-Ed,68,68,0,16,0,67,40,66,65,67,0,0,0,0,21,14,0,0,0,55,0,68,63,58,54,0,29,0,68,0,0
2017-18,29,Karnataka,2930,BELAGAVI CHIKKODI,293010,RAIBAG,2,UPS (I-VIII),4,Government Aided,Rural,3,Co-Ed,35,35,0,11,0,35,27,35,35,35,0,0,0,0,16,32,0,1,0,31,0,35,34,30,35,0,2,0,35,0,0
2017-18,29,Karnataka,2930,BELAGAVI CHIKKODI,293010,RAIBAG,2,UPS (I-VIII),5,Private Unaided (Recognized),Rural,3,Co-Ed,39,39,0,15,0,39,36,39,39,39,0,0,0,0,18,36,0,0,0,38,2,34,35,28,39,0,5,0,39,0,0
2017-18,29,Karnataka,2930,BELAGAVI CHIKKODI,293010,RAIBAG,2,UPS (I-VIII),1,Department of Education,Urban,3,Co-Ed,6,6,0,0,0,6,4,6,6,6,0,0,0,0,3,2,0,0,0,2,0,6,6,5,6,0,3,0,6,0,0
2017-18,29,Karnataka,2930,BELAGAVI CHIKKODI,293010,RAIBAG,2,UPS (I-VIII),4,Government Aided,Urban,3,Co-Ed,9,9,0,5,0,9,9,9,9,9,0,0,0,0,4,9,0,0,0,8,0,9,9,9,9,0,1,0,9,0,0
2017-18,29,Karnataka,2930,BELAGAVI CHIKKODI,293010,RAIBAG,2,UPS (I-VIII),5,Private Unaided (Recognized),Urban,3,Co-Ed,7,7,0,5,0,7,5,7,7,7,0,0,0,0,3,7,0,0,0,5,0,7,7,4,7,0,1,0,7,0,0
2017-18,29,Karnataka,2930,BELAGAVI CHIKKODI,293010,RAIBAG,4,UPS (VI-VIII),5,Private Unaided (Recognized),Rural,3,Co-Ed,1,1,0,0,0,1,1,1,1,1,0,0,0,0,0,1,0,0,0,1,0,1,1,1,1,0,0,0,1,0,0
2017-18,29,Karnataka,2930,BELAGAVI CHIKKODI,293013,KAGWAD,11,HSS (XI-XII),4,Government Aided,Rural,3,Co-Ed,2,2,0,0,0,2,2,2,2,2,0,0,0,0,2,1,0,2,0,2,1,2,0,2,2,1,0,0,2,0,0
2017-18,29,Karnataka,2930,BELAGAVI CHIKKODI,293013,KAGWAD,11,HSS (XI-XII),5,Private Unaided (Recognized),Rural,3,Co-Ed,6,6,0,2,0,6,6,6,6,6,0,0,0,0,6,6,0,5,0,4,4,6,4,6,4,0,4,0,6,0,0
2017-18,29,Karnataka,2930,BELAGAVI CHIKKODI,293013,KAGWAD,11,HSS (XI-XII),5,Private Unaided (Recognized),Urban,3,Co-Ed,1,1,0,0,0,0,0,0,0,0,0,0,0,0,0,0,0,0,0,0,0,0,0,0,0,0,0,0,0,0,0
2017-18,29,Karnataka,2930,BELAGAVI CHIKKODI,293013,KAGWAD,1,PS (I-V),1,Department of Education,Rural,3,Co-Ed,43,43,0,0,0,41,26,39,40,41,0,0,0,0,6,14,0,0,0,18,0,43,40,22,17,0,13,0,42,0,0
2017-18,29,Karnataka,2930,BELAGAVI CHIKKODI,293013,KAGWAD,1,PS (I-V),4,Government Aided,Rural,3,Co-Ed,1,1,0,0,0,1,1,1,1,1,0,0,0,0,0,1,0,0,0,0,0,1,1,0,1,0,1,0,1,0,0
2017-18,29,Karnataka,2930,BELAGAVI CHIKKODI,293013,KAGWAD,1,PS (I-V),5,Private Unaided (Recognized),Rural,3,Co-Ed,12,12,0,3,0,3,4,4,4,4,0,0,0,0,4,4,0,0,0,4,2,3,3,3,4,0,1,0,4,0,0
2017-18,29,Karnataka,2930,BELAGAVI CHIKKODI,293013,KAGWAD,1,PS (I-V),1,Department of Education,Urban,3,Co-Ed,2,2,0,1,0,1,2,2,2,2,0,0,0,0,0,2,0,0,0,2,0,2,1,2,1,0,1,0,2,0,0
2017-18,29,Karnataka,2930,BELAGAVI CHIKKODI,293013,KAGWAD,1,PS (I-V),5,Private Unaided (Recognized),Urban,3,Co-Ed,1,1,0,1,0,1,1,1,1,1,0,0,0,0,1,1,0,0,0,1,1,0,1,1,1,0,1,0,1,0,0
2017-18,29,Karnataka,2930,BELAGAVI CHIKKODI,293013,KAGWAD,6,SS (I-X),1,Department of Education,Rural,1,Boys,3,3,0,2,0,3,3,3,0,3,0,0,0,0,1,3,0,0,0,3,0,3,3,3,3,0,2,0,3,0,0
2017-18,29,Karnataka,2930,BELAGAVI CHIKKODI,293013,KAGWAD,6,SS (I-X),1,Department of Education,Rural,3,Co-Ed,13,13,0,5,0,13,13,12,12,12,0,0,0,0,4,5,0,0,0,10,0,13,13,11,8,0,6,0,13,0,0
2017-18,29,Karnataka,2930,BELAGAVI CHIKKODI,293013,KAGWAD,6,SS (I-X),5,Private Unaided (Recognized),Rural,3,Co-Ed,2,1,0,1,0,2,2,2,2,2,0,0,0,0,2,1,0,0,0,2,0,2,2,2,2,0,0,0,2,0,0
2017-18,29,Karnataka,2930,BELAGAVI CHIKKODI,293013,KAGWAD,8,SS (IX-X),1,Department of Education,Rural,3,Co-Ed,3,3,0,0,0,3,3,3,3,3,0,0,0,0,1,2,0,0,0,3,0,3,3,3,3,1,2,0,3,0,0
2017-18,29,Karnataka,2930,BELAGAVI CHIKKODI,293013,KAGWAD,8,SS (IX-X),4,Government Aided,Rural,3,Co-Ed,9,9,0,7,0,9,9,9,9,9,0,0,0,0,3,6,0,1,0,9,1,9,9,7,9,0,0,0,9,0,0
2017-18,29,Karnataka,2930,BELAGAVI CHIKKODI,293013,KAGWAD,8,SS (IX-X),5,Private Unaided (Recognized),Rural,3,Co-Ed,14,14,0,9,0,14,14,14,14,14,0,0,0,0,9,13,0,4,0,11,0,14,13,13,12,3,1,0,14,0,0
2017-18,29,Karnataka,2930,BELAGAVI CHIKKODI,293013,KAGWAD,8,SS (IX-X),4,Government Aided,Urban,3,Co-Ed,1,1,0,0,0,1,1,1,1,1,0,0,0,0,1,1,0,0,0,1,0,1,1,1,1,0,1,0,1,0,0
2017-18,29,Karnataka,2930,BELAGAVI CHIKKODI,293013,KAGWAD,8,SS (IX-X),5,Private Unaided (Recognized),Urban,3,Co-Ed,1,1,0,1,0,1,1,1,1,1,0,0,0,0,1,1,0,1,0,1,0,1,1,1,1,0,0,0,1,0,0
2017-18,29,Karnataka,2930,BELAGAVI CHIKKODI,293013,KAGWAD,7,SS (VI-X),4,Government Aided,Rural,3,Co-Ed,3,3,0,3,0,3,3,3,3,3,0,0,0,0,2,3,0,1,0,3,0,3,3,3,3,0,0,0,3,0,0
2017-18,29,Karnataka,2930,BELAGAVI CHIKKODI,293013,KAGWAD,2,UPS (I-VIII),1,Department of Education,Rural,1,Boys,1,1,0,1,0,1,1,1,0,1,0,0,0,0,0,1,0,0,0,1,0,1,1,0,1,0,0,0,1,0,0
2017-18,29,Karnataka,2930,BELAGAVI CHIKKODI,293013,KAGWAD,2,UPS (I-VIII),1,Department of Education,Urban,1,Boys,1,1,0,0,0,1,1,1,0,1,0,0,0,0,0,1,0,0,0,1,0,1,1,1,1,0,0,0,1,0,0
2017-18,29,Karnataka,2930,BELAGAVI CHIKKODI,293013,KAGWAD,2,UPS (I-VIII),1,Department of Education,Rural,2,Girls,4,4,0,1,0,4,4,0,4,4,0,0,0,0,1,2,0,0,0,1,0,4,3,3,3,0,3,0,4,0,0
2017-18,29,Karnataka,2930,BELAGAVI CHIKKODI,293013,KAGWAD,2,UPS (I-VIII),1,Department of Education,Urban,2,Girls,1,1,0,0,0,1,1,0,1,1,0,0,0,0,0,0,0,0,0,1,0,1,1,1,1,0,0,0,1,0,0
2017-18,29,Karnataka,2930,BELAGAVI CHIKKODI,293013,KAGWAD,2,UPS (I-VIII),1,Department of Education,Rural,3,Co-Ed,29,29,0,2,0,29,27,28,29,29,0,0,0,0,12,8,0,0,0,20,0,29,27,24,18,0,13,0,29,0,0
2017-18,29,Karnataka,2930,BELAGAVI CHIKKODI,293013,KAGWAD,2,UPS (I-VIII),4,Government Aided,Rural,3,Co-Ed,11,11,0,9,0,11,11,11,11,11,0,0,0,0,8,10,0,0,0,10,0,11,11,11,11,0,4,0,11,0,0
2017-18,29,Karnataka,2930,BELAGAVI CHIKKODI,293013,KAGWAD,2,UPS (I-VIII),5,Private Unaided (Recognized),Rural,3,Co-Ed,13,13,0,7,0,13,10,13,13,13,0,0,0,0,9,13,0,0,0,11,0,12,13,12,13,0,4,0,13,0,0
2017-18,29,Karnataka,2930,BELAGAVI CHIKKODI,293013,KAGWAD,2,UPS (I-VIII),1,Department of Education,Urban,3,Co-Ed,3,3,0,1,0,3,2,3,3,3,0,0,0,0,0,0,0,0,0,3,0,3,3,2,1,0,1,0,3,0,0
2017-18,29,Karnataka,2930,BELAGAVI CHIKKODI,293013,KAGWAD,2,UPS (I-VIII),4,Government Aided,Urban,3,Co-Ed,2,2,0,1,0,2,2,2,2,2,0,0,0,0,1,2,0,0,0,2,0,2,2,2,2,0,0,0,2,0,0
2017-18,29,Karnataka,2930,BELAGAVI CHIKKODI,293013,KAGWAD,2,UPS (I-VIII),5,Private Unaided (Recognized),Urban,3,Co-Ed,1,1,0,1,0,1,1,1,1,1,0,0,0,0,1,1,0,0,0,0,0,1,1,1,1,0,0,0,1,0,0
2017-18,29,Karnataka,2930,BELAGAVI CHIKKODI,293013,KAGWAD,4,UPS (VI-VIII),5,Private Unaided (Recognized),Rural,3,Co-Ed,1,1,0,0,0,1,1,1,1,1,0,0,0,0,0,1,0,0,0,0,0,1,1,1,1,0,0,0,1,0,0
2017-18,29,Karnataka,2930,BELAGAVI CHIKKODI,293014,MUDALGI,5,HSS (VI-XII),90,Social welfare Department,Rural,2,Girls,1,1,0,0,0,0,0,0,0,0,0,0,0,0,0,0,0,0,0,0,0,0,0,0,0,0,0,0,0,0,0
2017-18,29,Karnataka,2930,BELAGAVI CHIKKODI,293014,MUDALGI,5,HSS (VI-XII),1,Department of Education,Rural,3,Co-Ed,3,3,0,1,0,3,3,3,3,3,0,0,0,0,2,1,0,0,0,3,0,3,3,3,3,0,2,0,3,0,0
2017-18,29,Karnataka,2930,BELAGAVI CHIKKODI,293014,MUDALGI,5,HSS (VI-XII),4,Government Aided,Rural,3,Co-Ed,2,2,0,0,0,2,2,2,2,2,0,0,0,0,1,2,0,1,0,2,0,2,2,2,2,1,1,0,2,0,0
2017-18,29,Karnataka,2930,BELAGAVI CHIKKODI,293014,MUDALGI,5,HSS (VI-XII),1,Department of Education,Urban,3,Co-Ed,1,1,0,1,0,1,1,1,1,1,0,0,0,0,1,1,0,0,0,1,0,1,1,1,1,0,0,0,1,0,0
2017-18,29,Karnataka,2930,BELAGAVI CHIKKODI,293014,MUDALGI,5,HSS (VI-XII),5,Private Unaided (Recognized),Urban,3,Co-Ed,1,1,0,1,0,1,1,1,1,1,0,0,0,0,1,1,0,0,0,1,0,1,1,1,1,0,1,0,1,0,0
2017-18,29,Karnataka,2930,BELAGAVI CHIKKODI,293014,MUDALGI,5,HSS (VI-XII),90,Social welfare Department,Urban,3,Co-Ed,1,1,0,0,0,0,0,0,0,0,0,0,0,0,0,0,0,0,0,0,0,0,0,0,0,0,0,0,0,0,0
2017-18,29,Karnataka,2930,BELAGAVI CHIKKODI,293014,MUDALGI,11,HSS (XI-XII),1,Department of Education,Rural,3,Co-Ed,1,1,0,0,0,1,1,1,1,1,0,0,0,0,1,1,0,0,0,1,0,1,0,0,1,0,1,0,1,0,0
2017-18,29,Karnataka,2930,BELAGAVI CHIKKODI,293014,MUDALGI,11,HSS (XI-XII),5,Private Unaided (Recognized),Rural,3,Co-Ed,5,5,0,1,0,4,4,4,4,4,0,0,0,0,4,4,0,1,0,4,1,4,0,2,1,0,0,0,4,0,0
2017-18,29,Karnataka,2930,BELAGAVI CHIKKODI,293014,MUDALGI,11,HSS (XI-XII),4,Government Aided,Urban,3,Co-Ed,2,2,0,1,0,2,2,2,2,2,0,0,0,0,2,2,0,1,0,2,1,2,0,2,1,1,1,0,2,0,0
2017-18,29,Karnataka,2930,BELAGAVI CHIKKODI,293014,MUDALGI,11,HSS (XI-XII),5,Private Unaided (Recognized),Urban,3,Co-Ed,4,4,0,1,0,2,2,2,2,2,0,0,0,0,2,2,0,1,0,2,1,2,1,2,2,0,0,0,1,0,0
2017-18,29,Karnataka,2930,BELAGAVI CHIKKODI,293014,MUDALGI,1,PS (I-V),1,Department of Education,Rural,3,Co-Ed,73,73,0,1,0,69,68,71,72,72,0,0,0,0,59,19,0,0,0,63,0,73,72,48,68,0,56,0,72,0,0
2017-18,29,Karnataka,2930,BELAGAVI CHIKKODI,293014,MUDALGI,1,PS (I-V),4,Government Aided,Rural,3,Co-Ed,1,1,0,0,0,1,0,1,1,1,0,0,0,0,1,0,0,0,0,1,0,1,1,1,1,0,0,0,0,0,0
2017-18,29,Karnataka,2930,BELAGAVI CHIKKODI,293014,MUDALGI,1,PS (I-V),5,Private Unaided (Recognized),Rural,3,Co-Ed,26,26,0,6,0,22,19,22,22,22,0,0,0,0,16,14,0,0,0,15,1,20,14,18,17,0,5,0,22,0,0
2017-18,29,Karnataka,2930,BELAGAVI CHIKKODI,293014,MUDALGI,1,PS (I-V),1,Department of Education,Urban,3,Co-Ed,19,19,0,0,0,19,17,18,19,19,0,0,0,0,18,3,0,0,0,15,0,19,19,16,18,0,14,0,18,0,0
2017-18,29,Karnataka,2930,BELAGAVI CHIKKODI,293014,MUDALGI,1,PS (I-V),4,Government Aided,Urban,3,Co-Ed,2,2,0,0,0,2,1,2,2,2,0,0,0,0,2,0,0,0,0,1,0,1,1,0,2,0,0,0,2,0,0
2017-18,29,Karnataka,2930,BELAGAVI CHIKKODI,293014,MUDALGI,1,PS (I-V),5,Private Unaided (Recognized),Urban,3,Co-Ed,12,12,0,0,0,9,7,9,9,9,0,0,0,0,7,6,0,0,0,6,0,7,8,7,6,0,2,0,9,0,0
2017-18,29,Karnataka,2930,BELAGAVI CHIKKODI,293014,MUDALGI,6,SS (I-X),1,Department of Education,Rural,3,Co-Ed,32,32,0,14,0,32,31,31,32,32,0,0,0,0,30,14,0,0,0,29,1,32,32,32,31,0,28,0,32,0,0
2017-18,29,Karnataka,2930,BELAGAVI CHIKKODI,293014,MUDALGI,6,SS (I-X),4,Government Aided,Rural,3,Co-Ed,1,1,0,1,0,1,1,1,1,1,0,0,0,0,1,1,0,0,0,1,1,1,1,1,1,0,1,0,1,0,0
2017-18,29,Karnataka,2930,BELAGAVI CHIKKODI,293014,MUDALGI,6,SS (I-X),5,Private Unaided (Recognized),Rural,3,Co-Ed,13,13,0,3,0,11,11,12,12,12,0,0,0,0,12,10,0,0,0,12,0,12,9,12,12,0,3,0,12,0,0
2017-18,29,Karnataka,2930,BELAGAVI CHIKKODI,293014,MUDALGI,6,SS (I-X),1,Department of Education,Urban,3,Co-Ed,3,3,0,2,0,3,3,3,3,3,0,0,0,0,3,1,0,0,0,2,0,3,3,3,3,0,3,0,3,0,0
2017-18,29,Karnataka,2930,BELAGAVI CHIKKODI,293014,MUDALGI,6,SS (I-X),5,Private Unaided (Recognized),Urban,3,Co-Ed,2,2,0,1,0,2,2,2,2,2,0,0,0,0,2,1,0,0,0,1,0,2,1,1,1,0,1,0,2,0,0
2017-18,29,Karnataka,2930,BELAGAVI CHIKKODI,293014,MUDALGI,8,SS (IX-X),1,Department of Education,Rural,2,Girls,1,1,0,1,0,1,1,0,1,1,0,0,0,0,1,0,0,0,0,1,0,1,1,1,1,0,1,0,1,0,0
2017-18,29,Karnataka,2930,BELAGAVI CHIKKODI,293014,MUDALGI,8,SS (IX-X),1,Department of Education,Rural,3,Co-Ed,19,19,0,9,0,19,19,19,19,19,0,0,0,0,13,9,0,1,0,19,0,19,19,19,19,0,16,0,19,0,0
2017-18,29,Karnataka,2930,BELAGAVI CHIKKODI,293014,MUDALGI,8,SS (IX-X),4,Government Aided,Rural,3,Co-Ed,8,8,0,4,0,8,8,8,8,8,0,0,0,0,7,8,0,0,0,7,0,8,7,6,8,0,4,0,8,0,0
2017-18,29,Karnataka,2930,BELAGAVI CHIKKODI,293014,MUDALGI,8,SS (IX-X),5,Private Unaided (Recognized),Rural,3,Co-Ed,9,9,0,6,0,7,7,7,7,7,0,0,0,0,6,7,0,2,0,6,1,6,6,4,5,1,2,0,7,0,0
2017-18,29,Karnataka,2930,BELAGAVI CHIKKODI,293014,MUDALGI,8,SS (IX-X),1,Department of Education,Urban,3,Co-Ed,3,3,0,3,0,3,3,3,3,3,0,0,0,0,3,3,0,0,0,3,0,3,2,3,3,0,2,0,3,0,0
2017-18,29,Karnataka,2930,BELAGAVI CHIKKODI,293014,MUDALGI,8,SS (IX-X),4,Government Aided,Urban,3,Co-Ed,4,4,0,3,0,4,4,4,4,4,0,0,0,0,3,4,0,0,0,4,0,4,4,4,4,0,4,0,4,0,0
2017-18,29,Karnataka,2930,BELAGAVI CHIKKODI,293014,MUDALGI,8,SS (IX-X),5,Private Unaided (Recognized),Urban,3,Co-Ed,11,11,0,10,0,10,10,10,10,10,0,0,0,0,9,10,0,6,0,10,0,10,10,10,10,3,0,0,10,0,0
2017-18,29,Karnataka,2930,BELAGAVI CHIKKODI,293014,MUDALGI,7,SS (VI-X),1,Department of Education,Rural,2,Girls,1,1,0,1,0,1,1,0,1,1,0,0,0,0,1,0,0,0,0,1,0,1,1,1,1,0,1,0,1,0,0
2017-18,29,Karnataka,2930,BELAGAVI CHIKKODI,293014,MUDALGI,7,SS (VI-X),90,Social welfare Department,Rural,3,Co-Ed,5,5,0,4,0,4,4,4,4,4,0,0,0,0,4,4,0,2,0,3,0,4,3,4,4,1,1,0,4,0,0
2017-18,29,Karnataka,2930,BELAGAVI CHIKKODI,293014,MUDALGI,7,SS (VI-X),90,Social welfare Department,Urban,3,Co-Ed,1,1,0,1,0,1,1,1,1,1,0,0,0,0,1,1,0,1,0,1,0,1,1,1,1,0,0,0,1,0,0
2017-18,29,Karnataka,2930,BELAGAVI CHIKKODI,293014,MUDALGI,2,UPS (I-VIII),1,Department of Education,Rural,1,Boys,6,6,0,2,0,6,6,6,0,6,0,0,0,0,6,3,0,0,0,5,1,6,6,6,6,0,6,0,6,0,0
2017-18,29,Karnataka,2930,BELAGAVI CHIKKODI,293014,MUDALGI,2,UPS (I-VIII),1,Department of Education,Urban,1,Boys,3,3,0,3,0,3,3,3,0,3,0,0,0,0,2,2,0,0,0,2,0,3,3,3,3,0,2,0,3,0,0
2017-18,29,Karnataka,2930,BELAGAVI CHIKKODI,293014,MUDALGI,2,UPS (I-VIII),1,Department of Education,Rural,2,Girls,6,6,0,2,0,6,6,0,6,6,0,0,0,0,5,5,0,0,0,5,1,6,6,6,6,0,6,0,6,0,0
2017-18,29,Karnataka,2930,BELAGAVI CHIKKODI,293014,MUDALGI,2,UPS (I-VIII),1,Department of Education,Urban,2,Girls,3,3,0,1,0,3,3,0,3,3,0,0,0,0,3,3,0,0,0,1,0,3,3,3,3,0,3,0,2,0,0
2017-18,29,Karnataka,2930,BELAGAVI CHIKKODI,293014,MUDALGI,2,UPS (I-VIII),1,Department of Education,Rural,3,Co-Ed,72,72,0,16,0,72,71,70,71,71,0,0,0,0,64,23,0,0,0,61,4,72,71,67,70,0,63,0,72,0,0
2017-18,29,Karnataka,2930,BELAGAVI CHIKKODI,293014,MUDALGI,2,UPS (I-VIII),4,Government Aided,Rural,3,Co-Ed,11,11,0,2,0,11,10,11,11,11,0,0,0,0,9,7,0,0,0,10,0,11,11,10,10,0,3,0,11,0,0
2017-18,29,Karnataka,2930,BELAGAVI CHIKKODI,293014,MUDALGI,2,UPS (I-VIII),5,Private Unaided (Recognized),Rural,3,Co-Ed,27,27,0,11,0,27,26,27,27,27,0,0,0,0,21,20,0,0,0,23,1,24,26,21,27,0,6,0,27,0,0
2017-18,29,Karnataka,2930,BELAGAVI CHIKKODI,293014,MUDALGI,2,UPS (I-VIII),1,Department of Education,Urban,3,Co-Ed,18,18,0,3,0,18,18,17,17,17,0,0,0,0,17,3,0,0,0,14,0,18,17,15,17,0,15,0,17,0,0
2017-18,29,Karnataka,2930,BELAGAVI CHIKKODI,293014,MUDALGI,2,UPS (I-VIII),4,Government Aided,Urban,3,Co-Ed,7,7,0,2,0,7,7,7,7,7,0,0,0,0,7,7,0,0,0,7,1,7,7,7,7,0,6,0,7,0,0
2017-18,29,Karnataka,2930,BELAGAVI CHIKKODI,293014,MUDALGI,2,UPS (I-VIII),5,Private Unaided (Recognized),Urban,3,Co-Ed,15,15,0,7,0,15,14,15,15,15,0,0,0,0,13,15,0,1,0,13,1,14,12,14,14,0,1,0,15,0,0
